{"lbs":[0.013209019516545172,0.29453258077912065,0.42091232440943216,0.4455286528834294,0.4747557363199483,0.4816848971580186,0.48892389289257254,0.4926799241595745],"times":[0.2146899700164795,0.21498703956604004,0.2151939868927002,0.2160639762878418,0.2162151336669922,0.21912002563476562,0.21937918663024902,0.21973109245300293],"env":"FrozenLake4","ubs":[0.4966362258738502,0.4966362258738502,0.4966344127893787,0.4966337701266348,0.496633709408887,0.49663350632900904,0.49663317503648086,0.496632726352616],"sim_r":null,"sim_rsigma":null,"solver":"BIB-SARSOP","env_full":"Frozen Lake (4)","final_lw":0.4926799241595745,"timeout":false,"runtime":0.21973109245300293,"final_ub":0.496632726352616}