{"lbs":[9.148616422559998,17.40372201562857,18.26637832880938,20.9645862320437,20.9645862320437,20.9645862320437,20.9645862320437,20.9645862320437,20.9645862320437,20.9645862320437,20.9645862320437,20.9645862320437,20.9645862320437,20.9645862320437,20.9645862320437,20.9645862320437,20.9645862320437,20.9645862320437,20.9645862320437,20.9645862320437,20.9645862320437,20.9645862320437,20.9645862320437,20.9645862320437,20.9645862320437,20.9645862320437,20.9645862320437,20.9645862320437,20.9645862320437,20.9645862320437,20.9645862320437,20.9645862320437,20.9645862320437,20.9645862320437,20.9645862320437,20.9645862320437,20.9645862320437,20.9645862320437,20.9645862320437,20.9645862320437,20.9645862320437,20.9645862320437,20.9645862320437,20.9645862320437,20.9645862320437,20.9645862320437,20.9645862320437,20.9645862320437,20.9645862320437,20.9645862320437,20.9645862320437,20.9645862320437,20.9645862320437,20.9645862320437,20.9645862320437,20.9645862320437,20.9645862320437,20.9645862320437,20.9645862320437,20.9645862320437,20.9645862320437,20.9645862320437,20.9645862320437,20.9645862320437,20.9645862320437,20.9645862320437,20.9645862320437,20.9645862320437,20.9645862320437,20.9645862320437,20.9645862320437,20.9645862320437,20.9645862320437,20.9645862320437,20.9645862320437,20.9645862320437,20.9645862320437,20.9645862320437,20.9645862320437,20.9645862320437,20.9645862320437,20.9645862320437,20.9645862320437,20.9645862320437,20.9645862320437,20.9645862320437,20.9645862320437,20.9645862320437,20.9645862320437,20.9645862320437,20.9645862320437,20.9645862320437,20.9645862320437,20.9645862320437,20.9645862320437,20.9645862320437,20.9645862320437,20.9645862320437,20.9645862320437,20.9645862320437,20.9645862320437,20.9645862320437,20.9645862320437,20.9645862320437,20.9645862320437,20.9645862320437,20.9645862320437,20.9645862320437,20.9645862320437,20.9645862320437,20.9645862320437],"times":[1.327307939529419,1.327584981918335,1.3278698921203613,1.3281199932098389,1.3283610343933105,1.3286359310150146,1.328800916671753,1.3290090560913086,1.3292210102081299,1.3295199871063232,1.3297500610351562,1.3299829959869385,1.3300819396972656,1.330232858657837,1.3304929733276367,1.3305978775024414,1.330935001373291,1.3313159942626953,1.3316419124603271,1.3319458961486816,1.3322770595550537,1.3325939178466797,1.333155870437622,1.3336260318756104,1.3337669372558594,1.3341090679168701,1.3344459533691406,1.334878921508789,1.3352479934692383,1.3355848789215088,1.3359980583190918,1.336534023284912,1.3371050357818604,1.337352991104126,1.3377399444580078,1.3380379676818848,1.338515043258667,1.3391530513763428,1.3393809795379639,1.3396799564361572,1.3399639129638672,1.3403570652008057,1.340545892715454,1.3408708572387695,1.3410868644714355,1.341789960861206,1.34197998046875,1.3422660827636719,1.3423550128936768,1.3425178527832031,1.3428330421447754,1.3433308601379395,1.3435828685760498,1.3441200256347656,1.344538927078247,1.344702959060669,1.3451600074768066,1.3453559875488281,1.3457598686218262,1.3459899425506592,1.34641695022583,1.3466229438781738,1.3471009731292725,1.3472979068756104,1.3477890491485596,1.3478889465332031,1.3479900360107422,1.348120927810669,1.3483810424804688,1.348572015762329,1.3488280773162842,1.3490779399871826,1.3496270179748535,1.3506388664245605,1.3513460159301758,1.3519799709320068,1.3529739379882812,1.3531880378723145,1.3536009788513184,1.3538720607757568,1.3543760776519775,1.3546850681304932,1.3556289672851562,1.3558530807495117,1.3560168743133545,1.3564319610595703,1.357227087020874,1.3574819564819336,1.358001947402954,1.3583259582519531,1.3590219020843506,1.359334945678711,1.3598909378051758,1.360257863998413,1.360684871673584,1.3608589172363281,1.3610339164733887,1.3619909286499023,1.3625319004058838,1.363116979598999,1.3634569644927979,1.3643009662628174,1.3645799160003662,1.364753007888794,1.3651928901672363,1.3653719425201416,1.366070032119751,1.3663668632507324,1.36655592918396,1.3671488761901855,1.3673229217529297],"env":"RockSample5","ubs":[21.784730271995592,21.784730271995592,21.784730271995592,21.784730271995592,21.760125068127113,21.73997922922997,21.736061178743746,21.736061178743746,21.736061178743746,21.736061178743746,21.719195967212144,21.711997289360376,21.685511263254945,21.660352568092907,21.54922286644751,21.467955151135385,21.417378045363666,21.413046206011693,21.413046206011693,21.41054827691056,21.399651844259864,21.385192137988806,21.385192137988806,21.385192137988806,21.385192137988806,21.385192137988806,21.385192137988806,21.385192137988806,21.385192137988806,21.385192137988806,21.385192137988806,21.385192137988806,21.38458463232061,21.380949827705443,21.36960188043498,21.363523703105884,21.36022783231905,21.358016409236782,21.352299296540444,21.352299296540444,21.352299296540444,21.343082368484623,21.333647366705975,21.333628150816196,21.333297145907988,21.332075838820387,21.329095215548747,21.32283646382558,21.322743175603073,21.32273693783094,21.32153445514725,21.32153445514725,21.32153445514725,21.32153445514725,21.32153445514725,21.32153445514725,21.32153445514725,21.32153445514725,21.32153445514725,21.32153445514725,21.32153445514725,21.32153445514725,21.32153445514725,21.32153445514725,21.306745565059153,21.305466206011694,21.305466206011694,21.287922985030303,21.286879659198654,21.282604017679777,21.275749997384867,21.27496790970734,21.27287909479937,21.27287909479937,21.27287909479937,21.26474426390481,21.259950919023474,21.24934682266352,21.244785016914168,21.241975436477816,21.241975436477816,21.241975436477816,21.239486618995883,21.238658654445143,21.23783645976909,21.236528351096208,21.224659158142927,21.21682741843918,21.21682741843918,21.21682741843918,21.216025807479447,21.216025807479447,21.216025807479447,21.216025807479447,21.20512075264151,21.19998583541991,21.197516427423373,21.197516427423373,21.19367163349139,21.19367163349139,21.19367163349139,21.19367163349139,21.19367163349139,21.193272676848377,21.188346077795934,21.186210228442338,21.183137684325782,21.18313768432578,21.182383949225105,21.181223765395913,21.173003869198517],"sim_r":null,"sim_rsigma":null,"solver":"BIB-SARSOP","env_full":"RockSample ()","final_lw":20.9645862320437,"timeout":false,"runtime":1.3673229217529297,"final_ub":21.173003869198517}