{"lbs":[0.019298329860490647,0.40017552610652757,0.5891460383847631,0.623009287624433,0.6355850364115442,0.6386820499526679,0.6404027476404366,0.6467789944568022,0.6475245409041717,0.6475245409041717,0.6475245409041717,0.6525771454158955,0.6542221054450134,0.6567245576592519],"times":[1.0878658294677734,1.0882678031921387,1.0898559093475342,1.0989668369293213,1.0994858741760254,1.1009960174560547,1.1120738983154297,1.1128079891204834,1.115574836730957,1.1948299407958984,1.1960129737854004,1.1975398063659668,1.2118339538574219,1.267143964767456],"env":"FrozenLake4","ubs":[0.6674252518220971,0.6674252518220971,0.6674252518220971,0.6674252232817075,0.6674252139562855,0.6674252139562855,0.6674252060589424,0.6672671825527766,0.6661844027021815,0.6659343238077733,0.6640881394033844,0.6628534806886706,0.6625715132609906,0.661751211364467],"sim_r":null,"sim_rsigma":null,"solver":"EBIB-SARSOP","env_full":"Frozen Lake (4)","final_lw":0.6567245576592519,"timeout":false,"runtime":1.267143964767456,"final_ub":0.661751211364467}