{"lbs":[0.0162512265038291,0.37016193657359153,0.5068939779432525,0.5366877249725254,0.5545755978174672,0.5623496918680537,0.5679784537897173,0.5718952048688152],"times":[1.2803668975830078,1.2807390689849854,1.2815239429473877,1.2851309776306152,1.2854769229888916,1.2935059070587158,1.2937989234924316,1.2946150302886963],"env":"FrozenLake4","ubs":[0.5775004620195366,0.5775004620195366,0.5775004620195366,0.5775000750640981,0.5775000336427932,0.5774998104457134,0.5772007430980634,0.5769046768890236],"sim_r":null,"sim_rsigma":null,"solver":"EBIB-SARSOP","env_full":"Frozen Lake (4)","final_lw":0.5718952048688152,"timeout":false,"runtime":1.2946150302886963,"final_ub":0.5769046768890236}