{"lbs":[9.29920776976,17.845942582035725,18.811536383652836,21.639107887179456,21.639107887179456,21.639107887179456,21.639107887179456,21.639107887179456,21.639107887179456,21.639107887179456,21.639107887179456,21.639107887179456,21.639107887179456,21.639107887179456,21.639107887179456,21.639107887179456,21.639107887179456,21.639107887179456,21.639107887179456,21.639107887179456,21.639107887179456,21.639107887179456,21.639107887179456,21.639107887179456,21.639107887179456,21.639107887179456,21.639107887179456,21.639107887179456,21.639107887179456,21.639107887179456,21.639107887179456,21.639107887179456,21.639107887179456,21.639107887179456,21.639107887179456,21.639107887179456,21.639107887179456,21.639107887179456,21.639107887179456,21.639107887179456,21.639107887179456,21.639107887179456,21.639107887179456,21.639107887179456,21.639107887179456,21.639107887179456,21.639107887179456,21.639107887179456,21.639107887179456,21.639107887179456,21.639107887179456,21.639107887179456,21.639107887179456,21.639107887179456,21.639107887179456,21.639107887179456,21.639107887179456,21.639107887179456,21.639107887179456,21.639107887179456,21.639107887179456,21.639107887179456,21.639107887179456,21.639107887179456,21.639107887179456,21.639107887179456,21.639107887179456,21.639107887179456,21.639107887179456,21.639107887179456,21.639107887179456,21.639107887179456,21.639107887179456,21.639107887179456,21.639107887179456,21.639107887179456,21.639107887179456,21.639107887179456,21.639107887179456,21.639107887179456,21.639107887179456,21.639107887179456,21.639107887179456,21.639107887179456,21.639107887179456,21.639107887179456,21.639107887179456,21.639107887179456],"times":[1.5515358448028564,1.5824718475341797,1.5828418731689453,1.5831599235534668,1.5834338665008545,1.5837209224700928,1.583979845046997,1.584190845489502,1.5844318866729736,1.5846810340881348,1.5849609375,1.5852019786834717,1.585446834564209,1.585554838180542,1.585710048675537,1.5860118865966797,1.586129903793335,1.5865039825439453,1.5869040489196777,1.5870699882507324,1.5873768329620361,1.5877819061279297,1.5881190299987793,1.5884108543395996,1.5889499187469482,1.5891449451446533,1.5894429683685303,1.5896449089050293,1.589939832687378,1.5903699398040771,1.591019868850708,1.5914318561553955,1.5918169021606445,1.5919759273529053,1.5922319889068604,1.5924630165100098,1.5928568840026855,1.5933759212493896,1.593729019165039,1.5941569805145264,1.59431791305542,1.5949218273162842,1.5951189994812012,1.5956649780273438,1.5961189270019531,1.5964949131011963,1.5968430042266846,1.5972528457641602,1.5976479053497314,1.5978310108184814,1.5982258319854736,1.5984828472137451,1.5987889766693115,1.599449872970581,1.5999388694763184,1.600419044494629,1.600625991821289,1.6012530326843262,1.6014819145202637,1.60194993019104,1.6022119522094727,1.6025910377502441,1.6032869815826416,1.603423833847046,1.6035640239715576,1.6041438579559326,1.6044678688049316,1.6049120426177979,1.6054859161376953,1.6058168411254883,1.6063158512115479,1.6064589023590088,1.6068918704986572,1.607041835784912,1.608116865158081,1.6082768440246582,1.6088249683380127,1.6090428829193115,1.6095080375671387,1.6097698211669922,1.6104629039764404,1.6106359958648682,1.6113719940185547,1.6116209030151367,1.6120710372924805,1.6124379634857178,1.6130218505859375,1.6132488250732422],"env":"RockSample5","ubs":[22.333623919448932,22.333623919448932,22.333623919448932,22.333623919448932,22.333623919448932,22.333623919448932,22.31307731988165,22.292900559106574,22.29290055910657,22.2727237983315,22.25291021925038,22.25291021925038,22.252910219250378,22.250992650762477,22.230069433280516,22.133892263269026,22.068441338415084,22.02803030266903,22.016151101048195,22.016151101048195,22.015843167402508,22.015762241659104,22.00375889936315,21.984377641608276,21.972430943194112,21.96683447450799,21.9655231513943,21.965401801476993,21.965324128330863,21.965238919164687,21.961175447636926,21.955618283249542,21.955618283249542,21.955618283249542,21.95551730478814,21.95518790786906,21.95392900489013,21.951382971123266,21.946985441938818,21.946985441938818,21.946796697596135,21.943951412621626,21.94073783530387,21.94073783530387,21.94073783530387,21.94073783530387,21.94073783530387,21.94073783530387,21.94073783530387,21.94073783530387,21.94073783530387,21.94073783530387,21.94073783530387,21.94073783530387,21.94073783530387,21.94073783530387,21.94073783530387,21.94073783530387,21.94073783530387,21.940055542043773,21.939976837871747,21.938850820856842,21.927692553569397,21.917865187792223,21.91628698347882,21.914579123388172,21.914579123388172,21.914579123388172,21.914059943890173,21.913774377411364,21.911872135972096,21.908924379552808,21.893500764872584,21.89311454466135,21.881667944365816,21.879924309866336,21.878362646377383,21.878165586749397,21.878165586749397,21.877877951809268,21.870135945587176,21.86410980892007,21.861114858227538,21.861114858227538,21.859749751700193,21.857340285824623,21.857340285824623,21.85113507658623],"sim_r":null,"sim_rsigma":null,"solver":"SARSOP","env_full":"RockSample ()","final_lw":21.639107887179456,"timeout":false,"runtime":1.6132488250732422,"final_ub":21.85113507658623}