{"lbs":[9.37519681536,18.071848073324933,19.06617438356429,21.985770977962467,21.985770977962467,21.985770977962467,21.985770977962467,21.985770977962467,21.985770977962467,21.985770977962467,21.985770977962467,21.985770977962467,21.985770977962467,21.985770977962467,21.985770977962467,21.985770977962467,21.985770977962467,21.985770977962467,21.985770977962467,21.985770977962467,21.985770977962467,21.985770977962467,21.985770977962467,21.985770977962467,21.985770977962467,21.985770977962467,21.985770977962467,21.985770977962467,21.985770977962467,21.985770977962467,21.985770977962467,21.985770977962467,21.985770977962467,21.985770977962467,21.985770977962467,21.985770977962467,21.985770977962467,21.985770977962467,21.985770977962467,21.985770977962467,21.985770977962467,21.985770977962467,21.985770977962467,21.985770977962467,21.985770977962467,21.985770977962467,21.985770977962467,21.985770977962467,21.985770977962467,21.985770977962467,21.985770977962467,21.985770977962467,21.985770977962467,21.985770977962467,21.985770977962467,21.985770977962467,21.985770977962467,21.985770977962467,21.985770977962467,21.985770977962467,21.985770977962467,21.985770977962467,21.985770977962467,21.985770977962467,21.985770977962467,21.985770977962467,21.985770977962467,21.985770977962467,21.985770977962467,21.985770977962467,21.985770977962467,21.985770977962467,21.985770977962467,21.985770977962467,21.985770977962467,21.985770977962467,21.985770977962467,21.985770977962467,21.985770977962467,21.985770977962467,21.985770977962467,21.985770977962467,21.985770977962467,21.985770977962467,21.985770977962467,21.985770977962467],"times":[1.7924659252166748,1.7927429676055908,1.7930378913879395,1.7933158874511719,1.793503999710083,1.7937719821929932,1.7939770221710205,1.7941780090332031,1.794374942779541,1.7945129871368408,1.794800043106079,1.7950358390808105,1.7951319217681885,1.7952659130096436,1.7955219745635986,1.7956230640411377,1.7959389686584473,1.7962000370025635,1.7965340614318848,1.7968029975891113,1.7970819473266602,1.7974679470062256,1.7979609966278076,1.7984678745269775,1.7987768650054932,1.79909086227417,1.7992339134216309,1.799851894378662,1.8002870082855225,1.8006279468536377,1.801015853881836,1.8015198707580566,1.8019359111785889,1.8024208545684814,1.8027880191802979,1.8031949996948242,1.803596019744873,1.804210901260376,1.8044250011444092,1.8048160076141357,1.8051559925079346,1.8053638935089111,1.8057680130004883,1.8062739372253418,1.8064608573913574,1.806859016418457,1.807034969329834,1.807373046875,1.8075459003448486,1.8078460693359375,1.8083069324493408,1.808466911315918,1.8087708950042725,1.80936598777771,1.8097648620605469,1.810230016708374,1.810572862625122,1.8107759952545166,1.811046838760376,1.8112609386444092,1.8116919994354248,1.8119049072265625,1.812195062637329,1.8126049041748047,1.8129868507385254,1.8134379386901855,1.8135368824005127,1.8136348724365234,1.8139338493347168,1.8141188621520996,1.8143730163574219,1.8147189617156982,1.814903974533081,1.8151428699493408,1.8153510093688965,1.8158459663391113,1.8161330223083496,1.8166558742523193,1.8172409534454346,1.817896842956543,1.818039894104004,1.818490982055664,1.8186659812927246,1.8189420700073242,1.8192038536071777,1.820054054260254],"env":"RockSample5","ubs":[22.613811380019875,22.613811380019875,22.613811380019868,22.613811380019868,22.59536099268724,22.58002652655014,22.577205811551934,22.577205811551934,22.577205811551934,22.577205811551934,22.564336177934734,22.55905063041663,22.539694648021175,22.520944254390457,22.435099473389197,22.37421898993481,22.336260590729665,22.328825816666267,22.320627314885037,22.309646066273018,22.309646066273018,22.309646066273018,22.309646066273018,22.309646066273018,22.309646066273018,22.309646066273018,22.309646066273018,22.309646066273018,22.309221215484527,22.30920562848288,22.306613774817457,22.297998608113524,22.29348318075316,22.293237228714656,22.293237228714656,22.292759556898474,22.2919932087933,22.29032228902044,22.287211971555443,22.28589885197544,22.28589885197544,22.284884902501105,22.28484770254161,22.28347881963406,22.27336452244429,22.267026700756354,22.267026700756354,22.265458068000157,22.26523144504501,22.26310545907705,22.259246957264615,22.259246957264615,22.259246957264615,22.259246957264615,22.259246957264615,22.259246957264615,22.259246957264615,22.259246957264615,22.259246957264615,22.259246957264615,22.259246957264615,22.259246957264615,22.25892875092911,22.258907343340333,22.258587452165415,22.256877553575453,22.251990397939558,22.251990397939558,22.243557220368785,22.238624370441315,22.237824300684245,22.23225718581073,22.22963055337822,22.229133689746096,22.226566723299825,22.226566723299825,22.226566723299825,22.225155123101082,22.223789720289197,22.222156640254504,22.22074868939466,22.220662506318682,22.220662506318682,22.21709841925047,22.21184801185491,22.205200735555835],"sim_r":null,"sim_rsigma":null,"solver":"EBIB-SARSOP","env_full":"RockSample ()","final_lw":21.985770977962467,"timeout":false,"runtime":1.820054054260254,"final_ub":22.205200735555835}