{"lbs":[0.009456452391216686,0.2668518616506609,0.35504599340041687,0.3615565008676789,0.3732875172527246,0.39808945448801764,0.40297968737732737,0.40956221229109596,0.41219901876154813,0.4135652952531336],"times":[0.22723388671875,0.2275099754333496,0.22768187522888184,0.22782087326049805,0.2280128002166748,0.22875499725341797,0.23049497604370117,0.23093199729919434,0.23127484321594238,0.23173284530639648],"env":"FrozenLake4","ubs":[0.4170372356844881,0.4170372356844881,0.4170372356844881,0.4170372356844881,0.41703467397637806,0.4170338253600206,0.4170336610818343,0.417033646036433,0.41703364465850146,0.4170330621294872],"sim_r":null,"sim_rsigma":null,"solver":"EBIB-SARSOP","env_full":"Frozen Lake (4)","final_lw":0.4135652952531336,"timeout":false,"runtime":0.23173284530639648,"final_ub":0.4170330621294872}