{"lbs":[8.926168066559997,16.763732440301357,17.595469249015007,18.403917427084675,18.403917427084675,18.403917427084675,19.212365605154346,19.998177234238064,19.998177234238064,19.998177234238064,19.998177234238064,19.998177234238064,19.998177234238064,19.998177234238064,19.998177234238064,19.998177234238064,19.998177234238064,19.998177234238064,19.998177234238064,19.998177234238064,19.998177234238064,19.998177234238064,19.998177234238064,19.998177234238064,19.998177234238064,19.998177234238064,19.998177234238064,19.998177234238064,19.998177234238064,19.998177234238064,19.998177234238064,19.998177234238064,19.998177234238064,19.998177234238064,19.998177234238064,19.998177234238064,19.998177234238064,19.998177234238064,19.998177234238064,19.998177234238064,19.998177234238064,19.998177234238064,19.998177234238064,19.998177234238064,19.998177234238064,19.998177234238064,19.998177234238064,19.998177234238064,19.998177234238064,19.998177234238064,19.998177234238064,19.998177234238064,19.998177234238064,19.998177234238064,19.998177234238064,19.998177234238064,19.998177234238064,19.998177234238064,19.998177234238064,19.998177234238064,19.998177234238064,19.998177234238064,19.998177234238064,19.998177234238064,19.998177234238064,19.998177234238064,19.998177234238064,19.998177234238064,19.998177234238064,19.998177234238064,19.998177234238064,19.998177234238064,19.998177234238064,19.998177234238064,19.998177234238064,19.998177234238064,19.998177234238064,19.998177234238064,19.998177234238064,19.998177234238064,19.998177234238064,19.998177234238064,19.998177234238064,19.998177234238064,19.998177234238064,19.998177234238064,19.998177234238064,19.998177234238064,19.998177234238064,19.998177234238064,19.998177234238064,19.998177234238064,19.998177234238064,19.998177234238064,19.998177234238064,19.998177234238064,19.998177234238064,19.998177234238064,19.998177234238064,19.998177234238064,19.998177234238064,19.998177234238064,19.998177234238064,19.998177234238064,19.998177234238064,19.998177234238064,19.998177234238064,19.998177234238064,19.998177234238064,19.998177234238064,19.998177234238064,19.998177234238064,19.998177234238064,19.998177234238064,19.998177234238064,19.998177234238064,19.998177234238064,19.998177234238064,19.998177234238064,19.998177234238064,19.998177234238064,19.998177234238064,19.998177234238064,19.998177234238064,19.998177234238064,19.998177234238064,19.998177234238064,19.998177234238064,19.998177234238064],"times":[1.059201955795288,1.0594778060913086,1.0597717761993408,1.0600199699401855,1.0602200031280518,1.0603837966918945,1.0606048107147217,1.0608129501342773,1.0609009265899658,1.061182975769043,1.061438798904419,1.061675786972046,1.061939001083374,1.062039852142334,1.0621418952941895,1.0623879432678223,1.0624938011169434,1.0628459453582764,1.063236951828003,1.0634629726409912,1.0637478828430176,1.0639328956604004,1.0642869472503662,1.0644807815551758,1.0647587776184082,1.0649399757385254,1.0655298233032227,1.0659899711608887,1.0664169788360596,1.066821813583374,1.067328929901123,1.067983865737915,1.0685420036315918,1.0688648223876953,1.0693259239196777,1.069915771484375,1.0701789855957031,1.070802927017212,1.071016788482666,1.071523904800415,1.0718088150024414,1.0721709728240967,1.0727689266204834,1.072983980178833,1.0735139846801758,1.0737338066101074,1.07417893409729,1.074408769607544,1.0747628211975098,1.0749409198760986,1.075537919998169,1.0757029056549072,1.075873851776123,1.0762178897857666,1.076615810394287,1.0769298076629639,1.0774879455566406,1.0778398513793945,1.078239917755127,1.07844877243042,1.0788609981536865,1.079164981842041,1.0795998573303223,1.0799129009246826,1.0803699493408203,1.080582857131958,1.0809879302978516,1.0815799236297607,1.0818588733673096,1.0824999809265137,1.082772970199585,1.0832648277282715,1.0835909843444824,1.083894968032837,1.0840048789978027,1.084242820739746,1.0846428871154785,1.0853548049926758,1.086082935333252,1.087073802947998,1.0872278213500977,1.087507963180542,1.0878829956054688,1.0880818367004395,1.0887219905853271,1.0891599655151367,1.0896618366241455,1.0900897979736328,1.090512990951538,1.0913619995117188,1.092317819595337,1.0927529335021973,1.0933749675750732,1.0935649871826172,1.0937387943267822,1.0942838191986084,1.0944609642028809,1.0946259498596191,1.0947999954223633,1.0952529907226562,1.095432996749878,1.0963118076324463,1.0967679023742676,1.097303867340088,1.0974619388580322,1.0977258682250977,1.0982248783111572,1.0985138416290283,1.0986659526824951,1.0992188453674316,1.0995597839355469,1.0997459888458252,1.1002697944641113,1.1004228591918945,1.1008398532867432,1.1015708446502686,1.1018259525299072,1.1020028591156006,1.10257887840271,1.1027679443359375,1.1037359237670898,1.1041758060455322,1.1052348613739014,1.1057829856872559,1.1066679954528809,1.1068987846374512,1.1072568893432617,1.1079847812652588,1.1083297729492188],"env":"RockSample5","ubs":[20.989340299398513,20.989340299398513,20.989340299398506,20.989340299398506,20.95897347563607,20.95897347563607,20.95897347563607,20.95897347563607,20.9344639627466,20.908978315648085,20.899940370241893,20.871250281020316,20.871250281020316,20.86626997305564,20.83502838482268,20.70211665525715,20.600361131472912,20.53921018943184,20.537718771015356,20.537718771015356,20.537718771015353,20.53574213578108,20.519568168087467,20.501925782041564,20.50034231556799,20.50034231556799,20.50034231556799,20.50034231556799,20.50034231556799,20.50034231556799,20.50034231556799,20.50008784085393,20.49698198279208,20.489463665863187,20.47707437509358,20.473418929759475,20.467139925151383,20.45721525715098,20.45721525715098,20.452368936131023,20.452368936131023,20.45191327955118,20.45191327955118,20.45098895160299,20.450746792204647,20.44876720220888,20.43864331573888,20.435833046510076,20.43380761990778,20.4271138925718,20.427104947646754,20.42511373172122,20.425061261865025,20.425061261865025,20.425061261865025,20.425061261865025,20.425061261865025,20.425061261865025,20.425061261865025,20.425061261865025,20.425061261865025,20.425061261865025,20.425061261865025,20.425061261865025,20.425061261865025,20.425061261865025,20.425061261865025,20.425061261865025,20.425061261865025,20.425061261865025,20.425061261865025,20.425061261865025,20.408583292852793,20.401638771015353,20.401638771015353,20.387695696806595,20.38757112771318,20.38756547476682,20.37906000126161,20.378980845341673,20.37708721335535,20.37226510202696,20.365684988418018,20.351584496765497,20.351584496765497,20.348369452353793,20.34231491227824,20.34231491227824,20.33338772491154,20.323915791767398,20.31681571789592,20.30022678916888,20.29458427331584,20.2872342057221,20.279372169501475,20.27922356898437,20.268430552999256,20.268430552999256,20.267482266162517,20.263414652327533,20.261949141438983,20.261949141438983,20.261682173367028,20.255112516470213,20.250095858326,20.23629627124717,20.23453098787887,20.234314969919534,20.23130775462369,20.226458916465667,20.226458916465667,20.224684373952172,20.224332130257956,20.22185583333301,20.21738163652806,20.216811821496385,20.212441382022043,20.23425575054215,20.23425575054215,20.209912881668263,20.20558694761947,20.20477636868136,20.20477636868136,20.20363124445604,20.202865991587927,20.1997352641551,20.1997352641551,20.199405181313782,20.197836741241673],"sim_r":null,"sim_rsigma":null,"solver":"BIB-SARSOP","env_full":"RockSample ()","final_lw":19.998177234238064,"timeout":false,"runtime":1.1083297729492188,"final_ub":20.197836741241673}