{"lbs":[0.011093223216757129,0.31687959940163546,0.39074225658648987,0.404248017200094,0.4119747917271816,0.4268209124836364,0.4281976956996157,0.4283730618744665,0.42839374718705886,0.42839607559822857,0.4283962915278624,0.42839631155250724,0.42839631155250724,0.43465490632823806,0.4352353090060955,0.4370610205170601,0.43974155883912014,0.44326694319019966,0.4438927651318117,0.4446929284762909,0.44478873003386216,0.44579717367599536,0.4468054653162663],"times":[0.13596105575561523,0.16752099990844727,0.16775894165039062,0.1680450439453125,0.16823506355285645,0.16861295700073242,0.16877508163452148,0.16898894309997559,0.1690990924835205,0.16924691200256348,0.16936111450195312,0.16954493522644043,0.16958999633789062,0.16989994049072266,0.17002010345458984,0.1706390380859375,0.17387795448303223,0.1742250919342041,0.17514991760253906,0.17537689208984375,0.17553496360778809,0.17639899253845215,0.17663002014160156],"env":"FrozenLake4","ubs":[0.49639625545673255,0.49639625545673255,0.4828312969571575,0.4816352520241858,0.4683995940048334,0.4683995940048334,0.4675062568245562,0.46540898555175897,0.46429265877264375,0.46370856676986344,0.46034360703775107,0.45609750357697904,0.4558732273446692,0.45569284896974216,0.4553915024444783,0.45516710192709386,0.45273814662250794,0.4519946440823035,0.4519256939615829,0.45169264214317156,0.4514007017901944,0.4512908087166071,0.45101759884188486],"sim_r":null,"sim_rsigma":null,"solver":"SARSOP","env_full":"Frozen Lake (4)","final_lw":0.4468054653162663,"timeout":false,"runtime":0.17663002014160156,"final_ub":0.45101759884188486}