{"lbs":[0.01950671283656223,0.41440055233502104,0.5969602759453625,0.6220280361557174,0.6290564517249648,0.6308654061603123,0.6313745783143089,0.6313745783143089,0.6313745783143089,0.6313745783143089,0.6317475119325799,0.6317475119325799,0.642304815968791,0.6444414550238654,0.647932893656193,0.6539516421205238,0.6554383451198951,0.6569799802432408,0.6569799802432408,0.6573607825936624,0.6612710017806628,0.6612710017806628,0.6612710017806628,0.6612710017806628,0.6612710017806628,0.6612710017806628,0.6624597858055596,0.665235214660884,0.6661060216352959,0.66641035476428,0.6664855286942674,0.6665353942441957,0.6665477116326167,0.6665477116326167,0.6665530807504229,0.6665530807504229,0.6665544298825926,0.6675585085125716,0.6680678341427067,0.6682087957815641,0.6683735083879337,0.6683735083879337,0.6684478191951658,0.6684680229736631,0.6684680229736631,0.6684771322553944,0.6684771322553944,0.6684799842668241,0.6684799842668241,0.6684799842668241,0.6684799842668241,0.6684799842668241,0.6684799842668241],"times":[1.631005048751831,1.6317129135131836,1.6339199542999268,1.6845018863677979,1.6873059272766113,1.6898620128631592,1.692431926727295,1.6952550411224365,1.7475910186767578,1.7497179508209229,1.7606968879699707,1.7637169361114502,1.7651360034942627,1.7756459712982178,1.7765779495239258,1.8147368431091309,1.8162989616394043,1.8189020156860352,1.820349931716919,1.821929931640625,1.8379600048065186,1.8403098583221436,1.8464930057525635,1.8665740489959717,1.867253065109253,1.8690729141235352,2.0823400020599365,2.0864949226379395,2.0898149013519287,2.0942249298095703,2.0963499546051025,2.100334882736206,2.1028530597686768,2.105496883392334,2.1741199493408203,2.1761040687561035,2.1782588958740234,2.184825897216797,2.1890499591827393,2.1909749507904053,2.195112943649292,2.196830987930298,2.1996278762817383,2.2563979625701904,2.2613749504089355,2.263664960861206,2.265054941177368,2.2684030532836914,2.270134925842285,2.271873950958252,2.273254871368408,2.663182020187378,2.6659860610961914],"env":"FrozenLake4","ubs":[0.7013029600357757,0.7013029600357757,0.7013029600357757,0.6997222864741863,0.6992709002432442,0.6984977735129417,0.696096180574278,0.6945450867618643,0.6912894200572338,0.6905444209204769,0.6902661651280894,0.689884567122261,0.6889191931580666,0.6884977735129417,0.6873600966231345,0.6873600966231345,0.6867109663660806,0.6867109663660806,0.6859125471914362,0.6837339580347668,0.6826174429483495,0.6826174429483495,0.6811665383249177,0.6809990222026276,0.6799992495014536,0.6799992495014536,0.6799992495014536,0.6798869731765561,0.6796975106060966,0.6788239265686975,0.6787471695284405,0.6783635037576461,0.6783635037576461,0.6779841765940104,0.6779419053422657,0.677880324815912,0.6778479978734572,0.6778479978734572,0.6778479978734572,0.6774204088132977,0.6774204088132977,0.6772792525034478,0.6772182255390222,0.6768602047253569,0.6763979730073446,0.6760642360204586,0.6759243038402168,0.6754843338521948,0.6752808513826967,0.6752808513826967,0.6752808513826967,0.6752808513826967,0.675148224691227],"sim_r":null,"sim_rsigma":null,"solver":"BIB-SARSOP","env_full":"Frozen Lake (4)","final_lw":0.6684799842668241,"timeout":false,"runtime":2.6659860610961914,"final_ub":0.675148224691227}