{"lbs":[-30.303030303030276,-20.37705386266177,-17.103168996034615,-10.193272507838309,-5.911886804905121,-3.0095464770958804,0.8183413994749413,2.478134065238639,7.206244830645546,9.565880955818912,11.760404295967605,13.868150933452046,15.772578346575337,17.949113226945187,19.198234790573125,19.626112809673074,21.064401941080888,21.978886941094604,22.922202957743856,23.74352236284551,24.559355694257157,25.17480119155597,25.366325967824928,26.273734088168617,26.708446704323062,26.90669735747709,27.24093724987775,27.553295243347577,27.871458970990446,28.14769438412013,28.511126160824006,28.782461478934984,28.993978930622013,29.174462952546087,29.312565597757676,29.441807439720634,29.576047323394864,29.68609040501243,29.78463292092492,29.816743740268677,29.883006640436545,29.955134718105203,30.0158575412039,30.03709634040887,30.09152143503299,30.135084926857573,30.15896913832742,30.161197480247033,30.207213773548453,30.216076805305942,30.252518402913328,30.28421523863649,30.30180645027737,30.32082777622208,30.333348975562473,30.347733941647007,30.361167862664722,30.3721396328568,30.38248770659419,30.387206944778427,30.399082066053353,30.406649922331717,30.41010124257044,30.421141320163194,30.42598849137573,30.43439636453371,30.43823077440189,30.457300102993813,30.46244237793585,30.470925998757643,30.474794953341735,30.479358846147928,30.483204645512714,30.499963893359194,30.510105187710423,30.511158061059437,30.513809904385347,30.520573590070093,30.521366965653776,30.523239788535843,30.528373224031995,30.52856491752023,30.531158104579255,30.534629855960766,30.53524694572542,30.535528369462277,30.5387628452589,30.538996319477313,30.54069291004231,30.541429087164108,30.541962034610023,30.542497209666976,30.542852582734227,30.54379323447605,30.543846851719444,30.544820178498718,30.54509657024398,30.545317971761648,30.545512205002254,30.545600785055804,30.545734497526126,30.54590021954246,30.545917287338167,30.546071103806494,30.546095512839393,30.54610664457686,30.546198945010183,30.54633103277544,30.54643120260708,30.546436912297505,30.546469089161945,30.546551040072032,30.54657506561418,30.546598908138396,30.54665256853301,30.54667090114477],"times":[0.004397869110107422,0.031035900115966797,0.031154870986938477,0.03127288818359375,0.03142499923706055,0.031639814376831055,0.031880855560302734,0.03215599060058594,0.03246498107910156,0.03273296356201172,0.033097028732299805,0.033447980880737305,0.03377580642700195,0.03413891792297363,0.03482389450073242,0.03560996055603027,0.035988807678222656,0.036934852600097656,0.03735184669494629,0.03830885887145996,0.03954291343688965,0.04094386100769043,0.04106283187866211,0.041638851165771484,0.04231595993041992,0.042421817779541016,0.04311084747314453,0.043692827224731445,0.04440784454345703,0.04492688179016113,0.04572582244873047,0.04631686210632324,0.04869985580444336,0.049427032470703125,0.05024099349975586,0.050932884216308594,0.05258297920227051,0.05321097373962402,0.05382895469665527,0.05459785461425781,0.055441856384277344,0.05622386932373047,0.056990861892700195,0.057643890380859375,0.05848288536071777,0.05928683280944824,0.06001782417297363,0.06011390686035156,0.060971975326538086,0.06168389320373535,0.06258487701416016,0.0667428970336914,0.06762099266052246,0.0684809684753418,0.06929183006286621,0.07025504112243652,0.07111287117004395,0.07182097434997559,0.07651495933532715,0.07738995552062988,0.07802796363830566,0.07887792587280273,0.07955098152160645,0.07976102828979492,0.08021903038024902,0.08080387115478516,0.08126282691955566,0.0819239616394043,0.08231496810913086,0.08313298225402832,0.08341097831726074,0.08380699157714844,0.08400893211364746,0.08488798141479492,0.08546090126037598,0.08578085899353027,0.08607101440429688,0.08669495582580566,0.08697700500488281,0.08716702461242676,0.08795690536499023,0.0880589485168457,0.08867287635803223,0.08927392959594727,0.08951997756958008,0.08974003791809082,0.09046101570129395,0.09082698822021484,0.09190487861633301,0.09221291542053223,0.1009819507598877,0.10134601593017578,0.10180401802062988,0.10278582572937012,0.10316991806030273,0.10908794403076172,0.10969901084899902,0.11039495468139648,0.11082792282104492,0.11125993728637695,0.1116478443145752,0.11237788200378418,0.11264181137084961,0.11382484436035156,0.11403703689575195,0.1141958236694336,0.1147158145904541,0.11565899848937988,0.11634683609008789,0.1167750358581543,0.11719393730163574,0.11787891387939453,0.11824393272399902,0.11847901344299316,0.11919689178466797,0.11950802803039551],"env":"Tiger","ubs":[133.58388881483899,133.58388881483899,124.059856564078,121.12313247192603,114.72278477401244,113.05245690786629,110.55678292751216,106.96825361064656,106.11637159916364,99.86924193180678,96.83920248922519,94.31260459520931,91.2258954345504,90.0561146424553,89.58388881483899,89.58388881483899,81.86684728610825,77.98100523445711,76.36838862100392,73.57009466090288,71.96962103586642,69.96253165002942,68.20217582368878,67.66708862467219,65.2054917067721,63.535205872217595,62.774677645872146,61.56633619293504,60.17810302560126,58.904552359444324,57.6805373746694,55.37512473707213,53.977271762836736,52.825798904273114,51.68677519263328,50.57646629214024,49.91733771990755,48.767463482646725,47.81015446633388,47.17694253889338,46.57524263629233,45.879010330535216,45.31340871009136,44.755634081840185,44.12063253860378,43.73427484460596,43.370594682943704,43.15559959239831,43.112900873274384,42.93800438198828,42.604857151469645,42.328046309034065,41.9212750831845,41.71921702061177,41.412578802231124,41.05930738964453,40.94041889134097,40.489782173911536,40.22810276599161,40.11358367078017,39.930965814741455,39.83314315253153,39.80936917611517,39.67060194755996,39.2191623028947,38.954279327766315,38.8786520270486,38.69802282962986,38.0158562050722,37.7814376649667,37.492675578852435,37.32373472096525,37.1011590820014,37.034339199809835,36.25340365242229,35.638961469190455,35.52045398541132,35.45083033596323,34.95520744492015,34.86962220717923,34.83805468146177,34.258327417641084,34.21977718292836,33.970954052042764,33.43788155122371,33.39801655957968,33.3059136503736,32.843008527069635,32.84101369031011,32.54986868097325,32.44814160974386,32.33959117688701,32.2631484013286,32.18278882790443,31.9595483195564,31.94761846285419,31.652626965743757,31.590963158497413,31.512179438992845,31.447311017055213,31.430402647221914,31.38722422386258,31.289479416305475,31.275763383601515,31.2191655104054,31.195378747645943,31.18321693794366,31.108862225189217,31.03010068911769,30.969542451139418,30.96278871155338,30.952943834383063,30.891711600080356,30.87419598861996,30.86131421894565,30.799817483872793],"sim_r":null,"sim_rsigma":null,"solver":"SARSOP","env_full":"Tiger","final_lw":30.54667090114477,"timeout":false,"runtime":0.11950802803039551,"final_ub":30.799817483872793}