{"lbs":[9.148616422559998,18.78559660277559,19.749946141979454,20.693079991320833,20.693079991320833,20.693079991320833,20.741643810760657,20.741643810760657,20.80207552564797,20.861177742807765,20.861177742807765,20.861177742807765,20.861177742807765,20.861177742807765,20.861177742807765,20.861177742807765,20.861177742807765,20.861177742807765,20.861177742807765,20.861177742807765,20.861177742807765,20.861177742807765,20.861177742807765,20.9134570599139,20.9645862320437,20.9645862320437,20.9645862320437,20.9645862320437,20.9645862320437,20.9645862320437,20.9645862320437,20.9645862320437,20.9645862320437,20.9645862320437,20.9645862320437,20.9645862320437,20.9645862320437,20.9645862320437,20.9645862320437,20.9645862320437,20.9645862320437,20.9645862320437,20.9645862320437,20.9645862320437,20.9645862320437,20.9645862320437,20.9645862320437,20.9645862320437,20.9645862320437,20.9645862320437,20.9645862320437,20.9645862320437,20.9645862320437,20.9645862320437,20.9645862320437,20.9645862320437,20.9645862320437,20.9645862320437,20.9645862320437,20.9645862320437,20.9645862320437,20.9645862320437,20.9645862320437,20.9645862320437,20.9645862320437,20.9645862320437,20.9645862320437,20.9645862320437,20.9645862320437,20.9645862320437,20.9645862320437,20.9645862320437,20.9645862320437,20.9645862320437,20.9645862320437,20.9645862320437,20.9645862320437,20.9645862320437,20.9645862320437,20.9645862320437,20.9645862320437,20.9645862320437,20.9645862320437,20.9645862320437,20.9645862320437,20.9645862320437,20.9645862320437,20.9645862320437,20.9645862320437,20.9645862320437,20.9645862320437,20.9645862320437,20.9645862320437,20.9645862320437,20.9645862320437,20.9645862320437],"times":[1.275116205215454,1.3063280582427979,1.3066270351409912,1.3067491054534912,1.3070712089538574,1.3073670864105225,1.3078060150146484,1.3081481456756592,1.3085401058197021,1.308678150177002,1.3091461658477783,1.3095691204071045,1.3098151683807373,1.3100810050964355,1.3102080821990967,1.310638189315796,1.3109121322631836,1.3115780353546143,1.312283992767334,1.312993049621582,1.3133301734924316,1.31404709815979,1.3145110607147217,1.3153691291809082,1.315662145614624,1.3163011074066162,1.3165180683135986,1.316702127456665,1.317338228225708,1.317594051361084,1.3177881240844727,1.3184771537780762,1.3186790943145752,1.3189260959625244,1.3195991516113281,1.3198530673980713,1.320249080657959,1.3211262226104736,1.3216700553894043,1.3225610256195068,1.3229269981384277,1.323228120803833,1.3239660263061523,1.3241870403289795,1.3244080543518066,1.325242042541504,1.325700044631958,1.3265280723571777,1.3267230987548828,1.3270471096038818,1.3272490501403809,1.3279411792755127,1.3281700611114502,1.3292341232299805,1.3295660018920898,1.3299510478973389,1.330801010131836,1.3310821056365967,1.3314721584320068,1.3324000835418701,1.3327600955963135,1.3330531120300293,1.3339710235595703,1.3342092037200928,1.334374189376831,1.3345310688018799,1.3347010612487793,1.3358261585235596,1.3360161781311035,1.3375341892242432,1.3381531238555908,1.3383362293243408,1.3394150733947754,1.3397791385650635,1.3402690887451172,1.3411691188812256,1.3414411544799805,1.3419651985168457,1.342123031616211,1.3430430889129639,1.3433570861816406,1.3438191413879395,1.3449060916900635,1.3453261852264404,1.3454911708831787,1.345691204071045,1.3471510410308838,1.347588062286377,1.347933053970337,1.349156141281128,1.3496429920196533,1.3499841690063477,1.3510441780090332,1.3513622283935547,1.3515350818634033,1.3518481254577637],"env":"RockSample5","ubs":[21.7847302719956,21.7847302719956,21.7847302719956,21.7847302719956,21.784730271995596,21.784730271995596,21.76012506812712,21.736061178743753,21.736061178743753,21.711997289360383,21.688462805543445,21.688462805543445,21.688462805543445,21.68551126325495,21.660352568092907,21.593335372018736,21.47106809424248,21.45618823646035,21.451617542711727,21.413046206011693,21.41125177456112,21.410799252360597,21.41021949762102,21.409755723012747,21.40362843449703,21.389237350617734,21.374644986048438,21.36426325816298,21.360954901077406,21.3598905273753,21.354028717825102,21.35399239274814,21.353806829677463,21.353794421893063,21.352693931723746,21.35078269564945,21.35029337200008,21.35029337200008,21.35029337200008,21.35029337200008,21.34544705744809,21.333316647214644,21.33317024974719,21.33303481847873,21.332909762674262,21.33288401285283,21.330350574488445,21.32431404986074,21.32431404986074,21.32431404986074,21.32431404986074,21.321575209598223,21.321575209598223,21.321575209598223,21.321575209598223,21.321575209598223,21.321575209598223,21.321575209598223,21.321575209598223,21.321575209598223,21.321011264182065,21.32431404986074,21.290950998665544,21.289341456889623,21.287472628790724,21.27896808975784,21.260224470520086,21.250317849616284,21.248567056218207,21.23616808066438,21.234585655048885,21.234422386143983,21.22998538584778,21.22998538584778,21.213947007706732,21.213696892221222,21.198261473884788,21.196032238681553,21.19465041167117,21.193621409368046,21.191118792826252,21.191118792826252,21.191118792826252,21.189513192718437,21.187083854251696,21.186146154184083,21.183137684325786,21.183137684325786,21.183137684325786,21.183137684325786,21.183137684325786,21.18116157681608,21.18116157681608,21.18116157681608,21.17854669387058,21.174056705205388],"sim_r":null,"sim_rsigma":null,"solver":"SARSOP","env_full":"RockSample ()","final_lw":20.9645862320437,"timeout":false,"runtime":1.3518481254577637,"final_ub":21.174056705205388}