{"lbs":[-24.99999999999998,-9.755368355366194,-7.245133424627506,-4.975423049858508,4.011371379097874,6.6901557078445375,8.928365213106133,11.857289425085797,13.752122088907608,14.766138849772798,17.05575051089774,18.266135485566018,19.32836195764525,20.29087485854799,21.091046353455617,21.60870777979389,22.046600559039852,22.345273206921036,22.990465749735556,23.423600339517712,23.694756862853396,23.979170920275855,24.164638858881148,24.246745136870075,24.383966763054822,24.415057041753567,24.463926683069754,24.478830560283377,24.515350312115086,24.576839581501517,24.604034937547645,24.636695082760326,24.670062591929238,24.688494012407716,24.707818099251753,24.7247514476348,24.738470364775445,24.75243119916344,24.762562254737226,24.763212504640293,24.77387276527062,24.778033762286135,24.781045923646907,24.782392565084088,24.786296286399327,24.787192503209575,24.789158585787654,24.7902381410496],"times":[0.01040792465209961,0.010849952697753906,0.010955095291137695,0.01108694076538086,0.012165069580078125,0.012356996536254883,0.012578010559082031,0.01282811164855957,0.012981891632080078,0.01317906379699707,0.013426065444946289,0.01368403434753418,0.013948917388916016,0.014163017272949219,0.014435052871704102,0.014616966247558594,0.014862060546875,0.014955997467041016,0.015253067016601562,0.015558958053588867,0.015839099884033203,0.016093969345092773,0.01633906364440918,0.016604900360107422,0.016971111297607422,0.0170590877532959,0.01732802391052246,0.017455101013183594,0.017596960067749023,0.017915010452270508,0.01804804801940918,0.01831507682800293,0.018594026565551758,0.01873493194580078,0.01898789405822754,0.020910978317260742,0.021852970123291016,0.023967981338500977,0.02424001693725586,0.024312973022460938,0.02697896957397461,0.028098106384277344,0.028588056564331055,0.028680086135864258,0.03135108947753906,0.03149008750915527,0.031861066818237305,0.0321660041809082],"env":"Tiger","ubs":[53.83956244902169,53.83956244902169,46.071266979153336,46.07126697915332,46.05858397854729,42.84772811757162,41.72830270022497,40.86518518749848,39.357787325226795,38.14239528529542,37.88819486381561,36.462751155766995,35.266157755361,34.25544708728706,33.34121762628166,32.5221998082466,31.905845454768723,31.23665179423572,31.143275156809068,30.409547739120427,29.60501028386178,28.970490723848577,28.49361491439611,28.070772385853562,28.007229881058144,27.56458186484832,27.547347049767232,27.43497204195596,27.350719873503582,27.162507454498076,26.91722263494573,26.738932543002065,26.416124663300558,26.16839998362144,26.093632511099578,25.90077897276465,25.71223467810038,25.572536840028377,25.454217428646274,25.365193672448527,25.354733025000264,25.22879197690062,25.163175133705106,25.134980438390734,25.11929378680152,25.04720615028426,25.04720615028426,25.00934759325797],"sim_r":null,"sim_rsigma":null,"solver":"EBIB-SARSOP","env_full":"Tiger","final_lw":24.7902381410496,"timeout":false,"runtime":0.0321660041809082,"final_ub":25.00934759325797}