{"lbs":[-29.411764705882327,-19.52866481217508,-16.284669511721532,-9.460312699173343,-5.243063394175131,-2.3881822166615407,1.354006492750561,2.9778159952317895,7.583316132582992,9.871358265483263,11.992423800039848,14.02243996530883,16.390830570527257,18.196562215695696,19.017735978908966,20.90751179805107,21.933239565473023,22.83727963187809,23.537888854811285,24.229502348140773,25.141891695184476,25.66712685307094,25.78233899761817,26.47493823968047,26.800689727961423,27.1497477657282,27.296187328931325,27.533141050782127,27.645844700305673,27.87716607787233,28.046222171613913,28.13630879794981,28.27278691191396,28.419316991497478,28.554667715743598,28.675459831731565,28.782311763878784,28.816660633705332,28.88797661281894,28.920408237475158,28.965367872219893,28.9858136968001,29.01204561609557,29.01868124886309,29.088216988342314,29.111286084431732,29.117655640383845,29.156620139532187,29.177236235355814,29.18661160241856,29.21796998670093,29.23649405032431,29.259178571346396,29.27791856996167,29.28644076384729,29.309154510274418,29.323359353348827,29.34014843557742,29.35424322000783,29.36065295824516,29.377612582316903,29.388240023688155,29.39307295445475,29.395270776016766,29.396270256425595,29.41246756396051,29.441624136736834,29.44286315351195,29.45059091370467,29.458813492775562,29.483976265171652,29.506190171238273,29.50854194227793,29.522827014767437,29.530781556680314,29.53439896081382,29.53690774105158,29.539693682078727,29.54096061544807,29.544163876007865,29.550166515162765,29.55701493910876,29.557988500008854,29.559565191926573,29.560724943825015,29.566304255827394,29.567801907420687,29.569243133870458,29.5714657871735,29.57345406446533,29.574433676021677,29.574519642981578,29.575263687641403,29.575602049077858,29.577018285978788,29.577707902940265,29.577850520055193,29.578457267802044,29.578773195973657,29.579137662162715,29.579157356347896,29.579159699510644,29.579267031513744,29.57956072051477,29.579663465539472,29.579763283037423,29.579899301686797,29.579929403131928,29.580005892805872,29.58006135836958,29.58012271880169,29.580164887432243],"times":[0.0042340755462646484,0.030726909637451172,0.030838966369628906,0.030948877334594727,0.03108692169189453,0.03128504753112793,0.031507015228271484,0.03178095817565918,0.03206992149353027,0.03233003616333008,0.032666921615600586,0.0329890251159668,0.033288002014160156,0.033689022064208984,0.03437495231628418,0.034718990325927734,0.03518795967102051,0.03563690185546875,0.0366060733795166,0.037390947341918945,0.03780388832092285,0.038218021392822266,0.038320064544677734,0.03875994682312012,0.03912806510925293,0.03955888748168945,0.039650917053222656,0.04013395309448242,0.04054999351501465,0.0413820743560791,0.04182100296020508,0.04227805137634277,0.0428769588470459,0.04343891143798828,0.04399895668029785,0.04451894760131836,0.0449979305267334,0.045536041259765625,0.04639792442321777,0.046525001525878906,0.04701089859008789,0.04748702049255371,0.0480649471282959,0.05048108100891113,0.051197052001953125,0.051809072494506836,0.05465888977050781,0.05532193183898926,0.055938005447387695,0.05751800537109375,0.058197975158691406,0.05975699424743652,0.06046605110168457,0.06196308135986328,0.06342697143554688,0.06414389610290527,0.06556487083435059,0.06608295440673828,0.06747198104858398,0.06881308555603027,0.06924200057983398,0.06993293762207031,0.0705099105834961,0.07096195220947266,0.07135200500488281,0.07172799110412598,0.0723259449005127,0.07241988182067871,0.07274794578552246,0.07307910919189453,0.07371401786804199,0.07426905632019043,0.07450699806213379,0.07499504089355469,0.07561397552490234,0.07589507102966309,0.0761709213256836,0.076416015625,0.07662796974182129,0.07679009437561035,0.07714605331420898,0.07772397994995117,0.07793807983398438,0.07810091972351074,0.07834887504577637,0.07923698425292969,0.07986688613891602,0.08009099960327148,0.0805199146270752,0.08428001403808594,0.08482003211975098,0.08501887321472168,0.09253191947937012,0.09280204772949219,0.09359097480773926,0.09419488906860352,0.09479689598083496,0.09563589096069336,0.09609794616699219,0.09709405899047852,0.09731602668762207,0.09742498397827148,0.09772896766662598,0.10300707817077637,0.10352802276611328,0.10432195663452148,0.1096639633178711,0.10988688468933105,0.1109318733215332,0.11159610748291016,0.11713194847106934,0.12325406074523926],"env":"Tiger","ubs":[129.56951463613794,129.56951463613794,120.05750125699575,117.1275434679363,110.76032610763278,109.09663411976891,106.61317548872205,103.0414998445697,102.19226788721579,96.00266600423942,92.99740883111673,90.49535675550673,87.42206811588974,85.56951463613797,85.56951463613797,78.89664328562661,74.54388338727635,72.22594351497571,70.10300172859289,68.93513287875666,67.83795502665551,66.10461568881081,64.20054372425402,63.471340133249505,60.89735944058705,59.342041904445715,57.334970186867636,56.717253103007856,54.87002876741758,54.074052225843836,53.46167897371548,52.15293130975421,51.02940201075461,50.31545940020864,49.61213238777088,49.116059348858485,48.585676675127004,47.977452339096374,47.6437004215959,46.91446773880471,46.39477519736195,45.39988564682172,45.1585387357232,44.94258661649499,44.57514644064413,44.31976086881755,43.96486932281856,43.71023433699967,43.231231507542205,42.97050619650669,42.72921432142425,42.55550461398186,42.41220447645121,42.12291324102085,41.94600429883505,41.76871296339303,41.512331398274185,41.32534328279654,41.035702453766504,40.87202976023967,40.776535913307704,40.515188335509066,40.4170401110852,40.36027965839222,40.30009795508563,40.11966600545961,39.816571177087596,38.91565400529144,38.91565400529144,38.61265218312455,38.45626581070996,37.451125739807054,36.5601838493095,36.371935334110745,35.82156593736384,35.27682457724488,35.19767501143461,35.10567977987685,35.07590040981418,35.00173311616274,34.88899606874319,34.40207149857253,33.84999384914373,33.78342457241,33.7272763202865,33.61664265820254,32.90990783248952,32.756441048435484,32.54549526256362,32.210140990189174,31.775516865172488,31.523143841113615,31.49311715740468,31.39590152276341,31.33201194353087,31.08437597893895,30.891853049766873,30.82397604644961,30.651265510994612,30.545521755379426,30.400691941926894,30.400691458053558,30.383508657862258,30.354883077638895,30.195558446430947,30.157887023522804,30.085449367559157,29.983908444897565,29.983908444897565,29.933663082301635,29.892589998212564,29.831201351278477],"sim_r":null,"sim_rsigma":null,"solver":"SARSOP","env_full":"Tiger","final_lw":29.580164887432243,"timeout":false,"runtime":0.12325406074523926,"final_ub":29.831201351278477}