{"lbs":[0.00902491496440489,0.25813385341535144,0.2872585106991403,0.35018737471442335,0.35587458277700507,0.36518944666180575,0.3773160115585117,0.3785680862622226,0.3785970252953592,0.37999159781374797,0.3880437012655841,0.3897926308822271,0.3897926308822271,0.3897926308822271,0.3897926308822271,0.3897926308822271,0.3897926308822271,0.3897926308822271,0.3902306545049011,0.39044348255508615,0.3904784620688925,0.391438948998012,0.3939970628322826,0.3939970628322826,0.39436747924903065],"times":[0.11886215209960938,0.14859294891357422,0.1488630771636963,0.14913010597229004,0.14923715591430664,0.14945602416992188,0.1498861312866211,0.14996004104614258,0.15018105506896973,0.15047192573547363,0.15055608749389648,0.15080904960632324,0.15089893341064453,0.15108513832092285,0.15122199058532715,0.15137815475463867,0.1518850326538086,0.1519320011138916,0.15234708786010742,0.15248513221740723,0.15276408195495605,0.15329813957214355,0.15382814407348633,0.15401506423950195,0.15451598167419434],"env":"FrozenLake4","ubs":[0.44424355057907844,0.44424355057907844,0.4357980631317087,0.42682923594597866,0.4141143381958366,0.4133998601512827,0.4125367170887687,0.4124584900877558,0.408202923309072,0.40589380812737375,0.40495340165957966,0.4048954051298209,0.4048954051298209,0.4047631663196479,0.404696652863758,0.40262329567194133,0.3999313191075116,0.39960652948203346,0.3994994350030495,0.39946023860658686,0.39945668622149694,0.39880384548943126,0.3985343956427314,0.39840357047955843,0.3981536689430844],"sim_r":null,"sim_rsigma":null,"solver":"SARSOP","env_full":"Frozen Lake (4)","final_lw":0.39436747924903065,"timeout":false,"runtime":0.15451598167419434,"final_ub":0.3981536689430844}