{"lbs":[0.011531992444236795,0.2850451792896588,0.3973404378596914,0.41902828702898454,0.4539389096130108,0.46126803333256805,0.46328446213771335,0.46658477508842694],"times":[0.19011282920837402,0.19040799140930176,0.1905958652496338,0.19084882736206055,0.1914958953857422,0.1947798728942871,0.19504499435424805,0.19549894332885742],"env":"FrozenLake4","ubs":[0.46866357033383355,0.46866357033383355,0.46866201362864807,0.4686614372514592,0.4686613833550623,0.4686611667978276,0.46866086311184657,0.4686608347145046],"sim_r":null,"sim_rsigma":null,"solver":"BIB-SARSOP","env_full":"Frozen Lake (4)","final_lw":0.46658477508842694,"timeout":false,"runtime":0.19549894332885742,"final_ub":0.4686608347145046}