{"lbs":[0.019092138771904497,0.4078274067669113,0.593725505579555,0.6126232554453982,0.6126232554453982,0.6138703906013189,0.6138703906013189,0.6142282040950915,0.6271601484574281,0.6354000461203492,0.6381193767302101,0.6381193767302101,0.6381193767302101,0.6381193767302101,0.6389163164108543,0.6408228447222876,0.6412019119268999,0.641616620012062,0.644286329044626,0.644286329044626,0.644286329044626,0.644286329044626,0.644286329044626,0.6450090412893518,0.6450090412893518,0.6451865409048617,0.6451865409048617,0.6451865409048617,0.6451865409048617,0.6451865409048617,0.6451865409048617,0.6451865409048617,0.6467084046801258,0.6470820632450943,0.6473951081022459,0.6475292476149234,0.6475292476149234,0.6475736909576303,0.6475736909576303,0.6475736909576303,0.6475736909576303,0.6475736909576303,0.6475736909576303,0.6479170135957256,0.6479170135957256,0.6480106783484415,0.6480106783484415,0.6480340747277586,0.6480340747277586,0.6480469494412836,0.6480469494412836,0.6480469494412836,0.6481751516896095,0.6481751516896095,0.6482067215698478,0.6482329074551266,0.6482329074551266,0.6482329074551266,0.6487741522540156,0.6490447415716013,0.6490447415716013,0.649119122280298,0.6491373847485457,0.6491426535467034,0.6491590248841379,0.6491590248841379,0.6491590248841379,0.6491590248841379,0.6491590248841379,0.6491590248841379,0.6491590248841379,0.6491643269804652,0.6492697658127162,0.6492958665138341,0.6493296734525936,0.6493450602216755,0.6493450602216755,0.6493492872731295,0.6493503251281637,0.6493503251281637],"times":[0.8201220035552979,0.8521859645843506,0.8534038066864014,0.8540849685668945,0.8546469211578369,0.855461835861206,0.8562948703765869,0.856658935546875,0.8574869632720947,0.8581500053405762,0.8588509559631348,0.8595077991485596,0.8928098678588867,0.8939619064331055,0.8975708484649658,0.8986918926239014,0.9050757884979248,0.9058749675750732,0.9067738056182861,0.9109208583831787,0.9118149280548096,0.9191169738769531,0.9200048446655273,0.9210059642791748,0.9216089248657227,0.927344799041748,0.9373018741607666,0.9376928806304932,0.9390599727630615,0.9399569034576416,0.9490909576416016,0.9500608444213867,0.9511687755584717,0.9520759582519531,0.9602007865905762,0.9617979526519775,0.9628169536590576,0.9716978073120117,0.9738478660583496,0.9744288921356201,0.9763808250427246,0.9773190021514893,0.9889698028564453,0.9902448654174805,0.9938549995422363,1.00431489944458,1.005105972290039,1.005781888961792,1.006579875946045,1.008065938949585,1.0879969596862793,1.0902538299560547,1.0913119316101074,1.092947006225586,1.106813907623291,1.1081559658050537,1.1282339096069336,1.1292519569396973,1.132220983505249,1.1335859298706055,1.1342558860778809,1.1516118049621582,1.1527268886566162,1.1535258293151855,1.155411958694458,1.1570258140563965,1.1578428745269775,1.1586458683013916,1.1594829559326172,1.1793789863586426,1.180968999862671,1.280148983001709,1.283031940460205,1.284045934677124,1.2866928577423096,1.2886757850646973,1.2898359298706055,1.2909679412841797,1.2920119762420654,1.2930657863616943],"env":"FrozenLake4","ubs":[0.7014848151155401,0.7014848151155401,0.7001623596418849,0.6958307221223968,0.6945469238583277,0.6930923433431376,0.6898481709940192,0.684967387505167,0.684967387505167,0.6839906626877605,0.6839906626877605,0.6830923433431376,0.6800307121961379,0.6791192899801689,0.6767268397070937,0.6762278903388399,0.6742593728455785,0.6740648762305812,0.6737899902911844,0.673314608168508,0.6722409330093414,0.6720949800088246,0.6720199839653984,0.6717013407060602,0.6715620119899622,0.6696638774088238,0.6696638774088238,0.6685935450653805,0.6671895217182986,0.6671530735880391,0.666657384680772,0.666383868649492,0.6660939081753379,0.6659058213353137,0.6650960435832312,0.6650960435832312,0.6650960435832312,0.6647120564515357,0.6646476741638271,0.6646476741638271,0.6646476741638271,0.6644323844233796,0.664354406819052,0.6640344075668552,0.6628116619460637,0.6621284366375393,0.6619459933035055,0.6618746425080765,0.661322153453809,0.6608947208627212,0.6603682803781377,0.6602286041419527,0.6600502011214541,0.6591223640789589,0.6586643916422924,0.6585538159762772,0.6585508235046461,0.6582075958432072,0.6581216029027893,0.6581001678264864,0.6577018393132171,0.6574696700786049,0.6574481864700954,0.657142350072559,0.657142350072559,0.657142350072559,0.6570361877521902,0.6570361877521902,0.6570361877521902,0.6570361877521902,0.6570361877521902,0.6570282617306343,0.6569663318288647,0.6569569259590742,0.6568113925360219,0.6567265219844987,0.656454442214889,0.6563223589997069,0.6562443044719163,0.6557288534633516],"sim_r":null,"sim_rsigma":null,"solver":"SARSOP","env_full":"Frozen Lake (4)","final_lw":0.6493503251281637,"timeout":false,"runtime":1.2930657863616943,"final_ub":0.6557288534633516}