{"lbs":[-55.55555555555551,-25.80573970201478,-22.98864066909334,-15.079706919368103,-7.67754330129077,-4.157229513031068,-2.7722982729083,6.638772591260093,10.176842688028383,12.173791263977648,19.87643834393609,22.82213578700476,25.251041058730898,30.02451740499749,33.65802065894012,35.627400908180675,37.39686376022598,40.752387486250214,42.186309017521424,43.356929856199265,44.435985497638825,47.098154034785495,49.335968337348746,49.90579007666483,50.35194337535454,51.89760011110014,52.34014807491074,52.75440101372726,53.13742888644269,53.13742888644269,53.13742888644269,53.49213032131793,53.66086044871126,54.1162494498851,54.967537911070295,55.18255507136099,55.28483791907589,55.3644318068003,55.8957604072149,56.16872614240047,56.537818249974876,56.80023799864183,56.943716101167034,56.95898398245443,57.09196671583157,57.27416558403427,57.424974329950714,57.523474887026524,57.57129997877104,57.593060643695026,57.61403711527521,57.6240155432543,57.64056690167432,57.65841361988365,57.67254680258297,57.69437035337164,57.70215177473652,57.7091998442626,57.767894498720935,57.80137851958611,57.81145002287239,57.838158374975265,57.84597659932021,57.84680176659798,57.867680589772064,57.86875879230354,57.87470373980274,57.88574238012972,57.889301962420724,57.89552607289826,57.89725003830877,57.902023397571966,57.90469950501098,57.907150368378495,57.91025739717817,57.91335255214673],"times":[0.014354944229125977,0.014592885971069336,0.014870882034301758,0.015255928039550781,0.015730857849121094,0.016381025314331055,0.017138004302978516,0.017894983291625977,0.018787860870361328,0.019954919815063477,0.021031856536865234,0.022227048873901367,0.023553848266601562,0.024755001068115234,0.025861024856567383,0.027859926223754883,0.029654979705810547,0.031141996383666992,0.033247947692871094,0.036502838134765625,0.03921794891357422,0.041090965270996094,0.04287385940551758,0.044229984283447266,0.045755863189697266,0.047798871994018555,0.04905200004577637,0.05020904541015625,0.05138087272644043,0.05147504806518555,0.0515899658203125,0.05271100997924805,0.052934885025024414,0.05402398109436035,0.055969953536987305,0.05723094940185547,0.05748796463012695,0.05796098709106445,0.05971884727478027,0.06095004081726074,0.06306099891662598,0.06477499008178711,0.06594300270080566,0.06629395484924316,0.06754803657531738,0.06944489479064941,0.07123088836669922,0.0726630687713623,0.07381892204284668,0.07434701919555664,0.07467103004455566,0.07488584518432617,0.07523298263549805,0.07566499710083008,0.07600903511047363,0.07712101936340332,0.07735490798950195,0.07781696319580078,0.07978200912475586,0.08149003982543945,0.08229899406433105,0.08435893058776855,0.08507394790649414,0.08539700508117676,0.09887099266052246,0.09925985336303711,0.10012602806091309,0.10215592384338379,0.10274004936218262,0.10381102561950684,0.10425996780395508,0.10548901557922363,0.10654187202453613,0.10775184631347656,0.10964083671569824,0.12433004379272461],"env":"Tiger","ubs":[121.33432816675978,121.33432816675978,111.57602630282832,110.75410023479104,108.40939299349075,105.6529238693565,104.80833941943278,104.5773044238025,102.21153398535941,100.15715067788867,99.79028274902687,96.4861163609944,94.88181478981743,93.91489637028597,91.55418227810337,89.42118769917181,87.94910240844588,86.56518615799601,83.94028794767077,82.57934708396849,81.63019193228297,80.66689090472121,78.52239300951163,76.11384117667967,75.73373950421677,75.32487867952415,73.32662001163109,72.79740899610925,72.10650776668635,71.93348088548105,71.93348088548105,71.60375615471139,71.12880865234015,70.91792689371195,70.21085478964996,68.87620826216809,68.43566847626393,68.31310661955513,68.17792200888087,67.07635301797634,66.38203796445983,65.42886332311488,64.42794524035958,64.07278792923704,64.01568446501554,63.683048278069734,62.810304851430175,62.305782552453536,61.83918044784539,61.59258725023122,61.51881828591489,61.45324566793728,61.33887798689503,61.22133988838998,61.14919473238527,61.05348193085257,60.913464098459485,60.860438719455665,60.81615964533092,60.41257743024239,60.1102788477589,60.005502631756904,59.708618690685825,59.59257197688196,59.573684106757824,59.26050749297318,59.26050749297318,59.16968639541423,59.00198019709795,58.940344654201795,58.829674075127734,58.804209319957366,58.68805715960103,58.628067661835324,58.56193868001145,58.47458198394817],"sim_r":null,"sim_rsigma":null,"solver":"EBIB-SARSOP","env_full":"Tiger","final_lw":57.91335255214673,"timeout":false,"runtime":0.12433004379272461,"final_ub":58.47458198394817}