{"lbs":[0.011201408010832282,0.27947914960001513,0.3872783523406962,0.40704119596114047,0.4390346095837725,0.4456659674515842,0.44751171616037955,0.45062971928794393],"times":[0.1820669174194336,0.18235301971435547,0.18253493309020996,0.18270206451416016,0.18332695960998535,0.18630194664001465,0.18658995628356934,0.18706798553466797],"env":"FrozenLake4","ubs":[0.4525872512197458,0.4525872512197458,0.45258581700286565,0.45258526969409246,0.4525852188329071,0.45258499711095274,0.45258470591344535,0.45258467885257747],"sim_r":null,"sim_rsigma":null,"solver":"BIB-SARSOP","env_full":"Frozen Lake (4)","final_lw":0.45062971928794393,"timeout":false,"runtime":0.18706798553466797,"final_ub":0.45258467885257747}