{"lbs":[0.01131059198439277,0.2813240738384274,0.39060673755259573,0.41100241336711474,0.4439520086039289,0.45081507017055356,0.4527174286366299,0.4558952251733689],"times":[0.18389606475830078,0.18418502807617188,0.18437695503234863,0.18462204933166504,0.18523311614990234,0.18829703330993652,0.18864202499389648,0.18914103507995605],"env":"FrozenLake4","ubs":[0.45788849712253704,0.45788849712253704,0.4578870232727736,0.4578864663916582,0.4578864145334965,0.4578861942275375,0.4578858988557913,0.45788587135003583],"sim_r":null,"sim_rsigma":null,"solver":"BIB-SARSOP","env_full":"Frozen Lake (4)","final_lw":0.4558952251733689,"timeout":false,"runtime":0.18914103507995605,"final_ub":0.45788587135003583}