{"lbs":[-28.571428571428545,-12.881552877290854,-10.203737430860972,-1.7939993248237913,4.888941091889707,7.070156314502505,7.827782737046876,10.147312310088697,13.181500223561361,14.72078283861714,16.36490402154236,19.18012234799839,20.72606608831704,21.845369438778956,22.910762267659212,23.61297141217569,24.413006816515296,25.07319907364873,25.5083372006674,26.171287224481375,26.528199230789216,26.862207922549217,27.0823557885231,27.19885930079009,27.35962518576637,27.66594286826397,27.77996025149957,27.88457393734125,27.914282472827544,27.97104408611517,28.053777052468433,28.141050578712136,28.238546446136965,28.330132793912284,28.40567904616939,28.437585605063816,28.473547222705122,28.49739810892212,28.516752815722214,28.54251442205586,28.555436725556113,28.560146725487417,28.590881321239394,28.595750943051936,28.60869987146178,28.621688850171466,28.627257615539705,28.628618822141554,28.63176136799344,28.637500996144503,28.638757642281185,28.641004118278445,28.647825174855374,28.650095515877343,28.654157658672098,28.65509252660579,28.657469702350724,28.658105787123965,28.66087136715646,28.6625202164186,28.664203806412743,28.66476957916849,28.66589511212747,28.666341453045803,28.666975952561316,28.66742908480753],"times":[0.008325815200805664,0.008442878723144531,0.00853586196899414,0.008646011352539062,0.009613037109375,0.009930849075317383,0.010293960571289062,0.0106658935546875,0.010983943939208984,0.01134800910949707,0.011674880981445312,0.012030839920043945,0.012346029281616211,0.012703895568847656,0.013113021850585938,0.013444900512695312,0.013887882232666016,0.014356851577758789,0.014705896377563477,0.015146970748901367,0.015552997589111328,0.01600790023803711,0.016448020935058594,0.016656875610351562,0.01712799072265625,0.01763296127319336,0.017944812774658203,0.018280029296875,0.01849985122680664,0.018724918365478516,0.01905083656311035,0.01933884620666504,0.019613981246948242,0.019963979721069336,0.020313024520874023,0.020480871200561523,0.020889997482299805,0.021220922470092773,0.021402835845947266,0.021736860275268555,0.02190685272216797,0.0221099853515625,0.022680044174194336,0.022868871688842773,0.023149967193603516,0.023619890213012695,0.023784875869750977,0.02392888069152832,0.02405691146850586,0.024389982223510742,0.02447795867919922,0.024580955505371094,0.024986982345581055,0.025131940841674805,0.02550482749938965,0.02562093734741211,0.025851011276245117,0.02606487274169922,0.026437044143676758,0.0266878604888916,0.027187824249267578,0.027369022369384766,0.027952909469604492,0.028141021728515625,0.03014397621154785,0.032446861267089844],"env":"Tiger","ubs":[74.00840528788832,74.00840528788832,66.64150237905795,65.57877843514933,61.595262907661734,56.565105723965345,56.324240972284386,56.18407608575651,55.93081310984451,53.454560606256166,52.941271155607026,52.31747649922619,49.12273023783839,47.68362704978216,46.21678784225317,44.73444406306395,44.218488705542086,42.85650743916561,41.63574806992901,41.0295516671379,39.84270963598125,38.89340031429476,38.01706243101975,37.64724506939711,37.50509706391428,37.26869297332019,36.14897648906674,35.80534470517351,35.35390778711404,35.17594316693311,35.0541756194649,34.63324065943945,34.18268343443532,33.76657753801862,33.29158571216044,32.75122126783966,32.4995642316659,32.195398489080645,32.00586356454923,31.758632514288166,31.523839598913618,31.39723009999175,31.303137240236257,30.918562716005077,30.857448551269137,30.683792440341133,30.43183615216951,30.358629313814205,30.303153429123917,30.269892505681305,30.137157946644287,30.106619091902246,30.094799906287335,29.895731608822615,29.825124915544208,29.648236063916045,29.633191908054645,29.523701142933213,29.46687287817906,29.35214542977224,29.26425882388491,29.148308567597823,29.12396736326306,29.02968613044922,29.005182512558843,28.938453824569244],"sim_r":null,"sim_rsigma":null,"solver":"BIB-SARSOP","env_full":"Tiger","final_lw":28.66742908480753,"timeout":false,"runtime":0.032446861267089844,"final_ub":28.938453824569244}