{"lbs":[9.52857108736,18.533466128791595,19.523038302624037,22.698465846760506,22.698465846760506,22.698465846760506,22.698465846760506,22.698465846760506,22.698465846760506,22.698465846760506,22.698465846760506,22.698465846760506,22.698465846760506,22.698465846760506,22.698465846760506,22.698465846760506,22.698465846760506,22.698465846760506,22.698465846760506,22.698465846760506,22.698465846760506,22.698465846760506,22.698465846760506,22.698465846760506,22.698465846760506,22.698465846760506,22.698465846760506,22.698465846760506,22.698465846760506,22.698465846760506,22.698465846760506,22.698465846760506,22.698465846760506,22.698465846760506],"times":[2.3811490535736084,2.4135870933532715,2.41394305229187,2.4142260551452637,2.414534091949463,2.4148402214050293,2.415048122406006,2.4152610301971436,2.415532112121582,2.4157421588897705,2.415969133377075,2.4161951541900635,2.416297197341919,2.416560173034668,2.4166641235351562,2.416936159133911,2.4170451164245605,2.4173901081085205,2.417694091796875,2.417976140975952,2.4184420108795166,2.4188060760498047,2.419232130050659,2.419525146484375,2.4199421405792236,2.420194149017334,2.4204490184783936,2.4207921028137207,2.4212541580200195,2.4215550422668457,2.421804189682007,2.4223132133483887,2.4228482246398926,2.4233851432800293],"env":"RockSample5","ubs":[23.185924664556083,23.185924664556083,23.185924664556083,23.185924664556083,23.185924664556083,23.185924664556083,23.171803322204617,23.157851435961366,23.156827546279786,23.143899549718114,23.130115086109782,23.130115086109782,23.129303989608403,23.122057210617257,23.11501113297737,23.040090767533446,23.00173635020542,22.97342713366957,22.96490528370423,22.956702076249734,22.946705015463674,22.942840714597835,22.942840714597835,22.942840714597835,22.94095265622294,22.938693139813076,22.938693139813076,22.938693139813076,22.933629160220008,22.92823656302341,22.92823656302341,22.92823656302341,22.92563372617736,22.923062123373462],"sim_r":null,"sim_rsigma":null,"solver":"SARSOP","env_full":"RockSample ()","final_lw":22.698465846760506,"timeout":false,"runtime":2.4233851432800293,"final_ub":22.923062123373462}