{"lbs":[0.010986028947555997,0.31427829064141294,0.3870215904174208,0.39998652951820207,0.407543290642207,0.42209011298572807,0.4234363399314159,0.4236073441806516,0.42362746543707147,0.4297873582198841,0.43035742180153386,0.4314088036097255,0.4338932102326547,0.4341231281529297,0.4363022712115066,0.4365039386983768,0.4365039386983768,0.43666956373335764,0.4369194052945593,0.4369437853815999,0.4372005752944279,0.43761654479679174,0.43933441148319713,0.43993704228095765,0.4410081997971592,0.44141768420870936],"times":[0.14423298835754395,0.17578911781311035,0.1760270595550537,0.17624807357788086,0.17643094062805176,0.1768050193786621,0.17696094512939453,0.17707395553588867,0.17722296714782715,0.1774740219116211,0.17759013175964355,0.17803502082824707,0.1788160800933838,0.17891716957092285,0.17935609817504883,0.17946505546569824,0.17951512336730957,0.1799170970916748,0.18011903762817383,0.18059802055358887,0.18081212043762207,0.18137502670288086,0.18166494369506836,0.18223309516906738,0.18247604370117188,0.18320298194885254],"env":"FrozenLake4","ubs":[0.4914253029861041,0.4914253029861041,0.4774628528377148,0.4772863180832809,0.46313114147263224,0.46313114147263224,0.4622405881172319,0.45990818952141393,0.4586666471413642,0.45802711785836886,0.4547876884944699,0.453673950206939,0.45358399327787147,0.45357566826784507,0.4535748804470262,0.45053761674684517,0.45046129477055186,0.4503387510913863,0.45006482442988094,0.4474337066335957,0.4471617641335835,0.4467507994065314,0.44623673504822436,0.44586125488013506,0.44582650629326737,0.4457374420818098],"sim_r":null,"sim_rsigma":null,"solver":"SARSOP","env_full":"Frozen Lake (4)","final_lw":0.44141768420870936,"timeout":false,"runtime":0.18320298194885254,"final_ub":0.4457374420818098}