{"lbs":[0.013076777258809071,0.29261380114388147,0.41654239382904823,0.44041428914058484,0.46937097847640874,0.47616135061471215,0.4833355420275196,0.48703605391555344],"times":[0.2193279266357422,0.21961283683776855,0.21978282928466797,0.22058677673339844,0.22073078155517578,0.22333693504333496,0.22358989715576172,0.22393393516540527],"env":"FrozenLake4","ubs":[0.4909209478289322,0.4909209478289322,0.49091919393826416,0.49091856766885633,0.4909185086216089,0.49091830210704196,0.49091797812307236,0.4909175480347034],"sim_r":null,"sim_rsigma":null,"solver":"BIB-SARSOP","env_full":"Frozen Lake (4)","final_lw":0.48703605391555344,"timeout":false,"runtime":0.22393393516540527,"final_ub":0.4909175480347034}