{"lbs":[0.0162512265038291,0.37016193657359153,0.5068503381728674,0.5366538493726519,0.554567738876927,0.5623441211346827,0.5679769225554241,0.5718946954902635],"times":[0.36286187171936035,0.36321401596069336,0.3638930320739746,0.3673250675201416,0.3676638603210449,0.3702399730682373,0.37062597274780273,0.3711118698120117],"env":"FrozenLake4","ubs":[0.5787449682953951,0.5787449682953951,0.5787449682953951,0.5777075160685742,0.5776068592687309,0.57759691917739,0.5772969390222068,0.5769260880711022],"sim_r":null,"sim_rsigma":null,"solver":"BIB-SARSOP","env_full":"Frozen Lake (4)","final_lw":0.5718946954902635,"timeout":false,"runtime":0.3711118698120117,"final_ub":0.5769260880711022}