{"lbs":[-28.571428571428545,-10.237241969687378,-7.812408299418644,-5.461914693552503,3.062223894046059,5.838610679757828,9.341929737062756,11.186477278626416,13.753878166920112,16.195531066449398,18.03252947102422,19.32110208694393,21.391837002975876,22.447779448048816,23.21638853633164,24.374965593900477,25.07751714313096,25.61386625599917,26.06745636992388,26.472509627857054,26.81740324595016,27.08418484562528,27.452978849990686,27.62432333629422,27.745735790615967,27.815199346112188,27.846699099520123,28.086852096333814,28.12186961263182,28.17998671306748,28.206341170731356,28.326505062176494,28.384903130546167,28.4432274749001,28.48062438830769,28.52693185414816,28.53776232995005,28.56960705062764,28.59062392209856,28.59318435812861,28.60732803602005,28.611068059173668,28.615204048555448,28.63243447557649,28.638631358366936,28.64638383639936,28.652051452458416,28.656392236300682,28.658144882546715,28.65925570308794,28.66143608132754],"times":[0.010089874267578125,0.01046895980834961,0.010603904724121094,0.010777950286865234,0.011015892028808594,0.011208057403564453,0.011461973190307617,0.011658906936645508,0.011883974075317383,0.01212000846862793,0.012363910675048828,0.012567996978759766,0.012830972671508789,0.013077974319458008,0.013278961181640625,0.013594865798950195,0.013896942138671875,0.014181852340698242,0.014519929885864258,0.014840841293334961,0.015195846557617188,0.015533924102783203,0.015895843505859375,0.01609492301940918,0.01623392105102539,0.016368865966796875,0.016515016555786133,0.016900062561035156,0.017001867294311523,0.01720404624938965,0.01730489730834961,0.01770186424255371,0.017938852310180664,0.01818990707397461,0.018450021743774414,0.020585060119628906,0.020715951919555664,0.021118879318237305,0.021538972854614258,0.021647930145263672,0.021960020065307617,0.0220489501953125,0.022151947021484375,0.024940013885498047,0.02789306640625,0.031180858612060547,0.03156900405883789,0.033091068267822266,0.03339099884033203,0.03358101844787598,0.03401589393615723],"env":"Tiger","ubs":[61.7352121653574,61.7352121653574,53.225943857810805,53.109256480726756,53.09540204987931,50.6002560584623,49.322529066997845,47.05002198485465,46.618740996305334,44.95362725594205,43.62013855408124,42.27542111748144,41.64738351039246,40.327357086464374,39.436591736744084,38.919507553959996,37.627355879846746,36.49193522240887,35.84706782194306,35.189574352591976,34.552201404969544,33.90831891672481,33.526304477207646,32.93315321622829,32.52295646296433,32.371055109828006,32.32433241741492,32.25942767595056,31.73078072344068,31.622567523577658,31.483505495312468,31.477845818333243,31.131504305647816,30.790206523542928,30.513277455464824,30.283298949067046,29.952066296797845,29.952066296797845,29.784998806047906,29.649780285255186,29.618254035739145,29.53781238985852,29.506669640185134,29.49895088506991,29.29415829486689,29.21042738149323,29.10542435832967,29.047457602479582,28.972656920125978,28.952384599749394,28.936713614758112],"sim_r":null,"sim_rsigma":null,"solver":"EBIB-SARSOP","env_full":"Tiger","final_lw":28.66143608132754,"timeout":false,"runtime":0.03401589393615723,"final_ub":28.936713614758112}