{"lbs":[-19.999999999999982,-10.77798724525706,-7.964090794870497,-2.3801147957169526,0.8750254055571952,3.875001037597943,6.493587538494678,8.696777308670935,10.288639595753715,11.779996345025335,13.056839886144147,13.448780834121548,14.173769132049966,15.014506352427624,15.675270374782347,15.962333316120404,15.962333316120404,15.962333316120404,16.42461689655204,16.837414609466,16.99032565062901,17.342863956006365,17.562451843976124,17.861230264316262,18.115627860682935,18.16975747212914,18.319217774250767,18.368725995308377,18.478682186194554,18.547960054817302,18.625826667662288,18.816053899504666,18.863836231061576,18.90962429322019,18.9942522165638,19.023513191552638,19.05641114555717,19.083415528943046,19.109439556557376,19.13247726914644,19.15379169755579,19.206721451480675,19.221345327843103,19.227698538399878,19.24377616322922,19.250760941632855,19.263540288464817,19.289171562400206,19.296576577264716,19.303166095934905,19.3092458942036,19.320690968762023,19.325029831236364,19.334101009424955,19.340502170279073,19.34282962318236,19.343840764003655,19.347010851762576,19.348388067660522,19.35438666917367,19.355844854260585,19.359638184826288,19.36263497645828,19.363011890031046,19.365093215725857,19.3664750208131,19.367195615356348,19.36787874400434,19.368175523054607,19.368304456023438,19.368650177560646,19.369503571035604,19.369650083681996,19.36997229084008,19.370208074918764,19.370404712909846,19.370490140503037,19.370621416461667,19.370744133134096,19.370797446280314,19.370849143956022,19.370914584585925,19.371018019123824,19.371027390400887,19.371089754450267,19.371138057163872,19.371172258997383,19.371202689493785,19.37121590974717,19.371230157271675,19.37125096916926,19.371277009715264,19.371290477882816],"times":[0.0034780502319335938,0.03027510643005371,0.030363082885742188,0.030425071716308594,0.03052806854248047,0.03061199188232422,0.030718088150024414,0.03083515167236328,0.030953168869018555,0.03104710578918457,0.031150102615356445,0.031239986419677734,0.031519174575805664,0.03171515464782715,0.03184103965759277,0.03195309638977051,0.03197216987609863,0.03199601173400879,0.032150983810424805,0.03235602378845215,0.03246903419494629,0.03262901306152344,0.03272700309753418,0.032926082611083984,0.03310418128967285,0.03320598602294922,0.03337597846984863,0.0335240364074707,0.03362703323364258,0.033805131912231445,0.033905982971191406,0.03409099578857422,0.03420114517211914,0.03437018394470215,0.034536123275756836,0.034696102142333984,0.0348050594329834,0.03496718406677246,0.03505396842956543,0.03519415855407715,0.035273075103759766,0.03542613983154297,0.03550314903259277,0.03554797172546387,0.03568100929260254,0.03578901290893555,0.03584098815917969,0.03598213195800781,0.03606104850769043,0.036161184310913086,0.03622102737426758,0.0363919734954834,0.03647303581237793,0.036692142486572266,0.03682303428649902,0.03689908981323242,0.03696703910827637,0.037069082260131836,0.037154197692871094,0.03732705116271973,0.03740215301513672,0.037557125091552734,0.03769207000732422,0.03776812553405762,0.03793907165527344,0.038050174713134766,0.03854203224182129,0.03864097595214844,0.03869915008544922,0.03876900672912598,0.038886070251464844,0.04009103775024414,0.04019308090209961,0.04040718078613281,0.040580034255981445,0.0407710075378418,0.04094099998474121,0.04115104675292969,0.04134011268615723,0.04147505760192871,0.04159402847290039,0.04184103012084961,0.04333996772766113,0.04346013069152832,0.04363298416137695,0.0437769889831543,0.043905019760131836,0.044030189514160156,0.044090986251831055,0.04423213005065918,0.04436206817626953,0.044497013092041016,0.04458308219909668],"env":"Tiger","ubs":[87.18911139620737,87.18911139620737,77.86590987364963,75.04207740720918,69.18461791439594,65.26778373461866,63.75851272846624,60.615398471013975,58.22486484614291,55.03195554555478,53.3569406756167,49.7234247174144,47.66345500238074,47.267304592503976,45.1254837903491,43.38883620339301,43.189111396207366,43.189111396207366,42.10205287870879,41.074929805443354,40.03179035024626,39.810818599017026,38.83828505827728,38.39345203651732,37.2528987179614,36.163665164901474,35.602819846920575,35.182697774735516,34.59870076196493,34.09365122038287,33.90113618841846,33.50493723493848,31.807949511316377,31.19632626032903,30.894362201384602,29.648685339419522,29.06426830015575,28.69221015058572,28.34736319935616,28.001440212950047,27.73062462136349,27.497103079602283,26.421581419838752,26.3415887766102,26.04925574255835,25.89733263149082,25.680139323064843,25.397088192699222,24.622247613762376,24.498485294157884,24.377216938037364,24.334780389056043,23.813347323190726,23.581286291614013,23.086983094491952,22.673637156099474,22.554552911405434,22.394381032419147,22.258833393921904,22.22058104430412,21.792425579949388,21.706234738068872,21.461662930279893,21.086603735396274,21.067658867446404,20.90041455396599,20.69911690081554,20.587564526204517,20.516137080951978,20.512044118145106,20.432223914719685,20.378722338831537,20.13108137494029,20.13108137494029,20.023018409647356,19.98280525287229,19.92871348805469,19.907070957999245,19.870520277704458,19.83278659336825,19.82615892546805,19.809381049397537,19.772774602902587,19.687557672180553,19.687557672180553,19.675349277061734,19.648236114502772,19.622598495061844,19.60266559220515,19.59579641593903,19.58654506290417,19.57133414311903,19.545190935774094],"sim_r":null,"sim_rsigma":null,"solver":"SARSOP","env_full":"Tiger","final_lw":19.371290477882816,"timeout":false,"runtime":0.04458308219909668,"final_ub":19.545190935774094}