{"lbs":[9.186091504809996,17.513091716805693,18.436840849278695,21.130900692937388,21.130900692937388,21.130900692937388,21.130900692937388,21.130900692937388,21.130900692937388,21.130900692937388,21.130900692937388,21.130900692937388,21.130900692937388,21.130900692937388,21.130900692937388,21.130900692937388,21.130900692937388,21.130900692937388,21.130900692937388,21.130900692937388,21.130900692937388,21.130900692937388,21.130900692937388,21.130900692937388,21.130900692937388,21.130900692937388,21.130900692937388,21.130900692937388,21.130900692937388,21.130900692937388,21.130900692937388,21.130900692937388,21.130900692937388,21.130900692937388,21.130900692937388,21.130900692937388,21.130900692937388,21.130900692937388,21.130900692937388,21.130900692937388,21.130900692937388,21.130900692937388,21.130900692937388,21.130900692937388,21.130900692937388,21.130900692937388,21.130900692937388,21.130900692937388,21.130900692937388,21.130900692937388,21.130900692937388,21.130900692937388,21.130900692937388,21.130900692937388,21.130900692937388,21.130900692937388,21.130900692937388,21.130900692937388,21.130900692937388,21.130900692937388,21.130900692937388,21.130900692937388,21.130900692937388,21.130900692937388,21.130900692937388,21.130900692937388,21.130900692937388,21.130900692937388,21.130900692937388,21.130900692937388,21.130900692937388,21.130900692937388,21.130900692937388,21.130900692937388,21.130900692937388,21.130900692937388,21.130900692937388,21.130900692937388,21.130900692937388,21.130900692937388,21.130900692937388,21.130900692937388,21.130900692937388,21.130900692937388,21.130900692937388,21.130900692937388,21.130900692937388,21.130900692937388,21.130900692937388,21.130900692937388,21.130900692937388,21.130900692937388,21.130900692937388,21.130900692937388,21.130900692937388,21.130900692937388,21.130900692937388,21.130900692937388,21.130900692937388,21.130900692937388,21.130900692937388,21.130900692937388,21.130900692937388,21.130900692937388,21.130900692937388],"times":[1.4170589447021484,1.4173429012298584,1.4176321029663086,1.4179201126098633,1.4181020259857178,1.4183669090270996,1.418652057647705,1.4188969135284424,1.4191079139709473,1.419306993484497,1.4195759296417236,1.419847011566162,1.4199450016021729,1.4200921058654785,1.420396089553833,1.420504093170166,1.4208500385284424,1.4212501049041748,1.4216489791870117,1.4219529628753662,1.42221999168396,1.4224040508270264,1.4226720333099365,1.4231629371643066,1.4233450889587402,1.4236359596252441,1.4237799644470215,1.4242920875549316,1.424691915512085,1.4250590801239014,1.4253740310668945,1.4258079528808594,1.4262900352478027,1.4267830848693848,1.4272959232330322,1.4275269508361816,1.4279680252075195,1.4285681247711182,1.4287769794464111,1.4291129112243652,1.4298300743103027,1.430150032043457,1.4306049346923828,1.4308559894561768,1.431373119354248,1.4315519332885742,1.43212890625,1.4323339462280273,1.432703971862793,1.4329020977020264,1.4332029819488525,1.4333369731903076,1.4337060451507568,1.4338970184326172,1.4341881275177002,1.434278964996338,1.4348280429840088,1.4349939823150635,1.435286045074463,1.435492992401123,1.43597412109375,1.4364221096038818,1.436816930770874,1.4370689392089844,1.4374220371246338,1.4378371238708496,1.4380390644073486,1.438513994216919,1.438749074935913,1.4389729499816895,1.439073085784912,1.4392600059509277,1.4395160675048828,1.439647912979126,1.4402780532836914,1.4405169486999512,1.4407789707183838,1.4418609142303467,1.442007064819336,1.4428040981292725,1.4430150985717773,1.443166971206665,1.4435789585113525,1.4438939094543457,1.4446070194244385,1.444890022277832,1.4452590942382812,1.44547700881958,1.445915937423706,1.4461259841918945,1.4465670585632324,1.4471819400787354,1.4475040435791016,1.448199987411499,1.4485139846801758,1.4492850303649902,1.4494199752807617,1.4495890140533447,1.4500529766082764,1.4503021240234375,1.4508531093597412,1.451064109802246,1.4512290954589844,1.4515960216522217,1.4517560005187988],"env":"RockSample5","ubs":[21.920534373306833,21.920534373306833,21.92053437330683,21.92053437330683,21.896927266400905,21.87755117540612,21.873815908740006,21.873815908740006,21.873815908740006,21.873815908740006,21.857588935218473,21.850704551079108,21.825408689607784,21.801295199407658,21.69413190208487,21.616178718073428,21.567641569118578,21.560599099013807,21.560599099013807,21.560599099013807,21.550292116346665,21.5365397038603,21.535986292274863,21.535420858657382,21.535420858657382,21.535420858657382,21.535420858657382,21.535420858657382,21.535420858657382,21.535420858657382,21.535420858657382,21.53494816328296,21.53261665176673,21.527490356950114,21.522061725567017,21.516747095442966,21.516235935208563,21.515924431736224,21.515924431736224,21.515320499792026,21.51531945025168,21.514893967246348,21.514348854125565,21.512483093032593,21.506433733403277,21.506433733403277,21.499406148938554,21.490040769986386,21.490040769986386,21.48868695228819,21.48862507358907,21.488413252656034,21.488413252656034,21.484052612328778,21.476821888715868,21.47677288511811,21.47676960511322,21.474992044427673,21.474992044427673,21.47499204442767,21.47499204442767,21.47499204442767,21.47499204442767,21.47499204442767,21.47499204442767,21.47499204442767,21.47499204442767,21.47499204442767,21.47499204442767,21.46020315146739,21.46020315146739,21.45466255241648,21.4433271354297,21.442322451811847,21.432251818068423,21.432251818068423,21.43143727135614,21.42249884434023,21.4207880119503,21.41623959882203,21.415184709452213,21.3952385537831,21.392036033576307,21.385731296543028,21.385731296543028,21.385731296543028,21.385597229185123,21.381671235727712,21.377696436189517,21.37338773483004,21.369169516199115,21.369169516199115,21.369169516199115,21.36749882933467,21.36749882933467,21.362465242500384,21.352699904264732,21.352623121836345,21.34956528892011,21.34956528892011,21.34956528892011,21.34956528892011,21.34557114524648,21.34252901894454,21.341918251521527],"sim_r":null,"sim_rsigma":null,"solver":"EBIB-SARSOP","env_full":"RockSample ()","final_lw":21.130900692937388,"timeout":false,"runtime":1.4517560005187988,"final_ub":21.341918251521527}