{"lbs":[0.009368632934478774,0.26508841514267184,0.35206563516121975,0.35842185479865285,0.3696668197406216,0.39369018760604046,0.3983942678549812,0.4048583499826317,0.4074461767409378,0.4087775164857456],"times":[0.1341090202331543,0.1343839168548584,0.1345689296722412,0.13469886779785156,0.13488388061523438,0.13560104370117188,0.13725590705871582,0.13768506050109863,0.13802790641784668,0.13847994804382324],"env":"FrozenLake4","ubs":[0.41217397647760495,0.41217397647760495,0.41217397647760495,0.41217397647760495,0.4121714561219731,0.4121706199340448,0.41217045760362886,0.4121704427676678,0.41217044141175585,0.4121698682913557],"sim_r":null,"sim_rsigma":null,"solver":"BIB-SARSOP","env_full":"Frozen Lake (4)","final_lw":0.4087775164857456,"timeout":false,"runtime":0.13847994804382324,"final_ub":0.4121698682913557}