{"lbs":[9.762151372959998,19.251076414316866,20.271096802562028,23.592489036951374,23.592489036951374,23.592489036951374,23.685554659928165,23.685554659928165,23.685554659928165,23.685554659928165,23.685554659928165,23.685554659928165,23.685554659928165,23.685554659928165,23.685554659928165,23.685554659928165,23.685554659928165,23.685554659928165,23.685554659928165,23.685554659928165,23.751815525994893],"times":[4.648766040802002,4.678880929946899,4.679168939590454,4.679485082626343,4.679755926132202,4.679991960525513,4.680444955825806,4.680751085281372,4.681139945983887,4.681260108947754,4.681723117828369,4.682208061218262,4.682739019393921,4.68287205696106,4.682995080947876,4.683763027191162,4.684454917907715,4.684812068939209,4.685306072235107,4.685956954956055,4.686618089675903],"env":"RockSample5","ubs":[24.07423080642659,24.07423080642659,24.07423080642659,24.074230806426588,24.074230806426588,24.074230806426588,24.066396395000027,24.059719104832595,24.056475499594903,24.04926094348088,24.04529447344817,24.04529447344817,24.04529447344817,24.04510271015801,24.03778109662829,24.00792584287681,23.979225884756712,23.973558144701872,23.96512462423185,23.959477622710665,23.958878276539938],"sim_r":null,"sim_rsigma":null,"solver":"SARSOP","env_full":"RockSample ()","final_lw":23.751815525994893,"timeout":false,"runtime":4.686618089675903,"final_ub":23.958878276539938}