{"lbs":[9.41336550625,18.186018494196034,19.102056074472152,20.004353091044123,21.091078057024372,22.16150214851492,22.16150214851492,22.16150214851492,22.16150214851492,22.16150214851492,22.16150214851492,22.16150214851492,22.16150214851492,22.16150214851492,22.16150214851492,22.16150214851492,22.16150214851492,22.16150214851492,22.16150214851492,22.16150214851492,22.16150214851492,22.16150214851492,22.16150214851492,22.16150214851492,22.16150214851492,22.16150214851492,22.16150214851492,22.16150214851492,22.16150214851492,22.16150214851492,22.16150214851492,22.16150214851492,22.16150214851492,22.16150214851492,22.16150214851492,22.16150214851492,22.16150214851492,22.16150214851492,22.16150214851492,22.16150214851492,22.16150214851492,22.16150214851492,22.16150214851492,22.16150214851492,22.16150214851492,22.16150214851492,22.16150214851492,22.16150214851492,22.16150214851492,22.16150214851492,22.16150214851492,22.16150214851492,22.16150214851492,22.16150214851492,22.16150214851492,22.16150214851492,22.16150214851492,22.16150214851492,22.16150214851492,22.16150214851492,22.16150214851492,22.16150214851492,22.16150214851492,22.16150214851492,22.16150214851492,22.16150214851492,22.16150214851492,22.16150214851492],"times":[1.8889269828796387,1.9212009906768799,1.9216020107269287,1.9217321872711182,1.9220190048217773,1.9220921993255615,1.922356128692627,1.922598123550415,1.9228050708770752,1.923039197921753,1.9233121871948242,1.923492193222046,1.9236750602722168,1.9239821434020996,1.924086093902588,1.924241065979004,1.9246330261230469,1.9247469902038574,1.9251000881195068,1.9255211353302002,1.925840139389038,1.9260280132293701,1.9263701438903809,1.9267940521240234,1.9271070957183838,1.9275460243225098,1.9279060363769531,1.9282112121582031,1.9287781715393066,1.928969144821167,1.929535150527954,1.9299051761627197,1.9301199913024902,1.9304511547088623,1.9308481216430664,1.9310321807861328,1.9313571453094482,1.9315521717071533,1.9318110942840576,1.93196702003479,1.9322841167449951,1.9326272010803223,1.9330880641937256,1.9332530498504639,1.9336822032928467,1.9341120719909668,1.9342939853668213,1.9347259998321533,1.9350500106811523,1.93522310256958,1.9355251789093018,1.9358861446380615,1.9362411499023438,1.9364631175994873,1.9368231296539307,1.9370059967041016,1.9376881122589111,1.9379501342773438,1.938486099243164,1.938723087310791,1.9391400814056396,1.9392640590667725,1.9397430419921875,1.940418004989624,1.9407081604003906,1.9411890506744385,1.9416520595550537,1.9418001174926758],"env":"RockSample5","ubs":[22.755362661780783,22.755362661780783,22.755362661780783,22.755362661780783,22.755362661780783,22.75536266178078,22.752830081766064,22.736720631296187,22.720852822583357,22.71959610151812,22.703728292805295,22.686860630973896,22.686860630973896,22.686860630973896,22.685560587261897,22.66791052693768,22.586514867579563,22.530851390207204,22.496975476130366,22.486644857807292,22.486644857807292,22.486534915272635,22.48651466924745,22.47666407274734,22.465819008126864,22.459247467454897,22.45277449989301,22.44698627350192,22.441284870506703,22.441284870506703,22.441284870506703,22.440764704390816,22.440764704390816,22.440764704390816,22.439791677024285,22.438444829999284,22.435531178279724,22.435232971074626,22.435232971074626,22.43493053310968,22.434467175833113,22.43036020604017,22.42515232974175,22.42515232974175,22.422774693352604,22.420432721509293,22.420432721509293,22.420432721509293,22.420432721509293,22.420432721509293,22.420432721509293,22.420432721509293,22.420432721509293,22.4197829860412,22.417579640366206,22.414342008213634,22.410626982269058,22.40654674469542,22.40654674469542,22.406176802484275,22.40315580809613,22.401009444095656,22.39692013982779,22.395935641930294,22.386424171976877,22.386424171976877,22.38494907942514,22.38133902829604],"sim_r":null,"sim_rsigma":null,"solver":"SARSOP","env_full":"RockSample ()","final_lw":22.16150214851492,"timeout":false,"runtime":1.9418001174926758,"final_ub":22.38133902829604}