{"lbs":[0.016592505399496117,0.37598094434750523,0.5181210216554993,0.5584318946931821,0.5744452109011359,0.5805550005606432,0.5831440854182242,0.5882860876697391],"times":[0.4943380355834961,0.4946939945220947,0.4955151081085205,0.49994802474975586,0.5001969337463379,0.5006821155548096,0.501291036605835,0.5038740634918213],"env":"FrozenLake4","ubs":[0.5925827848885371,0.5925827848885371,0.5925827848885371,0.5925821656387902,0.5925821053106264,0.5925804175961649,0.5914636982349041,0.5911759345396103],"sim_r":null,"sim_rsigma":null,"solver":"EBIB-SARSOP","env_full":"Frozen Lake (4)","final_lw":0.5882860876697391,"timeout":false,"runtime":0.5038740634918213,"final_ub":0.5911759345396103}