{"lbs":[0.01575207734665665,0.31432000988841,0.46694020551420373,0.4993675832113495,0.5314659447879543,0.5401997349201187,0.5481485564191189,0.5525169391484394],"times":[0.2965059280395508,0.2968111038208008,0.2969930171966553,0.29868292808532715,0.2988760471343994,0.3045690059661865,0.305203914642334,0.30574512481689453],"env":"FrozenLake4","ubs":[0.5574402643658303,0.5574402643658303,0.5574399180221812,0.557439876220895,0.5574398721898967,0.5574396946908567,0.5574396715809626,0.5574177700694934],"sim_r":null,"sim_rsigma":null,"solver":"BIB-SARSOP","env_full":"Frozen Lake (4)","final_lw":0.5525169391484394,"timeout":false,"runtime":0.30574512481689453,"final_ub":0.5574177700694934}