{"lbs":[9.605960099999999,18.76926690427999,19.762929611467992,23.064728902885317,23.064728902885317,23.064728902885317,23.064728902885317,23.064728902885317,23.064728902885317,23.064728902885317,23.064728902885317,23.064728902885317,23.064728902885317,23.064728902885317,23.064728902885317,23.064728902885317,23.064728902885317,23.064728902885317],"times":[2.798449993133545,2.798719882965088,2.79901385307312,2.7992758750915527,2.799462080001831,2.7997260093688965,2.799967050552368,2.800118923187256,2.8003530502319336,2.8005330562591553,2.8007829189300537,2.8009989261627197,2.8010950088500977,2.801231861114502,2.801452875137329,2.8015549182891846,2.801872968673706,2.8022119998931885],"env":"RockSample5","ubs":[23.47795521977634,23.47795521977634,23.47795521977634,23.47795521977634,23.46606784415259,23.456032796363843,23.454299342285083,23.454299342285083,23.454299342285083,23.454299342285083,23.445851592939512,23.442530840417568,23.430326730404598,23.4183192802796,23.361430598448045,23.322204624360722,23.297721995004064,23.292675667578578],"sim_r":null,"sim_rsigma":null,"solver":"EBIB-SARSOP","env_full":"RockSample ()","final_lw":23.064728902885317,"timeout":false,"runtime":2.8022119998931885,"final_ub":23.292675667578578}