{"lbs":[9.2236816,17.62324816960088,18.560780512855782,21.298749968097397,21.298749968097397,21.298749968097397,21.298749968097397,21.298749968097397,21.298749968097397,21.298749968097397,21.298749968097397,21.298749968097397,21.298749968097397,21.298749968097397,21.298749968097397,21.298749968097397,21.298749968097397,21.298749968097397,21.298749968097397,21.298749968097397,21.298749968097397,21.298749968097397,21.298749968097397,21.298749968097397,21.298749968097397,21.298749968097397,21.298749968097397,21.298749968097397,21.298749968097397,21.298749968097397,21.298749968097397,21.298749968097397,21.298749968097397,21.298749968097397,21.298749968097397,21.298749968097397,21.298749968097397,21.298749968097397,21.298749968097397,21.298749968097397,21.298749968097397,21.298749968097397,21.298749968097397,21.298749968097397,21.298749968097397,21.298749968097397,21.298749968097397,21.298749968097397,21.298749968097397,21.298749968097397,21.298749968097397,21.298749968097397,21.298749968097397,21.298749968097397,21.298749968097397,21.298749968097397,21.298749968097397,21.298749968097397,21.298749968097397,21.298749968097397,21.298749968097397,21.298749968097397,21.298749968097397,21.298749968097397,21.298749968097397,21.298749968097397,21.298749968097397,21.298749968097397,21.298749968097397,21.298749968097397,21.298749968097397,21.298749968097397,21.298749968097397,21.298749968097397,21.298749968097397,21.298749968097397,21.298749968097397,21.298749968097397,21.298749968097397,21.298749968097397,21.298749968097397,21.298749968097397,21.298749968097397,21.298749968097397,21.298749968097397,21.298749968097397,21.298749968097397,21.298749968097397,21.298749968097397,21.298749968097397,21.298749968097397,21.298749968097397,21.298749968097397],"times":[1.4301121234893799,1.4303841590881348,1.430678129196167,1.4309720993041992,1.4311590194702148,1.4314250946044922,1.4316282272338867,1.4318280220031738,1.432023048400879,1.4321610927581787,1.4324491024017334,1.4326980113983154,1.4327960014343262,1.4329299926757812,1.4331881999969482,1.4332890510559082,1.433608055114746,1.4338710308074951,1.4342920780181885,1.4345741271972656,1.4348301887512207,1.435063123703003,1.4353001117706299,1.4358201026916504,1.4360570907592773,1.4362921714782715,1.4364290237426758,1.436845064163208,1.437209129333496,1.4375481605529785,1.4379870891571045,1.438500165939331,1.4389891624450684,1.4393620491027832,1.4399290084838867,1.4403409957885742,1.4405381679534912,1.4409232139587402,1.4414100646972656,1.4415709972381592,1.4419901371002197,1.4422001838684082,1.442756175994873,1.443000078201294,1.4433481693267822,1.4437141418457031,1.4439010620117188,1.4442009925842285,1.4448871612548828,1.445115089416504,1.4454021453857422,1.4455640316009521,1.4460370540618896,1.4464271068572998,1.4466280937194824,1.4470231533050537,1.447256088256836,1.4477181434631348,1.447962999343872,1.4482991695404053,1.4484782218933105,1.4488191604614258,1.449084997177124,1.4494340419769287,1.4496240615844727,1.4498569965362549,1.4502840042114258,1.4505541324615479,1.450773000717163,1.4508721828460693,1.4513092041015625,1.4514360427856445,1.4515671730041504,1.4518191814422607,1.4519901275634766,1.4523310661315918,1.4525182247161865,1.45296311378479,1.453740119934082,1.4539320468902588,1.4542131423950195,1.4545371532440186,1.4548242092132568,1.4549732208251953,1.4551210403442383,1.4556300640106201,1.4558520317077637,1.4561700820922852,1.4569780826568604,1.4576561450958252,1.4577832221984863,1.4579310417175293,1.458085060119629],"env":"RockSample5","ubs":[22.05728048112436,22.05728048112436,22.05728048112435,22.05728048112435,22.03468246120435,22.01608873018106,22.012536401682752,22.012536401682752,22.012536401682752,22.012536401682752,21.996958473098303,21.99039034216115,21.966283452749305,21.943224248749303,21.84012541982588,21.76551944610541,21.719052641451697,21.711836020901572,21.711836020901572,21.711836020901572,21.701934821663407,21.68871366537195,21.688185750431657,21.687644030996807,21.687644030996807,21.687644030996807,21.687644030996807,21.687644030996807,21.687644030996807,21.687644030996807,21.687644030996807,21.687185027201057,21.684948083798755,21.68001800855625,21.67436339933066,21.668821882289585,21.668523084568868,21.668523084568868,21.66794277935655,21.667534651154185,21.66701177236636,21.665174130418944,21.663416302117994,21.65811883354984,21.65811883354984,21.64978209061011,21.64123064731738,21.641213195319416,21.637713652328873,21.63299767636465,21.63299767636465,21.63057009427844,21.63057009427844,21.63057009427844,21.63057009427844,21.630570094278436,21.630570094278436,21.630570094278436,21.630570094278436,21.630570094278436,21.630570094278436,21.630570094278436,21.630570094278436,21.630570094278436,21.630291006380475,21.62674216617583,21.6267409132631,21.624178465556856,21.61613487150187,21.61613487150187,21.607438192932115,21.599937467372097,21.598972168373514,21.58850749241229,21.588501973604487,21.588501973604487,21.588501973604487,21.588501973604487,21.573921404387665,21.555930522914664,21.55194260405797,21.550286135145516,21.5486310458805,21.537491822531983,21.53117027459564,21.52358804146298,21.52237357225107,21.51988429246719,21.51988429246719,21.51988429246719,21.51494287959749,21.51309547134273,21.50633005761366],"sim_r":null,"sim_rsigma":null,"solver":"EBIB-SARSOP","env_full":"RockSample ()","final_lw":21.298749968097397,"timeout":false,"runtime":1.458085060119629,"final_ub":21.50633005761366}