{"lbs":[0.013477367891959746,0.29840244058297455,0.42977632422557027,0.45591908575418905,0.4856974331666238,0.492910811508916,0.5002811931619265,0.5041507145483595],"times":[0.23675990104675293,0.2370619773864746,0.23724794387817383,0.23831701278686523,0.238494873046875,0.24194097518920898,0.24223995208740234,0.24262189865112305],"env":"FrozenLake4","ubs":[0.5082506044423539,0.5082506044423539,0.5082495160901487,0.5082491300925011,0.5082490934738306,0.5082489131613159,0.5082487204717101,0.5082484203738254],"sim_r":null,"sim_rsigma":null,"solver":"BIB-SARSOP","env_full":"Frozen Lake (4)","final_lw":0.5041507145483595,"timeout":false,"runtime":0.24262189865112305,"final_ub":0.5082484203738254}