{"lbs":[0.010879816619135408,0.2740063049618479,0.39976211261022754,0.3998318316180707,0.41325475826142927,0.4241335485414423,0.42832584300200927,0.43326068224553754],"times":[0.25400304794311523,0.254302978515625,0.25458216667175293,0.25469398498535156,0.2559010982513428,0.2562141418457031,0.25649309158325195,0.2567172050476074],"env":"FrozenLake4","ubs":[0.4370215130318634,0.4370215130318634,0.4370215130318634,0.4370215130318634,0.4370202211340941,0.43701970436383536,0.437019427113952,0.437019401509343],"sim_r":null,"sim_rsigma":null,"solver":"EBIB-SARSOP","env_full":"Frozen Lake (4)","final_lw":0.43326068224553754,"timeout":false,"runtime":0.2567172050476074,"final_ub":0.437019401509343}