{"lbs":[9.52857108736,18.533466128791595,19.523038302624037,22.698465846760506,22.698465846760506,22.698465846760506,22.698465846760506,22.698465846760506,22.698465846760506,22.698465846760506,22.698465846760506,22.698465846760506,22.698465846760506,22.698465846760506,22.698465846760506,22.698465846760506,22.698465846760506,22.698465846760506,22.698465846760506,22.698465846760506,22.698465846760506,22.698465846760506,22.698465846760506,22.698465846760506,22.698465846760506,22.698465846760506,22.698465846760506,22.698465846760506,22.698465846760506,22.698465846760506,22.698465846760506],"times":[2.3668529987335205,2.367121934890747,2.3674259185791016,2.367661952972412,2.3678250312805176,2.368086814880371,2.368324041366577,2.368515968322754,2.368727922439575,2.3688838481903076,2.369128942489624,2.36936092376709,2.369549036026001,2.369645833969116,2.3697798252105713,2.3700380325317383,2.37014102935791,2.3704609870910645,2.370784044265747,2.37090802192688,2.3712069988250732,2.371656894683838,2.3719398975372314,2.37249493598938,2.372905969619751,2.373368978500366,2.373853921890259,2.374133825302124,2.3745899200439453,2.3747589588165283,2.375092029571533],"env":"RockSample5","ubs":[23.185924664556083,23.185924664556083,23.185924664556083,23.185924664556083,23.171803322204614,23.15994497494775,23.157851435961362,23.157851435961362,23.157851435961362,23.157851435961362,23.1478794975219,23.143899549718114,23.130115086109782,23.129303989608403,23.11501113297736,23.047117632435928,23.001416919723567,22.97236010653711,22.957867372286493,22.95069118466988,22.947971901436716,22.94333935974278,22.941430874114488,22.939299525601754,22.93719375327117,22.93719375327117,22.93719375327117,22.934790353723486,22.93062817831042,22.92657248336847,22.92431042804273],"sim_r":null,"sim_rsigma":null,"solver":"EBIB-SARSOP","env_full":"RockSample ()","final_lw":22.698465846760506,"timeout":false,"runtime":2.375092029571533,"final_ub":22.92431042804273}