{"lbs":[9.26138694321,17.734196679125738,18.26563151539353,19.71442505903705,21.468147760723447,21.468147760723447,21.468147760723447,21.468147760723447,21.468147760723447,21.468147760723447,21.468147760723447,21.468147760723447,21.468147760723447,21.468147760723447,21.468147760723447,21.468147760723447,21.468147760723447,21.468147760723447,21.468147760723447,21.468147760723447,21.468147760723447,21.468147760723447,21.468147760723447,21.468147760723447,21.468147760723447,21.468147760723447,21.468147760723447,21.468147760723447,21.468147760723447,21.468147760723447,21.468147760723447,21.468147760723447,21.468147760723447,21.468147760723447,21.468147760723447,21.468147760723447,21.468147760723447,21.468147760723447,21.468147760723447,21.468147760723447,21.468147760723447,21.468147760723447,21.468147760723447,21.468147760723447,21.468147760723447,21.468147760723447,21.468147760723447,21.468147760723447,21.468147760723447,21.468147760723447,21.468147760723447,21.468147760723447,21.468147760723447,21.468147760723447,21.468147760723447,21.468147760723447,21.468147760723447,21.468147760723447,21.468147760723447,21.468147760723447,21.468147760723447,21.468147760723447,21.468147760723447,21.468147760723447,21.468147760723447,21.468147760723447,21.468147760723447,21.468147760723447,21.468147760723447,21.468147760723447,21.468147760723447,21.468147760723447,21.468147760723447,21.468147760723447,21.468147760723447,21.468147760723447,21.468147760723447,21.468147760723447,21.468147760723447,21.468147760723447,21.468147760723447,21.468147760723447,21.468147760723447,21.468147760723447,21.468147760723447,21.468147760723447,21.468147760723447,21.468147760723447,21.468147760723447,21.468147760723447,21.468147760723447,21.468147760723447,21.468147760723447,21.468147760723447,21.468147760723447,21.468147760723447,21.468147760723447,21.468147760723447,21.468147760723447,21.468147760723447,21.468147760723447],"times":[1.5066509246826172,1.5391759872436523,1.5394611358642578,1.539881944656372,1.5402250289916992,1.5405449867248535,1.5407991409301758,1.5409619808197021,1.541266918182373,1.5415620803833008,1.5419371128082275,1.5420761108398438,1.542267084121704,1.5425620079040527,1.5428581237792969,1.5429739952087402,1.5433180332183838,1.5434379577636719,1.5438389778137207,1.5440850257873535,1.5445561408996582,1.544914960861206,1.5453910827636719,1.545619010925293,1.5460350513458252,1.5464160442352295,1.5470149517059326,1.5472240447998047,1.547861099243164,1.5480830669403076,1.548370122909546,1.5487949848175049,1.5493240356445312,1.5497400760650635,1.5499470233917236,1.550558090209961,1.550861120223999,1.5511689186096191,1.551353931427002,1.5516440868377686,1.5519070625305176,1.5522150993347168,1.5526890754699707,1.5529699325561523,1.5532550811767578,1.5536351203918457,1.554060935974121,1.554490089416504,1.554922103881836,1.555117130279541,1.5554039478302002,1.5561020374298096,1.5564260482788086,1.5568699836730957,1.5570740699768066,1.5577220916748047,1.557905912399292,1.558223009109497,1.5583961009979248,1.558763027191162,1.5590739250183105,1.559570074081421,1.560115098953247,1.5603070259094238,1.560797929763794,1.5611281394958496,1.5618181228637695,1.5621590614318848,1.5625629425048828,1.5627069473266602,1.5629420280456543,1.5632870197296143,1.5643160343170166,1.5645430088043213,1.5646960735321045,1.5652570724487305,1.5655851364135742,1.5664341449737549,1.5675380229949951,1.5678060054779053,1.568079948425293,1.568958044052124,1.5695340633392334,1.5700860023498535,1.5703210830688477,1.570573091506958,1.5712840557098389,1.5724120140075684,1.5728280544281006,1.573620080947876,1.573936939239502,1.5746660232543945,1.5749499797821045,1.5756890773773193,1.5759320259094238,1.5761229991912842,1.5769059658050537,1.5770699977874756,1.5772449970245361,1.5774340629577637,1.5780060291290283],"env":"RockSample5","ubs":[22.19497488660499,22.19497488660499,22.19497488660499,22.194974886604985,22.194974886604985,22.194974886604985,22.171843560488064,22.152229118400548,22.152229118400545,22.131061224100414,22.110295519791983,22.110295519791983,22.10814245636448,22.098185314602492,22.0863052033116,22.086146662374357,21.97335448732166,21.916249251856037,21.87588482182436,21.86017349925742,21.86017349925742,21.852770701768137,21.843177372130924,21.842032467069146,21.842032467069146,21.83856124339728,21.827688242725998,21.8214642113317,21.81458072262751,21.807828020208696,21.807828020208696,21.804970361518222,21.80410732798088,21.80045732890539,21.80045732890539,21.799620073988507,21.79927441708746,21.798669841068154,21.794030842088603,21.7873064547886,21.78728225523541,21.78728086091834,21.78728078058132,21.7871804713624,21.785616418561787,21.785539909502962,21.78553990950296,21.78553990950296,21.78553990950296,21.78553990950296,21.78553990950296,21.78553990950296,21.78553990950296,21.78553990950296,21.78553990950296,21.78553990950296,21.78553990950296,21.78550638492912,21.785460145437597,21.78485049532702,21.784044927678178,21.78043334592104,21.78043334592104,21.77239818149293,21.7639666642226,21.761920908428678,21.76002682047407,21.75885860889001,21.75283818235681,21.750815000275143,21.750106036699663,21.748173994256664,21.74741703161522,21.746538953572827,21.745435399308864,21.743039645025405,21.743039645025405,21.731603722245445,21.72253098264155,21.719711583580178,21.719711583580178,21.717340955949687,21.714050021320546,21.71368037492679,21.71329116941623,21.710831274867147,21.705394164206908,21.705394164206908,21.705394164206908,21.70312499837807,21.69895591756587,21.69895591756587,21.69895591756587,21.69895591756587,21.69895591756587,21.69830410276286,21.69213992502977,21.684245498017976,21.683997168892525,21.68363150143289,21.68164399333311],"sim_r":null,"sim_rsigma":null,"solver":"SARSOP","env_full":"RockSample ()","final_lw":21.468147760723447,"timeout":false,"runtime":1.5780060291290283,"final_ub":21.68164399333311}