{"lbs":[0.011201408010832282,0.31949979534004186,0.39449480996759395,0.4085499342417903,0.41644950283375715,0.43170781337365416,0.43312576206880254,0.43326753725866984,0.433281642203934,0.4339851112002684,0.4340504842927101,0.4340565593880415,0.4340571319741802,0.4340571319741802,0.4370995120607177,0.43738223922520764,0.44371968973880904,0.44821531227413486,0.44891581082843485,0.4490071811352289,0.4492496474087876,0.44927217970260286,0.4498716717074677,0.4498716717074677,0.45108055964936233,0.4518950531260033],"times":[0.14345407485961914,0.17493510246276855,0.17517614364624023,0.1754610538482666,0.17564916610717773,0.17612504959106445,0.17629694938659668,0.17645716667175293,0.1766490936279297,0.17702913284301758,0.1771540641784668,0.1773509979248047,0.1774740219116211,0.17752313613891602,0.1785731315612793,0.1787581443786621,0.17930006980895996,0.17978405952453613,0.17997312545776367,0.18013215065002441,0.18082404136657715,0.18091511726379395,0.18172812461853027,0.18178200721740723,0.18202996253967285,0.18421697616577148],"env":"FrozenLake4","ubs":[0.501414864920027,0.501414864920027,0.48825752130541533,0.48602179842315074,0.47372392978290584,0.47372392978290584,0.4728278028137374,0.4709724267178644,0.46998497711916726,0.4694575438592519,0.4659639556518093,0.46325114127148587,0.46138729053841987,0.46134709639158616,0.46004544345242687,0.45743323421334803,0.4571904826536441,0.45716792384830146,0.4571658274675444,0.4566642969284552,0.4565344395589146,0.4564635430129615,0.4563146506492915,0.4559639556518093,0.4559183328676473,0.45567525006707266],"sim_r":null,"sim_rsigma":null,"solver":"SARSOP","env_full":"Frozen Lake (4)","final_lw":0.4518950531260033,"timeout":false,"runtime":0.18421697616577148,"final_ub":0.45567525006707266}