{"lbs":[-23.80952380952379,-8.738853584073112,-6.283349057118054,-0.4838027161814953,3.937747053889665,6.345950504313418,7.164178036256679,9.257680704266729,10.552013443208132,12.798219016504383,14.613763267785135,15.98112732190768,16.70459353166899,18.397609661900518,19.05222013552482,20.181030255244416,20.963251135629342,21.378793461788995,21.83807946485846,22.050886727918893,22.344585044876567,22.655848148232764,22.842664558166195,22.89052681176483,22.958175501271263,23.009522839485943,23.103489665488283,23.135113839166763,23.182332232854783,23.261096606028445,23.3204933554137,23.354234038047487,23.363775615475838,23.375132905372727,23.38371404076168,23.39437311809288,23.40183877325341,23.431436873955988,23.444141917592255,23.454434818216072,23.459010255272805,23.46816594004273,23.475458384399495,23.481300789503592,23.481652316532166,23.48805243143738,23.490915376190742,23.492753744010372,23.494847922250706,23.496763959560603,23.498300078545476,23.49952619984212,23.500504460448816,23.50128493234974,23.501907602672638,23.502404376703325],"times":[0.00928807258605957,0.00940704345703125,0.009484052658081055,0.009567975997924805,0.010284900665283203,0.010515928268432617,0.010737895965576172,0.010963916778564453,0.011074066162109375,0.01125788688659668,0.011455059051513672,0.01162409782409668,0.011815071105957031,0.012067079544067383,0.012258052825927734,0.012482881546020508,0.012752056121826172,0.013015031814575195,0.013314962387084961,0.013527870178222656,0.013779878616333008,0.014023065567016602,0.01429295539855957,0.014417886734008789,0.014666080474853516,0.014779090881347656,0.01497507095336914,0.015105009078979492,0.015285015106201172,0.01555490493774414,0.01587986946105957,0.016110897064208984,0.016234874725341797,0.016323089599609375,0.016403913497924805,0.016511917114257812,0.016614913940429688,0.01703500747680664,0.017255067825317383,0.017533063888549805,0.01760387420654297,0.017878055572509766,0.019650936126708984,0.02053689956665039,0.020628929138183594,0.020936965942382812,0.021131038665771484,0.021250009536743164,0.02146291732788086,0.022351980209350586,0.023227930068969727,0.024103879928588867,0.024981021881103516,0.02585601806640625,0.026745080947875977,0.02762007713317871],"env":"Tiger","ubs":[61.30436273151386,61.30436273151386,52.41447763527151,52.22397919377137,49.37901256949686,46.62930623032206,45.817601183100805,45.19949253390088,44.767618818488955,44.12666332115817,42.60983282650989,40.55711953293762,39.49634995268315,39.239889033678836,37.19175348553071,36.24674015392609,35.10795324345807,33.83455191197106,33.07126662261527,32.13715283648985,31.598062171611453,31.19147184988526,30.289376390451004,29.59176297422762,29.33339706603344,29.06399459982796,28.97188813452322,28.505633273777683,28.266321670064123,28.09057630142037,27.431128606682996,26.889030134788293,26.481216732692893,26.380936315902524,26.35331306985261,26.172320954600686,26.12950601683847,26.04188090487012,25.614729693468625,25.41102483849619,25.21616280682086,25.16412587937248,24.922962316333905,24.677590668919,24.490996128635814,24.490996128635814,24.360676831665838,24.27477613437358,24.225768819685992,24.115127772145918,24.006144586772216,23.926645371390144,23.85945240570798,23.802894857271045,23.7553350339185,23.715350083760267],"sim_r":null,"sim_rsigma":null,"solver":"BIB-SARSOP","env_full":"Tiger","final_lw":23.502404376703325,"timeout":false,"runtime":0.02762007713317871,"final_ub":23.715350083760267}