{"lbs":[0.01950671283656223,0.4311078265036363,0.519270843814685,0.6043716782920799,0.6043716782920799,0.6115808309832169,0.6133665907268597,0.6133665907268597,0.6133665907268597,0.6342970721445944,0.6436825874227324,0.6436825874227324,0.6436825874227324,0.6436825874227324,0.6502059616357792,0.6534712427860706,0.656455003941216,0.6572325089406589,0.6586962597844371,0.6617249037781742,0.6617249037781742,0.6624190760859268,0.6625905528793854,0.6627894690887894,0.6628386037763242,0.6628641862873804,0.6628705054741921,0.6628705054741921,0.6628705054741921,0.6628705054741921,0.6628705054741921,0.6628705054741921,0.6651245443059226,0.6656813189097615,0.6656813189097615,0.6656813189097615,0.6656813189097615,0.6656813189097615,0.6656813189097615,0.6656813189097615,0.6656813189097615,0.6656813189097615,0.6656813189097615,0.6667191596057844,0.6667191596057844,0.666975518695185,0.666975518695185,0.666975518695185,0.666975518695185,0.6672421207599184,0.6673079746648666,0.6673079746648666,0.6673079746648666,0.6674563644957845,0.66749452631249,0.66749452631249,0.66749452631249,0.66749452631249,0.66749452631249,0.66749452631249,0.66749452631249,0.6675078477000179,0.667511138242381,0.6675119510457785,0.6675121518611085,0.6675122014649015,0.6675122972805744,0.6675122972805744,0.6675122972805744,0.6675122972805744,0.6675122972805744,0.6675123441000035,0.6675123441000035,0.6675123441000035,0.6675123441000035,0.6675123582781483,0.6675123582781483,0.6675123582781483,0.6675123617805397,0.6675123617805397,0.6675142304899926,0.6675142304899926,0.6675142304899926,0.6675142304899926,0.6675142304899926,0.6680925470323643,0.6680925470323643,0.6680925470323643,0.6680925470323643,0.6680925470323643,0.6680925470323643,0.6683992078774241,0.6684910360852017,0.6684910360852017,0.6685137187529921,0.6685207018905565,0.6685252564413614,0.6685252564413614,0.6685252564413614,0.6686193511018623,0.6686193511018623,0.6686463483028027,0.6686530487189352,0.6686530487189352,0.6686530487189352,0.6686530487189352,0.6686530487189352,0.6686530487189352,0.6686530487189352,0.668895805146092,0.668895805146092],"times":[1.1629509925842285,1.196052074432373,1.1989738941192627,1.2011559009552002,1.2121639251708984,1.213897943496704,1.2158079147338867,1.2190520763397217,1.2220799922943115,1.2235279083251953,1.2253708839416504,1.228111982345581,1.2299609184265137,1.2316739559173584,1.2333319187164307,1.2338829040527344,1.2894089221954346,1.2910618782043457,1.2962329387664795,1.2977030277252197,1.303929090499878,1.3050549030303955,1.3064548969268799,1.3127219676971436,1.314478874206543,1.3158900737762451,1.3233850002288818,1.3245809078216553,1.3258349895477295,1.3272759914398193,1.3352670669555664,1.3367609977722168,1.346343994140625,1.3473808765411377,1.3488259315490723,1.350450038909912,1.3585059642791748,1.3607640266418457,1.3627009391784668,1.3719089031219482,1.3733179569244385,1.3746650218963623,1.3762459754943848,1.377774953842163,1.3889050483703613,1.4325039386749268,1.4330470561981201,1.4349250793457031,1.436635971069336,1.438636064529419,1.4534940719604492,1.4541189670562744,1.4562859535217285,1.459007978439331,1.4750730991363525,1.4773600101470947,1.4795029163360596,1.4803879261016846,1.4823310375213623,1.4996819496154785,1.5014700889587402,1.5033740997314453,1.5052399635314941,1.5069260597229004,1.5083940029144287,1.525723934173584,1.5281789302825928,1.5305030345916748,1.5318520069122314,1.532984972000122,1.5542950630187988,1.5555040836334229,1.5574240684509277,1.5583009719848633,1.5597379207611084,1.561115026473999,1.5617849826812744,1.563014030456543,1.5644280910491943,1.5911839008331299,1.5989511013031006,1.6002790927886963,1.603611946105957,1.6286420822143555,1.6313679218292236,1.634871006011963,1.6370329856872559,1.6931209564208984,1.6946799755096436,1.6967840194702148,1.6982169151306152,1.6992549896240234,1.7025749683380127,1.7034740447998047,1.7052710056304932,1.7333579063415527,1.7354650497436523,1.738487958908081,1.740614891052246,1.7434508800506592,1.7450668811798096,1.7791309356689453,1.8647739887237549,1.8666000366210938,1.868722915649414,1.870539903640747,1.8723819255828857,1.8737239837646484,1.876863956451416,1.8820319175720215,1.9192578792572021],"env":"FrozenLake4","ubs":[0.7455465637656775,0.7455465637656775,0.7407625335973128,0.7395945433835185,0.7362026420553232,0.7295945433835185,0.7166357166806018,0.7136273229717497,0.7093117527372043,0.7093117527372043,0.707978786752176,0.7077246641049404,0.7077246641049404,0.7055148945851683,0.7026928350068276,0.7025226750908118,0.7025226750908118,0.6997125843904486,0.6980016328096447,0.6969137340528868,0.6967512864841725,0.6957371785183875,0.6957371785183875,0.6957371785183875,0.6957371785183875,0.6957371785183875,0.6957371785183875,0.6939642813382358,0.6938964744236777,0.6934215874291736,0.6934215874291736,0.6934215874291736,0.6929542298043138,0.6929542298043138,0.691597968308932,0.6913999100782382,0.6908345997989793,0.6902187778763835,0.6892796654985467,0.6888579155658625,0.6880597885233957,0.6874579027648781,0.687134568362773,0.6869315438482515,0.6868392409973094,0.6868107988422792,0.6862247530923756,0.6861024839035992,0.6859946810235392,0.6858097542040564,0.6857335617984143,0.685259117806255,0.685100933955491,0.6850649910406815,0.6850649910406815,0.6850649910406815,0.6846598109790234,0.6838816474470354,0.6836792920617218,0.6834855900531973,0.6832440359338426,0.6830563918423187,0.6829183540942817,0.6823353942263216,0.6822900351119542,0.6822900351119542,0.6822900351119542,0.6822338274901169,0.6820102221185925,0.681332614354318,0.6809445748934749,0.6809230829134563,0.680336122258782,0.6799617319823814,0.6799483684622091,0.6797797555590781,0.6795608749715064,0.6793005976128083,0.6792161278161195,0.6789770177034151,0.6786598915233705,0.6786072838969007,0.6785537149462507,0.6784249122583829,0.6784121348256621,0.6784108672838922,0.678220796593901,0.6781993905818025,0.6781069537145994,0.6781069537145994,0.6780210663136916,0.6778010914230894,0.6775317777203308,0.6773411793118058,0.6769966046981615,0.6765276051687003,0.6765123018618809,0.6764953843467025,0.6763867381372493,0.6762795625144437,0.6762358561692146,0.6761484821026523,0.6760989542328901,0.6760560527570629,0.6760560527570629,0.6760560527570629,0.6760560527570628,0.6760560527570628,0.6757459346419633,0.6756428369820298,0.6754865930194752],"sim_r":null,"sim_rsigma":null,"solver":"SARSOP","env_full":"Frozen Lake (4)","final_lw":0.668895805146092,"timeout":false,"runtime":1.9192578792572021,"final_ub":0.6754865930194752}