{"lbs":[0.011093223216757129,0.27764457913074464,0.38397537490150835,0.4031140978176835,0.43416726007631185,0.4405758812188625,0.44236736345099353,0.44542672119638066],"times":[0.2661869525909424,0.26647186279296875,0.266650915145874,0.2668149471282959,0.2674288749694824,0.27021288871765137,0.27047085762023926,0.27089786529541016],"env":"FrozenLake4","ubs":[0.44734262558235055,0.44734262558235055,0.4473412608885321,0.44734072564196287,0.4473406760048553,0.44734044321922006,0.44734015508848796,0.447340128368137],"sim_r":null,"sim_rsigma":null,"solver":"EBIB-SARSOP","env_full":"Frozen Lake (4)","final_lw":0.44542672119638066,"timeout":false,"runtime":0.27089786529541016,"final_ub":0.447340128368137}