{"lbs":[0.013613498031447832,0.3003536217380633,0.43427110240066547,0.46119520177778517,0.4912544401900123,0.49861313537147234,0.5060500978617949,0.5099776125522644],"times":[0.3362259864807129,0.336514949798584,0.33669090270996094,0.3376748561859131,0.3378260135650635,0.3411228656768799,0.3413870334625244,0.34174299240112305],"env":"FrozenLake4","ubs":[0.5141525144066994,0.5141525144066994,0.5141513966226218,0.5141509995559369,0.5141509618097851,0.5141507799842133,0.5141505828993723,0.5141502750028045],"sim_r":null,"sim_rsigma":null,"solver":"EBIB-SARSOP","env_full":"Frozen Lake (4)","final_lw":0.5099776125522644,"timeout":false,"runtime":0.34174299240112305,"final_ub":0.5141502750028045}