{"lbs":[9.41336550625,18.186018494196034,19.13579139813494,22.16150214851492,22.16150214851492,22.16150214851492,22.16150214851492,22.16150214851492,22.16150214851492,22.16150214851492,22.16150214851492,22.16150214851492,22.16150214851492,22.16150214851492,22.16150214851492,22.16150214851492,22.16150214851492,22.16150214851492,22.16150214851492,22.16150214851492,22.16150214851492,22.16150214851492,22.16150214851492,22.16150214851492,22.16150214851492,22.16150214851492,22.16150214851492,22.16150214851492,22.16150214851492,22.16150214851492,22.16150214851492,22.16150214851492,22.16150214851492,22.16150214851492,22.16150214851492,22.16150214851492,22.16150214851492,22.16150214851492,22.16150214851492,22.16150214851492,22.16150214851492,22.16150214851492,22.16150214851492,22.16150214851492,22.16150214851492,22.16150214851492,22.16150214851492,22.16150214851492,22.16150214851492,22.16150214851492,22.16150214851492,22.16150214851492,22.16150214851492,22.16150214851492,22.16150214851492,22.16150214851492,22.16150214851492,22.16150214851492,22.16150214851492,22.16150214851492,22.16150214851492,22.16150214851492,22.16150214851492,22.16150214851492,22.16150214851492,22.16150214851492,22.16150214851492,22.16150214851492,22.16150214851492,22.16150214851492,22.16150214851492,22.16150214851492,22.16150214851492,22.16150214851492,22.16150214851492],"times":[1.896914005279541,1.8972110748291016,1.8975200653076172,1.8977739810943604,1.8980400562286377,1.8983161449432373,1.8984730243682861,1.8987541198730469,1.898940086364746,1.899111032485962,1.8994150161743164,1.89959716796875,1.8996970653533936,1.8999969959259033,1.9001960754394531,1.9003009796142578,1.9005811214447021,1.9006900787353516,1.9010720252990723,1.9015109539031982,1.9018969535827637,1.9021999835968018,1.902390956878662,1.9026660919189453,1.902951955795288,1.903151035308838,1.9034230709075928,1.9035639762878418,1.903960943222046,1.9043140411376953,1.9047579765319824,1.9051611423492432,1.9054710865020752,1.9056520462036133,1.9062070846557617,1.9065420627593994,1.907102108001709,1.9075219631195068,1.9077401161193848,1.9081039428710938,1.9084160327911377,1.9087419509887695,1.9089090824127197,1.909271001815796,1.9095160961151123,1.910067081451416,1.9104011058807373,1.9106240272521973,1.9109389781951904,1.9111089706420898,1.9113881587982178,1.911803960800171,1.9122071266174316,1.9123899936676025,1.9127531051635742,1.9130821228027344,1.9132680892944336,1.913926124572754,1.9141240119934082,1.9145710468292236,1.9149179458618164,1.9151191711425781,1.9154021739959717,1.9154980182647705,1.9155941009521484,1.9159891605377197,1.9164581298828125,1.9166460037231445,1.9176521301269531,1.9177961349487305,1.917931079864502,1.9186420440673828,1.9195661544799805,1.9197170734405518,1.9198651313781738],"env":"RockSample5","ubs":[22.75536266178078,22.75536266178078,22.75536266178078,22.755362661780776,22.73797735236142,22.723491102449472,22.720852822583353,22.720852822583353,22.720852822583353,22.720852822583353,22.70868932515976,22.703728292805287,22.685560587261897,22.68028735145323,22.673812671125376,22.66791052693768,22.580157532953436,22.528972033875597,22.493502365331885,22.48790722185407,22.487907221854066,22.487907221854066,22.487907221854066,22.48676044332349,22.477752417554345,22.466451133342588,22.466403434238103,22.466401682466383,22.46640161813176,22.466401615769037,22.466401615682265,22.46640161567908,22.46445435197071,22.456436712082994,22.44935672264907,22.44701235222282,22.44568507007658,22.44568507007658,22.44568507007658,22.44568507007658,22.445149470297682,22.44022002643588,22.433348549425492,22.433125908038665,22.433106237888573,22.432038658306325,22.42905878771824,22.42342303777894,22.423340068801448,22.423334481323764,22.422527933299378,22.420432721509286,22.420432721509286,22.420432721509286,22.420432721509286,22.420432721509286,22.420432721509286,22.420432721509286,22.420432721509286,22.420432721509286,22.420432721509286,22.419760623489147,22.415992912490704,22.414032221854068,22.414032221854068,22.4116197006074,22.411415950945386,22.401403076657253,22.401004399939083,22.400646305181457,22.392543380607698,22.3862936687021,22.385849645241443,22.384592330814282,22.381172620700823],"sim_r":null,"sim_rsigma":null,"solver":"EBIB-SARSOP","env_full":"RockSample ()","final_lw":22.16150214851492,"timeout":false,"runtime":1.9198651313781738,"final_ub":22.381172620700823}