{"lbs":[0.020906291793589604,0.41780900099005347,0.528896143232117,0.6127155349381708,0.6267301496093444,0.6448092440004692,0.6448092440004692,0.6571705698888078,0.661007469340818,0.661007469340818,0.6694895868543036,0.6694895868543036,0.6694895868543036,0.6694895868543036,0.6750784217818061,0.6751042018623417],"times":[1.710108995437622,1.7106690406799316,1.7109081745147705,1.7113990783691406,1.7143380641937256,1.7155101299285889,1.8828539848327637,1.8841919898986816,1.887970209121704,1.89457106590271,1.8965260982513428,1.9000921249389648,1.9012830257415771,1.9054670333862305,1.9201891422271729,1.9210691452026367],"env":"FrozenLake4","ubs":[0.688892316425536,0.688892316425536,0.688892316425536,0.688892316425536,0.6888922968097012,0.6887318555044964,0.688049301491802,0.6869943713689513,0.6869943713689513,0.6868256489659269,0.6849333882548444,0.6840902802593649,0.6832389734102362,0.6832389734102362,0.6825893089626232,0.6814451028102511],"sim_r":null,"sim_rsigma":null,"solver":"EBIB-SARSOP","env_full":"Frozen Lake (4)","final_lw":0.6751042018623417,"timeout":false,"runtime":1.9210691452026367,"final_ub":0.6814451028102511}