{"lbs":[0.013889731069815508,0.3042887404759747,0.4433880082609479,0.4719129639574545,0.5025449010902762,0.5102009992019719,0.5177729580608368,0.5218190192909283],"times":[0.2378251552581787,0.23813199996948242,0.2383129596710205,0.24524998664855957,0.2454090118408203,0.24939608573913574,0.2496960163116455,0.25010204315185547],"env":"FrozenLake4","ubs":[0.5261550071740084,0.5261550071740084,0.5261541493967062,0.5261538902536489,0.5261538655176925,0.5261538003369066,0.5261536655529361,0.5261534074172873],"sim_r":null,"sim_rsigma":null,"solver":"BIB-SARSOP","env_full":"Frozen Lake (4)","final_lw":0.5218190192909283,"timeout":false,"runtime":0.25010204315185547,"final_ub":0.5261534074172873}