{"lbs":[-29.411764705882327,-10.956766200777853,-8.496102948997006,-6.102994857099274,2.6047363172989426,5.455213910088705,8.729492871829613,10.848146251864343,13.51167097593023,16.074540712303843,18.298556778138302,19.430905714072786,20.909405777422165,21.887530934749996,23.5542222214102,24.464001673779652,25.27882754245165,25.894520552400834,26.43522043781767,26.92122982353989,27.30435258531305,27.812984337998977,28.048175814323223,28.281495032388825,28.387599181829614,28.702497466700756,28.815736893951534,28.9462048953829,29.079622953347386,29.194260983343906,29.259687921326574,29.29806468196466,29.306150036283885,29.354196943373545,29.393097960128415,29.413111520891142,29.432378469885222,29.463051772682025,29.476801770740078,29.483054714071784,29.50637126407385,29.52092610771638,29.524622953229226,29.541147838264983,29.549294026992094,29.55665477982378,29.557054260590675,29.55723592829616,29.561695743266306,29.564365123110008,29.56557904916461,29.567162725478127,29.567882917452145,29.56937270272922,29.571368214595594,29.573599433334465,29.57450549422756],"times":[0.009418964385986328,0.010109901428222656,0.010288000106811523,0.010521888732910156,0.010818004608154297,0.01104593276977539,0.011342048645019531,0.011607885360717773,0.01187586784362793,0.012179851531982422,0.014198064804077148,0.014556884765625,0.014927864074707031,0.015178918838500977,0.015657901763916016,0.015965938568115234,0.016377925872802734,0.016656875610351562,0.017171859741210938,0.017663002014160156,0.01800084114074707,0.018489837646484375,0.018908977508544922,0.01937699317932129,0.019567012786865234,0.02009892463684082,0.020416975021362305,0.020766019821166992,0.021229982376098633,0.021617889404296875,0.022095918655395508,0.02233099937438965,0.022482872009277344,0.023022890090942383,0.023370981216430664,0.023543834686279297,0.02371692657470703,0.02412104606628418,0.024296998977661133,0.024394989013671875,0.024908065795898438,0.025272846221923828,0.02539992332458496,0.02615499496459961,0.0265500545501709,0.026983022689819336,0.027241945266723633,0.027469873428344727,0.028050899505615234,0.02846384048461914,0.028589963912963867,0.028734922409057617,0.02883291244506836,0.02900385856628418,0.02937793731689453,0.03220200538635254,0.032414913177490234],"env":"Tiger","ubs":[63.592977267625244,63.592977267625244,55.062230825467836,54.94420922324821,54.930167321052494,52.424143049975115,51.12984963046026,48.82832136815105,48.39412981522858,46.726642880145704,45.38769648653587,43.14837581021929,43.102973409382734,42.271106015675535,41.75759324138055,40.20716957090117,39.038311461141404,38.210507989422226,37.578870491797446,36.639768253377554,35.97324656799982,35.51079440089065,34.75902586243345,34.26048762552242,33.849071661765834,33.77236229104513,33.08993439733078,32.95568071978502,32.651169346127105,32.233083177018,31.925415721456435,31.661415984553628,31.536484220831486,31.473824199638162,31.208107494437538,31.0948200903296,31.034590670712507,30.971434002282365,30.795772337074094,30.73209198317799,30.692228385136556,30.538107309131576,30.390643995801682,30.379358835463236,30.233387078028635,30.152813575545558,30.076608810536783,30.076594770854964,30.065744160240094,30.010887285814313,29.978235597790125,29.970076665140724,29.959516772829403,29.95743341924369,29.920910983543322,29.8696713375467,29.81436095894741],"sim_r":null,"sim_rsigma":null,"solver":"EBIB-SARSOP","env_full":"Tiger","final_lw":29.57450549422756,"timeout":false,"runtime":0.032414913177490234,"final_ub":29.81436095894741}