{"lbs":[-27.777777777777754,-17.979869140885594,-14.794959511940364,-8.138541401880495,-4.0464144744485395,-1.2837415690098481,2.2926080555886212,3.847190832417838,8.21768572113711,10.36936073474812,12.351139967402926,14.234495197990281,16.412621757865914,18.057844820276795,18.801791887360295,20.397185713698676,21.24612596529409,22.03520434824571,22.876840065196628,23.429507267547002,23.883432420403633,24.351576985496408,24.73589171769673,25.108284141669323,25.238703488376615,25.744847057666945,25.870907082746385,26.08195464120181,26.290197800013235,26.38436247031086,26.520274383884477,26.652102048749157,26.7117126917539,26.824855920193002,26.926107483404934,27.031175991351866,27.07606173698263,27.09072915333578,27.09736155572967,27.100360636171338,27.19670707763801,27.241629745779605,27.30500788051281,27.33328669710845,27.374732700192666,27.400148099727623,27.430381899335764,27.452853349522208,27.4676094170906,27.469687117101373,27.50113169699151,27.516290007365356,27.52314438523193,27.547317020997042,27.56134700654674,27.5889262046323,27.5981884885195,27.61409600615335,27.625477441563824,27.658973638043314,27.668540318704014,27.67286623911071,27.683864648967422,27.705699980314208,27.712440213381903,27.7154880533598,27.72498995647353,27.728663386503314,27.73462108954913,27.737315080296497,27.75796090353684,27.75955679981215,27.763499668190256,27.76859333862643,27.777762599685744,27.77971938074651,27.781570960408004,27.782408219069225,27.78250742186264,27.78628313260831,27.789427481329195,27.793434017699315,27.796375936314902,27.79660304331214,27.79943425772714,27.799963137707678,27.800202289904938,27.802689578100424,27.803311338385754,27.80450091865934,27.804720540216643,27.804819850041042,27.805629381929243,27.8060238783662,27.806385375407448,27.80680637914177,27.807206721296623,27.807398563421216,27.80759641099624,27.80760971781943,27.807749230047015,27.80789448515446,27.808008786814224,27.808087124742308,27.808168367318743],"times":[0.0042400360107421875,0.031183958053588867,0.031288862228393555,0.031388044357299805,0.03152203559875488,0.03170895576477051,0.031907081604003906,0.03215193748474121,0.03244590759277344,0.03267097473144531,0.032980918884277344,0.033273935317993164,0.033544063568115234,0.033889055252075195,0.03453493118286133,0.034867048263549805,0.03553009033203125,0.0359649658203125,0.036459922790527344,0.037034034729003906,0.03761792182922363,0.03805208206176758,0.03847193717956543,0.038893938064575195,0.03925299644470215,0.039669036865234375,0.039758920669555664,0.040229082107543945,0.04063892364501953,0.04074406623840332,0.041239023208618164,0.041764020919799805,0.04186391830444336,0.042352914810180664,0.04280805587768555,0.04325294494628906,0.043686866760253906,0.04411506652832031,0.04602694511413574,0.0465240478515625,0.04735302925109863,0.04848289489746094,0.04899787902832031,0.04961204528808594,0.049748897552490234,0.050282955169677734,0.050798892974853516,0.05331087112426758,0.05396890640258789,0.05533003807067871,0.05594205856323242,0.05726885795593262,0.05855393409729004,0.059159040451049805,0.060415029525756836,0.06127500534057617,0.061734914779663086,0.062332868576049805,0.06273603439331055,0.06352090835571289,0.0638730525970459,0.06416893005371094,0.06471991539001465,0.06509995460510254,0.06555700302124023,0.06595396995544434,0.06669402122497559,0.06684088706970215,0.06713986396789551,0.06740188598632812,0.06806206703186035,0.06822490692138672,0.06847596168518066,0.06870198249816895,0.06913089752197266,0.06931495666503906,0.06958794593811035,0.06982803344726562,0.06990289688110352,0.07036495208740234,0.07082486152648926,0.07135200500488281,0.0717918872833252,0.0719459056854248,0.07560586929321289,0.0758519172668457,0.07605695724487305,0.07680392265319824,0.07705903053283691,0.08106088638305664,0.08125901222229004,0.08147001266479492,0.0820169448852539,0.08241701126098633,0.08302807807922363,0.08361291885375977,0.08773398399353027,0.0922250747680664,0.09274601936340332,0.09293198585510254,0.09349489212036133,0.09430789947509766,0.09902596473693848,0.0996100902557373,0.10100603103637695],"env":"Tiger","ubs":[122.20981985003851,122.20981985003851,112.721797333936,109.8053322350324,103.50394510386361,101.85342846437212,99.39421058597658,95.85596910199084,95.01197259395721,88.9361116275303,85.97976203965673,83.52604964394399,80.47934082941478,78.20981985003853,78.20981985003853,72.17989337175024,69.35171192975014,67.06349443146584,65.1334732342838,63.23183848334999,62.13067744003847,60.25583807050249,59.034849453732804,57.47346029205109,55.82543015991888,55.18595952717018,53.02668005768762,51.966154963900976,50.65134867182704,49.543911292532115,48.94405688264479,48.239253593246175,47.16120485569399,46.56809779520682,45.976480574348464,45.018960181594544,44.54660823093421,44.05478943859762,43.37888388761724,43.20937352320776,42.80517933308245,42.59420160982026,42.52982879600399,42.15781962864797,41.82736838294405,41.52789723403485,41.21042829480277,40.727012180915594,40.52571298056131,40.38671457144494,40.33809349172047,40.15121615540946,39.99652106606908,39.94483991558929,39.81759064588344,39.68280454561236,38.9529760782835,38.660718975973836,38.25953304390252,38.03306377637581,37.13549700528165,37.06827271402102,36.853024634258105,36.72592279360093,35.98934712021616,35.9260555804222,35.73412950401734,35.434012035862054,35.11826344420356,34.912307572882085,34.86350211119621,33.958856066638845,33.78135463634442,33.5463855160433,33.30545450786167,32.44313677001885,32.28244901738541,32.24505225701959,32.21783269533527,32.136463131138356,31.835006231371327,31.4853144335038,31.053302955676692,30.65017963200251,30.6063023128693,30.08257690719182,30.08257690719182,30.062784449064843,29.718107356726293,29.588631611249433,29.27740559994472,29.27740559994472,29.257760035364562,29.074108361452822,28.956843422302878,28.81702814611459,28.6791993552583,28.494270612082076,28.399811272994896,28.327884084985868,28.319361774852094,28.264169467626076,28.17800998551519,28.123135494307327,28.080341104249733],"sim_r":null,"sim_rsigma":null,"solver":"SARSOP","env_full":"Tiger","final_lw":27.808168367318743,"timeout":false,"runtime":0.10100603103637695,"final_ub":28.080341104249733}