{"lbs":[0.02113956445457629,0.42115582129402535,0.5342128074762807,0.6204795342863264,0.6345148057076405,0.6545692098233334,0.6564035592088213,0.6676724475542257,0.6676724475542257,0.6676724475542257,0.6706804596272536,0.6706804596272536,0.67168916361205,0.67168916361205,0.6760936885929967,0.6818756839080533,0.6833125270782671,0.6833125270782671,0.6841496433845985,0.6843736927907419,0.6864190756391616],"times":[2.491976022720337,2.4925761222839355,2.4928081035614014,2.493373155593872,2.4981231689453125,2.499807119369507,2.501155138015747,2.5026321411132812,2.5040111541748047,2.975898027420044,2.9820430278778076,2.994719982147217,2.9978439807891846,3.003526210784912,3.1751301288604736,3.1791460514068604,3.1820480823516846,4.120427131652832,4.125429153442383,4.131503105163574,4.148867130279541],"env":"FrozenLake4","ubs":[0.7005056867100226,0.7005056867100226,0.7005056867100226,0.7005056867100226,0.700461448524999,0.7003487935882587,0.7000010753683645,0.6993825098493758,0.6991046861632141,0.6972915894449702,0.6972915894449702,0.6956865050900624,0.6954113105608217,0.6941119378432269,0.6941119378432269,0.6933943485217015,0.6928961403950811,0.6928700067532728,0.6928058224320408,0.6928058224320408,0.6928058224320408],"sim_r":null,"sim_rsigma":null,"solver":"EBIB-SARSOP","env_full":"Frozen Lake (4)","final_lw":0.6864190756391616,"timeout":false,"runtime":4.148867130279541,"final_ub":0.6928058224320408}