{"lbs":[0.018888116907626894,0.404575511768891,0.5739613991366034,0.5984935035836492,0.6170925868464032,0.6216736616523179,0.6216736616523179,0.6231066195072312,0.6246639216476043,0.6290602348980898,0.6290602348980898,0.6290602348980898,0.6305149746244336,0.6308710755093974,0.6308710755093974,0.6342774739108179,0.6351113148126081,0.635598516543512,0.637110585502535,0.637110585502535,0.6385735953931082,0.6391942624718917],"times":[0.7430629730224609,0.7436339855194092,0.7449400424957275,0.7569460868835449,0.757533073425293,0.7591209411621094,0.7935390472412109,0.793989896774292,0.7946569919586182,0.8016400337219238,0.8023700714111328,0.8032181262969971,0.8039960861206055,0.8045339584350586,0.8111131191253662,0.8124949932098389,0.8129959106445312,0.8134119510650635,0.8217689990997314,0.8219170570373535,0.8512411117553711,0.8521289825439453],"env":"FrozenLake4","ubs":[0.6606697775923414,0.6606697775923414,0.6606697775923414,0.6581545952455867,0.6573048796758499,0.656823750454932,0.6560451088501613,0.6522259842017475,0.6522259842017475,0.6522259842017475,0.6508341147170121,0.6495902009585042,0.6490228712890456,0.6483557361606677,0.6473752740426991,0.6468133770069443,0.646053290701913,0.646053290701913,0.646053290701913,0.6460451088501613,0.6451134301093489,0.6451134301093489],"sim_r":null,"sim_rsigma":null,"solver":"BIB-SARSOP","env_full":"Frozen Lake (4)","final_lw":0.6391942624718917,"timeout":false,"runtime":0.8521289825439453,"final_ub":0.6451134301093489}