{"lbs":[0.013342545741648823,0.34403337604792067,0.4437285158504285,0.4638277323800774,0.4638277323800774,0.4770069224115935,0.4888152895941505,0.4908186777459052,0.49138304322812,0.49138304322812,0.4938559858841642,0.49409010653694563,0.4982792570410867,0.49890491833652106,0.49935790076614245,0.49940078592640375,0.49940484598889257,0.49940484598889257,0.4994460369092152,0.49945027068872594,0.4994507031446058,0.4994507470811224,0.4994724375134891,0.49947654408511566,0.4994769328661607,0.4999316145335515,0.5013692282959722,0.5015053313599404],"times":[0.21625304222106934,0.2466719150543213,0.24701404571533203,0.2471909523010254,0.24727106094360352,0.2480928897857666,0.2484910488128662,0.24874091148376465,0.24912500381469727,0.24917387962341309,0.24953889846801758,0.24963808059692383,0.2501370906829834,0.2503170967102051,0.2505910396575928,0.25067806243896484,0.25078701972961426,0.25083303451538086,0.2512509822845459,0.2513890266418457,0.2515110969543457,0.25194311141967773,0.25208592414855957,0.2522280216217041,0.25278496742248535,0.2542760372161865,0.25462889671325684,0.2554450035095215],"env":"FrozenLake4","ubs":[0.5488008399736126,0.5488008399736126,0.539794821344663,0.5243677352673004,0.5243677352673004,0.5242532172943251,0.5239771302147856,0.5195661653411291,0.515753070538529,0.5135131209843606,0.5110683039811481,0.510624757007587,0.5105827651293138,0.5105787896364212,0.5101912426756514,0.5097669429336108,0.5097267732465625,0.5095661653411291,0.508792762517013,0.5243271623785548,0.5157530711683563,0.508792762517013,0.508792762517013,0.5073771806033136,0.5067096055887338,0.5065896673253063,0.5064891572942337,0.5063547803161321],"sim_r":null,"sim_rsigma":null,"solver":"SARSOP","env_full":"Frozen Lake (4)","final_lw":0.5015053313599404,"timeout":false,"runtime":0.2554450035095215,"final_ub":0.5063547803161321}