{"lbs":[9.880538920810002,19.621545684999155,22.014733269435304,24.40074129111815],"times":[9.453186988830566,9.453426122665405,9.453745126724243,9.453794002532959],"env":"RockSample5","ubs":[24.532339332120436,24.532339332120436,24.532339332120436,24.532339332120436],"sim_r":null,"sim_rsigma":null,"solver":"BIB-SARSOP","env_full":"RockSample ()","final_lw":24.40074129111815,"timeout":false,"runtime":9.453794002532959,"final_ub":24.532339332120436}