{"lbs":[0.009195274233158773,0.26159138353717465,0.3461709875046312,0.3835093151080464,0.3935227875388936,0.397662556751226,0.4004307277999069],"times":[0.14272308349609375,0.1430048942565918,0.1431729793548584,0.1435689926147461,0.14376306533813477,0.14642095565795898,0.14681005477905273],"env":"FrozenLake4","ubs":[0.40285330997489144,0.40285330997489144,0.40285330997489144,0.40285330997489144,0.40285174693277326,0.4028515970179917,0.40285156987574466],"sim_r":null,"sim_rsigma":null,"solver":"BIB-SARSOP","env_full":"Frozen Lake (4)","final_lw":0.4004307277999069,"timeout":false,"runtime":0.14681005477905273,"final_ub":0.40285156987574466}