{"lbs":[-31.24999999999997,-10.046590876472514,-7.634615011862339,-5.345578068869306,0.6009547584016088,5.52042823268231,8.794379722522201,11.411687028550286,16.3264298233339,19.52388102026326,20.80719943635419,23.361733272136952,24.452657309402834,25.475488227571937,26.15721014388741,27.42520253250418,27.851299454357473,28.107715183031566,28.693427371375,29.328237752512344,29.602362603984734,29.859678635193006,30.24031179926479,30.372955656944676,30.65298453022846,30.77582748001413,30.84932795161715,30.88294285383445,31.028199902715485,31.103602021550394,31.166799253169277,31.204164791992653,31.2212536474306,31.31504005767446,31.330107421716484,31.37777682763441,31.424623056266103,31.44547676634271,31.46961227889421,31.471310473260274,31.488979868615843,31.5038222384797,31.520342459699474,31.52714511611425,31.53861472328193,31.54354825380654,31.549987394092128,31.555577041779795,31.5597587061527,31.563044171033848,31.565664332478015,31.567634663041876],"times":[0.00902104377746582,0.00966501235961914,0.00984501838684082,0.010091066360473633,0.010397911071777344,0.012074947357177734,0.012490034103393555,0.012900114059448242,0.013341903686523438,0.013709068298339844,0.014101982116699219,0.014611005783081055,0.014988899230957031,0.0155029296875,0.015836000442504883,0.01637101173400879,0.016627073287963867,0.016865968704223633,0.017405986785888672,0.017956018447875977,0.018278121948242188,0.018637895584106445,0.019150972366333008,0.019438982009887695,0.01992011070251465,0.02023601531982422,0.02056097984313965,0.02072596549987793,0.021167993545532227,0.021500110626220703,0.021780967712402344,0.022008895874023438,0.022157907485961914,0.022655963897705078,0.02278304100036621,0.023128986358642578,0.026381969451904297,0.026766061782836914,0.02713799476623535,0.0272829532623291,0.027595043182373047,0.027957916259765625,0.03157806396484375,0.03187298774719238,0.03368997573852539,0.034011125564575195,0.03445291519165039,0.03623604774475098,0.03662991523742676,0.038327932357788086,0.03978610038757324,0.04120993614196777],"env":"Tiger","ubs":[67.65719945756814,67.65719945756814,58.02576965527577,58.02576965527577,57.87620748029158,55.93625827092338,53.0403592814922,52.359270058081535,52.105517139127016,49.816983599843724,47.95234711788846,47.240405985050195,45.458507854223626,44.374412682736605,43.25703744841797,42.91111713957166,41.89234170260529,41.24031717735167,40.77963775461831,39.818542362966625,38.951630722101584,38.441949870578036,38.09290400180417,37.188156159893246,37.02144859407113,36.37185030391089,36.02863742488731,35.76316765808439,35.75429721495425,35.2357609843001,34.93723921386486,34.66722944112155,34.5190840799974,34.43936272300414,34.08429917129729,34.02460615544196,33.74962113849217,33.33988852408226,33.14087572218956,32.96558334996486,32.93944831942296,32.820364290779224,32.67216789055188,32.464787198636174,32.410160759166395,32.25607228490124,32.181953761498164,32.101767002820964,32.005765918695474,31.95324356037867,31.88412259149084,31.828700233515768],"sim_r":null,"sim_rsigma":null,"solver":"EBIB-SARSOP","env_full":"Tiger","final_lw":31.567634663041876,"timeout":false,"runtime":0.04120993614196777,"final_ub":31.828700233515768}