{"lbs":[-37.037037037037,-26.8498142342742,-23.391627111550875,-15.94568352480627,-11.129947305191308,-7.93943003688271,-3.56762224547259,0.07825239605701595,1.2665708622499343,4.445202299194474,8.754992847270234,12.004787574836065,13.436008994390122,14.537506405097623,16.257204486312773,18.172776170079658,20.316138570955488,22.29368173858584,23.636419491494177,24.851952740727846,26.26614102458172,27.187927275938492,28.157146359953334,28.974491653145886,30.488748055024548,31.30738498733954,31.956515148680037,32.440537865111466,33.44480274599677,33.81207048608994,33.93359136382925,34.26547536064841,34.320204932442856,34.90622094521859,35.182762247782556,35.40542669223934,35.7138370931823,36.01380603093179,36.036854946742935,36.19325525876958,36.34658609283072,36.53099266359423,36.657863677819805,36.7565799042285,36.90323291695117,36.985379089305574,37.06025490128787,37.092831373360724,37.14267233877091,37.20442033921658,37.25929094634631,37.33327625615823,37.36378586677238,37.37662494089797,37.38258025264419,37.42783286273669,37.43756896714429,37.465837413281186,37.50389977151403,37.51895982460684,37.5266872004926,37.559457265798194,37.5709326315097,37.58749994760642,37.59867256303133,37.61153952979344,37.61750777933754,37.63142669522189,37.64065121318298,37.65138612771649,37.667933096890096,37.67560828895769,37.68453394526773,37.692234128814746,37.69580580330444,37.7051742743684,37.7111764673661,37.722381485185764,37.72628747919112,37.733296612820126,37.73654774879951,37.75774618217166,37.775423253399126,37.77631357127562,37.78110389495637,37.784056875821335,37.79036618706355,37.79329271548637,37.79848251165059,37.800889761095135,37.802006346353,37.8106736435666,37.81379033246286,37.81523598608333,37.82205728303491,37.82320259131686,37.82948668268409,37.830023268489164,37.83027215993699,37.83479220689408,37.83598165194428,37.83708551100102,37.838479263905654,37.840326860551514,37.84124197175181,37.84244823689917,37.842707764988134,37.84330448244198,37.84405076217135,37.84511674515668,37.84558743959822,37.845626923809256,37.846311998374446,37.846367400151806,37.84683299575187,37.847025200289366,37.84726674504445,37.84732603886509,37.847599852011115,37.84767457245515,37.84770923099311,37.84782610787438,37.84786271760868],"times":[0.004971027374267578,0.03262495994567871,0.03278088569641113,0.03295588493347168,0.03316903114318848,0.03346991539001465,0.033822059631347656,0.0341949462890625,0.034657955169677734,0.03518104553222656,0.03561687469482422,0.03616499900817871,0.037001848220825195,0.03797006607055664,0.0386660099029541,0.03970503807067871,0.04061698913574219,0.04150199890136719,0.042584896087646484,0.04414200782775879,0.04501795768737793,0.04689502716064453,0.04881000518798828,0.05115389823913574,0.05241584777832031,0.053587913513183594,0.055299997329711914,0.05697488784790039,0.05811595916748047,0.05926203727722168,0.05946087837219238,0.061328887939453125,0.061447858810424805,0.06254887580871582,0.06373786926269531,0.06494498252868652,0.0660409927368164,0.07048392295837402,0.07061100006103516,0.0720069408416748,0.07313704490661621,0.07432198524475098,0.07536697387695312,0.07716488838195801,0.07842087745666504,0.0843808650970459,0.0856778621673584,0.08693885803222656,0.08714103698730469,0.08860397338867188,0.09000086784362793,0.09128284454345703,0.09247899055480957,0.09365487098693848,0.0948798656463623,0.09713983535766602,0.09864497184753418,0.10608386993408203,0.10766983032226562,0.10905098915100098,0.11048603057861328,0.11209893226623535,0.11241602897644043,0.1138918399810791,0.11530303955078125,0.11997604370117188,0.12421393394470215,0.12571096420288086,0.12706398963928223,0.12859392166137695,0.13876700401306152,0.14058303833007812,0.14084291458129883,0.1427168846130371,0.14464402198791504,0.1460559368133545,0.1561899185180664,0.15831303596496582,0.15930891036987305,0.16051006317138672,0.16131806373596191,0.16302084922790527,0.16452598571777344,0.1652820110321045,0.1661238670349121,0.16641592979431152,0.16733789443969727,0.16780495643615723,0.1681358814239502,0.16901087760925293,0.16965198516845703,0.17082595825195312,0.17393183708190918,0.174422025680542,0.17558598518371582,0.17586493492126465,0.17751288414001465,0.17797088623046875,0.17833995819091797,0.18045306205749512,0.18123483657836914,0.1817028522491455,0.18255186080932617,0.18376588821411133,0.18454384803771973,0.1858508586883545,0.18666887283325195,0.18746089935302734,0.18883800506591797,0.19013285636901855,0.19096684455871582,0.1912670135498047,0.1929149627685547,0.19334983825683594,0.19451093673706055,0.19576406478881836,0.19718384742736816,0.19768786430358887,0.19977498054504395,0.20035290718078613,0.2009260654449463,0.20250988006591797,0.20307397842407227],"env":"Tiger","ubs":[163.91415709744257,163.91415709744257,154.31771325071279,151.34011810487635,144.92777625031752,143.22247790478127,140.5063804305256,136.91803959311048,132.32521650089998,130.91750444968903,127.74097015258249,122.79262997708567,119.91415709744254,119.91415709744254,115.58571849139317,113.51432962506851,110.79378528301237,106.26289145097343,102.63607476550771,101.28952136669965,99.09544983910627,96.40298252872665,93.30980098427865,91.9125880525346,89.17866487623249,85.87341088329399,83.64977442239767,81.88579501970268,80.82260626400245,76.65569111235142,75.21145935405406,74.11788695986921,73.29752098364843,72.91213496003743,70.07928519515575,69.22501706734843,67.61237938039702,66.25279811930814,64.28145502333834,63.852105810851235,63.10450558890949,62.53234366162087,60.33170958967048,59.69863408130328,58.842509861906386,57.84170467579496,57.07573526216101,56.327672638098406,55.888035533424414,55.55960991912313,55.197549269241335,54.82209599834327,54.00052253739972,53.16981651781554,52.71684313674446,52.22522340001189,52.07117304811125,51.895011238628676,51.816549381827045,51.14252038317808,50.56709998208264,50.207830645471105,49.82678446008397,49.532006719915486,49.1640113894638,48.932609046749135,48.8673544170351,48.777812573031376,48.64723061756422,48.46902363291744,48.32442385080148,47.954369899596074,47.835334429955964,47.6035621781314,47.47091458033425,47.37114811507833,47.23603950890586,47.13456770347186,46.94366749053879,46.66037800159985,46.554478539581886,46.43190422707565,45.33800103772274,44.47119359291438,44.403507177864824,44.30660087629768,44.231177284698695,43.94816370922381,43.88493351971252,43.58046626983554,43.56921882333543,43.5340986804284,43.18623720037571,42.875197103506174,42.845732637595134,42.2987395782714,42.2437537018684,41.469183594708454,41.40617509643445,41.344864317301074,40.79109733897248,40.594838776331486,40.53044310918911,40.31607005027631,40.04586982375458,39.910519317535844,39.70865981291426,39.63316257067025,39.51473072540677,39.327255365647346,39.062540439202806,38.942949972800506,38.925492024261196,38.7237706102039,38.723760749072724,38.60705290466423,38.53553016666094,38.42319208954955,38.422004311041846,38.285968704729235,38.26018460467014,38.255106778344896,38.21717883237132],"sim_r":null,"sim_rsigma":null,"solver":"SARSOP","env_full":"Tiger","final_lw":37.84786271760868,"timeout":false,"runtime":0.20307397842407227,"final_ub":38.21717883237132}