{"lbs":[0.015916780060162086,0.3732194794079591,0.5065508804995645,0.5065508804995645,0.5330998894653439,0.536071657417024,0.5524044179058535,0.5555362619290345,0.5555362619290345,0.5558388885719661,0.5560179157234622,0.556049688448262,0.5560527586117093,0.556053055278226,0.5560530839447851,0.5560544852759008,0.5560547558264056,0.5560547950279701,0.5579505278558042,0.5583941668764606,0.5620913885983592,0.5624899557142384,0.5625324604254229,0.5625369533137159,0.5625373874565694,0.5625374294073159,0.5625374348821185,0.5632469081334411,0.563315501023527,0.5633221290790439],"times":[0.2986910343170166,0.3293900489807129,0.3298509120941162,0.3298969268798828,0.3322179317474365,0.33263587951660156,0.33321499824523926,0.33379697799682617,0.3339049816131592,0.33400487899780273,0.3343489170074463,0.33452701568603516,0.33478403091430664,0.33495402336120605,0.335068941116333,0.3356468677520752,0.33580589294433594,0.3364288806915283,0.3375430107116699,0.3379960060119629,0.34053492546081543,0.34102296829223633,0.34237003326416016,0.3427128791809082,0.3430209159851074,0.34316587448120117,0.3444180488586426,0.3448669910430908,0.34519004821777344,0.3467729091644287],"env":"FrozenLake4","ubs":[0.6084626146067622,0.6084626146067622,0.6043818007884106,0.5937129856246355,0.5913850045706004,0.5882887501584473,0.5879516289649229,0.5838284444911359,0.580995609761342,0.5793089087150796,0.5783479440910606,0.5782550871365029,0.5782461144711265,0.5779516289649229,0.5762895981495996,0.5739033609347866,0.5739033609347866,0.5739033609347866,0.5739033609347866,0.5714392102745477,0.5711695073869189,0.5711434462935605,0.5711409280387765,0.5705367133597485,0.5703758502418679,0.5703603062157364,0.5700368972084757,0.5694658147552375,0.5692487585785871,0.5683330034007611],"sim_r":null,"sim_rsigma":null,"solver":"SARSOP","env_full":"Frozen Lake (4)","final_lw":0.5633221290790439,"timeout":false,"runtime":0.3467729091644287,"final_ub":0.5683330034007611}