{"lbs":[9.451650624159997,18.301007973763618,18.301007973763618,20.334162099298783,22.338852067076456,22.338852067076456,22.338852067076456,22.338852067076456,22.338852067076456,22.338852067076456,22.338852067076456,22.338852067076456,22.338852067076456,22.338852067076456,22.338852067076456,22.338852067076456,22.338852067076456,22.338852067076456,22.338852067076456,22.338852067076456,22.338852067076456,22.338852067076456,22.338852067076456,22.338852067076456,22.338852067076456,22.338852067076456,22.338852067076456,22.338852067076456,22.338852067076456,22.338852067076456,22.338852067076456,22.338852067076456,22.338852067076456,22.338852067076456,22.338852067076456,22.338852067076456,22.338852067076456,22.338852067076456,22.338852067076456,22.338852067076456,22.338852067076456,22.338852067076456,22.338852067076456,22.338852067076456,22.338852067076456,22.338852067076456,22.338852067076456,22.338852067076456,22.338852067076456,22.338852067076456,22.338852067076456,22.338852067076456,22.338852067076456,22.338852067076456,22.338852067076456,22.338852067076456,22.338852067076456,22.338852067076456,22.338852067076456,22.338852067076456,22.338852067076456,22.338852067076456,22.338852067076456,22.338852067076456,22.338852067076456,22.338852067076456,22.338852067076456,22.338852067076456,22.338852067076456,22.338852067076456,22.338852067076456],"times":[1.9727861881256104,2.0030410289764404,2.0033211708068848,2.0036890506744385,2.003815174102783,2.0040462017059326,2.00412917137146,2.004263162612915,2.0044751167297363,2.004660129547119,2.004885196685791,2.005113124847412,2.005284070968628,2.0055160522460938,2.0056161880493164,2.005758047103882,2.0059821605682373,2.006089210510254,2.0063230991363525,2.0066511631011963,2.006904125213623,2.00714111328125,2.00736403465271,2.0075931549072266,2.0079891681671143,2.0084919929504395,2.008669137954712,2.008881092071533,2.009465217590332,2.0100200176239014,2.01043701171875,2.0109400749206543,2.0112900733947754,2.011864185333252,2.012059211730957,2.0124871730804443,2.0128581523895264,2.013395071029663,2.0138092041015625,2.014219045639038,2.0144591331481934,2.014803171157837,2.01507306098938,2.015454053878784,2.0156781673431396,2.0159690380096436,2.0166120529174805,2.016947031021118,2.017390012741089,2.0176050662994385,2.017956018447876,2.018186092376709,2.018540143966675,2.019071102142334,2.0195209980010986,2.019749164581299,2.0200700759887695,2.0205039978027344,2.0209591388702393,2.0214040279388428,2.0216100215911865,2.021947145462036,2.0221550464630127,2.022548198699951,2.0227041244506836,2.0230112075805664,2.0236740112304688,2.023806095123291,2.024271011352539,2.0244081020355225,2.0245370864868164],"env":"RockSample5","ubs":[22.8978942794027,22.8978942794027,22.8978942794027,22.8978942794027,22.8978942794027,22.8978942794027,22.897894279402696,22.897894279402696,22.86550495662285,22.86550495662285,22.86550495662285,22.849424456994992,22.83356908436192,22.83356908436192,22.832445990638767,22.815905602046488,22.768207492045796,22.687558964338052,22.673773120955126,22.65413443031911,22.63588991717178,22.626944394341244,22.626916942015143,22.626915932792187,22.62691589569038,22.62691589569038,22.62691589569038,22.626915894326416,22.626915894276273,22.62627904896201,22.62627904896201,22.62627904896201,22.62625563677811,22.624424916295432,22.621204422310633,22.62078853620386,22.62078853620386,22.6170238183404,22.61290174282575,22.610015864466277,22.604460082840475,22.601787721555006,22.601787721555006,22.601787721555006,22.59951891301424,22.595792651826414,22.593242445096084,22.589259574316884,22.589259574316884,22.589259574316884,22.589259574316884,22.589259574316884,22.58807836619542,22.586066997712642,22.582919117180857,22.582919117180857,22.582919117180857,22.582919117180854,22.582919117180854,22.582919117180854,22.582919117180854,22.582919117180854,22.582919117180854,22.582919117180854,22.582919117180854,22.58202721386358,22.58196708838764,22.566289652001423,22.56572565548775,22.565022538925398,22.558508869453718],"sim_r":null,"sim_rsigma":null,"solver":"SARSOP","env_full":"RockSample ()","final_lw":22.338852067076456,"timeout":false,"runtime":2.0245370864868164,"final_ub":22.558508869453718}