{"lbs":[9.2236816,17.62324816960088,18.560780512855782,21.298749968097397,21.298749968097397,21.298749968097397,21.298749968097397,21.298749968097397,21.298749968097397,21.298749968097397,21.298749968097397,21.298749968097397,21.298749968097397,21.298749968097397,21.298749968097397,21.298749968097397,21.298749968097397,21.298749968097397,21.298749968097397,21.298749968097397,21.298749968097397,21.298749968097397,21.298749968097397,21.298749968097397,21.298749968097397,21.298749968097397,21.298749968097397,21.298749968097397,21.298749968097397,21.298749968097397,21.298749968097397,21.298749968097397,21.298749968097397,21.298749968097397,21.298749968097397,21.298749968097397,21.298749968097397,21.298749968097397,21.298749968097397,21.298749968097397,21.298749968097397,21.298749968097397,21.298749968097397,21.298749968097397,21.298749968097397,21.298749968097397,21.298749968097397,21.298749968097397,21.298749968097397,21.298749968097397,21.298749968097397,21.298749968097397,21.298749968097397,21.298749968097397,21.298749968097397,21.298749968097397,21.298749968097397,21.298749968097397,21.298749968097397,21.298749968097397,21.298749968097397,21.298749968097397,21.298749968097397,21.298749968097397,21.298749968097397,21.298749968097397,21.298749968097397,21.298749968097397,21.298749968097397,21.298749968097397,21.298749968097397,21.298749968097397,21.298749968097397,21.298749968097397,21.298749968097397,21.298749968097397,21.298749968097397,21.298749968097397,21.298749968097397,21.298749968097397,21.298749968097397,21.298749968097397,21.298749968097397,21.298749968097397,21.298749968097397,21.298749968097397,21.298749968097397,21.298749968097397,21.298749968097397,21.298749968097397,21.298749968097397,21.298749968097397,21.298749968097397,21.298749968097397,21.298749968097397,21.298749968097397],"times":[1.4238028526306152,1.454096794128418,1.4544479846954346,1.4547579288482666,1.4550259113311768,1.455307960510254,1.4555559158325195,1.4557628631591797,1.4559979438781738,1.456239938735962,1.4565088748931885,1.4567439556121826,1.456995964050293,1.457101821899414,1.4572539329528809,1.457535982131958,1.457664966583252,1.4580118656158447,1.4584028720855713,1.4587538242340088,1.4591419696807861,1.4594388008117676,1.4596028327941895,1.459972858428955,1.460399866104126,1.4607179164886475,1.4610328674316406,1.461331844329834,1.4615299701690674,1.4618229866027832,1.4621329307556152,1.4625558853149414,1.4629487991333008,1.4633197784423828,1.463804006576538,1.4640309810638428,1.4643518924713135,1.464972972869873,1.4651298522949219,1.4654018878936768,1.4657928943634033,1.466148853302002,1.466310977935791,1.4667890071868896,1.4669568538665771,1.4672420024871826,1.4674038887023926,1.4678518772125244,1.4681899547576904,1.4685897827148438,1.468993902206421,1.4693739414215088,1.4697659015655518,1.4701387882232666,1.4703989028930664,1.470728874206543,1.4712109565734863,1.4713928699493408,1.4716639518737793,1.4718589782714844,1.4721620082855225,1.47261381149292,1.473132848739624,1.4738140106201172,1.4741249084472656,1.4743938446044922,1.4748668670654297,1.4751489162445068,1.47552490234375,1.4757637977600098,1.4761018753051758,1.476233959197998,1.4765949249267578,1.4769089221954346,1.4773619174957275,1.4775009155273438,1.4783430099487305,1.4837028980255127,1.4845919609069824,1.4847478866577148,1.4849779605865479,1.4855268001556396,1.48573899269104,1.4862279891967773,1.4864528179168701,1.4869048595428467,1.487135887145996,1.4875998497009277,1.4877657890319824,1.488379955291748,1.4886620044708252,1.4892618656158447,1.489426851272583,1.4895579814910889,1.4897129535675049,1.4904959201812744],"env":"RockSample5","ubs":[22.057280481124362,22.057280481124362,22.057280481124362,22.05728048112436,22.05728048112436,22.05728048112436,22.034682461204355,22.012536401682755,22.012536401682752,21.990390342161156,21.968687203829987,21.968687203829987,21.968687203829987,21.966283452749305,21.943224248749306,21.838473999929516,21.766457147706937,21.72201713058618,21.710865060107054,21.7104486027577,21.709915052974207,21.709580030399714,21.70948824000496,21.70796475581484,21.696241263867222,21.681909943552185,21.675001013880664,21.6620261073343,21.654492394368383,21.654381042870746,21.649920967077556,21.643726704117036,21.643374092331218,21.643374092331218,21.643374092331218,21.64335062300613,21.641992798469914,21.63922571628207,21.63423502271374,21.63423502271374,21.63423502271374,21.634061964616787,21.634061964616787,21.634061964616787,21.634061964616784,21.630885701288246,21.62731345975338,21.62731345975338,21.62731345975338,21.62731345975338,21.62731345975338,21.62731345975338,21.62731345975338,21.62731345975338,21.62731345975338,21.62731345975338,21.62731345975338,21.62731345975338,21.62731345975338,21.626619682427407,21.626539816532322,21.625309255467677,21.617174948723438,21.603174085921523,21.601089383375296,21.599363378687745,21.598795312568182,21.598795312568182,21.597628479493856,21.597628479493856,21.593846074098558,21.591410110974735,21.58855483028521,21.58855483028521,21.58855483028521,21.574109161156827,21.573769627285007,21.56336644704121,21.561553602396323,21.559715432118722,21.554625155203574,21.55011508107228,21.546991391596453,21.54393017591014,21.54367523050987,21.54367523050987,21.54367523050987,21.543320224140757,21.538808592661905,21.537536047927937,21.531269802505374,21.526936932541762,21.52520951148241,21.516525011784978,21.513256542046175,21.510482617756388],"sim_r":null,"sim_rsigma":null,"solver":"SARSOP","env_full":"RockSample ()","final_lw":21.298749968097397,"timeout":false,"runtime":1.4904959201812744,"final_ub":21.510482617756388}