{"lbs":[0.010986028947555997,0.2758203137492673,0.38069762997810325,0.39922085110205696,0.4293421517115173,0.4355025635120788,0.4372334847647357,0.4402408101627023],"times":[0.2549581527709961,0.25523996353149414,0.255450963973999,0.25563597679138184,0.25614309310913086,0.258774995803833,0.25902819633483887,0.25952911376953125],"env":"FrozenLake4","ubs":[0.44215427905921767,0.44215427905921767,0.44215295130409077,0.44215242535437105,0.44215237668066987,0.44215214319431867,0.44215185926690553,0.4421518329910134],"sim_r":null,"sim_rsigma":null,"solver":"EBIB-SARSOP","env_full":"Frozen Lake (4)","final_lw":0.4402408101627023,"timeout":false,"runtime":0.25952911376953125,"final_ub":0.4421518329910134}