{"lbs":[-35.71428571428568,-19.351028953788834,-16.410545130058296,-9.064636728696712,-2.1438683032498744,1.185096973863486,2.399200068882716,7.49248592123399,9.572041745475284,11.484581358208064,17.091220448079678,17.8612469038315,20.237065037167547,22.280246130835625,23.662415672121877,25.284153068669024,26.710800348526522,27.8269478206147,28.795126246659052,29.450078827786626,30.882213156272492,31.952073403131312,32.31785476931618,32.69121298545464,33.34383941880965,33.73434945672791,33.96155298848631,34.24713699376632,34.573954941875144,34.80982979317711,35.07279220245434,35.23339573082728,35.537597657989224,35.537597657989224,35.537597657989224,35.66235017663553,35.7271185358958,35.75858797874683,35.91430223719709,36.0279807259528,36.03744881775033,36.06129305129083,36.154206225540804,36.182026623038894,36.204641822211656,36.26007384499645,36.28386779971329,36.29164247053873,36.30248412406111,36.313169629729934,36.323021126019874,36.33089868329638,36.33882110837126,36.34080019531518,36.34671883110091,36.35284100765616,36.36806700514196,36.370674952620654,36.376454639372106,36.38399070531965,36.38787018431573,36.392238972528986,36.39255590897055,36.395848735316136,36.39698895284185,36.39889761181817,36.400825047045515,36.40363135434231,36.40492882151204,36.406678514476894,36.40824450812691,36.409457405093896,36.410443194371894,36.411256809042406],"times":[0.009611845016479492,0.009755849838256836,0.009897947311401367,0.010056018829345703,0.011516809463500977,0.011962890625,0.012476921081542969,0.012993812561035156,0.013485908508300781,0.014134883880615234,0.014657020568847656,0.015157938003540039,0.015642881393432617,0.01628398895263672,0.016952991485595703,0.017472028732299805,0.018043994903564453,0.018548965454101562,0.019121885299682617,0.0196378231048584,0.020322799682617188,0.020968914031982422,0.021492958068847656,0.02212691307067871,0.022832870483398438,0.023497819900512695,0.024008989334106445,0.024569988250732422,0.025094032287597656,0.025831937789916992,0.026446819305419922,0.02697300910949707,0.02773284912109375,0.02779102325439453,0.02786087989807129,0.028354883193969727,0.028883934020996094,0.02940082550048828,0.03019094467163086,0.030900955200195312,0.031028032302856445,0.03125500679016113,0.03204703330993652,0.03265881538391113,0.0329289436340332,0.03796195983886719,0.03861689567565918,0.03879594802856445,0.03913593292236328,0.039453983306884766,0.039804935455322266,0.040059804916381836,0.0403139591217041,0.0405428409576416,0.040860891342163086,0.04149484634399414,0.04255795478820801,0.04274392127990723,0.04322695732116699,0.04409193992614746,0.04475688934326172,0.045262813568115234,0.04549980163574219,0.045979976654052734,0.04624295234680176,0.04672384262084961,0.047302961349487305,0.0531158447265625,0.05374598503112793,0.05447983741760254,0.05528903007507324,0.05602383613586426,0.058847904205322266,0.05991101264953613],"env":"Tiger","ubs":[93.06387772865519,93.06387772865519,85.59015720333235,84.51156242765776,80.7962182937848,76.40426402254545,76.27412506916528,75.7143641689812,74.7377196539524,72.69539745121595,72.39853908244763,68.39218539278767,67.1459747679128,64.87943207182985,62.80752943770216,61.99730584199831,60.431279672311845,58.33654247259429,56.762150103730306,55.67674065687083,55.188407845918206,53.124150115876645,51.697732487772925,50.67282803512333,50.3184747868273,49.148321462431134,48.32123762859361,47.84349481921372,47.08559529502631,46.47035339263793,45.78929966114339,44.89644437102227,44.4357861866943,44.00436313202124,44.00436313202124,43.34924996018462,42.95366067811183,42.67125368866273,42.57853967400598,41.932465734285415,41.2016339507687,41.09313581998424,41.06682452397598,40.385912688779726,40.20662777636781,40.06296154080579,39.35036569349056,39.26451384081767,39.23329193538787,39.0634747725594,38.967848234949884,38.86004894284652,38.75480463009703,38.6260024957549,38.574485237798974,38.502107366666664,38.40854404807719,38.146210318950835,38.080283708562646,37.95460634041791,37.72103658786028,37.581289573743675,37.4645862474993,37.44572101494373,37.38247814744524,37.32570590651541,37.25913158720806,37.17802209498264,37.05242430006338,36.99124669528363,36.924138582510864,36.84249568322536,36.79639486559629,36.73445292871687],"sim_r":null,"sim_rsigma":null,"solver":"BIB-SARSOP","env_full":"Tiger","final_lw":36.411256809042406,"timeout":false,"runtime":0.05991101264953613,"final_ub":36.73445292871687}