{"lbs":[0.009281575602485178,0.2633349381704064,0.3491073479618427,0.35531148472046337,0.36607729426978897,0.38933520604438954,0.3938562906431501,0.4002037917125582,0.4027434819508975,0.4040405150651266],"times":[0.25301408767700195,0.2532820701599121,0.25344300270080566,0.25359606742858887,0.25380706787109375,0.25455403327941895,0.2561910152435303,0.2566039562225342,0.25693798065185547,0.2573840618133545],"env":"FrozenLake4","ubs":[0.40736280703793615,0.40736280703793615,0.40736280703793615,0.40736280703793615,0.4073603256149116,0.4073595006752433,0.4073593401390314,0.4073593254977275,0.407359324162404,0.40735875958433654],"sim_r":null,"sim_rsigma":null,"solver":"EBIB-SARSOP","env_full":"Frozen Lake (4)","final_lw":0.4040405150651266,"timeout":false,"runtime":0.2573840618133545,"final_ub":0.40735875958433654}