{"lbs":[9.2236816,17.62324816960088,18.560780512855782,21.298749968097397,21.298749968097397,21.298749968097397,21.298749968097397,21.298749968097397,21.298749968097397,21.298749968097397,21.298749968097397,21.298749968097397,21.298749968097397,21.298749968097397,21.298749968097397,21.298749968097397,21.298749968097397,21.298749968097397,21.298749968097397,21.298749968097397,21.298749968097397,21.298749968097397,21.298749968097397,21.298749968097397,21.298749968097397,21.298749968097397,21.298749968097397,21.298749968097397,21.298749968097397,21.298749968097397,21.298749968097397,21.298749968097397,21.298749968097397,21.298749968097397,21.298749968097397,21.298749968097397,21.298749968097397,21.298749968097397,21.298749968097397,21.298749968097397,21.298749968097397,21.298749968097397,21.298749968097397,21.298749968097397,21.298749968097397,21.298749968097397,21.298749968097397,21.298749968097397,21.298749968097397,21.298749968097397,21.298749968097397,21.298749968097397,21.298749968097397,21.298749968097397,21.298749968097397,21.298749968097397,21.298749968097397,21.298749968097397,21.298749968097397,21.298749968097397,21.298749968097397,21.298749968097397,21.298749968097397,21.298749968097397,21.298749968097397,21.298749968097397,21.298749968097397,21.298749968097397,21.298749968097397,21.298749968097397,21.298749968097397,21.298749968097397,21.298749968097397,21.298749968097397,21.298749968097397,21.298749968097397,21.298749968097397,21.298749968097397,21.298749968097397,21.298749968097397,21.298749968097397,21.298749968097397,21.298749968097397,21.298749968097397,21.298749968097397,21.298749968097397,21.298749968097397,21.298749968097397,21.298749968097397,21.298749968097397,21.298749968097397,21.298749968097397,21.298749968097397],"times":[1.4368040561676025,1.437082052230835,1.4373791217803955,1.4376699924468994,1.4378581047058105,1.4381251335144043,1.4383289813995361,1.4385199546813965,1.4387149810791016,1.4388530254364014,1.4391400814056396,1.4393911361694336,1.4394879341125488,1.439621925354004,1.4398810863494873,1.4399831295013428,1.4403009414672852,1.440575122833252,1.440999984741211,1.4412801265716553,1.4415380954742432,1.4417750835418701,1.4420130252838135,1.4425311088562012,1.4427671432495117,1.4430029392242432,1.4431431293487549,1.4435601234436035,1.4439260959625244,1.4442670345306396,1.4447219371795654,1.4452409744262695,1.4457330703735352,1.4461090564727783,1.4466710090637207,1.4470839500427246,1.4472811222076416,1.4476659297943115,1.4481561183929443,1.4483180046081543,1.4487440586090088,1.4489550590515137,1.4495160579681396,1.4497640132904053,1.4501149654388428,1.4504749774932861,1.4506621360778809,1.4509620666503906,1.4516470432281494,1.451875925064087,1.4521639347076416,1.4523260593414307,1.4528100490570068,1.4532029628753662,1.4534051418304443,1.453801155090332,1.4540340900421143,1.4544939994812012,1.4547381401062012,1.455075979232788,1.455254077911377,1.4555950164794922,1.4558629989624023,1.4562139511108398,1.4564039707183838,1.4566450119018555,1.4570751190185547,1.4573450088500977,1.4575650691986084,1.457664966583252,1.4581029415130615,1.4582300186157227,1.4583611488342285,1.4586060047149658,1.4587769508361816,1.4591169357299805,1.4593040943145752,1.4597480297088623,1.4605319499969482,1.4607250690460205,1.4610059261322021,1.4613311290740967,1.4616191387176514,1.4617681503295898,1.4619159698486328,1.4624240398406982,1.4626381397247314,1.4629571437835693,1.4637551307678223,1.4644310474395752,1.4645700454711914,1.4647190570831299,1.4648730754852295],"env":"RockSample5","ubs":[22.05728048112436,22.05728048112436,22.05728048112435,22.05728048112435,22.03468246120435,22.01608873018106,22.012536401682752,22.012536401682752,22.012536401682752,22.012536401682752,21.996958473098303,21.99039034216115,21.966283452749305,21.943224248749303,21.84012541982588,21.76551944610541,21.719052641451697,21.711836020901572,21.711836020901572,21.711836020901572,21.701934821663407,21.68871366537195,21.688185750431657,21.687644030996807,21.687644030996807,21.687644030996807,21.687644030996807,21.687644030996807,21.687644030996807,21.687644030996807,21.687644030996807,21.687185027201057,21.684948083798755,21.68001800855625,21.67436339933066,21.668821882289585,21.668523084568868,21.668523084568868,21.66794277935655,21.667534651154185,21.66701177236636,21.665174130418944,21.663416302117994,21.65811883354984,21.65811883354984,21.64978209061011,21.64123064731738,21.641213195319416,21.637713652328873,21.63299767636465,21.63299767636465,21.63057009427844,21.63057009427844,21.63057009427844,21.63057009427844,21.630570094278436,21.630570094278436,21.630570094278436,21.630570094278436,21.630570094278436,21.630570094278436,21.630570094278436,21.630570094278436,21.630570094278436,21.630291006380475,21.62674216617583,21.6267409132631,21.624178465556856,21.61613487150187,21.61613487150187,21.607438192932115,21.599937467372097,21.598972168373514,21.58850749241229,21.588501973604487,21.588501973604487,21.588501973604487,21.588501973604487,21.573921404387665,21.555930522914664,21.55194260405797,21.550286135145516,21.5486310458805,21.537491822531983,21.53117027459564,21.52358804146298,21.52237357225107,21.51988429246719,21.51988429246719,21.51988429246719,21.51494287959749,21.51309547134273,21.50633005761366],"sim_r":null,"sim_rsigma":null,"solver":"BIB-SARSOP","env_full":"RockSample ()","final_lw":21.298749968097397,"timeout":false,"runtime":1.4648730754852295,"final_ub":21.50633005761366}