{"lbs":[9.036878906249997,17.08028084046314,17.950509468510198,20.474716382739196,20.474716382739196,20.474716382739196,20.474716382739196,20.474716382739196,20.474716382739196,20.474716382739196,20.474716382739196,20.474716382739196,20.474716382739196,20.474716382739196,20.474716382739196,20.474716382739196,20.474716382739196,20.474716382739196,20.474716382739196,20.474716382739196,20.474716382739196,20.474716382739196,20.474716382739196,20.474716382739196,20.474716382739196,20.474716382739196,20.474716382739196,20.474716382739196,20.474716382739196,20.474716382739196,20.474716382739196,20.474716382739196,20.474716382739196,20.474716382739196,20.474716382739196,20.474716382739196,20.474716382739196,20.474716382739196,20.474716382739196,20.474716382739196,20.474716382739196,20.474716382739196,20.474716382739196,20.474716382739196,20.474716382739196,20.474716382739196,20.474716382739196,20.474716382739196,20.474716382739196,20.474716382739196,20.474716382739196,20.474716382739196,20.474716382739196,20.474716382739196,20.474716382739196,20.474716382739196,20.474716382739196,20.474716382739196,20.474716382739196,20.474716382739196,20.474716382739196,20.474716382739196,20.474716382739196,20.474716382739196,20.474716382739196,20.474716382739196,20.474716382739196,20.474716382739196,20.474716382739196,20.474716382739196,20.474716382739196,20.474716382739196,20.474716382739196,20.474716382739196,20.474716382739196,20.474716382739196,20.474716382739196,20.474716382739196,20.474716382739196,20.474716382739196,20.474716382739196,20.474716382739196,20.474716382739196,20.474716382739196,20.474716382739196,20.474716382739196,20.474716382739196,20.474716382739196,20.474716382739196,20.474716382739196,20.474716382739196,20.474716382739196,20.474716382739196,20.474716382739196,20.474716382739196,20.474716382739196,20.474716382739196,20.474716382739196,20.474716382739196,20.474716382739196,20.474716382739196,20.474716382739196,20.474716382739196,20.474716382739196,20.474716382739196,20.474716382739196,20.474716382739196,20.474716382739196,20.474716382739196,20.474716382739196,20.474716382739196,20.474716382739196,20.474716382739196,20.474716382739196,20.474716382739196,20.474716382739196,20.474716382739196,20.474716382739196,20.474716382739196,20.474716382739196],"times":[1.1871528625488281,1.187436819076538,1.1877329349517822,1.1880109310150146,1.1881990432739258,1.188464879989624,1.18874192237854,1.1889958381652832,1.1892130374908447,1.1894149780273438,1.1896908283233643,1.1899700164794922,1.1900718212127686,1.1902320384979248,1.1905169486999512,1.1906239986419678,1.1909708976745605,1.1913928985595703,1.1917879581451416,1.1921019554138184,1.1923799514770508,1.1925699710845947,1.1928479671478271,1.1933588981628418,1.1935479640960693,1.1938269138336182,1.193969964981079,1.1944329738616943,1.1948308944702148,1.195199966430664,1.1957228183746338,1.1962778568267822,1.196800947189331,1.1973319053649902,1.1979398727416992,1.1981899738311768,1.1987190246582031,1.198930025100708,1.1993458271026611,1.1998720169067383,1.2001628875732422,1.2006678581237793,1.2008919715881348,1.2012948989868164,1.2015128135681152,1.2020478248596191,1.2022340297698975,1.2028088569641113,1.2031099796295166,1.203536033630371,1.2036969661712646,1.2039990425109863,1.2041869163513184,1.2045249938964844,1.2046940326690674,1.2050058841705322,1.2051739692687988,1.2054648399353027,1.2057609558105469,1.2061049938201904,1.206324815750122,1.2068228721618652,1.207063913345337,1.2074780464172363,1.2077288627624512,1.208158016204834,1.208564043045044,1.2087750434875488,1.2091200351715088,1.209496021270752,1.2095990180969238,1.2097008228302002,1.2101190090179443,1.2107958793640137,1.2109358310699463,1.2110748291015625,1.2114028930664062,1.2121310234069824,1.2122719287872314,1.2124159336090088,1.212770938873291,1.2129199504852295,1.213073968887329,1.2134299278259277,1.213927984237671,1.21445894241333,1.2150189876556396,1.2152578830718994,1.2158238887786865,1.2164218425750732,1.2171099185943604,1.2178618907928467,1.2180938720703125,1.2187409400939941,1.218897819519043,1.2190659046173096,1.2191998958587646,1.2195439338684082,1.220015048980713,1.2204368114471436,1.220607042312622,1.2207489013671875,1.2209010124206543,1.2215008735656738,1.2217869758605957,1.2223408222198486,1.2225959300994873,1.2227349281311035,1.2231030464172363,1.2234678268432617,1.2242159843444824,1.2244110107421875,1.2245969772338867,1.2253899574279785,1.2255618572235107,1.2257049083709717,1.225843906402588,1.2263970375061035,1.2265620231628418,1.2273528575897217],"env":"RockSample5","ubs":[21.382907669251157,21.382907669251157,21.382907669251153,21.382907669251153,21.35537342883367,21.332992211183402,21.328527544426628,21.328527544426628,21.328527544426628,21.328527544426624,21.309810493403212,21.301681660019582,21.271614661346824,21.2433744147648,21.120926190974437,21.02990616511147,20.973307291955386,20.967423266076942,20.967423266076942,20.967423266076942,20.955569825291185,20.939802683354912,20.939148469054473,20.938491236793602,20.938491236793602,20.938491236793602,20.938491236793602,20.938491236793602,20.938491236793602,20.938491236793602,20.938491236793602,20.937971160568374,20.935276497980283,20.929407798564547,20.923146883032814,20.91704249038937,20.916225244988922,20.915864884578127,20.915864884578127,20.91516501637231,20.914672799610045,20.9140421896632,20.912114838043436,20.90975022502915,20.90264026630293,20.894551084899422,20.885914149311574,20.885914149311574,20.884359302426823,20.88230973326552,20.882216436735895,20.88209610561838,20.88209610561838,20.87966625929493,20.872229512209742,20.87139864487131,20.87134325885416,20.8691222778465,20.8691222778465,20.8691222778465,20.8691222778465,20.8691222778465,20.8691222778465,20.8691222778465,20.8691222778465,20.8691222778465,20.8691222778465,20.8691222778465,20.8691222778465,20.8691222778465,20.848334977519876,20.848334977519876,20.84608971525489,20.828857187081404,20.826946711789198,20.815224022078574,20.8071563213356,20.797680485215423,20.787261607676818,20.786106680315903,20.780107370849947,20.772530026294753,20.763187857684947,20.761195995946046,20.756561952661997,20.756561952661997,20.756561952661997,20.756561952661997,20.756561952661997,20.756561952661997,20.752931675398216,20.73839656970839,20.727675873984687,20.727675873984687,20.723104107900006,20.722084624855597,20.721815711060238,20.71680136236375,20.71680136236375,20.716102052208896,20.714950982869325,20.708197735189778,20.702106123391395,20.70049102609613,20.69934269475204,20.69934269475204,20.69934269475204,20.697246459494956,20.69669279793756,20.69408300705881,20.69408300705881,20.69408300705881,20.690824068965846,20.69054254343557,20.687720213242045,20.687678329057714,20.7021191752347,20.702119175234696,20.6816637848007,20.67775706957179],"sim_r":null,"sim_rsigma":null,"solver":"EBIB-SARSOP","env_full":"RockSample ()","final_lw":20.474716382739196,"timeout":false,"runtime":1.2273528575897217,"final_ub":20.67775706957179}