{"lbs":[0.016421003483682514,0.373061566014297,0.5124788359937572,0.5430984253375601,0.5609395053342568,0.5712851463706613,0.5773188442520341,0.5791217661837131],"times":[0.37229013442993164,0.37262797355651855,0.3734550476074219,0.37722110748291016,0.3775780200958252,0.3796420097351074,0.37996697425842285,0.3805840015411377],"env":"FrozenLake4","ubs":[0.5866546748921473,0.5866546748921473,0.5866546748921473,0.5851236860936048,0.584974843430144,0.5849601938840572,0.5842229413880781,0.5838977758829029],"sim_r":null,"sim_rsigma":null,"solver":"BIB-SARSOP","env_full":"Frozen Lake (4)","final_lw":0.5791217661837131,"timeout":false,"runtime":0.3805840015411377,"final_ub":0.5838977758829029}