{"lbs":[0.013750948331100285,0.3525461917234201,0.4568291412374861,0.4568291412374861,0.47684451657264754,0.49720233298912603,0.49914815316116923,0.4993341344433856,0.506981390197303,0.5077098494270074,0.5077792407049269,0.5077792407049269,0.5085126161525636,0.5117683064396435,0.5117683064396435,0.5161422677912982,0.517043434000397,0.5171754304903474,0.5190392378832266,0.5192211761796601,0.5192385071851265],"times":[0.21699786186218262,0.2483539581298828,0.24869108200073242,0.24876689910888672,0.25016093254089355,0.2512049674987793,0.25135207176208496,0.2517509460449219,0.252255916595459,0.2523539066314697,0.2524549961090088,0.25273990631103516,0.25287795066833496,0.2538158893585205,0.2538740634918213,0.2544519901275635,0.25585389137268066,0.25601696968078613,0.2568929195404053,0.25705504417419434,0.25717592239379883],"env":"FrozenLake4","ubs":[0.5655199199128776,0.5655199199128776,0.5581043800663346,0.5440034884162565,0.5428760144610237,0.5421874418349686,0.5417121923436402,0.5387009138093148,0.5351841148969336,0.5331528685201454,0.5329593768652838,0.5321191146992059,0.5291186886071046,0.5291186886071046,0.5287009138093148,0.5260166324604829,0.5257211109644352,0.5256929602959732,0.5256902787308572,0.5250963371817514,0.5243810479842924],"sim_r":null,"sim_rsigma":null,"solver":"SARSOP","env_full":"Frozen Lake (4)","final_lw":0.5192385071851265,"timeout":false,"runtime":0.25717592239379883,"final_ub":0.5243810479842924}