{"lbs":[0.008940844970084691,0.25641978444596103,0.28494386452433956,0.3468220390718229,0.35237112880416926,0.361239974823088,0.37309125149699707,0.3837251096608638,0.3837251096608638,0.38498287207940407,0.38498287207940407,0.38498287207940407,0.38498287207940407,0.3877203848815887,0.3877203848815887,0.3877203848815887,0.3877203848815887,0.3877203848815887,0.3877203848815887,0.38978546624541965,0.39013236047391814,0.39013236047391814],"times":[0.11048412322998047,0.14025402069091797,0.1405320167541504,0.1407771110534668,0.14089107513427734,0.14111804962158203,0.14156198501586914,0.14182305335998535,0.14194011688232422,0.14215803146362305,0.14224600791931152,0.14240002632141113,0.1424720287322998,0.14273405075073242,0.1427769660949707,0.14303803443908691,0.14307904243469238,0.14348912239074707,0.1436150074005127,0.14393901824951172,0.14426517486572266,0.14438199996948242],"env":"FrozenLake4","ubs":[0.4397687744619476,0.4397687744619476,0.43184267832790163,0.42205824769646205,0.4099655501628618,0.4087101045133122,0.4078496830032519,0.4077718663958399,0.4033478526132954,0.40163832261616933,0.40163832261616933,0.400949434726778,0.40038599296687943,0.3997756517476122,0.3977308541877469,0.3952222477679932,0.39483278705755975,0.39454051688227754,0.39447886107280034,0.3944732313990206,0.39419964078484804,0.3937685331081326],"sim_r":null,"sim_rsigma":null,"solver":"SARSOP","env_full":"Frozen Lake (4)","final_lw":0.39013236047391814,"timeout":false,"runtime":0.14438199996948242,"final_ub":0.3937685331081326}