{"lbs":[-62.49999999999994,-44.887835253815716,-41.42830418896626,-32.442896648653175,-23.94895226245706,-19.446893140773383,-17.6363361313337,-4.470492189340428,-0.5119999354711233,2.891954481426806,7.599100450097179,12.227778251479553,15.322046821716253,18.299424863089175,21.095168257955564,24.529764549397733,26.89367552074394,28.82007770296535,32.578299820915355,35.97267190981235,37.59976952318797,41.44862194453357,43.23031367941958,44.08259873872025,45.20255473949053,47.623855444774826,49.200529788785936,50.565252154902424,51.56613213159888,52.48259577448732,53.454349255111865,53.91919452359639,55.85953212566569,56.49248846913327,57.321802625460904,58.32518541832623,58.93468235460047,59.73841892275091,60.242370991784995,60.389813155111355,60.53834674355234,61.0648928865047,61.13539594087964,61.8776471166575,62.11771864839933,62.795855605021245,63.2019832176835,63.42764303946315,63.883551758507565,63.97030326487115,64.19992508529782,64.30692755929371,64.48336231660599,64.53229886101296,64.60501949453467,64.75155566585128,64.75685137301875,64.82945318918811,64.85099107781119,64.89142172096584,64.91076200998663,64.98151641813729,65.00937014771407,65.03123794100773,65.04292505008885,65.11336371375353,65.16250111447926,65.23012292358692,65.24311666283893,65.24668942330302,65.2753385528766,65.29778143756248,65.31791539668305,65.32894673942248,65.35388799383253,65.36332225564057,65.37343838409987,65.3780722440277,65.3786443062692,65.39773196442832,65.40361690592715,65.41468089564859,65.4167264766152,65.41843245383552,65.41901313391487,65.42010697288494,65.4206302186256,65.42514742000442,65.42796389838392,65.42857000672043,65.42885994300369,65.43438513854308,65.43534767998402,65.43664799403496,65.43707106341746,65.44050500902478,65.4422906594411,65.44289644143336,65.4431862216075,65.44526371354512,65.44643625280855,65.44674665968668],"times":[0.04090404510498047,0.041288137435913086,0.041615962982177734,0.04206514358520508,0.042608022689819336,0.043359994888305664,0.04426097869873047,0.04522109031677246,0.046331167221069336,0.04771018028259277,0.04912900924682617,0.05067300796508789,0.05241703987121582,0.05439305305480957,0.056455135345458984,0.05838894844055176,0.060955047607421875,0.06403303146362305,0.0662529468536377,0.06891608238220215,0.07280802726745605,0.07495403289794922,0.07959914207458496,0.0848240852355957,0.08978509902954102,0.09415698051452637,0.10069894790649414,0.10783696174621582,0.11532211303710938,0.1179351806640625,0.12111306190490723,0.12166500091552734,0.12526202201843262,0.12966299057006836,0.13982796669006348,0.1427931785583496,0.14767003059387207,0.150285005569458,0.15281200408935547,0.15324711799621582,0.1536550521850586,0.15594911575317383,0.15638208389282227,0.1594240665435791,0.16167497634887695,0.16493701934814453,0.1679370403289795,0.17004704475402832,0.1735999584197998,0.17633795738220215,0.17979717254638672,0.18154096603393555,0.18463897705078125,0.20717096328735352,0.20903611183166504,0.21329402923583984,0.2136061191558838,0.21631097793579102,0.21695899963378906,0.21921610832214355,0.2196969985961914,0.22228312492370605,0.22428417205810547,0.22594594955444336,0.22632312774658203,0.2287750244140625,0.231309175491333,0.23471307754516602,0.23529815673828125,0.23614716529846191,0.23829412460327148,0.2398509979248047,0.24190497398376465,0.24330902099609375,0.24616408348083496,0.24777603149414062,0.24945807456970215,0.25020599365234375,0.25043511390686035,0.25386500358581543,0.2558579444885254,0.25974607467651367,0.26047706604003906,0.26140308380126953,0.2619650363922119,0.2628140449523926,0.2634570598602295,0.2657811641693115,0.267132043838501,0.26769495010375977,0.2682480812072754,0.27224111557006836,0.2728860378265381,0.2737760543823242,0.27425599098205566,0.27768516540527344,0.28034114837646484,0.2841610908508301,0.2846691608428955,0.31119418144226074,0.33978915214538574,0.34188413619995117],"env":"Tiger","ubs":[164.51838089371643,164.51838089371643,156.85730976708365,155.7505535629399,151.7508323236305,148.1883693136644,147.16803301245312,146.54405231371697,142.37446417275942,139.8085691522143,138.63618191214962,137.10480749724405,133.3964847058474,132.1362302579758,130.09083969120567,129.1396047170358,126.85409315282504,125.03879114985394,124.14634140729498,121.2623128192945,118.58436973675333,116.96025855827756,115.4271649156413,115.4271649156413,110.57149861136594,109.72902662351109,107.27634256272404,105.94888039802595,104.3012894258923,102.74675791248023,101.39188229937261,100.25124928652863,99.4156871298328,96.49897716665545,95.63922981798423,94.42762735439746,92.38791044932728,91.39595596071024,89.93847011258505,89.04440601570394,88.75876312080065,88.5455000410796,87.2482123580613,86.96386983460552,85.00863248463281,84.48431856845227,82.39887473364975,81.19441101883413,80.2960930002854,78.67294773820933,78.4282078177167,77.53106651987768,77.03505832230911,76.32546057728003,75.99438708443256,75.55134690735653,74.59462309679981,74.59462309679981,74.10854099858075,73.85257346155814,73.55781510046307,73.40568719302419,72.81718705454693,72.67093100819628,72.4401326755892,72.39812099137887,71.7322979740388,71.22801985441421,70.55119054457819,70.40737047056135,70.33380435993108,70.04468690752353,69.72965877359312,69.43340714071708,69.2676290053481,68.77781098798168,68.59175544756273,68.39288998096185,68.30686990246647,68.30686990246647,67.90978776656593,67.77997257268942,67.47596553181259,67.4300273592589,67.37344929718283,67.35033562054888,67.33565112574446,67.32847689032783,67.18157547664538,67.05377051062109,67.03849756729106,67.02741334586065,66.79796895957674,66.75924906381594,66.70248345880181,66.68390354722827,66.50116259922618,66.37271225424533,66.33577108710465,66.33058872833556,66.18277790508688,66.07446487622411],"sim_r":null,"sim_rsigma":null,"solver":"BIB-SARSOP","env_full":"Tiger","final_lw":65.44674665968668,"timeout":false,"runtime":0.34188413619995117,"final_ub":66.07446487622411}