{"lbs":[-21.739130434782588,-7.043896252876337,-4.693932479824516,-2.5845162338780323,3.2511744442556,6.128947697504772,8.209939053107774,10.443706722439531,12.609184685530437,13.72540171222334,14.873683655153364,16.224729918954296,17.168863375117297,18.178601519664944,18.554883284640354,19.03033688308247,19.45969192474186,19.784595842212884,20.19180561754755,20.312295057478263,20.418988145012683,20.544668408862094,20.67230692762319,20.73490830817458,20.816905442653017,20.92289335930466,20.972620619244704,21.03742215164784,21.042934244503186,21.088905456740328,21.135637086380036,21.161972613970345,21.183056113480028,21.199558236752964,21.200521376818273,21.210414572479458,21.217780333812858,21.226508449170055,21.23347634098858,21.23892865872982,21.24318673139733,21.246511499539242,21.2488150645408],"times":[0.007584095001220703,0.007961034774780273,0.008064985275268555,0.008175134658813477,0.008975028991699219,0.009113073348999023,0.009274005889892578,0.009452104568481445,0.009663105010986328,0.009821176528930664,0.009994029998779297,0.010205984115600586,0.010358095169067383,0.010591983795166016,0.010746955871582031,0.010957002639770508,0.011132001876831055,0.011250019073486328,0.011562108993530273,0.011631011962890625,0.01177215576171875,0.01197195053100586,0.012135028839111328,0.012221097946166992,0.012377023696899414,0.013792037963867188,0.01399993896484375,0.014203071594238281,0.014269113540649414,0.014549016952514648,0.014795064926147461,0.016284942626953125,0.017089128494262695,0.01788806915283203,0.017951011657714844,0.01809096336364746,0.01829814910888672,0.0190279483795166,0.019720077514648438,0.0204160213470459,0.021108150482177734,0.02180004119873047,0.02194809913635254],"env":"Tiger","ubs":[46.63516308036079,46.63516308036079,39.071354201624914,39.071354201624914,38.97886616346506,35.957168143043425,34.989842302620204,34.17042261976192,32.725985581805645,31.34237943239427,31.08890246474201,30.503858024467377,29.229991906962034,28.47839099626015,27.36238419046309,26.916162687130587,26.490876624239355,25.838711647400388,25.35351961821435,24.820087011332316,24.55583540380547,24.31211574693802,24.092811699658675,23.796005963577656,23.78491761680867,23.58823949397585,23.16421008423216,23.11046772705082,22.809380149392243,22.76814320110096,22.59773631583191,22.297301534164546,22.101683694946786,21.95552787741059,21.834719860174943,21.834719860174943,21.799156213379273,21.742070704823533,21.65890069004788,21.589701951410174,21.532322198791043,21.484856486309454,21.44560981777431],"sim_r":null,"sim_rsigma":null,"solver":"EBIB-SARSOP","env_full":"Tiger","final_lw":21.2488150645408,"timeout":false,"runtime":0.02194809913635254,"final_ub":21.44560981777431}