{"lbs":[0.011757495264079425,0.33288834042658794,0.40553821026490056,0.43514972564263354,0.4524084980037724,0.4540290294192711,0.45959000760062674,0.46628752660910416,0.4674855308140676,0.46759801873669726,0.47116512497132584,0.47190366355744745,0.47190366355744745,0.47355367147096505,0.4737464973597525,0.4737646029586886,0.4747914761306897,0.4747914761306897,0.4770502259093834,0.47847513018529264,0.4786089231396739,0.47889866913810936,0.47918499771915474],"times":[0.16530299186706543,0.1964271068572998,0.1967461109161377,0.19707107543945312,0.19733500480651855,0.19751811027526855,0.19840407371520996,0.19884705543518066,0.19894099235534668,0.1992180347442627,0.19960999488830566,0.19989299774169922,0.2001330852508545,0.21960711479187012,0.2198030948638916,0.22011089324951172,0.22037196159362793,0.22042298316955566,0.2209949493408203,0.22156906127929688,0.22167205810546875,0.22241806983947754,0.22264409065246582],"env":"FrozenLake4","ubs":[0.5272383763557917,0.5272383763557917,0.5162766838424542,0.5012039866887621,0.5012039866887621,0.5012039866887621,0.4997536189809453,0.4994680172761418,0.4992428464669366,0.495057529517263,0.49088249664333755,0.49046425933615606,0.4896696606463332,0.4880794553267703,0.4877047309741176,0.4873649854864067,0.4867263254550925,0.485057529517263,0.484921972669407,0.48460025511210625,0.48457004708817425,0.4840130292863759,0.48319183793173703],"sim_r":null,"sim_rsigma":null,"solver":"SARSOP","env_full":"Frozen Lake (4)","final_lw":0.47918499771915474,"timeout":false,"runtime":0.22264409065246582,"final_ub":0.48319183793173703}