{"lbs":[9.801495006249999,19.373688717305193,19.373688717305193,20.538648969162573,21.69778441976066,22.60400816856099,23.54520466472511,23.778314929877357,24.010259643703847],"times":[5.534666061401367,5.534950017929077,5.535217046737671,5.535562038421631,5.535849094390869,5.536062955856323,5.536107063293457,5.536396026611328,5.536442995071411],"env":"RockSample5","ubs":[24.22588392598495,24.22588392598495,24.22588392598495,24.22588392598495,24.219788621277935,24.214573526931964,24.213723793094463,24.213723793094463,24.213723793094463],"sim_r":null,"sim_rsigma":null,"solver":"EBIB-SARSOP","env_full":"RockSample ()","final_lw":24.010259643703847,"timeout":false,"runtime":5.536442995071411,"final_ub":24.213723793094463}