{"lbs":[0.016765749274501706,0.3789201885671301,0.5238210954469573,0.5590751138363372,0.5771022521934258,0.5838646036590898,0.5897358172483309,0.5914071606915238,0.5945607915055501],"times":[1.3628499507904053,1.3632280826568604,1.3640320301055908,1.369184970855713,1.3694250583648682,1.3721039295196533,1.3732268810272217,1.393280029296875,1.3939650058746338],"env":"FrozenLake4","ubs":[0.6008929378249213,0.6008929378249213,0.6008929378249213,0.6008923059780629,0.60089224429834,0.6005825503169151,0.5988550968937999,0.5987479166269584,0.5985777787265134],"sim_r":null,"sim_rsigma":null,"solver":"EBIB-SARSOP","env_full":"Frozen Lake (4)","final_lw":0.5945607915055501,"timeout":false,"runtime":1.3939650058746338,"final_ub":0.5985777787265134}