{"lbs":[-31.24999999999997,-15.280646854461848,-12.497612854797286,-5.628867078206969,0.5641848449382292,3.607668509112976,4.676342381145329,7.797743721586639,11.705334350245352,15.394624642504315,17.16143393600383,19.47076893998286,21.051166509236083,22.247666843354054,24.418630801693077,25.16086044754602,25.802932477769517,26.815555973748943,27.286378259802746,27.747140087161974,28.250865309009868,28.817541333991745,29.177226293607088,29.483535334737173,29.68769184075847,29.81928996567394,30.231005943813656,30.364262940290665,30.596270761041943,30.629569240004376,30.824051569414983,30.939039578525275,31.060830789274874,31.16725267020093,31.19042018685385,31.227960509452092,31.31731728090093,31.334959082482573,31.37337339939115,31.384946019335587,31.424691196658323,31.460454622982358,31.467074894198323,31.482342835374993,31.492594796918034,31.495822942646587,31.511338311923094,31.518163355515966,31.521284739202358,31.526404571898777,31.53150560808369,31.532767653520366,31.537008679206714,31.539525468468888,31.54067650359974,31.546994754879343,31.549932003080638,31.551275332026986,31.55346462567151,31.554465883080894,31.55492380082179,31.559714106619097,31.561120591316794,31.564006022803323,31.564875370863565,31.565510701801347,31.56726272198061,31.568259781130816,31.568259781130816,31.568259781130816,31.56953491927495,31.569820586868083,31.569951234848983,31.570863620948437,31.57107603640332,31.57179429449274,31.57198047576461],"times":[0.007879972457885742,0.008000850677490234,0.008108854293823242,0.008234977722167969,0.009353876113891602,0.009714841842651367,0.01010894775390625,0.010532855987548828,0.010891914367675781,0.011242866516113281,0.01157999038696289,0.011986970901489258,0.012315034866333008,0.012723922729492188,0.01320195198059082,0.013602972030639648,0.014016866683959961,0.014492988586425781,0.014909982681274414,0.015290021896362305,0.015767812728881836,0.016255855560302734,0.016618013381958008,0.01708984375,0.01746988296508789,0.017741918563842773,0.018333911895751953,0.01862502098083496,0.019115924835205078,0.019398927688598633,0.019999027252197266,0.020360946655273438,0.020871877670288086,0.02134394645690918,0.02162003517150879,0.022073030471801758,0.022589921951293945,0.02271294593811035,0.02314591407775879,0.02341485023498535,0.02386188507080078,0.0243988037109375,0.024672985076904297,0.025130033493041992,0.02553391456604004,0.02583599090576172,0.02622699737548828,0.026456832885742188,0.026651859283447266,0.02690887451171875,0.027136802673339844,0.027412891387939453,0.027647018432617188,0.027904033660888672,0.02812480926513672,0.02867603302001953,0.028882980346679688,0.02905583381652832,0.029291868209838867,0.029436826705932617,0.029577970504760742,0.03017902374267578,0.03035902976989746,0.030812978744506836,0.031024932861328125,0.03111886978149414,0.03145790100097656,0.03189396858215332,0.03195786476135254,0.032034873962402344,0.035806894302368164,0.03595280647277832,0.03606295585632324,0.037532806396484375,0.03766202926635742,0.03812384605407715,0.03826594352722168],"env":"Tiger","ubs":[81.15365755697196,81.15365755697196,73.7412740706288,72.67179983996999,69.04700459472252,64.86135569891873,64.73980314181155,64.18532066431727,63.282716012752275,61.304070785978666,59.02913731470174,57.10972529460147,54.53197179846338,52.81756705134664,51.843014256641595,49.34756840582092,48.368305836844414,47.99191241126341,46.82868561239302,45.75245132078827,44.965481795256416,44.29811646740164,43.012005980861304,42.12715564672429,41.435193382711454,41.01384626416442,40.83754700127024,39.60570509527793,39.115127728013704,38.29304901075412,38.23279523741041,37.50682321812156,37.138777858126744,36.53103491120733,36.14933271564648,36.02733693430259,35.87638941060307,35.33502145975787,35.222124942215785,34.909222790528496,34.86564105875359,34.54804884392797,34.186605781439994,34.17003404177383,33.9578944547673,33.77828014405159,33.700941295373994,33.455777331982915,33.34868903854102,33.32062047754889,33.24101232920651,33.14327319193657,33.104698869107324,33.022211635093335,32.98755938937011,32.96672705280319,32.82345659910018,32.776938908425976,32.76090123180414,32.70947134695486,32.70506321638223,32.69547443553115,32.5272291900075,32.461178930617486,32.320912530107535,32.27196531811329,32.26192715611303,32.15755260895304,32.10480511303628,32.10480511303628,32.08677019817081,31.98910190133988,31.98910190133988,31.969405727764556,31.894051823864498,31.894051823864498,31.837648874671995],"sim_r":null,"sim_rsigma":null,"solver":"BIB-SARSOP","env_full":"Tiger","final_lw":31.57198047576461,"timeout":false,"runtime":0.03826594352722168,"final_ub":31.837648874671995}