{"lbs":[9.07401035776,17.18732180443369,17.97588211694436,18.745516981954772,20.636507501018333,20.636507501018333,20.636507501018333,20.636507501018333,20.636507501018333,20.636507501018333,20.636507501018333,20.636507501018333,20.636507501018333,20.636507501018333,20.636507501018333,20.636507501018333,20.636507501018333,20.636507501018333,20.636507501018333,20.636507501018333,20.636507501018333,20.636507501018333,20.636507501018333,20.636507501018333,20.636507501018333,20.636507501018333,20.636507501018333,20.636507501018333,20.636507501018333,20.636507501018333,20.636507501018333,20.636507501018333,20.636507501018333,20.636507501018333,20.636507501018333,20.636507501018333,20.636507501018333,20.636507501018333,20.636507501018333,20.636507501018333,20.636507501018333,20.636507501018333,20.636507501018333,20.636507501018333,20.636507501018333,20.636507501018333,20.636507501018333,20.636507501018333,20.636507501018333,20.636507501018333,20.636507501018333,20.636507501018333,20.636507501018333,20.636507501018333,20.636507501018333,20.636507501018333,20.636507501018333,20.636507501018333,20.636507501018333,20.636507501018333,20.636507501018333,20.636507501018333,20.636507501018333,20.636507501018333,20.636507501018333,20.636507501018333,20.636507501018333,20.636507501018333,20.636507501018333,20.636507501018333,20.636507501018333,20.636507501018333,20.636507501018333,20.636507501018333,20.636507501018333,20.636507501018333,20.636507501018333,20.636507501018333,20.636507501018333,20.636507501018333,20.636507501018333,20.636507501018333,20.636507501018333,20.636507501018333,20.636507501018333,20.636507501018333,20.636507501018333,20.636507501018333,20.636507501018333,20.636507501018333,20.636507501018333,20.636507501018333,20.636507501018333,20.636507501018333,20.636507501018333,20.636507501018333,20.636507501018333,20.636507501018333,20.636507501018333,20.636507501018333,20.636507501018333,20.636507501018333,20.636507501018333,20.636507501018333,20.636507501018333,20.636507501018333,20.636507501018333,20.636507501018333,20.636507501018333,20.636507501018333,20.636507501018333,20.636507501018333,20.636507501018333,20.636507501018333,20.636507501018333,20.636507501018333,20.636507501018333],"times":[1.1876158714294434,1.219048023223877,1.219398021697998,1.2195079326629639,1.2197999954223633,1.220073938369751,1.2203269004821777,1.2205898761749268,1.220829963684082,1.2211649417877197,1.221411943435669,1.221668004989624,1.221925973892212,1.222033977508545,1.2221968173980713,1.2224419116973877,1.2225549221038818,1.222930908203125,1.2233309745788574,1.2236809730529785,1.2240757942199707,1.2243828773498535,1.2245509624481201,1.224820852279663,1.2251038551330566,1.2253899574279785,1.225579023361206,1.2258620262145996,1.2260448932647705,1.2263238430023193,1.2268028259277344,1.2272229194641113,1.2275350093841553,1.228017807006836,1.2282488346099854,1.2286818027496338,1.2291259765625,1.2293798923492432,1.2298729419708252,1.230346918106079,1.2306058406829834,1.2309818267822266,1.231156826019287,1.2315068244934082,1.2322838306427002,1.2325589656829834,1.232860803604126,1.2334728240966797,1.2339198589324951,1.2343719005584717,1.234529972076416,1.2349298000335693,1.2350900173187256,1.2353909015655518,1.2356128692626953,1.2361218929290771,1.2365539073944092,1.2367420196533203,1.2371039390563965,1.2376649379730225,1.2378878593444824,1.2384419441223145,1.2387328147888184,1.2391488552093506,1.2394068241119385,1.2398808002471924,1.2400639057159424,1.240419864654541,1.2412009239196777,1.241339921951294,1.241560935974121,1.241938829421997,1.242074966430664,1.242607831954956,1.2429590225219727,1.2434039115905762,1.2441418170928955,1.244431972503662,1.2452149391174316,1.2453680038452148,1.2462258338928223,1.2465569972991943,1.2473227977752686,1.2475519180297852,1.248119831085205,1.2482879161834717,1.2488179206848145,1.2489628791809082,1.249734878540039,1.2500789165496826,1.2502448558807373,1.2510278224945068,1.2513618469238281,1.252201795578003,1.2523858547210693,1.2525248527526855,1.252687931060791,1.2534220218658447,1.2536540031433105,1.2538039684295654,1.2542338371276855,1.2545628547668457,1.2553768157958984,1.255810022354126,1.2562758922576904,1.256485939025879,1.2566540241241455,1.2568228244781494,1.257443904876709,1.2576990127563477,1.2583298683166504,1.2586138248443604,1.2587969303131104,1.2592549324035645,1.2594258785247803,1.2596068382263184,1.260213851928711],"env":"RockSample5","ubs":[21.51592311571463,21.51592311571463,21.51592311571463,21.51592311571463,21.515923115714628,21.515923115714628,21.489354413387108,21.463423359915446,21.463423359915446,21.437492306443787,21.41218359825544,21.41218359825544,21.41218359825544,21.408621037553413,21.38139900648013,21.26069394282496,21.177131077190353,21.123664410292328,21.112840039124812,21.112352404844586,21.111727665804572,21.11134233045702,21.111227906020343,21.109454809389426,21.087980543027037,21.05477127602552,21.0456679040999,21.045634090511346,21.045471489029076,21.045471489029076,21.045471489029076,21.045471489029076,21.045471489029076,21.045471489029076,21.040445554554232,21.034985775191174,21.03478936012035,21.034776795177578,21.034391445941488,21.034391445941488,21.032660870531444,21.032436644878494,21.03241659367352,21.03223656035274,21.02947062928818,21.02408784688686,21.02387827635238,21.02375845249083,21.02375845249083,21.02364780667707,21.02364780667707,21.02364780667707,21.02364780667707,21.019696827155308,21.019696827155308,21.019696827155308,21.019696827155308,21.019696827155308,21.019696827155308,21.019696827155308,21.019696827155308,21.019011849098803,21.013979144161024,21.013979144161024,21.012557596206726,21.00197154794997,20.983371171029816,20.983253933321095,20.98003647323724,20.97790562531397,20.97596241020335,20.97198873298084,20.970870791144158,20.966976650020612,20.966976650020612,20.966976650020612,20.96404105585817,20.96404105585817,20.958652620503027,20.95772649054577,20.950812540720637,20.947013698474464,20.947013698474464,20.947013698474464,20.94627341254352,20.937414090855835,20.93627429773686,20.929957639335385,20.929957639335385,20.926919114978933,20.92259073923735,20.921565129884236,20.91312685902972,20.908161481422177,20.907021875457197,20.890532953063097,20.87885856074165,20.87879017550582,20.87879017550582,20.87568894367045,20.87568894367045,20.87192937481783,20.871787081903555,20.870914615634405,20.870698847653347,20.8699230426218,20.865009996478392,20.860394322243337,20.858256683219103,20.857591978826495,20.857591978826495,20.857591978826495,20.853423175666077,20.85316150287227,20.849276501144033,20.84448421934035,20.840511843438765],"sim_r":null,"sim_rsigma":null,"solver":"SARSOP","env_full":"RockSample ()","final_lw":20.636507501018333,"timeout":false,"runtime":1.260213851928711,"final_ub":20.840511843438765}