{"lbs":[9.41336550625,18.186018494196034,19.13579139813494,22.16150214851492,22.16150214851492,22.16150214851492,22.16150214851492,22.16150214851492,22.16150214851492,22.16150214851492,22.16150214851492,22.16150214851492,22.16150214851492,22.16150214851492,22.16150214851492,22.16150214851492,22.16150214851492,22.16150214851492,22.16150214851492,22.16150214851492,22.16150214851492,22.16150214851492,22.16150214851492,22.16150214851492,22.16150214851492,22.16150214851492,22.16150214851492,22.16150214851492,22.16150214851492,22.16150214851492,22.16150214851492,22.16150214851492,22.16150214851492,22.16150214851492,22.16150214851492,22.16150214851492,22.16150214851492,22.16150214851492,22.16150214851492,22.16150214851492,22.16150214851492,22.16150214851492,22.16150214851492,22.16150214851492,22.16150214851492,22.16150214851492,22.16150214851492,22.16150214851492,22.16150214851492,22.16150214851492,22.16150214851492,22.16150214851492,22.16150214851492,22.16150214851492,22.16150214851492,22.16150214851492,22.16150214851492,22.16150214851492,22.16150214851492,22.16150214851492,22.16150214851492,22.16150214851492,22.16150214851492,22.16150214851492,22.16150214851492,22.16150214851492,22.16150214851492,22.16150214851492,22.16150214851492,22.16150214851492,22.16150214851492,22.16150214851492,22.16150214851492,22.16150214851492,22.16150214851492],"times":[1.9095299243927002,1.909808874130249,1.9101190567016602,1.9103920459747314,1.9106569290161133,1.9109349250793457,1.91109299659729,1.9113719463348389,1.911557912826538,1.9117279052734375,1.912031888961792,1.912226915359497,1.9123258590698242,1.9126160144805908,1.9128129482269287,1.912916898727417,1.913193941116333,1.9133009910583496,1.9136579036712646,1.9140899181365967,1.914473056793213,1.9147720336914062,1.9149620532989502,1.915233850479126,1.915518045425415,1.9157168865203857,1.9159860610961914,1.9161338806152344,1.916524887084961,1.916874885559082,1.91731595993042,1.9177179336547852,1.9180278778076172,1.9182069301605225,1.918761968612671,1.9190988540649414,1.919658899307251,1.9200918674468994,1.9203119277954102,1.9206678867340088,1.92097806930542,1.9212989807128906,1.9214658737182617,1.921825885772705,1.922071933746338,1.9226210117340088,1.9229528903961182,1.9231760501861572,1.9234888553619385,1.923656940460205,1.9239349365234375,1.9243559837341309,1.9247519969940186,1.9249329566955566,1.92529296875,1.9256229400634766,1.925806999206543,1.9264650344848633,1.9266619682312012,1.927109956741333,1.9274559020996094,1.927656888961792,1.9279389381408691,1.928035020828247,1.9281370639801025,1.928528070449829,1.9289979934692383,1.9291870594024658,1.930191993713379,1.9303350448608398,1.9304678440093994,1.9311769008636475,1.9320929050445557,1.9322450160980225,1.9323928356170654],"env":"RockSample5","ubs":[22.75536266178078,22.75536266178078,22.75536266178078,22.755362661780776,22.73797735236142,22.723491102449472,22.720852822583353,22.720852822583353,22.720852822583353,22.720852822583353,22.70868932515976,22.703728292805287,22.685560587261897,22.68028735145323,22.673812671125376,22.66791052693768,22.580157532953436,22.528972033875597,22.493502365331885,22.48790722185407,22.487907221854066,22.487907221854066,22.487907221854066,22.48676044332349,22.477752417554345,22.466451133342588,22.466403434238103,22.466401682466383,22.46640161813176,22.466401615769037,22.466401615682265,22.46640161567908,22.46445435197071,22.456436712082994,22.44935672264907,22.44701235222282,22.44568507007658,22.44568507007658,22.44568507007658,22.44568507007658,22.445149470297682,22.44022002643588,22.433348549425492,22.433125908038665,22.433106237888573,22.432038658306325,22.42905878771824,22.42342303777894,22.423340068801448,22.423334481323764,22.422527933299378,22.420432721509286,22.420432721509286,22.420432721509286,22.420432721509286,22.420432721509286,22.420432721509286,22.420432721509286,22.420432721509286,22.420432721509286,22.420432721509286,22.419760623489147,22.415992912490704,22.414032221854068,22.414032221854068,22.4116197006074,22.411415950945386,22.401403076657253,22.401004399939083,22.400646305181457,22.392543380607698,22.3862936687021,22.385849645241443,22.384592330814282,22.381172620700823],"sim_r":null,"sim_rsigma":null,"solver":"BIB-SARSOP","env_full":"RockSample ()","final_lw":22.16150214851492,"timeout":false,"runtime":1.9323928356170654,"final_ub":22.381172620700823}