{"lbs":[0.013342545741648823,0.2964621104599974,0.42532351684089437,0.45069738451628727,0.4801983953444909,0.48726865970274374,0.4945730601576049,0.4983854249333147],"times":[0.2242870330810547,0.22458791732788086,0.22477412223815918,0.22576093673706055,0.2259209156036377,0.22899103164672852,0.22925305366516113,0.2295989990234375],"env":"FrozenLake4","ubs":[0.5024114970091091,0.5024114970091091,0.5024104253928966,0.5024100488761637,0.5024100132302327,0.5024098456055286,0.502409658177178,0.5024093657575883],"sim_r":null,"sim_rsigma":null,"solver":"BIB-SARSOP","env_full":"Frozen Lake (4)","final_lw":0.4983854249333147,"timeout":false,"runtime":0.2295989990234375,"final_ub":0.5024093657575883}