{"lbs":[9.762151372959998,19.251076414316866,20.399607869401365,23.81767882686522,23.81767882686522,23.81767882686522,23.81767882686522,23.81767882686522,23.81767882686522,23.81767882686522,23.81767882686522],"times":[4.619268178939819,4.619552135467529,4.6198601722717285,4.620157957077026,4.6203529834747314,4.620628118515015,4.6208391189575195,4.621037006378174,4.621277093887329,4.621458053588867,4.6217591762542725],"env":"RockSample5","ubs":[24.074230806426588,24.074230806426588,24.074230806426588,24.074230806426584,24.066953122578045,24.06074329076873,24.059719104832595,24.059719104832595,24.059719104832595,24.059719104832595,24.05447942394992],"sim_r":null,"sim_rsigma":null,"solver":"EBIB-SARSOP","env_full":"RockSample ()","final_lw":23.81767882686522,"timeout":false,"runtime":4.6217591762542725,"final_ub":24.05447942394992}