{"lbs":[9.11125611841,17.29513379234034,18.19180340952787,20.79979299453671,20.79979299453671,20.79979299453671,20.79979299453671,20.79979299453671,20.79979299453671,20.79979299453671,20.79979299453671,20.79979299453671,20.79979299453671,20.79979299453671,20.79979299453671,20.79979299453671,20.79979299453671,20.79979299453671,20.79979299453671,20.79979299453671,20.79979299453671,20.79979299453671,20.79979299453671,20.79979299453671,20.79979299453671,20.79979299453671,20.79979299453671,20.79979299453671,20.79979299453671,20.79979299453671,20.79979299453671,20.79979299453671,20.79979299453671,20.79979299453671,20.79979299453671,20.79979299453671,20.79979299453671,20.79979299453671,20.79979299453671,20.79979299453671,20.79979299453671,20.79979299453671,20.79979299453671,20.79979299453671,20.79979299453671,20.79979299453671,20.79979299453671,20.79979299453671,20.79979299453671,20.79979299453671,20.79979299453671,20.79979299453671,20.79979299453671,20.79979299453671,20.79979299453671,20.79979299453671,20.79979299453671,20.79979299453671,20.79979299453671,20.79979299453671,20.79979299453671,20.79979299453671,20.79979299453671,20.79979299453671,20.79979299453671,20.79979299453671,20.79979299453671,20.79979299453671,20.79979299453671,20.79979299453671,20.79979299453671,20.79979299453671,20.79979299453671,20.79979299453671,20.79979299453671,20.79979299453671,20.79979299453671,20.79979299453671,20.79979299453671,20.79979299453671,20.79979299453671,20.79979299453671,20.79979299453671,20.79979299453671,20.79979299453671,20.79979299453671,20.79979299453671,20.79979299453671,20.79979299453671,20.79979299453671,20.79979299453671,20.79979299453671,20.79979299453671,20.79979299453671,20.79979299453671,20.79979299453671,20.79979299453671,20.79979299453671,20.79979299453671,20.79979299453671,20.79979299453671,20.79979299453671,20.79979299453671,20.79979299453671,20.79979299453671,20.79979299453671,20.79979299453671,20.79979299453671,20.79979299453671,20.79979299453671,20.79979299453671,20.79979299453671,20.79979299453671],"times":[1.2313010692596436,1.2615458965301514,1.261904001235962,1.2622458934783936,1.2625110149383545,1.2627980709075928,1.263127088546753,1.263411045074463,1.2636570930480957,1.2640149593353271,1.2642300128936768,1.264491081237793,1.2647371292114258,1.2648470401763916,1.2650129795074463,1.265312910079956,1.2654271125793457,1.2658181190490723,1.2662169933319092,1.2665040493011475,1.266922950744629,1.2672150135040283,1.2675471305847168,1.2678329944610596,1.268122911453247,1.2682640552520752,1.2687759399414062,1.2689769268035889,1.2692759037017822,1.2694170475006104,1.269787073135376,1.2703709602355957,1.2705309391021729,1.2709500789642334,1.2712619304656982,1.2714791297912598,1.2717890739440918,1.2723150253295898,1.2727429866790771,1.2732470035552979,1.2736470699310303,1.2742540836334229,1.274406909942627,1.2746798992156982,1.2748360633850098,1.2753660678863525,1.2758009433746338,1.2759759426116943,1.2763149738311768,1.2767200469970703,1.2771379947662354,1.277519941329956,1.2776820659637451,1.2779951095581055,1.2781851291656494,1.2785429954528809,1.2787461280822754,1.2789740562438965,1.279144048690796,1.2794859409332275,1.2796800136566162,1.280055046081543,1.2804651260375977,1.2806460857391357,1.2812020778656006,1.2813270092010498,1.2814550399780273,1.281860113143921,1.2819879055023193,1.2822949886322021,1.2828700542449951,1.2834179401397705,1.283555030822754,1.2843949794769287,1.2845909595489502,1.2847440242767334,1.285053014755249,1.285365104675293,1.2859280109405518,1.2862861156463623,1.286924123764038,1.2870841026306152,1.2875399589538574,1.2880940437316895,1.2884080410003662,1.2888469696044922,1.2891120910644531,1.2899439334869385,1.2903099060058594,1.2907750606536865,1.2915260791778564,1.2918081283569336,1.29231595993042,1.2924740314483643,1.2926170825958252,1.2927660942077637,1.2933399677276611,1.2936079502105713,1.294248104095459,1.294579029083252,1.2950019836425781,1.2951619625091553,1.2953391075134277,1.2958669662475586,1.2961530685424805,1.296760082244873,1.2968769073486328,1.2970309257507324,1.297187089920044,1.2976300716400146,1.2980859279632568,1.2986409664154053,1.298811912536621],"env":"RockSample5","ubs":[21.649861924365887,21.649861924365887,21.649861924365883,21.649861924365883,21.649861924365883,21.64986192436588,21.62426954483628,21.599265790035865,21.599265790035865,21.59926579003586,21.574262035235442,21.549833366795433,21.549833366795433,21.54658431633926,21.52038945499883,21.4035261254011,21.32189605271804,21.271563875090003,21.259956083191963,21.259956083191963,21.25902946759524,21.258585079017745,21.258585079017745,21.244303234442647,21.22037000127508,21.21252764814404,21.206050310327097,21.19972195127994,21.19972195127994,21.19972195127994,21.197679759425974,21.189133451820993,21.1787884878496,21.178246344200517,21.178246344200517,21.178246344200517,21.178116114346274,21.17811611434627,21.175449184380394,21.175449184380394,21.175449184380394,21.175449184380394,21.175449184380394,21.175449184380394,21.175449184380394,21.172594108238847,21.16654219935914,21.16654219935914,21.16654219935914,21.16654219935914,21.16654219935914,21.16654219935914,21.16654219935914,21.16654219935914,21.16654219935914,21.16654219935914,21.16628042268554,21.1662342667742,21.166011935807234,21.16591557719867,21.16585121385964,21.162522767517565,21.16108021337149,21.141543689683648,21.13501202940549,21.132962795494812,21.13102437944449,21.12767013006342,21.124160973498665,21.123465470363094,21.119357517835873,21.119357517835873,21.11148067742772,21.104713812968452,21.09920911554191,21.091873380705607,21.079882260788374,21.079524126500704,21.078507041290877,21.078507041290877,21.07237886954905,21.069221262909718,21.06539795350728,21.06539795350728,21.06539795350728,21.06539795350728,21.06515398047207,21.06515398047207,21.06515398047207,21.064126251464025,21.05528293836011,21.045400568561327,21.03818385867231,21.035623504139675,21.033990483517343,21.033990483517343,21.031133133110735,21.031105061681153,21.028726631791514,21.028726631791514,21.02780951149897,21.025686371997857,21.024019665811807,21.020364886390574,21.020364886390574,21.020364886390574,21.01889510525315,21.01548432797267,21.013983477011493,21.010833316027746,21.010716022398377,21.008946791777873,21.00490913163917],"sim_r":null,"sim_rsigma":null,"solver":"SARSOP","env_full":"RockSample ()","final_lw":20.79979299453671,"timeout":false,"runtime":1.298811912536621,"final_ub":21.00490913163917}