{"lbs":[-52.631578947368375,-23.17864299674408,-20.424776518357753,-12.711200493107864,-5.565101019152395,-2.1451953187206962,-0.8129471069454649,8.190033508255564,11.581284216065256,13.484805834845632,20.771182482154543,23.516122630675966,26.477262916791002,29.265930017686745,31.189889619254117,32.83150500538803,34.118940071828106,37.04961516641305,38.20061273372054,41.69557202591172,42.64773678325853,43.348425480139994,45.2467144187961,46.09422542089843,46.86470469057696,47.556100892359346,48.18748868910794,49.20409668556613,50.298017914079765,50.844750728404286,51.08955447358481,51.969981295595375,51.969981295595375,51.969981295595375,52.53877062621651,53.05561725720234,53.189726559660585,53.35242886138057,53.43264403145328,53.715318677244156,53.76027784648357,53.825248341628054,53.8560683557792,54.05132901767354,54.075471990216016,54.14304669254403,54.219806353891755,54.335366633365965,54.3624273279452,54.388578326868526,54.413184088219886,54.4438075781105,54.480823875049644,54.496309813040014,54.536427922171086,54.587645707834696,54.60057219714743,54.612539462882935,54.62718515108464,54.66277074004934,54.67254017965615,54.67340045921751,54.68187903954279,54.69165988029421,54.70028634807406,54.713392769092074,54.71672700806942,54.72332487512631,54.726352081139055,54.73303248383335,54.73338537926645,54.735714390583524,54.73691174227604,54.73910304070221,54.740511018613205,54.74066085666824,54.74073193525501],"times":[0.013906002044677734,0.014119148254394531,0.014360189437866211,0.014690160751342773,0.015088081359863281,0.015664100646972656,0.016324996948242188,0.016991138458251953,0.017763137817382812,0.018813133239746094,0.01973414421081543,0.020762205123901367,0.021775007247924805,0.022841215133666992,0.024528026580810547,0.02658820152282715,0.02837204933166504,0.029842138290405273,0.03235507011413574,0.03392314910888672,0.03511810302734375,0.038384199142456055,0.03982806205749512,0.04099106788635254,0.04226422309875488,0.04358506202697754,0.044927120208740234,0.04622220993041992,0.04764103889465332,0.04875302314758301,0.04975700378417969,0.05157017707824707,0.0516660213470459,0.051783084869384766,0.05353522300720215,0.05531120300292969,0.05662202835083008,0.05785417556762695,0.05819416046142578,0.05980801582336426,0.06022000312805176,0.06099510192871094,0.0611882209777832,0.06263017654418945,0.06284213066101074,0.06345510482788086,0.06444621086120605,0.06625914573669434,0.06656002998352051,0.0668802261352539,0.06746101379394531,0.06830716133117676,0.06918621063232422,0.06953811645507812,0.07068610191345215,0.07245802879333496,0.07314205169677734,0.07392501831054688,0.07469010353088379,0.08597016334533691,0.08677101135253906,0.08711814880371094,0.08789801597595215,0.08873915672302246,0.08963608741760254,0.09184718132019043,0.09235405921936035,0.09353804588317871,0.09406709671020508,0.09566307067871094,0.09587907791137695,0.096466064453125,0.09690523147583008,0.09762120246887207,0.09819316864013672,0.09849715232849121,0.09874105453491211],"env":"Tiger","ubs":[114.87046707487124,114.87046707487124,105.13971929283338,104.32595443476839,102.00358835635177,99.28436540413372,98.44901136588936,98.22015487455704,95.87366879750202,93.85960625087226,93.49372318021638,90.17895135172661,88.64841350354176,85.93889055985132,83.10097673829833,82.41171179832472,81.64585030320056,81.15256756311106,79.48930197549355,78.68122126295042,76.17516637183093,75.1980646980332,74.9115724959332,73.05855978729132,72.2119821578006,71.16303655297992,70.2485712145975,69.41240916055597,68.12156020394671,66.91542889245879,66.2322684079391,65.8331889147093,65.4726187829613,65.4726187829613,64.55162013737134,63.35269552062575,62.29454474241382,62.00180530943261,61.69124303867698,61.48032154298423,60.63285178536596,60.603970130485614,60.399708507185544,60.33497260763878,59.72229386245231,59.65413683857345,59.401646332672314,59.103299519477474,58.557895303254256,58.45369548649609,58.311524486294644,58.19594838599688,58.033484932099654,57.8678413320089,57.77358762325677,57.502155266238006,57.05449446462451,56.955400073886295,56.85872235364153,56.773919865934474,56.37203199036112,56.266244370068655,56.25326412036199,56.170198491439265,56.05142551345531,55.923387868424314,55.749894289521826,55.70789034615562,55.62042975237797,55.577937192125205,55.459587577126776,55.445904098893166,55.4018007889777,55.39413846411469,55.333252901602066,55.29215195825999,55.28547010083629],"sim_r":null,"sim_rsigma":null,"solver":"EBIB-SARSOP","env_full":"Tiger","final_lw":54.74073193525501,"timeout":false,"runtime":0.09874105453491211,"final_ub":55.28547010083629}