{"lbs":[9.49005240561,18.187199644899138,20.035383174547253,21.859540318309943,22.0578644903929,22.0578644903929,22.142944985527112,22.226919434224577,22.326824299874758,22.425430402271495,22.425430402271495,22.425430402271495,22.471935045664424,22.471935045664424,22.471935045664424,22.471935045664424,22.471935045664424,22.471935045664424,22.471935045664424,22.495035238431818,22.51783512869324,22.51783512869324,22.51783512869324,22.51783512869324,22.51783512869324,22.51783512869324,22.51783512869324,22.51783512869324,22.51783512869324,22.51783512869324,22.51783512869324,22.51783512869324,22.51783512869324,22.51783512869324,22.51783512869324,22.51783512869324,22.51783512869324,22.51783512869324,22.51783512869324,22.51783512869324,22.51783512869324,22.51783512869324,22.51783512869324,22.51783512869324,22.51783512869324,22.51783512869324,22.51783512869324,22.51783512869324,22.51783512869324,22.51783512869324,22.51783512869324,22.51783512869324],"times":[2.100062131881714,2.131700038909912,2.13199520111084,2.1321070194244385,2.1323471069335938,2.132667064666748,2.132956027984619,2.1332859992980957,2.13362717628479,2.133984088897705,2.134385108947754,2.1345720291137695,2.1351890563964844,2.135315179824829,2.1357290744781494,2.1359620094299316,2.1361100673675537,2.1366941928863525,2.137040138244629,2.137723207473755,2.1379621028900146,2.138435125350952,2.1387810707092285,2.1394271850585938,2.13965106010437,2.139881134033203,2.140315055847168,2.141054153442383,2.1414899826049805,2.142225980758667,2.1430130004882812,2.1432530879974365,2.14434814453125,2.1446001529693604,2.1449151039123535,2.1458539962768555,2.146200180053711,2.1468000411987305,2.147001028060913,2.14719820022583,2.1478381156921387,2.1480820178985596,2.1482670307159424,2.148841142654419,2.149055004119873,2.1492371559143066,2.149423122406006,2.150254011154175,2.150606155395508,2.1513400077819824,2.1518611907958984,2.15248703956604],"env":"RockSample5","ubs":[23.041412758508997,23.041412758508997,23.041412758508994,23.041412758508994,23.04141275850899,23.04141275850899,23.040295742574614,23.02619190070694,23.01116891405632,23.010433182852275,23.0093402526307,23.0093402526307,22.995419760707307,22.9803580460026,22.975535987895498,22.96982890548137,22.96493671084348,22.887242563221964,22.84395396002114,22.814605692285713,22.804760341798982,22.797857456679363,22.789816146958096,22.787671770499934,22.787671770499934,22.786970344646967,22.786644048887368,22.78504695554627,22.782456263187,22.77921165469058,22.775399327692412,22.775399327692412,22.775399327692412,22.77538530108072,22.774988833786466,22.774352765361613,22.77286710558286,22.765463180410613,22.761018195098373,22.759815431813454,22.759354021379714,22.752630909989453,22.747479895305375,22.747442761131467,22.747442761131467,22.747259240148274,22.747259240148274,22.746666821897936,22.746666821897936,22.746666821897936,22.745125169986828,22.74247570505619],"sim_r":null,"sim_rsigma":null,"solver":"SARSOP","env_full":"RockSample ()","final_lw":22.51783512869324,"timeout":false,"runtime":2.15248703956604,"final_ub":22.74247570505619}