{"lbs":[-20.833333333333314,-11.531193871405243,-8.671864107695043,-2.9477631015529324,0.4212515212189008,3.522500903578356,6.2485523506138625,8.559795298401557,11.316858866185466,12.080281031087278,12.413856272952966,13.468951139140756,14.56689465560467,15.497994691926424,16.596961467739487,16.596961467739487,16.596961467739487,17.053736775848613,17.486548846587528,17.720192970759957,18.138640964410214,18.43241559840606,18.71032367535362,18.819471013222525,19.062491579312344,19.234940523890064,19.31782526463477,19.451337400310493,19.49694274801123,19.603841885391056,19.641844066602438,19.65844901648707,19.72901874192408,19.759853991820282,19.81141810818591,19.847422287516892,19.885685016528065,19.918135740454897,19.949033791692358,19.97671386697553,20.002309420288647,20.060228437524728,20.080084531232934,20.09606314987598,20.103044963901805,20.121753528833132,20.156678360686335,20.167033788717244,20.176198923835074,20.184728380894438,20.188455303994616,20.19781537692451,20.201905235373758,20.209410615294406,20.212690070669723,20.219189527709165,20.232618787826613,20.236403906943032,20.239691972039086,20.242782580673353,20.247510225942662,20.251954237297404,20.25839451590695,20.26204827554836,20.263270879786013,20.26429055760868,20.265270316665973,20.26756028429199,20.26917315592182,20.270356499909802,20.271079469521297,20.27178668684732,20.272862580728358,20.273294896834443,20.27356633524044,20.273881764366237,20.274055655483195,20.27413163673455,20.274491318824687,20.27458246205363,20.274752307649734,20.274809119889472,20.275004830991634,20.275155667978076,20.27522219256818,20.275244556273243,20.27525432803344,20.275354835480897,20.275407751693677,20.275449819763775,20.275452328985608],"times":[0.003323078155517578,0.0308380126953125,0.030944108963012695,0.03101205825805664,0.03114795684814453,0.031245946884155273,0.03139305114746094,0.03152608871459961,0.03163599967956543,0.03185892105102539,0.03198504447937012,0.032135009765625,0.03233003616333008,0.032486915588378906,0.03262805938720703,0.03264904022216797,0.03267502784729004,0.03290700912475586,0.033174991607666016,0.033392906188964844,0.03363204002380371,0.03392910957336426,0.03416800498962402,0.03436994552612305,0.03464102745056152,0.034935951232910156,0.03515291213989258,0.035433053970336914,0.03564000129699707,0.03589606285095215,0.03611898422241211,0.03633594512939453,0.03653097152709961,0.03668808937072754,0.03714108467102051,0.03732705116271973,0.03756999969482422,0.03775191307067871,0.03800606727600098,0.03817009925842285,0.03839612007141113,0.03864097595214844,0.038778066635131836,0.0389859676361084,0.03915095329284668,0.03921699523925781,0.03941011428833008,0.03954291343688965,0.03969001770019531,0.03980708122253418,0.03987312316894531,0.0400090217590332,0.04011106491088867,0.040216922760009766,0.040318965911865234,0.040426015853881836,0.04061293601989746,0.04071497917175293,0.04081606864929199,0.04087710380554199,0.041253089904785156,0.0413670539855957,0.04168200492858887,0.04180908203125,0.041893959045410156,0.04200410842895508,0.0421140193939209,0.04362201690673828,0.04384613037109375,0.04419398307800293,0.044335126876831055,0.04447197914123535,0.044805049896240234,0.04498100280761719,0.045330047607421875,0.04550290107727051,0.04571795463562012,0.04590201377868652,0.046173095703125,0.04632091522216797,0.04664301872253418,0.046772003173828125,0.047007083892822266,0.04736495018005371,0.0477299690246582,0.04783797264099121,0.047946929931640625,0.04838895797729492,0.04914999008178711,0.0499110221862793,0.05006694793701172],"env":"Tiger","ubs":[90.93962349307408,90.93962349307408,81.59325578143051,78.75639413094063,72.83733016491581,68.87549458817715,67.34671399036365,64.18369681015763,61.75876931213961,56.73212425602655,56.34856691873347,55.78692925724177,54.67753107904281,52.217035486797755,49.149255939940176,46.93962349307408,46.93962349307408,45.57649664053477,45.05584705456904,43.28343431293318,41.63424300913917,40.39662758223379,39.58195906215349,38.639434429526546,37.68802057798313,37.090333939164076,35.93454822650686,34.71731848518892,34.07634865959854,33.966568288657086,33.644745966372845,32.86878791630375,32.46830288596719,32.373957733669656,31.927864878532592,31.63732910446837,31.450373243021613,31.212680892166464,30.9784027315305,30.830339943657975,30.617610597387298,30.508094778755343,29.290861073649424,28.862365943055394,28.710570742923338,28.471627997949916,28.250483572523255,27.217427614607217,27.037686066622022,26.86579771141422,26.804395742273925,26.495149483155444,26.287519195773523,25.99035201904149,25.76662355355676,25.638175155970757,25.468441913809567,24.79981351814113,24.610144558132284,24.413280397717582,24.310464681258413,23.96133694911068,23.666964201557533,23.123953512467644,22.862163712046524,22.70997616072971,22.67367871056014,22.580754654856904,22.119426989120768,21.957136214812785,21.778965419841057,21.695393340552453,21.578384417828026,21.357001887747522,21.2452147696093,21.16263870188552,21.081917306875518,21.066098319190985,21.034488893466115,20.94472971984414,20.92298067619663,20.885249521761626,20.883685115437167,20.783094817658416,20.71923193669084,20.662869275937325,20.6470874231539,20.639176620527564,20.57211370099574,20.51960742650892,20.475786401650442],"sim_r":null,"sim_rsigma":null,"solver":"SARSOP","env_full":"Tiger","final_lw":20.275452328985608,"timeout":false,"runtime":0.05006694793701172,"final_ub":20.475786401650442}