{"lbs":[9.64483090561,18.888434782648233,19.988804851983357,23.250390867468276,23.250390867468276,23.250390867468276,23.250390867468276,23.250390867468276,23.250390867468276,23.250390867468276,23.250390867468276,23.250390867468276,23.250390867468276,23.250390867468276,23.250390867468276,23.250390867468276,23.250390867468276],"times":[3.197812080383301,3.1980950832366943,3.198383092880249,3.198654890060425,3.198837995529175,3.199100971221924,3.19930100440979,3.1994879245758057,3.1997170448303223,3.199892997741699,3.200181007385254,3.200413942337036,3.2005109786987305,3.2006468772888184,3.20090389251709,3.201004981994629,3.201327085494995],"env":"RockSample5","ubs":[23.625487201000233,23.625487201000233,23.625487201000233,23.625487201000233,23.614734420144345,23.605633038403504,23.604078414316156,23.604078414316156,23.604078414316156,23.604078414316156,23.59641237586937,23.593422408487967,23.58241824485824,23.571567810089427,23.51987411458717,23.48438844702615,23.46223681920511],"sim_r":null,"sim_rsigma":null,"solver":"BIB-SARSOP","env_full":"RockSample ()","final_lw":23.250390867468276,"timeout":false,"runtime":3.201327085494995,"final_ub":23.46223681920511}