{"lbs":[0.014314198346957978,0.31027407726992123,0.4573872033049227,0.48809045680372476,0.5195788177794688,0.5279846531016565,0.53579130869777,0.540024420430403],"times":[0.2880551815032959,0.28835201263427734,0.2885432243347168,0.28998804092407227,0.29018402099609375,0.3016331195831299,0.30185413360595703,0.3023221492767334],"env":"FrozenLake4","ubs":[0.544657309046432,0.544657309046432,0.5446564274591287,0.5446562743435327,0.5446562596383108,0.5446559435727093,0.5446558692187644,0.5446518894561626],"sim_r":null,"sim_rsigma":null,"solver":"BIB-SARSOP","env_full":"Frozen Lake (4)","final_lw":0.540024420430403,"timeout":false,"runtime":0.3023221492767334,"final_ub":0.5446518894561626}