{"lbs":[0.013076777258809071,0.3384591399549448,0.4132767862342297,0.443706589162471,0.46237106308055353,0.4641308262058934,0.46556420739818954,0.46792638637158585,0.468150164599091,0.4771057151397126,0.47795008116243964,0.47795008116243964,0.48190688974974144,0.4844516024635985,0.48469152841158303,0.48566313742939077,0.48566313742939077,0.48820536378467627,0.48974203923197385,0.4898869232935144,0.4899005835568611,0.49016110780021804,0.4904624492203684],"times":[0.19384384155273438,0.22493791580200195,0.22523093223571777,0.22554993629455566,0.22580981254577637,0.22597885131835938,0.22617197036743164,0.2267298698425293,0.22691583633422852,0.22739195823669434,0.22750592231750488,0.2275559902191162,0.23129487037658691,0.2316279411315918,0.23211884498596191,0.23243284225463867,0.23249101638793945,0.2333228588104248,0.23360300064086914,0.23432493209838867,0.2344069480895996,0.23915696144104004,0.23948001861572266],"env":"FrozenLake4","ubs":[0.5379171836888423,0.5379171836888423,0.5279104353263339,0.5126075853618659,0.5126075853618659,0.5126075853618659,0.5117526169646377,0.5117293104152847,0.5116575554385846,0.5071717643448519,0.5026116715606912,0.5014568151253808,0.5001719877753402,0.49915538792515624,0.4981440362375857,0.4977328991617068,0.4971717643448519,0.49599169186143893,0.49582752369821975,0.49581204525070194,0.49565007251553583,0.4956370635092258,0.495159769228731],"sim_r":null,"sim_rsigma":null,"solver":"SARSOP","env_full":"Frozen Lake (4)","final_lw":0.4904624492203684,"timeout":false,"runtime":0.23948001861572266,"final_ub":0.495159769228731}