{"lbs":[0.018686241832877846,0.4013465420694482,0.57522348056352,0.5898689699235008,0.6050865427348682,0.6131465570710937,0.6131465570710937,0.6153794665263834,0.6161505362924304,0.6163645445233348,0.6175580685087528,0.6175580685087528,0.619187697658437,0.6207755972956527,0.6207755972956527,0.621979373489565,0.6222731525080535,0.6223448486523537,0.6223448486523537,0.6223448486523537,0.6227933468973077,0.6267567094809017,0.6277239596853921,0.629129319871829,0.629129319871829,0.629129319871829,0.629129319871829,0.629129319871829,0.629769242822517,0.629769242822517,0.629769242822517,0.629769242822517,0.629769242822517,0.629769242822517,0.6305797046208694,0.6305797046208694,0.6305797046208694,0.6305797046208694,0.6305797046208694,0.6305797046208694,0.6307864380100846,0.6308368919419354,0.6308514092685537,0.630855519406201,0.630855519406201,0.630898801261154,0.630898801261154,0.630898801261154,0.630898801261154,0.6309333052685595,0.6309333052685595,0.6309333052685595,0.6309333052685595,0.6309333052685595,0.6309656759117891,0.6309735865739078,0.6309735865739078,0.6309735865739078,0.6309735865739078,0.6309735865739078,0.6309735865739078,0.6309735865739078,0.6309755202020011,0.6309755202020011,0.6309807361462897,0.6309807361462897,0.6310412789076504,0.6310412789076504,0.6310412789076504,0.6310412789076504,0.6312305347246313],"times":[0.601855993270874,0.6323568820953369,0.6332519054412842,0.6337709426879883,0.6342179775238037,0.6347010135650635,0.635200023651123,0.6353878974914551,0.6356689929962158,0.6360130310058594,0.6366009712219238,0.6370630264282227,0.6447079181671143,0.6525530815124512,0.6531178951263428,0.6534979343414307,0.6551229953765869,0.6557080745697021,0.6560349464416504,0.6574239730834961,0.6583449840545654,0.6607348918914795,0.6612060070037842,0.6644949913024902,0.6656579971313477,0.6660609245300293,0.671989917755127,0.6724169254302979,0.6734890937805176,0.677685022354126,0.6782820224761963,0.6790859699249268,0.6796309947967529,0.6837170124053955,0.68454909324646,0.6910409927368164,0.691472053527832,0.6923069953918457,0.6927230358123779,0.693011999130249,0.6936569213867188,0.6990950107574463,0.7000689506530762,0.7014679908752441,0.7087171077728271,0.7094590663909912,0.7110579013824463,0.7115240097045898,0.7118439674377441,0.7189230918884277,0.7207090854644775,0.7209000587463379,0.7213540077209473,0.7291579246520996,0.7300820350646973,0.7310380935668945,0.7316269874572754,0.7387230396270752,0.739778995513916,0.7401199340820312,0.741084098815918,0.7419219017028809,0.750420093536377,0.764976978302002,0.7660551071166992,0.7673079967498779,0.7680790424346924,0.7687029838562012,0.7786650657653809,0.7797210216522217,0.7810580730438232],"env":"FrozenLake4","ubs":[0.6826176470331852,0.6826176470331852,0.6808749402384942,0.6752564472146652,0.6736214128887343,0.6717395643931274,0.6675628590683298,0.6646254368656878,0.6646254368656878,0.6617395643931274,0.6617045927506298,0.6598256653426818,0.6581481589528659,0.6564109560086248,0.6550995064594198,0.6538386151428848,0.6534713590962667,0.6534713590962667,0.65158551559016,0.648865352976522,0.6480109938647766,0.6477939956384399,0.6477939956384399,0.6477939956384399,0.6477939956384399,0.6474062842409187,0.6455526121602619,0.6454051770716015,0.6450939802560947,0.6446293522241782,0.6444104887835752,0.6443889512202939,0.6442016140875523,0.6441128925783918,0.6441041618140727,0.6438273602258974,0.6431589938814425,0.6431589938814425,0.6426708422958284,0.6421856804186848,0.6421561234154117,0.6420044671119621,0.6420044671119621,0.6420044671119621,0.641296689136896,0.6408586894876925,0.6405294675242781,0.6404970699760575,0.6404457789596422,0.6403561785963053,0.6403270912544151,0.6402077702903531,0.6396477341373484,0.6391608191079722,0.6389609716578672,0.6384919522990152,0.6384376558041718,0.63839637789184,0.6382228121267558,0.6381916048111839,0.63798813088396,0.6379648087216069,0.637952326034756,0.6379488026084433,0.6379484558807443,0.6379012807286522,0.6374760870948379,0.6373900153203755,0.6373716407037617,0.6373603287545935,0.6373582803546759],"sim_r":null,"sim_rsigma":null,"solver":"SARSOP","env_full":"Frozen Lake (4)","final_lw":0.6312305347246313,"timeout":false,"runtime":0.7810580730438232,"final_ub":0.6373582803546759}