{"lbs":[-19.999999999999982,-5.632441144646656,-3.3852612129424022,-1.377721566326951,4.846083797906023,7.1833269680023975,9.034539725584331,10.93030168270802,12.750019184503032,13.675708724203055,14.686396573133162,15.816659865091712,16.1690820058259,16.82172199498376,17.3108450866433,17.37586011442448,17.587804014912933,17.88466887965685,18.10825915751561,18.303626073222915,18.52046762256138,18.665969042985935,18.80089026204559,18.86681449544407,18.928482159770248,19.01400629512443,19.05522457235027,19.10819944099328,19.150694842838764,19.181952744548035,19.19553245667089,19.25044927779064,19.273653382696246,19.283734195785286,19.31117805229558,19.315924015737977,19.328701780269263,19.33716174271641,19.34389944365117,19.350353740929563,19.35530837489665,19.359096112976367,19.36199061155721],"times":[0.04170703887939453,0.04203391075134277,0.04211592674255371,0.04220390319824219,0.04237198829650879,0.042450904846191406,0.04254508018493652,0.04265999794006348,0.042791128158569336,0.0428919792175293,0.042999982833862305,0.04314899444580078,0.0432279109954834,0.0433199405670166,0.0434870719909668,0.04351401329040527,0.0435640811920166,0.04368090629577637,0.04377913475036621,0.043875932693481445,0.043994903564453125,0.044068098068237305,0.04418802261352539,0.044280052185058594,0.044354915618896484,0.04447007179260254,0.04454398155212402,0.04462289810180664,0.04476594924926758,0.04484105110168457,0.04491090774536133,0.04592490196228027,0.04603910446166992,0.04608511924743652,0.04728293418884277,0.047347068786621094,0.047518014907836914,0.04762911796569824,0.04778099060058594,0.04804491996765137,0.04828810691833496,0.04855990409851074,0.048872947692871094],"env":"Tiger","ubs":[42.79693981823885,42.79693981823885,35.29671319469371,35.29671319469371,35.20587800100567,32.223555368209034,31.351159473498683,30.550050732789728,29.40175098557232,27.89340314816582,27.664689482273165,27.251980033099503,26.02454082160154,25.231174141803002,24.57558132059443,23.974948460851564,23.974948460851564,23.88495831045713,23.434385542534898,23.13041948773063,22.93490753334507,22.530270785675803,22.310772148064217,21.80550388319073,21.526430549682196,21.31624804543021,21.030268995513488,20.874171507366416,20.734628037938563,20.599881617222618,20.465689911544672,20.427767499847516,20.147377844381875,20.06989040052445,20.068118785468272,19.884479072843313,19.884479072843313,19.836272008814234,19.786200955550967,19.717412808425316,19.647179897122342,19.59577011713889,19.553838857629547],"sim_r":null,"sim_rsigma":null,"solver":"EBIB-SARSOP","env_full":"Tiger","final_lw":19.36199061155721,"timeout":false,"runtime":0.048872947692871094,"final_ub":19.553838857629547}