{"lbs":[0.010774577717385343,0.2722025044617798,0.39590907691758687,0.39590907691758687,0.4086199566778802,0.4192227558103068,0.4232889483677946,0.42811603982350555],"times":[0.25783705711364746,0.2581360340118408,0.25841307640075684,0.2585270404815674,0.2589139938354492,0.2591710090637207,0.25939202308654785,0.25957298278808594],"env":"FrozenLake4","ubs":[0.4319437655670901,0.4319437655670901,0.4319437655670901,0.4319437655670901,0.43194250024725367,0.4319419917665434,0.43194171762473205,0.4319416923598227],"sim_r":null,"sim_rsigma":null,"solver":"EBIB-SARSOP","env_full":"Frozen Lake (4)","final_lw":0.42811603982350555,"timeout":false,"runtime":0.25957298278808594,"final_ub":0.4319416923598227}