{"lbs":[9.92023968016,19.74680204323311,20.962199483724042,24.598673487262683],"times":[14.02001404762268,14.050271987915039,14.05056095123291,14.05087399482727],"env":"RockSample5","ubs":[24.687155528598037,24.687155528598037,24.687155528598037,24.687155528598034],"sim_r":null,"sim_rsigma":null,"solver":"SARSOP","env_full":"RockSample ()","final_lw":24.598673487262683,"timeout":false,"runtime":14.05087399482727,"final_ub":24.687155528598034}