{"lbs":[-33.33333333333331,-23.277593286087345,-19.912631841788784,-12.739679411928789,-8.259375955883225,-5.209028319876872,-1.1124154331106655,0.6610909211785136,5.778671094544745,7.991412494711339,10.55979139618876,12.61683511219776,15.26125680033767,16.4775200596289,17.308765879497486,18.808649536679848,20.24891681809686,21.758060063262597,23.929233469403076,24.943069748352602,26.08163962675585,26.642401499617776,27.370287454251645,27.972294645205572,28.71642677154882,29.15752137074412,29.329257448047557,29.819746081038474,30.440665241629517,30.753839324049192,31.06678793298918,31.324142269987806,31.600315647019574,31.666365689420502,31.875429739109137,32.046189997657564,32.22545738349697,32.392159835267975,32.58668880670511,32.60537678804516,32.79027627965645,32.88612028685297,32.98223697235258,33.01717698012165,33.10517841133754,33.16933197566965,33.19297376131899,33.25192623646369,33.293167028498786,33.373249801277794,33.42165089075692,33.43722667304017,33.44490164246693,33.507232730591056,33.532111479916836,33.55784856676174,33.56802796137642,33.59214501861213,33.60791917237012,33.62926072622476,33.6485351847972,33.657400191429666,33.66147752217793,33.6733153098115,33.67875992790496,33.69267854123312,33.69978941076249,33.70779187229785,33.71411322527907,33.72070125524704,33.72663873800619,33.74615930234117,33.7485920842827,33.74971100692147,33.7558394002521,33.759172697729426,33.763524464677985,33.771325186195796,33.77356903378599,33.77726831168301,33.78248574225789,33.79188874585215,33.79567098311067,33.80419021450682,33.80574374667913,33.80645827118623,33.8096935465794,33.8140678154553,33.815946013712775,33.81680986365942,33.81977761809023,33.821568128373464,33.82275729072377,33.82551682209254,33.82570366570462,33.827705747496445,33.82822144431053,33.82916440807092,33.82921929709078,33.82950300493077,33.83022942842355,33.8304487332299,33.8305616996539,33.83111016943403,33.831482920694974,33.83154400239021,33.83157209602673,33.831832430247545,33.831918790502,33.83200660671396,33.83205920468909,33.83214417132949,33.83217389282356,33.832195570296975,33.83223376640812,33.83234688795598,33.832353957890234,33.83240269380985,33.83242888121475,33.832482182222975,33.832485741208956],"times":[0.005198001861572266,0.03245997428894043,0.03260087966918945,0.03274106979370117,0.032919883728027344,0.03319907188415527,0.03348898887634277,0.033822059631347656,0.0341639518737793,0.03451204299926758,0.03501391410827637,0.03551888465881348,0.0360109806060791,0.03679704666137695,0.03770709037780762,0.03844499588012695,0.03938007354736328,0.04021000862121582,0.04085206985473633,0.04165506362915039,0.042244911193847656,0.04247689247131348,0.04418206214904785,0.0450439453125,0.04569411277770996,0.047744035720825195,0.04793500900268555,0.049772024154663086,0.05052304267883301,0.05153203010559082,0.052427053451538086,0.05350494384765625,0.05632901191711426,0.05647897720336914,0.05755209922790527,0.05844998359680176,0.059285879135131836,0.060118913650512695,0.06100106239318848,0.061109066009521484,0.06208395957946777,0.06286001205444336,0.0636739730834961,0.06452202796936035,0.06585907936096191,0.0667870044708252,0.06697797775268555,0.06842708587646484,0.06937193870544434,0.0704810619354248,0.07134604454040527,0.07236790657043457,0.07250094413757324,0.0740969181060791,0.07507801055908203,0.08087801933288574,0.08188700675964355,0.08295989036560059,0.08917999267578125,0.09039497375488281,0.09349799156188965,0.09462189674377441,0.09571290016174316,0.09685301780700684,0.09806299209594727,0.09911608695983887,0.0993499755859375,0.10038900375366211,0.10144305229187012,0.10234689712524414,0.10343694686889648,0.10436797142028809,0.10498309135437012,0.10554099082946777,0.10658693313598633,0.10701298713684082,0.10717892646789551,0.10821104049682617,0.10854291915893555,0.10929489135742188,0.10968589782714844,0.11045002937316895,0.1109609603881836,0.11184310913085938,0.1124260425567627,0.11295390129089355,0.1138310432434082,0.11479496955871582,0.1168661117553711,0.11718106269836426,0.11800503730773926,0.1188359260559082,0.11918807029724121,0.1203460693359375,0.12065911293029785,0.12175393104553223,0.12219095230102539,0.12348198890686035,0.12390708923339844,0.12440991401672363,0.1253359317779541,0.1256411075592041,0.12591290473937988,0.12735605239868164,0.12829303741455078,0.1286759376525879,0.12900710105895996,0.12996411323547363,0.13069391250610352,0.13140392303466797,0.13179302215576172,0.13268494606018066,0.13320589065551758,0.13349008560180664,0.13384604454040527,0.14087390899658203,0.14129900932312012,0.1424100399017334,0.1431269645690918,0.14655303955078125,0.14716410636901855],"env":"Tiger","ubs":[147.23283121619787,147.23283121619787,137.6726417921062,134.71553692350335,128.21492511126266,126.52449413523698,123.99178928507749,120.35214445888008,119.49218001512321,113.06979389895582,109.10316937012207,107.28831114716753,105.72520624292625,103.2328312161979,103.2328312161979,99.33801415497985,95.69910919061007,93.77059396720317,90.65828348233288,86.23806985022671,84.31923133482937,81.68013334609125,79.90551931774174,77.65240887607041,76.400448132733,74.14639356135379,72.65087629193206,70.29907355236409,69.52539508286254,67.10573397123716,65.63349652511442,64.26480792009846,63.27860290489549,62.20576491924743,61.37857259175785,60.41365060142454,59.13882325307519,58.313899338937716,57.6386891691139,56.18674825293874,56.18674825293874,54.66712825645704,53.315949059163,52.55335584376362,51.700476276031225,50.90550691593456,50.34284060636774,49.92488768111862,49.5349671850751,49.00676524850982,48.244267338134556,47.64192215380324,47.25693297551334,47.25693297551334,46.34987549895911,46.035122656014366,45.701030613916046,45.332021455275104,44.94616793439435,44.80285949805233,44.32465553917187,43.73730667319846,43.45293456386238,43.27361421711708,43.22791083983109,43.00835790799027,42.56291598665025,42.34877967815582,42.050812790022576,41.837941259598445,41.74091313318263,41.66684245283243,40.8153860527594,40.77340724415839,40.66250162390594,40.53348348987926,40.38087803967768,40.19953102349167,39.82894251447771,39.669136273026254,39.5548147767638,39.398155684416025,38.91121921307039,38.65596491288508,38.04440085237941,38.01134424457432,37.93110546850503,37.62847140759858,37.239920732117795,37.109617422674106,37.06456388252914,36.731107435612444,36.57011656850395,36.43725222694887,36.02175851624705,36.005024778900406,35.70533375579052,35.64292047900204,35.4183774563658,35.39614087450048,35.33833190446012,35.14083236060739,35.09258156292049,35.09101976816929,34.87597491775264,34.74238775773305,34.74153757335571,34.72942324051719,34.61154720858802,34.55521385824525,34.501353881877606,34.47313817104961,34.42541614105188,34.41993629458002,34.41263063551578,34.39811155642727,34.27845097372327,34.27845097372327,34.212710760471,34.184243244648805,34.11519480788333],"sim_r":null,"sim_rsigma":null,"solver":"SARSOP","env_full":"Tiger","final_lw":33.832485741208956,"timeout":false,"runtime":0.14716410636901855,"final_ub":34.11519480788333}