{"lbs":[-24.390243902439003,-9.232884096879445,-6.7501682130540726,-0.850466006709025,3.670300781025168,6.136395967117038,6.976944835856137,7.351657043034714,9.740645227132326,12.029035738063929,13.43919276033761,14.13410062511349,15.56342295802409,17.628632767409794,18.670435196438973,19.31979513525745,20.523810178379073,21.07389632979493,21.628853587134184,22.42708658555418,22.674849767696966,23.035897831483645,23.258345523242824,23.405793582640342,23.490673211619182,23.621310205267985,23.710457063960796,23.77412024397851,23.802500950428367,23.815152918149256,23.866293417614287,23.92590608823903,23.965090557119815,23.972749094367682,23.99956213313137,24.01151524295041,24.041925067537356,24.06630530571764,24.071269143288383,24.080390978830145,24.091458244258497,24.103004059398057,24.108185149039517,24.111524504111767,24.115518699683758,24.115976503968454,24.119901472776917,24.12271205746795,24.124998108822545,24.125138444158928,24.127227692004684,24.12860680091128,24.12972784883086,24.130628234751207,24.13135054636432],"times":[0.0070989131927490234,0.007205963134765625,0.00728297233581543,0.007375001907348633,0.008109807968139648,0.008355855941772461,0.008595943450927734,0.008708953857421875,0.008955955505371094,0.009178876876831055,0.009383916854858398,0.009567975997924805,0.009760856628417969,0.009974956512451172,0.010246992111206055,0.010443925857543945,0.010684967041015625,0.010865926742553711,0.01111292839050293,0.011523008346557617,0.011758804321289062,0.01202392578125,0.012235879898071289,0.012459993362426758,0.012627840042114258,0.012861967086791992,0.013150930404663086,0.013366937637329102,0.013504981994628906,0.013621807098388672,0.013896942138671875,0.014122962951660156,0.014338970184326172,0.014444828033447266,0.014766931533813477,0.014861822128295898,0.015143871307373047,0.017038822174072266,0.017140865325927734,0.017303943634033203,0.017567873001098633,0.019758939743041992,0.020061969757080078,0.020366907119750977,0.020656824111938477,0.02078700065612793,0.020988941192626953,0.023453950881958008,0.024655818939208984,0.02477097511291504,0.02505803108215332,0.026131868362426758,0.027002811431884766,0.02786993980407715,0.028738021850585938],"env":"Tiger","ubs":[62.85479319944408,62.85479319944408,54.52839022383283,54.405333795841585,50.598696222008805,47.57327124323895,47.140416387811754,46.60868445145495,45.89352308892538,45.46710012983716,42.83213571152416,42.230201231690586,41.90339508970584,41.41485583025323,39.41814633398297,37.775369440601025,36.915210003821336,35.67556963554486,34.79448178590448,33.79635030135855,32.31343033059831,31.70979267305074,30.760220418448736,29.923153110036324,29.385964706379077,29.03144232826554,28.35484819965305,28.03171405700921,27.81460157635802,27.806524891412153,27.658928078788133,27.3529820476587,26.898722351895962,26.677716807033192,26.58048811454201,26.441206772069968,26.404928454126384,26.085706585216073,25.696583912735512,25.696583912735512,25.57709634041236,25.439783607238834,25.165156768721204,25.08564474085385,25.017719770986858,24.887875548687788,24.86899748598452,24.786280287971778,24.66999078325245,24.587329110092725,24.587329110092725,24.520095799782094,24.459175664903164,24.408624060787524,24.36589057277519],"sim_r":null,"sim_rsigma":null,"solver":"BIB-SARSOP","env_full":"Tiger","final_lw":24.13135054636432,"timeout":false,"runtime":0.028738021850585938,"final_ub":24.36589057277519}