{"lbs":[-21.739130434782588,-7.009480456807024,-4.659811580531131,-2.5543968809976074,2.3327854932892773,6.168833849101931,8.703255258184278,10.020246168399995,11.342830220353122,14.036780399645064,15.362995597110151,16.134316072518008,17.081688982739635,17.6809885910261,18.33977337507606,18.66287989000648,18.998940753338772,19.42494550461673,19.65655022483464,19.906378127133433,20.098452746751086,20.263506717454256,20.415833106271446,20.55543217498122,20.75022764792505,20.864493406809537,20.896848958567748,20.95360376633314,21.011289950114246,21.017239329094064,21.0749252425735,21.0834629730817,21.100885704409222,21.13218172862344,21.141590678161613,21.154465325923894,21.170084776469203,21.19066462936403,21.196342125395482,21.20494666365518,21.21307471227737,21.219396355346028,21.22533403599988,21.22794342791699,21.23047866599036,21.236767091148522,21.238537050917245,21.24015857962552,21.243780555067488,21.24750191005596,21.24981994429993,21.251686018441667,21.253147376746398,21.254288737402945,21.255179936170904,21.255875785080764,21.256419103224875,21.256795540427937],"times":[0.006519794464111328,0.006618022918701172,0.006689786911010742,0.00677180290222168,0.006878852844238281,0.007574796676635742,0.007745981216430664,0.007931947708129883,0.008072853088378906,0.008262872695922852,0.008447885513305664,0.00860595703125,0.008790969848632812,0.00898885726928711,0.009195804595947266,0.009282827377319336,0.009514808654785156,0.009746789932250977,0.009939908981323242,0.010159969329833984,0.010360002517700195,0.010574817657470703,0.01078486442565918,0.011023998260498047,0.01128697395324707,0.011511802673339844,0.011638879776000977,0.01187896728515625,0.012085914611816406,0.012211799621582031,0.012434959411621094,0.012578964233398438,0.012727022171020508,0.012924909591674805,0.013180017471313477,0.01331782341003418,0.013438940048217773,0.013643980026245117,0.01376199722290039,0.013878822326660156,0.013985872268676758,0.014149904251098633,0.014283895492553711,0.01438593864440918,0.014453887939453125,0.014637947082519531,0.014699935913085938,0.014767885208129883,0.01491093635559082,0.01642584800720215,0.018085002899169922,0.018929004669189453,0.01977396011352539,0.020595788955688477,0.021413803100585938,0.02222895622253418,0.023046016693115234,0.02321481704711914],"env":"Tiger","ubs":[55.78261497430305,55.78261497430305,48.5795845924433,47.54100528075614,46.459158844816415,44.07267596426818,40.078692204940594,39.282999134808065,39.190667078045436,38.824444022524645,36.482008026819415,34.52922790720649,33.64070906969273,32.927147245441944,32.77979275712893,31.655268629991333,30.868533310282324,30.153426956511424,28.98318123186276,28.428766803965843,27.92516802958645,27.339567542100003,26.997616684697736,26.65666654701684,26.26436236543716,25.787196843018837,25.14202012975686,25.011738182752673,24.750431563351547,24.20205296334877,24.139348669607035,23.953331216128493,23.83964577755998,23.81903340339823,23.48140270938429,23.29543162516795,23.249145533052726,23.09251711900849,22.911368606335024,22.83725654664909,22.742970095152348,22.625912528174744,22.538022485768032,22.461523670221325,22.430490926560424,22.389587293101314,22.25509004921088,22.205810902887862,22.196034047646176,22.094650578467018,21.9212076912127,21.808670592282887,21.713702096308864,21.634878045342518,21.569648898580677,21.515710956107025,21.471117075679334,21.43424994426276],"sim_r":null,"sim_rsigma":null,"solver":"BIB-SARSOP","env_full":"Tiger","final_lw":21.256795540427937,"timeout":false,"runtime":0.02321481704711914,"final_ub":21.43424994426276}