{"lbs":[0.008857506748021169,0.2547154508528647,0.33464195607744446,0.3680614683007489,0.37751366250489937,0.38157223692624004,0.3841540291582974],"times":[0.2533409595489502,0.25362586975097656,0.25379490852355957,0.2541499137878418,0.25433897972106934,0.25465989112854004,0.254788875579834],"env":"FrozenLake4","ubs":[0.3862581488661394,0.3862581488661394,0.3862581488661394,0.3862581488661394,0.38625671577336357,0.38625657691759624,0.38625655234363787],"sim_r":null,"sim_rsigma":null,"solver":"EBIB-SARSOP","env_full":"Frozen Lake (4)","final_lw":0.3841540291582974,"timeout":false,"runtime":0.254788875579834,"final_ub":0.38625655234363787}