{"lbs":[0.010986028947555997,0.2758203137492673,0.38069762997810325,0.39922085110205696,0.4293421517115173,0.4355025635120788,0.4372334847647357,0.4402408101627023],"times":[0.17133498191833496,0.17162489891052246,0.17180299758911133,0.1719667911529541,0.17245888710021973,0.1750040054321289,0.1752488613128662,0.17573785781860352],"env":"FrozenLake4","ubs":[0.44215439708677806,0.44215439708677806,0.44215303872633427,0.4421525102103467,0.44215246129915176,0.4421522375829172,0.44215195474931884,0.4421519285746532],"sim_r":null,"sim_rsigma":null,"solver":"BIB-SARSOP","env_full":"Frozen Lake (4)","final_lw":0.4402408101627023,"timeout":false,"runtime":0.17573785781860352,"final_ub":0.4421519285746532}