{"lbs":[-62.49999999999994,-32.145355860117675,-29.197902826842242,-20.882412383435028,-13.149135222188242,-9.570189716159286,-8.120902506744816,0.856942402733696,5.172338080510103,7.353221247817554,16.180630236567545,19.65256348049957,23.21480809524101,26.70380377022152,29.994152665656983,32.229780443237495,33.90855570110195,35.99604760993719,38.42651368526151,40.66366121723294,42.71484352354826,44.57328287787034,45.8918821401725,47.19018490905154,48.6349597794578,50.000871866578606,50.000871866578606,50.000871866578606,50.65426574015222,50.966821400248506,52.053494452780356,53.05007774414993,55.63868043409821,56.366775298112564,57.04296142974298,58.51894723469893,59.0012024180657,59.249451871280634,60.39849608042756,60.82225907686367,61.13344947256383,61.28230963712539,61.89671913115895,62.02607976741938,62.203917600390184,62.385150437889024,62.701246184555785,63.21221541064117,63.66413877328911,64.10944703447548,64.19740748314803,64.32287553941103,64.35415791535335,64.6255991101124,64.7387413300754,64.74892430822129,64.78163125041553,64.8719412357043,64.93113648399246,64.9390862453463,64.99187218368863,65.10368818223206,65.13231784673026,65.19431447816002,65.25288839178079,65.27156714043602,65.30860662984863,65.31316929536413,65.33522225834072,65.33924574744056,65.34117041239742,65.36693855096503,65.38011385983057,65.39725180168655,65.39922978880156,65.40562516327972,65.4103270289165,65.41516083928826,65.41916446727762,65.42136405069992,65.42582520267015,65.4319162212756,65.43518854445017],"times":[0.015318870544433594,0.015583038330078125,0.015909910202026367,0.016386032104492188,0.01697993278503418,0.017789840698242188,0.018735885620117188,0.01971888542175293,0.020866870880126953,0.02232503890991211,0.02371501922607422,0.02521991729736328,0.026957035064697266,0.028636932373046875,0.03061985969543457,0.03333902359008789,0.03646206855773926,0.03915905952453613,0.04117894172668457,0.04326486587524414,0.04542803764343262,0.04751706123352051,0.05252194404602051,0.057927846908569336,0.06405186653137207,0.06673192977905273,0.0668339729309082,0.06698083877563477,0.06730794906616211,0.06758689880371094,0.07459902763366699,0.08265185356140137,0.08604788780212402,0.0887138843536377,0.09128689765930176,0.09428095817565918,0.09650492668151855,0.09692692756652832,0.10000896453857422,0.10197687149047852,0.10360503196716309,0.10396003723144531,0.10698485374450684,0.10738086700439453,0.1086430549621582,0.10919499397277832,0.1112680435180664,0.11404705047607422,0.1175379753112793,0.12099194526672363,0.12245297431945801,0.12426400184631348,0.12492799758911133,0.12782001495361328,0.1292409896850586,0.12961387634277344,0.1301250457763672,0.13222002983093262,0.13338804244995117,0.13383984565734863,0.13489890098571777,0.13833904266357422,0.1391890048980713,0.14171195030212402,0.1442718505859375,0.14531803131103516,0.14803385734558105,0.14841389656066895,0.15075397491455078,0.15118789672851562,0.15163302421569824,0.15497493743896484,0.1569368839263916,0.17943596839904785,0.18009090423583984,0.18161988258361816,0.1829218864440918,0.1848289966583252,0.18610191345214844,0.18694496154785156,0.18890094757080078,0.21427702903747559,0.2172548770904541],"env":"Tiger","ubs":[136.68519040346297,136.68519040346297,126.8715212753066,126.03313751524647,123.6394160535493,121.11875948706492,120.28982321241182,120.06924430148376,117.59067881553307,115.60180838139789,115.03208285318271,111.55251660900177,109.8065168138734,107.60661673290016,105.0555054609421,102.49974882095151,101.78639275527834,101.05368164488736,99.44246693633136,97.23457032828748,94.7988682986383,92.59241546213619,90.97618932744223,90.35709816995893,89.72475684108494,88.37793859854054,87.27835684386775,87.27835684386775,86.92709664456598,86.85495551042922,86.20048190662584,85.33253141287817,84.36108759502368,82.14612708083473,81.35916587115645,80.61171044012346,79.38888097749904,78.88783262865263,78.76283285468685,77.56625728694831,77.12251329031146,76.64882002498007,76.47964508770653,75.58204270483093,75.49143180006067,75.21629818830527,74.99985032148882,74.57096464892982,73.60503740182037,72.70426298212945,71.76833910663561,71.56403327516239,71.24229629482575,71.22794682995811,70.48740161113845,70.18581670918965,70.16374759308604,70.02349104687559,69.7025324049629,69.4649858690536,69.41301517560578,69.22455658570317,68.67942126954335,68.54049856830325,68.19659067801436,67.84975816704292,67.74591805769361,67.51377894254003,67.4807965898986,67.28192930148137,67.27580103375863,67.25693088726459,66.98459851172493,66.83968488818253,66.60781630205969,66.5809743420242,66.50195250200113,66.42035698654554,66.35311710174133,66.29581726066289,66.2652681665813,66.19495369741841,66.07205842934977],"sim_r":null,"sim_rsigma":null,"solver":"EBIB-SARSOP","env_full":"Tiger","final_lw":65.43518854445017,"timeout":false,"runtime":0.2172548770904541,"final_ub":66.07205842934977}