{"lbs":[0.010774577717385343,0.2722025044617798,0.39590907691758687,0.39590907691758687,0.4086199566778802,0.4192227558103068,0.4232889483677946,0.42811603982350555],"times":[0.14573001861572266,0.14601707458496094,0.14629006385803223,0.14639997482299805,0.1467900276184082,0.14705991744995117,0.1472790241241455,0.1474609375],"env":"FrozenLake4","ubs":[0.4319438708584106,0.4319438708584106,0.4319438708584106,0.4319438708584106,0.43194258403569075,0.4319420738430502,0.4319418064654071,0.4319417818238835],"sim_r":null,"sim_rsigma":null,"solver":"BIB-SARSOP","env_full":"Frozen Lake (4)","final_lw":0.42811603982350555,"timeout":false,"runtime":0.1474609375,"final_ub":0.4319417818238835}