{"lbs":[0.010879816619135408,0.2740063049618479,0.39976211261022754,0.3998318316180707,0.41325475826142927,0.4241335485414423,0.42832584300200927,0.43326068224553754],"times":[0.17010712623596191,0.17039012908935547,0.17066121101379395,0.17076921463012695,0.17194199562072754,0.17225217819213867,0.17252516746520996,0.17274808883666992],"env":"FrozenLake4","ubs":[0.43702162922443233,0.43702162922443233,0.43702162922443233,0.43702162922443233,0.43702030715637186,0.4370197878608176,0.43701952000759103,0.4370194952707831],"sim_r":null,"sim_rsigma":null,"solver":"BIB-SARSOP","env_full":"Frozen Lake (4)","final_lw":0.43326068224553754,"timeout":false,"runtime":0.17274808883666992,"final_ub":0.4370194952707831}