{"lbs":[-35.71428571428568,-25.57108296732298,-22.144212851049044,-14.79039284435665,-10.171875072534881,-7.017982906316982,-2.7277733204491375,-0.8714094108248107,4.5232763078199785,6.895983723279255,9.655217110201553,11.897682853815647,14.762705408643725,16.087886932857806,16.997868684243905,18.64730015870378,20.24130002970948,21.923952669828786,23.328527946836317,24.461946195561147,26.126305229829217,27.41833944809966,28.127675485804353,29.697447775589318,30.240715528352034,30.800969159695125,31.341393160312432,32.19508274335391,32.599644241772005,32.97199498204126,33.26952265755172,33.55045515151595,33.80415360549115,34.03587840258119,34.34452302484401,34.373148706745454,34.55307588487821,34.795039634479664,35.03058024094544,35.189561798377134,35.327647995315345,35.417163316557904,35.511012318033295,35.59875691192599,35.67862132785757,35.75081607116839,35.815960821688236,35.82380815573006,35.87651051682515,35.92695098633307,35.97043222201822,35.98963977578137,36.018635716986864,36.05447228796014,36.08621800467293,36.101696873570894,36.10708765159448,36.113257847911434,36.16033508310441,36.17040684854811,36.18719535351221,36.20779105461666,36.21647054082983,36.23001142457814,36.239929835073454,36.24376301441863,36.25475568360211,36.26161320048898,36.26986958811998,36.273688480340184,36.28244561643906,36.28980531442385,36.30775959112192,36.323032517472704,36.32762483684843,36.33612307712123,36.343786858432715,36.34551352309839,36.34985696028778,36.35753952159045,36.36388931311933,36.367180125599106,36.368348457879996,36.37123925587072,36.372576359511,36.37684526070258,36.38055313487129,36.382268167213425,36.38610234448768,36.38869608571834,36.39022333733717,36.39615864159913,36.397752522133175,36.39848975229284,36.40207950281658,36.40326403484326,36.40529635711681,36.405513501015555,36.407421535095835,36.40831000381187,36.408412350296864,36.4084596894254,36.4090724481138,36.4093926510988,36.41046385624098,36.410841838518294,36.411335583633544,36.411379288689545,36.41182870202853,36.412272380259836,36.41267695710822,36.41275238739598,36.4127872767631,36.41301321675694,36.413224657961756,36.413351561242706,36.4135184156324,36.413655950472105,36.41375608940071,36.413859398848956,36.41392010698526],"times":[0.005013942718505859,0.0317838191986084,0.031929969787597656,0.03209185600280762,0.032286882400512695,0.032562971115112305,0.03288888931274414,0.03326296806335449,0.03365492820739746,0.03404498100280762,0.03462696075439453,0.03520488739013672,0.03576397895812988,0.03664278984069824,0.03758883476257324,0.03841590881347656,0.03946399688720703,0.04046297073364258,0.041345834732055664,0.042819976806640625,0.043721914291381836,0.045143842697143555,0.04632377624511719,0.047197818756103516,0.04826688766479492,0.05063796043395996,0.05162787437438965,0.052548885345458984,0.05301094055175781,0.054184913635253906,0.05707192420959473,0.06031489372253418,0.06200981140136719,0.0630948543548584,0.06417489051818848,0.06429481506347656,0.06850981712341309,0.06954383850097656,0.0709528923034668,0.07205891609191895,0.07323193550109863,0.07448482513427734,0.0757288932800293,0.07689380645751953,0.07797980308532715,0.07905387878417969,0.08017897605895996,0.08031797409057617,0.08176779747009277,0.08819079399108887,0.08951997756958008,0.09082388877868652,0.09103894233703613,0.09241485595703125,0.0936288833618164,0.09479689598083496,0.0959479808807373,0.09721994400024414,0.0987088680267334,0.10014081001281738,0.10136294364929199,0.10271883010864258,0.10405778884887695,0.10533785820007324,0.10665392875671387,0.11457991600036621,0.11603283882141113,0.11732888221740723,0.11873793601989746,0.1198728084564209,0.1208028793334961,0.12108397483825684,0.122039794921875,0.1229088306427002,0.12356400489807129,0.12387800216674805,0.12421298027038574,0.12476181983947754,0.1256248950958252,0.12666678428649902,0.12763690948486328,0.12790179252624512,0.12807798385620117,0.1288588047027588,0.12946796417236328,0.12976598739624023,0.14008092880249023,0.14063096046447754,0.14153194427490234,0.14225482940673828,0.1427288055419922,0.1444849967956543,0.14487981796264648,0.1452958583831787,0.14633893966674805,0.14677786827087402,0.1476140022277832,0.1481490135192871,0.14946794509887695,0.15053391456604004,0.15102100372314453,0.1515657901763916,0.15202999114990234,0.1523149013519287,0.153364896774292,0.15447783470153809,0.15533995628356934,0.15564799308776855,0.15644097328186035,0.15750479698181152,0.15872788429260254,0.15911579132080078,0.15949082374572754,0.16037487983703613,0.16120386123657227,0.16189098358154297,0.17082500457763672,0.18029379844665527,0.18148589134216309,0.1918179988861084,0.19626784324645996],"env":"Tiger","ubs":[157.95593905697825,157.95593905697825,148.37163649037257,145.4008954050301,138.83277542949753,137.12878039129862,134.57107413065538,130.8969050980602,130.03144082270762,123.49001564087946,119.4246321819071,117.59587705378188,116.03435560666728,113.95593905697825,113.95593905697825,109.53428713511389,105.76273847567276,103.82851230360728,100.59560921143225,98.30418079044262,95.99336950948937,93.61998968337778,89.92807780133415,88.32192390276904,83.43377224735843,81.2367555016815,80.17048566789839,78.71972838267547,75.14998066816281,73.69031130439663,71.8543771157118,70.96436457697354,69.2871325273194,67.7086035648806,67.22816980063632,65.68975973114091,65.68975973114091,64.27276615254655,62.53406335373913,60.88093500348241,59.29204056661891,58.03940863225242,57.00940168413821,56.436116292161145,55.57465149151302,54.85936718216145,53.94273215581315,52.66423328243137,52.66423328243137,52.18817985967825,51.68874053529576,51.01399900180118,50.745482489650996,50.53250499381991,50.103820567288466,49.57173633668923,48.898920202459486,48.39538600935141,48.06226033506948,47.62573173415028,47.42658684715551,47.12606069577522,46.81753996569151,46.67143724699895,46.48508857055894,46.118745652762726,45.85582070753176,45.66060410587343,45.547388392951945,45.486718864647855,45.436565751390276,45.32381670143564,45.076904228472,44.43868789346297,43.925638647838014,43.88610983710869,43.53964311629633,43.14898698561254,42.983409940604744,42.834313587466625,42.465028976454114,42.06640037901677,42.03779228495486,41.813131253899336,41.7148941379572,41.666882239740275,41.56344787819431,41.35379518514888,41.29165788935429,40.99255117571985,40.77971382592681,40.71984836365679,40.07083115712109,39.88468756720602,39.81166667542111,39.47404181933581,39.36555247761842,39.070946253056604,39.001973112344814,38.60975304327239,38.34231918994573,38.33814164499573,38.33008683785304,38.258423538810526,38.23853435320349,38.03114328151774,37.90905065137206,37.75306874187919,37.72647009985795,37.60301556624064,37.502428434474254,37.36072343228216,37.3348698588159,37.3257529767045,37.24684477079613,37.15199271283291,37.07681303035525,36.96650910247044,36.87920689011372,36.8291826579261,36.74746446545841],"sim_r":null,"sim_rsigma":null,"solver":"SARSOP","env_full":"Tiger","final_lw":36.41392010698526,"timeout":false,"runtime":0.19626784324645996,"final_ub":36.74746446545841}