{"lbs":[-49.99999999999996,-20.840320652216903,-18.14842453122602,-10.624540818956364,-3.7037465882388387,-0.43831563399402595,0.8250866273099322,9.464924259149551,12.717107909413134,20.18038038248182,22.543714057791416,24.346195487513313,27.055135877846876,29.58383566719409,31.828402089611366,33.402672890104036,34.51939472824346,36.87984349578396,38.17917896277342,39.31751140137702,40.2121961055844,42.59284897428667,44.42027309335545,44.99003600490168,45.6298470604813,46.135791725067904,47.439434984364354,48.30491549897704,49.009639004273424,49.61849599120718,50.036693031144566,50.18832340026525,50.18832340026525,50.18832340026525,50.290413061680525,50.69145406863973,50.71299047770151,50.76685749851287,50.84006215038886,50.874691246399635,51.00383107931112,51.10716282836755,51.14126252435542,51.23071034400927,51.315536110538034,51.44342995458766,51.51648361436436,51.54487641173383,51.57043768761112,51.65254249031928,51.66058274476798,51.709459842162126,51.72260564275871,51.768826910964975,51.78091744077051,51.78556356954207,51.79700002961341,51.8193219548425,51.820137415471635,51.826389883775796,51.83573163191272,51.84191707412184,51.844708518211704,51.85512994890548,51.86407881625436,51.87298441459427,51.87327811132204,51.876586623467446,51.88009000595072,51.88270614698182,51.88539474721165,51.88648647832626,51.889342409203124,51.89033520289496],"times":[0.01482391357421875,0.015028953552246094,0.015243053436279297,0.015547990798950195,0.015933990478515625,0.01646590232849121,0.017076969146728516,0.017680883407592773,0.018381834030151367,0.01915884017944336,0.01999688148498535,0.02120804786682129,0.022275924682617188,0.02331089973449707,0.024319887161254883,0.026121854782104492,0.027838945388793945,0.028907060623168945,0.030458927154541016,0.0314788818359375,0.03262495994567871,0.033850908279418945,0.03519487380981445,0.03611397743225098,0.037184953689575195,0.03809690475463867,0.039543867111206055,0.0408329963684082,0.04206204414367676,0.043576955795288086,0.04503583908081055,0.046170949935913086,0.04625391960144043,0.0463559627532959,0.04716086387634277,0.048696041107177734,0.04906797409057617,0.049577951431274414,0.05016589164733887,0.05034494400024414,0.05109286308288574,0.05167388916015625,0.05187201499938965,0.05259585380554199,0.05351090431213379,0.055006980895996094,0.056001901626586914,0.05644583702087402,0.056715965270996094,0.06627798080444336,0.06664395332336426,0.06822395324707031,0.06856584548950195,0.07037901878356934,0.07117104530334473,0.07148504257202148,0.07235097885131836,0.07372689247131348,0.07409286499023438,0.07445192337036133,0.07518506050109863,0.0757288932800293,0.07607889175415039,0.07689785957336426,0.07821083068847656,0.08845996856689453,0.0888218879699707,0.08975887298583984,0.09071803092956543,0.09148693084716797,0.0924990177154541,0.09291195869445801,0.09387993812561035,0.09446001052856445],"env":"Tiger","ubs":[109.05330872636377,109.05330872636377,99.34996742039127,98.54431253595997,96.24405739197309,93.56164004304077,92.73522388925463,92.50863025438898,90.18109020198713,88.2070452320387,84.66612313444537,83.39871183644357,82.6972137939558,80.6916289818131,78.52603686120531,76.73054767601933,76.05295071427045,75.77206900587268,74.00693027070193,72.79028185962183,71.7397085436637,71.18751799782254,69.36740280595356,67.67434926528054,67.03573241358035,66.1406901281408,65.46514501784497,64.01430421420727,62.92824773988424,61.74010243604421,60.58569548642227,59.84974608380726,59.65846333056686,59.65846333056686,59.48560952491428,59.21579463225244,58.34299498770161,58.22089333509969,58.16685551691188,57.97945777549959,57.96784136045382,57.52737910575854,57.220705884734194,57.15415264590962,56.81922783765574,56.46094468934788,55.886149074644656,55.5148254823621,55.43322378706138,55.348104704559105,54.70920319791743,54.70920319791743,54.427131869669424,54.37488069085528,54.03149246715303,53.91577736835785,53.880488860314756,53.73830191238438,53.46427260552664,53.44929958096505,53.41192856028121,53.30560263014128,53.235684985885655,53.18076466759679,53.04011242451241,52.87650789204623,52.71959506395987,52.71959506395987,52.66280388265699,52.60297927522546,52.55538089844993,52.48480183459324,52.46231568897565,52.39420891302299],"sim_r":null,"sim_rsigma":null,"solver":"EBIB-SARSOP","env_full":"Tiger","final_lw":51.89033520289496,"timeout":false,"runtime":0.09446001052856445,"final_ub":52.39420891302299}