{"lbs":[9.762151372959998,19.251076414316866,20.399607869401365,23.81767882686522,23.81767882686522,23.81767882686522,23.81767882686522,23.81767882686522,23.81767882686522,23.81767882686522,23.81767882686522],"times":[4.692562103271484,4.692850112915039,4.693163156509399,4.693447113037109,4.6936421394348145,4.6939191818237305,4.6941351890563965,4.6943371295928955,4.694579124450684,4.69476318359375,4.695057153701782],"env":"RockSample5","ubs":[24.074230806426588,24.074230806426588,24.074230806426588,24.074230806426584,24.066953122578045,24.06074329076873,24.059719104832595,24.059719104832595,24.059719104832595,24.059719104832595,24.05447942394992],"sim_r":null,"sim_rsigma":null,"solver":"BIB-SARSOP","env_full":"RockSample ()","final_lw":23.81767882686522,"timeout":false,"runtime":4.695057153701782,"final_ub":24.05447942394992}