{"lbs":[-38.461538461538424,-28.230101959845598,-24.740353626679088,-17.201141454702185,-12.295032938634408,-9.04822360097974,-4.577791182289073,-0.8347745800510986,0.39392670409930686,3.6741327525554253,8.147516043641788,11.530414407574717,13.015419779177456,14.163159662340917,16.169982869653488,18.107295160639314,20.01004820966593,21.5777272592711,23.158616152436398,25.788984011478036,26.917840175880784,28.03157824397836,29.378387147442172,30.308539734999634,31.142954120455464,31.89849558809024,32.78027842276808,33.30173107104322,33.83909226208218,34.49968330294494,35.16529908126061,35.216358039717804,35.66925181434948,35.97790556267647,36.382707337227565,36.60250183090288,36.62648676149292,36.856225853275774,37.08272279237105,37.26961003799401,37.50522684316108,37.646994443695654,37.943357960164086,38.01034745423325,38.07553471357019,38.181442813156224,38.28877968157043,38.361931331307005,38.43879824283647,38.52191399058766,38.63451717965225,38.69509484634604,38.767156665003576,38.82333694344226,38.91701208524928,38.94876261033586,38.98188360015268,38.99510886907008,39.03284625878794,39.06609070352944,39.079280870833685,39.08354585321664,39.10601429992127,39.12009575746907,39.15468928897012,39.16899623768532,39.18247324936675,39.194753547543066,39.214121012806004,39.23075603245725,39.23725142043206,39.23933681816138,39.24030684106728,39.25047507239542,39.25520482593937,39.257404871145326,39.266199117055365,39.27016598052114,39.27201116735159,39.2795625291994,39.28393333450248,39.28947893142231,39.295074331617116,39.299585792962915,39.32119090918624,39.33410447973229,39.3354714873208,39.33610735100031,39.33975373495002,39.352245407614106,39.355915939071764,39.35927161239471,39.360038331050404,39.3651104330482,39.36633472714006,39.36843493330897,39.36914695047196,39.3717026961353,39.37390245218869,39.37504943326958,39.376802882562004,39.37808952138905,39.378688001533305,39.37938390930669,39.38081036255801,39.383460429952954,39.38422215136165,39.386251805380105,39.38730612690213,39.388706710207806,39.38881266090891,39.38918328147584,39.38993133816657,39.390059194445556,39.390118666803055,39.39057981964363,39.39062578188904,39.39091653019153,39.391058466052954,39.39131364361832,39.39135132671332,39.39174178060962,39.391865703029325,39.39205615507044,39.39221780708452,39.392232859418044,39.39227387394863,39.39235483188328,39.392399966954486,39.39244412634916],"times":[0.005736112594604492,0.032679080963134766,0.03284621238708496,0.03305506706237793,0.03329920768737793,0.03364300727844238,0.03402113914489746,0.03444409370422363,0.034954071044921875,0.03553318977355957,0.036004066467285156,0.03662109375,0.03753399848937988,0.038596153259277344,0.039492130279541016,0.04062199592590332,0.04193902015686035,0.04317307472229004,0.04432821273803711,0.0454251766204834,0.047274112701416016,0.049250125885009766,0.051531076431274414,0.05364418029785156,0.05521416664123535,0.05645108222961426,0.057787179946899414,0.06090998649597168,0.062040090560913086,0.06377506256103516,0.06507110595703125,0.06524515151977539,0.06682109832763672,0.06800603866577148,0.0692300796508789,0.07376408576965332,0.07390499114990234,0.0790550708770752,0.08452320098876953,0.08614516258239746,0.0876460075378418,0.08915901184082031,0.09132003784179688,0.09160614013671875,0.0918111801147461,0.09846711158752441,0.10027217864990234,0.1020960807800293,0.1035311222076416,0.1048581600189209,0.10776805877685547,0.10896801948547363,0.11650919914245605,0.12508320808410645,0.13362812995910645,0.13544797897338867,0.1372051239013672,0.13745713233947754,0.13940000534057617,0.14110803604125977,0.1427781581878662,0.14442205429077148,0.14619708061218262,0.1480259895324707,0.15955710411071777,0.16246509552001953,0.17499303817749023,0.1778550148010254,0.17995119094848633,0.18213605880737305,0.18427205085754395,0.1863701343536377,0.18846511840820312,0.19075512886047363,0.19807004928588867,0.20057916641235352,0.20293617248535156,0.20468521118164062,0.20585203170776367,0.2062540054321289,0.20717811584472656,0.2090740203857422,0.20951104164123535,0.21081304550170898,0.21283411979675293,0.21444416046142578,0.21550703048706055,0.21592497825622559,0.21670913696289062,0.21886301040649414,0.2195742130279541,0.22028207778930664,0.2213270664215088,0.22304415702819824,0.2238330841064453,0.22428107261657715,0.22463011741638184,0.2259349822998047,0.22731399536132812,0.22772502899169922,0.22827816009521484,0.2482771873474121,0.24903011322021484,0.24980401992797852,0.250993013381958,0.2536320686340332,0.2544991970062256,0.2567131519317627,0.2580230236053467,0.26076316833496094,0.26139211654663086,0.26219606399536133,0.2639641761779785,0.2647881507873535,0.2654690742492676,0.2670860290527344,0.26766514778137207,0.2686340808868408,0.26934313774108887,0.2703680992126465,0.2709541320800781,0.2734041213989258,0.2745699882507324,0.2763710021972656,0.2906770706176758,0.2922220230102539,0.29286718368530273,0.29535603523254395,0.2975800037384033,0.3000950813293457],"env":"Tiger","ubs":[170.32990877485759,170.32990877485759,160.7213570999928,157.73690707546558,151.3018260792365,149.59001774712956,146.85259782398052,143.25301403869878,138.62750988173337,137.2130990015021,134.00777117091326,129.0235274978962,126.32990877485759,126.32990877485759,121.72793178149837,118.16436165747884,115.99203456636337,112.4838538735167,109.84200840493179,108.52491703746128,103.34722699302579,100.69210442077005,98.64083355616603,96.08829790869898,93.82610458528262,92.66714999064502,90.67421867936739,88.31545823011582,85.99352349885538,84.69367544630086,81.45882266042915,79.0799654380589,78.76492371545058,76.54473433605423,75.2574736223616,72.66450305757647,71.45799866830168,70.76919363980173,69.88982808548985,68.95382451138897,67.7898829367551,66.44753445274378,65.51621320850612,63.8669532289059,63.43760442836368,62.97558056817542,62.12532962685769,61.37065754936542,60.81978459479218,60.197339406526126,59.506123637688205,58.09319914178468,57.44840632330628,56.73731166057445,55.84979939489041,54.743551259015504,54.377847584384725,53.80564470544926,53.69566894815652,53.25143964145697,52.78726571884711,52.27137023193535,51.81804430926893,51.49686488901365,51.134589173795305,50.76069074954214,50.667975239530094,50.4355733236989,50.2310070539608,49.861909489990026,49.39142658048966,48.96228410540847,48.5684448035001,48.371828969401406,48.274713921664585,48.233599756825015,48.18452100568411,48.06335644493946,47.98365676606544,47.91303420930622,47.72102752694832,47.535113214803516,47.466176934434905,47.285566308967944,47.17068993763955,46.15900181079364,45.48432618235512,45.36377861334812,45.28855320091442,45.23797930577717,44.555559755790355,44.3960527165554,44.14755081813192,44.06259162810032,43.69789421658706,43.647391520510524,43.46991579511558,43.387099322551855,43.12608632167287,42.92947412154436,42.900893958089725,42.72106467122099,42.55256637569263,42.505832066386105,42.46343074037648,42.250822998898066,41.883029328549966,41.7641176142337,41.430947995052875,41.25343176829467,40.917914748260145,40.915558372309626,40.87016860934402,40.70522419291932,40.697275397500086,40.69019954983882,40.58204556321221,40.56117821227943,40.49784707534837,40.44786227923064,40.35551366060483,40.34403634978575,40.179322140281585,40.14290656987056,40.04500152981652,39.92600286439379,39.90593856725671,39.87895384543158,39.80890587181513,39.76172434376312],"sim_r":null,"sim_rsigma":null,"solver":"SARSOP","env_full":"Tiger","final_lw":39.39244412634916,"timeout":false,"runtime":0.3000950813293457,"final_ub":39.76172434376312}