{"lbs":[9.37519681536,18.071848073324933,19.00869054426188,21.985770977962467,21.985770977962467,21.985770977962467,21.985770977962467,21.985770977962467,21.985770977962467,21.985770977962467,21.985770977962467,21.985770977962467,21.985770977962467,21.985770977962467,21.985770977962467,21.985770977962467,21.985770977962467,21.985770977962467,21.985770977962467,21.985770977962467,21.985770977962467,21.985770977962467,21.985770977962467,21.985770977962467,21.985770977962467,21.985770977962467,21.985770977962467,21.985770977962467,21.985770977962467,21.985770977962467,21.985770977962467,21.985770977962467,21.985770977962467,21.985770977962467,21.985770977962467,21.985770977962467,21.985770977962467,21.985770977962467,21.985770977962467,21.985770977962467,21.985770977962467,21.985770977962467,21.985770977962467,21.985770977962467,21.985770977962467,21.985770977962467,21.985770977962467,21.985770977962467,21.985770977962467,21.985770977962467,21.985770977962467,21.985770977962467,21.985770977962467,21.985770977962467,21.985770977962467,21.985770977962467,21.985770977962467,21.985770977962467,21.985770977962467,21.985770977962467,21.985770977962467,21.985770977962467,21.985770977962467,21.985770977962467,21.985770977962467,21.985770977962467,21.985770977962467,21.985770977962467,21.985770977962467,21.985770977962467,21.985770977962467,21.985770977962467,21.985770977962467,21.985770977962467,21.985770977962467,21.985770977962467,21.985770977962467,21.985770977962467,21.985770977962467,21.985770977962467,21.985770977962467],"times":[1.7613401412963867,1.7935001850128174,1.793853998184204,1.7941350936889648,1.794403076171875,1.7946760654449463,1.794861078262329,1.7950630187988281,1.795276165008545,1.7955141067504883,1.7958030700683594,1.7960500717163086,1.796152114868164,1.7962901592254639,1.7965540885925293,1.7966620922088623,1.7970030307769775,1.797356128692627,1.7976231575012207,1.798025131225586,1.7983741760253906,1.7987751960754395,1.799199104309082,1.7995882034301758,1.7998909950256348,1.8002490997314453,1.8004450798034668,1.8006842136383057,1.800995111465454,1.8015611171722412,1.8017752170562744,1.8022451400756836,1.802659034729004,1.8028650283813477,1.8031861782073975,1.8033971786499023,1.8037540912628174,1.8040761947631836,1.8046422004699707,1.8049371242523193,1.8052361011505127,1.805690050125122,1.8063881397247314,1.8065831661224365,1.8071670532226562,1.8073761463165283,1.8077502250671387,1.8081941604614258,1.8084421157836914,1.8088221549987793,1.8089821338653564,1.809448003768921,1.80961012840271,1.8099730014801025,1.8104209899902344,1.8106670379638672,1.8110580444335938,1.8112339973449707,1.8114972114562988,1.811690092086792,1.8120431900024414,1.8125951290130615,1.8127820491790771,1.8129141330718994,1.8132550716400146,1.8133840560913086,1.813737154006958,1.8139431476593018,1.814418077468872,1.8146731853485107,1.8151311874389648,1.815662145614624,1.8158512115478516,1.8162400722503662,1.8169569969177246,1.8175530433654785,1.818011999130249,1.818181037902832,1.8183271884918213,1.8188390731811523,1.8194310665130615],"env":"RockSample5","ubs":[22.613811380019875,22.613811380019875,22.613811380019875,22.613811380019875,22.613811380019875,22.613811380019875,22.59536099268724,22.577205811551938,22.576316685202634,22.559050630416632,22.541185932179488,22.541185932179488,22.539694648021182,22.52094425439046,22.433404242419325,22.374975164230236,22.338696165569246,22.327347059695327,22.326630147098417,22.326559761182256,22.326356307391176,22.324811150236027,22.31843846061905,22.30967239912799,22.305454827428925,22.297868185733897,22.29398085395749,22.29398085395749,22.291020440363923,22.28175525620105,22.275154693850478,22.275154693850478,22.274961777374024,22.274961777374024,22.274961777374024,22.274004578378488,22.273895161958258,22.27389114766908,22.273891000392123,22.273890994988797,22.273699244349096,22.27366489713462,22.27314334535027,22.267967415880143,22.265634913674493,22.26444031306295,22.262415177580806,22.259246957264615,22.259246957264615,22.259246957264615,22.259246957264615,22.259246957264615,22.259246957264615,22.259246957264615,22.258587452165415,22.258511221722745,22.25665963364661,22.25366595070144,22.25366595070144,22.253055044535962,22.249309760268268,22.244582676481055,22.239572984429074,22.238147696551515,22.237722492866226,22.231477014185195,22.229225704721692,22.229225704721692,22.229225704721692,22.229225704721692,22.229072944621244,22.22904970962781,22.22904970962781,22.228751634240943,22.226566723299825,22.226566723299825,22.226566723299825,22.225459752353828,22.21720795772527,22.214803851523673,22.203691338737304],"sim_r":null,"sim_rsigma":null,"solver":"SARSOP","env_full":"RockSample ()","final_lw":21.985770977962467,"timeout":false,"runtime":1.8194310665130615,"final_ub":22.203691338737304}