{"lbs":[0.01694075229389136,0.38187941627338917,0.529579623216538,0.5650234314348954,0.584045254347079,0.5884130615404851,0.5912122794947094,0.5918892435327328,0.5974798940674608,0.5986586022350618,0.6018384967180338,0.6031557830095026],"times":[0.4803791046142578,0.4807560443878174,0.4815402030944824,0.48407506942749023,0.4844670295715332,0.48595404624938965,0.48619604110717773,0.4866461753845215,0.48996710777282715,0.49289512634277344,0.4932830333709717,0.5044131278991699],"env":"FrozenLake4","ubs":[0.6149596118169365,0.6149596118169365,0.6149596118169365,0.6118866485759132,0.6115860755819612,0.6115745760124758,0.6111677301436944,0.6102437233127616,0.6101253885368997,0.6098291607478843,0.6084984886528483,0.6083117358237513],"sim_r":null,"sim_rsigma":null,"solver":"BIB-SARSOP","env_full":"Frozen Lake (4)","final_lw":0.6031557830095026,"timeout":false,"runtime":0.5044131278991699,"final_ub":0.6083117358237513}