{"lbs":[0.013209019516545172,0.29453258077912065,0.42091232440943216,0.4455286528834294,0.4747557363199483,0.4816848971580186,0.48892389289257254,0.4926799241595745],"times":[0.2847609519958496,0.2850518226623535,0.28523993492126465,0.2860839366912842,0.2862358093261719,0.2890899181365967,0.2893538475036621,0.2897038459777832],"env":"FrozenLake4","ubs":[0.4966360883373587,0.4966360883373587,0.49663431019037985,0.49663367040599765,0.49663360996019285,0.4966333955132641,0.4966330629513418,0.49663262532938157],"sim_r":null,"sim_rsigma":null,"solver":"EBIB-SARSOP","env_full":"Frozen Lake (4)","final_lw":0.4926799241595745,"timeout":false,"runtime":0.2897038459777832,"final_ub":0.49663262532938157}