{"lbs":[9.07401035776,17.18732180443369,18.02649953332104,18.845536996715094,19.751898587961673,20.636507501018333,20.636507501018333,20.636507501018333,20.636507501018333,20.636507501018333,20.636507501018333,20.636507501018333,20.636507501018333,20.636507501018333,20.636507501018333,20.636507501018333,20.636507501018333,20.636507501018333,20.636507501018333,20.636507501018333,20.636507501018333,20.636507501018333,20.636507501018333,20.636507501018333,20.636507501018333,20.636507501018333,20.636507501018333,20.636507501018333,20.636507501018333,20.636507501018333,20.636507501018333,20.636507501018333,20.636507501018333,20.636507501018333,20.636507501018333,20.636507501018333,20.636507501018333,20.636507501018333,20.636507501018333,20.636507501018333,20.636507501018333,20.636507501018333,20.636507501018333,20.636507501018333,20.636507501018333,20.636507501018333,20.636507501018333,20.636507501018333,20.636507501018333,20.636507501018333,20.636507501018333,20.636507501018333,20.636507501018333,20.636507501018333,20.636507501018333,20.636507501018333,20.636507501018333,20.636507501018333,20.636507501018333,20.636507501018333,20.636507501018333,20.636507501018333,20.636507501018333,20.636507501018333,20.636507501018333,20.636507501018333,20.636507501018333,20.636507501018333,20.636507501018333,20.636507501018333,20.636507501018333,20.636507501018333,20.636507501018333,20.636507501018333,20.636507501018333,20.636507501018333,20.636507501018333,20.636507501018333,20.636507501018333,20.636507501018333,20.636507501018333,20.636507501018333,20.636507501018333,20.636507501018333,20.636507501018333,20.636507501018333,20.636507501018333,20.636507501018333,20.636507501018333,20.636507501018333,20.636507501018333,20.636507501018333,20.636507501018333,20.636507501018333,20.636507501018333,20.636507501018333,20.636507501018333,20.636507501018333,20.636507501018333,20.636507501018333,20.636507501018333,20.636507501018333,20.636507501018333,20.636507501018333,20.636507501018333,20.636507501018333,20.636507501018333,20.636507501018333,20.636507501018333,20.636507501018333,20.636507501018333,20.636507501018333,20.636507501018333,20.636507501018333,20.636507501018333,20.636507501018333,20.636507501018333,20.636507501018333,20.636507501018333,20.636507501018333,20.636507501018333,20.636507501018333,20.636507501018333],"times":[1.215437889099121,1.2157089710235596,1.2159879207611084,1.2162261009216309,1.2164199352264404,1.2164568901062012,1.2167298793792725,1.2169790267944336,1.2171850204467773,1.2174949645996094,1.2177939414978027,1.2180099487304688,1.2182679176330566,1.2185299396514893,1.2186799049377441,1.2188570499420166,1.2189640998840332,1.2192230224609375,1.2193338871002197,1.219702959060669,1.2199199199676514,1.220207929611206,1.2203888893127441,1.220824956893921,1.2214090824127197,1.2215919494628906,1.2218289375305176,1.2223179340362549,1.2228209972381592,1.2233150005340576,1.2238049507141113,1.2242190837860107,1.2245988845825195,1.224848985671997,1.225281000137329,1.2255330085754395,1.2261409759521484,1.2266929149627686,1.2269129753112793,1.2275810241699219,1.227802038192749,1.228226900100708,1.2286291122436523,1.2288520336151123,1.2292430400848389,1.2298369407653809,1.2301430702209473,1.2304680347442627,1.2306849956512451,1.2310140132904053,1.231398105621338,1.231584072113037,1.2321059703826904,1.2323670387268066,1.2329180240631104,1.2334098815917969,1.233604907989502,1.2339699268341064,1.2341630458831787,1.2346320152282715,1.2347869873046875,1.2351000308990479,1.235511064529419,1.235935926437378,1.2363839149475098,1.2364869117736816,1.236588954925537,1.2371079921722412,1.2376010417938232,1.2378580570220947,1.2381930351257324,1.2390549182891846,1.2392020225524902,1.2393970489501953,1.2396841049194336,1.2398219108581543,1.2399649620056152,1.2408158779144287,1.2411940097808838,1.2416040897369385,1.2419960498809814,1.2427170276641846,1.242966890335083,1.2435059547424316,1.243669033050537,1.2442939281463623,1.2446699142456055,1.2452890872955322,1.2455151081085205,1.246042013168335,1.2464818954467773,1.246999979019165,1.247399091720581,1.2479469776153564,1.2481780052185059,1.2483570575714111,1.2488319873809814,1.248971939086914,1.2491350173950195,1.2496891021728516,1.249988079071045,1.2508690357208252,1.251373052597046,1.2519021034240723,1.2520511150360107,1.2523748874664307,1.2528300285339355,1.2531180381774902,1.2533130645751953,1.2543580532073975,1.2545619010925293,1.254714012145996,1.254884958267212,1.2554280757904053,1.2557430267333984,1.2559220790863037,1.2563691139221191,1.2565279006958008,1.2574400901794434,1.2576348781585693,1.257822036743164,1.2588179111480713,1.2591629028320312],"env":"RockSample5","ubs":[21.515923115714628,21.515923115714628,21.515923115714628,21.515923115714628,21.489354413387105,21.489354413387105,21.46770618994867,21.463423359915446,21.463423359915446,21.463423359915446,21.44531330388485,21.43749230644378,21.41218359825544,21.41218359825544,21.41218359825544,21.408621037553413,21.38139900648013,21.26089108263261,21.17474781663671,21.120165824329536,21.100134151374295,21.086188322805015,21.086145940105325,21.086144397803086,21.086144397803086,21.086144397803086,21.08614434167886,21.085421733657313,21.085421733657313,21.085421733657313,21.085421733657313,21.082243224706996,21.08192143085803,21.081906767756152,21.081538211523707,21.075862972282618,21.07501057747009,21.066674604643957,21.057706757828626,21.052167737624636,21.04676165390554,21.046237849871375,21.041482830475175,21.031595552499866,21.031113146592965,21.026020815631924,21.025996947581177,21.025996947581177,21.025996947581177,21.020651572851246,21.015411191897307,21.015411191897307,21.015411191897307,21.015411191897307,21.015411191897307,21.015411191897307,21.015411191897307,21.015411191897307,21.015411191897307,21.015411191897307,21.015411191897307,21.014831984393584,21.014793334542023,21.014726213840802,21.006037401159197,20.999540960937477,20.999540960937477,20.996888581398803,20.996888581398803,20.99537939775056,20.995355529699818,20.980696750342226,20.978202562976605,20.97171093278005,20.966562243008383,20.958445715940577,20.957327280993212,20.949590362339574,20.945144982571705,20.935326687440018,20.92379928779881,20.92379928779881,20.92379928779881,20.92379928779881,20.923671920112874,20.92135182024076,20.92135182024076,20.92135182024076,20.9186334829609,20.911001192635545,20.911001192635545,20.911001192635545,20.911001192635545,20.911001192635545,20.90613588091496,20.899744893606623,20.891892771734838,20.881310994174584,20.878424128440216,20.87761908211856,20.87761908211856,20.87761908211856,20.87761908211856,20.87517479231424,20.873724916406424,20.86992421067138,20.869337024913403,20.867560564385393,20.866562716461658,20.86591149011653,20.86591149011653,20.862518722395436,20.855366543069366,20.855290965838112,20.855290965838112,20.852521623583232,20.850704159653212,20.86268189002618,20.86268189002618,20.846725082997107,20.843476238704067,20.84340508432715,20.84065046829729],"sim_r":null,"sim_rsigma":null,"solver":"BIB-SARSOP","env_full":"RockSample ()","final_lw":20.636507501018333,"timeout":false,"runtime":1.2591629028320312,"final_ub":20.84065046829729}