{"lbs":[0.019092138771904497,0.3970917281628702,0.581481240951584,0.6145501930048043,0.6272781301959108,0.6304031817433232,0.6325670130005185,0.6383379581863644,0.6425348650783049,0.6425348650783049,0.6425348650783049,0.6445852103840877,0.6460730968611652],"times":[0.9638199806213379,0.9642260074615479,0.9655280113220215,0.9725260734558105,0.9730391502380371,0.974276065826416,0.9823851585388184,0.9828951358795166,0.9858911037445068,0.9863271713256836,1.0602929592132568,1.0826220512390137,1.0841970443725586],"env":"FrozenLake4","ubs":[0.6569667696531396,0.6569667696531396,0.6569667696531396,0.6569667381775558,0.6569667279337594,0.6569667279337594,0.6569667192362747,0.6568802013586792,0.6553985340446293,0.655230665140456,0.6538177704457627,0.6530249843092927,0.6517876898194459],"sim_r":null,"sim_rsigma":null,"solver":"EBIB-SARSOP","env_full":"Frozen Lake (4)","final_lw":0.6460730968611652,"timeout":false,"runtime":1.0841970443725586,"final_ub":0.6517876898194459}