{"lbs":[-23.255813953488353,-8.271255298621845,-5.842657821420017,-0.14173137728839302,4.182717332074974,6.534473261369232,7.330998450845263,9.372177161495095,10.630003287745772,12.804518382722751,14.468937092552867,15.796815898691634,16.495686831935338,18.12416322844806,18.750578643610655,19.825349296179688,20.15646046881765,20.488227868205495,20.852330661894317,21.215243208822177,21.594717211182296,21.870759019412212,22.024923862316175,22.145278190747703,22.303636194678077,22.381295922278753,22.479909901743795,22.506797090403474,22.557127108616122,22.606351089358093,22.649771320965378,22.669017550891297,22.713908835682517,22.75709196874006,22.789355929286774,22.799852611975524,22.80745613906555,22.82805770275008,22.83384056826891,22.848721168152196,22.855861409768814,22.87135457996641,22.872533264537644,22.875550687590653,22.877410632808363,22.884668951144672,22.885362740486514,22.891211010236887,22.892977153754334,22.89598919314587,22.89649553869586,22.89826805590642,22.899209176834457,22.90004478434853,22.900710982497294,22.901137169295737,22.901372768355905,22.901958285950546,22.902037994330264,22.90244665954151,22.90250229244159],"times":[0.0073089599609375,0.007458925247192383,0.007555961608886719,0.007650852203369141,0.008406877517700195,0.008633852005004883,0.008859872817993164,0.009071826934814453,0.009169816970825195,0.00933694839477539,0.009516000747680664,0.009681940078735352,0.00987100601196289,0.010100841522216797,0.01028895378112793,0.010532855987548828,0.010727882385253906,0.01089787483215332,0.011085033416748047,0.011308908462524414,0.011503934860229492,0.011713027954101562,0.011904001235961914,0.012077808380126953,0.012277841567993164,0.012457847595214844,0.012681007385253906,0.012789011001586914,0.012985944747924805,0.013115882873535156,0.013247013092041016,0.013340950012207031,0.01362299919128418,0.013873815536499023,0.014065980911254883,0.014146804809570312,0.01423192024230957,0.014520883560180664,0.01459193229675293,0.014866828918457031,0.015004873275756836,0.01538395881652832,0.01549386978149414,0.01556396484375,0.015674829483032227,0.015880823135375977,0.015990018844604492,0.01789093017578125,0.0180819034576416,0.020160913467407227,0.02031087875366211,0.020641803741455078,0.02092599868774414,0.02129387855529785,0.021483898162841797,0.021620988845825195,0.021802902221679688,0.02214193344116211,0.02232980728149414,0.022542953491210938,0.022708892822265625],"env":"Tiger","ubs":[59.828594728872005,59.828594728872005,50.95597868086715,50.766187452980034,47.942340261483295,45.22356420009493,44.41993950710639,43.805220807609956,43.37322595904544,42.733077866807264,41.2189628640032,39.18322236904973,38.339759932077015,38.111649687651564,36.44314682062901,35.14005352562998,34.089857314547075,33.65956969721941,32.95418043567884,32.44758143008998,31.454622870002833,30.582015160361113,29.995828127666663,29.290088560889416,28.94145553414279,28.288972434240403,28.01872105002808,27.44224182967536,27.22386425380167,26.921673798517922,26.78354487219012,26.52323074734516,26.472645566390437,26.13927674843462,25.805840510534395,25.46569768625742,25.36350274878327,25.259163057651918,25.037801423896617,24.929528431925156,24.727556151020096,24.60308768398437,24.351921850416097,24.32116696618847,24.264564752924898,24.24005272355918,24.06108242923552,24.029435617606254,23.760068342619533,23.690569138962445,23.50716397728179,23.50716397728179,23.402649451083192,23.35642461802084,23.2856673374015,23.246578191046737,23.22391586111807,23.214936093940302,23.167852700343268,23.166653691513588,23.125194100992324],"sim_r":null,"sim_rsigma":null,"solver":"BIB-SARSOP","env_full":"Tiger","final_lw":22.90250229244159,"timeout":false,"runtime":0.022708892822265625,"final_ub":23.125194100992324}