{"lbs":[-71.42857142857136,-40.45400296693937,-37.37083518227743,-34.376082728470536,-29.814519084184873,-21.844972797022493,-15.903409333107156,-12.590027933528154,-8.803840819600714,-2.962868567140497,2.53375196580916,8.320964959446204,11.403668239875405,15.48133634635531,18.38611008175422,21.39866861788218,24.941671349389082,28.681271132995516,31.41464415358974,34.748625148683146,37.138342581270024,39.13977084664292,41.49520645007837,43.951828083878894,46.210765435226605,48.25740265674572,51.7898663335556,53.0968451266146,53.72861789489747,55.293182535549406,58.546416251856826,59.50110338435991,60.54640778244106,61.56545068126543,62.29143307837572,64.44908049991898,64.82346269388424,66.73022845644815,66.98471316005975,68.19070224119949,68.41097664557704,68.55990719922075,68.73750512097769,68.89457445974395,69.27414376533982,69.4567272284597,70.2359005023936,70.55512906297565,70.98183421117844,71.18653922875725,72.16107709647366,72.69645829870568,72.82973075543582,72.9441142466366,73.15203114735351,73.49582980944017,73.57015922529582,73.65718360638739,73.96657688419099,74.04496001741634,74.2888794055934,74.33099569185048,74.36606563040823,74.43530038839722,74.50188134316613,74.63227380581947,74.68461067193067,74.75325953047334,74.8069736741553,74.86645438385773,74.8859404457668,74.93663890823163,74.97873757608843,74.98758837838898,75.01952545218307,75.02904654714845,75.03483324611021,75.04787336020323,75.05310960029863,75.05775364016183,75.06327417136671,75.07496163023652,75.08082553544492,75.08331279355262,75.093409335178,75.09688636726787,75.10017331094105,75.10324326246457,75.10588951832491,75.10905392771525,75.11311332376667,75.11455243450615],"times":[0.01763606071472168,0.017918109893798828,0.018316984176635742,0.018934011459350586,0.01969599723815918,0.020663022994995117,0.021780014038085938,0.023186206817626953,0.024502038955688477,0.026086091995239258,0.027604103088378906,0.02935314178466797,0.03177618980407715,0.03426408767700195,0.03682708740234375,0.039396047592163086,0.04209303855895996,0.04479098320007324,0.04817914962768555,0.05147814750671387,0.05540609359741211,0.05857706069946289,0.06227707862854004,0.06546521186828613,0.0694282054901123,0.07317805290222168,0.07672715187072754,0.08466219902038574,0.09336018562316895,0.10245418548583984,0.10651516914367676,0.11622905731201172,0.12072110176086426,0.13165998458862305,0.13236117362976074,0.13678503036499023,0.13718104362487793,0.14155912399291992,0.14203715324401855,0.1464681625366211,0.1469101905822754,0.14730405807495117,0.14782214164733887,0.14825820922851562,0.15102100372314453,0.1515212059020996,0.15477705001831055,0.15853309631347656,0.16212916374206543,0.1648881435394287,0.17001104354858398,0.17458415031433105,0.17667508125305176,0.17829608917236328,0.18142008781433105,0.18529701232910156,0.18603301048278809,0.18854212760925293,0.19287514686584473,0.1948680877685547,0.19939112663269043,0.20034217834472656,0.2011120319366455,0.20311212539672852,0.20462799072265625,0.2086501121520996,0.21114611625671387,0.2134552001953125,0.21579813957214355,0.21976113319396973,0.22130107879638672,0.22577118873596191,0.2293701171875,0.23075318336486816,0.23601317405700684,0.23772907257080078,0.23848819732666016,0.24149608612060547,0.24334406852722168,0.2443861961364746,0.2459092140197754,0.2498621940612793,0.2521400451660156,0.25380420684814453,0.2589240074157715,0.26113009452819824,0.26342105865478516,0.26514315605163574,0.2671041488647461,0.270031213760376,0.2752261161804199,0.276947021484375],"env":"Tiger","ubs":[156.4227080776046,156.4227080776046,146.5531658205002,145.698125701457,145.27093057236488,144.60813422332475,141.49235807429687,140.05091256217486,139.86994049422722,138.30543260900467,136.54020776601948,133.90006568261265,130.62405908367947,130.018658227981,128.0956333538899,127.69706644209947,126.08035892525209,123.8820585868748,121.04949128442487,120.00876527387251,119.056222722722,117.34601266325896,116.25148313670522,114.31272967080591,111.58143510339272,109.6701563487128,107.87298072907666,107.00990380727049,107.00990380727049,104.13727110100312,103.36237737522437,100.73279187478396,99.8866945894137,98.99746900098278,97.86289272427207,97.23991535599865,95.21736293912443,94.97937633598733,92.96365812072227,92.80800429191015,91.48901860671742,91.41454228189662,91.23556813494017,91.01628721718191,90.75162664245579,90.19454265169061,90.13054364862928,89.16729376049969,88.66966537029003,87.98878284451936,87.79336697496583,86.04954533878455,85.11236891778589,84.93195642538961,84.66536150217351,84.25138375661979,83.45326843094432,83.32435150602716,83.0021277279542,82.09293312992382,81.86358054726351,81.13242696384026,81.02814023691317,80.86309150392259,80.57229236391527,80.33309796562624,79.77907920610403,79.51105039372486,79.20969989979726,78.96134692637305,78.5514992123082,78.44555921340032,78.06381541770502,77.67664471310164,77.59626298726539,77.22254126223017,77.13204986528689,77.10895159635824,76.95077193622782,76.89402913587858,76.82458710373146,76.73228967681246,76.55336794181858,76.47365443387372,76.42735170120197,76.23021318948167,76.16209680221618,76.08564510057448,76.02658189442933,75.9603562960841,75.88881948753226,75.79169082561339],"sim_r":null,"sim_rsigma":null,"solver":"EBIB-SARSOP","env_full":"Tiger","final_lw":75.11455243450615,"timeout":false,"runtime":0.276947021484375,"final_ub":75.79169082561339}