{"lbs":[-21.276595744680833,-6.630787165717418,-4.306841229314367,-2.2275730765446995,2.570754774378093,6.327438934411449,8.799765469387374,10.080326647567802,11.362113622109845,13.962109942045917,15.234375206618893,15.971636661480254,16.873673828429048,17.442161828935895,18.064488998899698,18.368773745668662,18.780806521025937,19.171462325653778,19.432445787217944,19.654231654935316,19.80323462813732,19.94407132506651,20.06144235046853,20.095917127144702,20.184183498006995,20.26896918272781,20.306122611537845,20.403870493098452,20.429444929756194,20.458663189633125,20.48267357012028,20.5636031618005,20.579756252060537,20.604705826702308,20.61563883088038,20.652122932334986,20.67268920693052,20.687851145366274,20.70424608676681,20.708518978717095,20.721691437138176,20.722533609151306,20.730830203089358,20.73847288445309,20.739814326353997,20.742527961839862,20.74449575505168,20.74690439652988,20.747416431565057,20.74764080738145,20.75037895174342,20.75170776899268,20.751828735483706,20.752704357303266,20.752819396313306,20.753524654362003,20.754113962872122,20.75437220023672,20.75477748428881,20.754955081394108,20.755394139031427,20.75566617906719],"times":[0.0067310333251953125,0.00683903694152832,0.006909847259521484,0.006979942321777344,0.007083892822265625,0.00769495964050293,0.00783681869506836,0.00797891616821289,0.00810384750366211,0.008270978927612305,0.00843191146850586,0.008558034896850586,0.008723020553588867,0.008881807327270508,0.009063005447387695,0.009120941162109375,0.009315013885498047,0.00945591926574707,0.009637832641601562,0.009811878204345703,0.009997844696044922,0.010185956954956055,0.01037287712097168,0.010475873947143555,0.010713815689086914,0.010914802551269531,0.011023998260498047,0.011221885681152344,0.01134490966796875,0.011471986770629883,0.011580944061279297,0.01186680793762207,0.011981964111328125,0.012084007263183594,0.012171030044555664,0.012389898300170898,0.012590885162353516,0.012782812118530273,0.012969970703125,0.013062000274658203,0.013345003128051758,0.013437032699584961,0.01361393928527832,0.015043973922729492,0.01512002944946289,0.015254974365234375,0.015363931655883789,0.015503883361816406,0.015631914138793945,0.015743017196655273,0.017319917678833008,0.018944978713989258,0.019147872924804688,0.01946282386779785,0.019649028778076172,0.020018815994262695,0.020183801651000977,0.020315885543823242,0.020478010177612305,0.020566940307617188,0.0208590030670166,0.022578001022338867],"env":"Tiger","ubs":[54.54815624622728,54.54815624622728,47.3599031138434,46.32347621069834,45.24796144438818,42.87386869280248,38.92519071768278,38.13504956070861,38.043553863679236,37.67082974674207,35.34556333470182,33.43521570912982,32.56960708194782,31.816878047704208,31.661252499797392,30.557556631797517,30.453659244702347,29.57359777836071,28.56532821152392,27.58437535678678,27.17127930446712,26.522499798877895,26.173819944351226,25.797586335432662,25.613479862610163,25.347197241763173,25.011539364121877,24.995972005456153,24.55941712224405,24.534262214373747,24.458148212706504,24.419180157252313,24.099941685830377,24.062302771523985,23.846787216088337,23.814328785393357,23.324232850926773,23.028083168360876,22.803362807105245,22.540445900793884,22.534996363459186,22.19280242724052,22.188546269959705,22.052753887217946,21.77399993179178,21.77399993179178,21.695139269297613,21.634987698531802,21.52458605415213,21.492408603314523,21.46843130509661,21.290543800064924,21.194634394840815,21.194634394840815,21.130849446145326,21.120084601466154,21.06145861762297,21.030579081466684,21.012548380980597,20.98450883562296,20.976816463761253,20.94390820239662],"sim_r":null,"sim_rsigma":null,"solver":"BIB-SARSOP","env_full":"Tiger","final_lw":20.75566617906719,"timeout":false,"runtime":0.022578001022338867,"final_ub":20.94390820239662}