{"lbs":[-35.71428571428568,-13.755997306797305,-11.177642775832469,-8.690570641076903,-2.500712443883655,2.7685959156476114,6.463011858697646,10.059179572425467,13.330280708490736,15.662356470869426,20.159444564343296,22.17370675496076,23.34346485358435,24.934083227317274,26.94658468002342,27.810299923673504,29.421458965486558,30.155131105040297,30.9501169963697,32.16369663821949,32.84233922414072,33.4670719718178,34.063601696495866,34.27116536049972,34.569860923605404,34.69120554613258,34.88922100142649,34.98081065485597,35.07591607468182,35.20221141118498,35.450794700914926,35.666745766042894,35.797052189215236,35.85585619731974,35.994957765590335,36.040475984715115,36.06570139697132,36.10454810595516,36.1336992824383,36.16679759601313,36.22727360798656,36.23860870581342,36.26838121470746,36.28233940555202,36.318450756996484,36.32083542914508,36.321938430399754,36.34768183820418,36.36023435381458,36.369603554144625,36.378530221112335,36.38601770929125,36.38948753406415,36.396002614228905,36.39981646844376,36.40296637273366],"times":[0.009750843048095703,0.01060795783996582,0.01088094711303711,0.011214017868041992,0.011601924896240234,0.01193690299987793,0.012363910675048828,0.012817859649658203,0.0131988525390625,0.013705015182495117,0.014207839965820312,0.014697790145874023,0.015365839004516602,0.015849828720092773,0.016392946243286133,0.01677989959716797,0.01744389533996582,0.01778888702392578,0.018342971801757812,0.018971920013427734,0.019450902938842773,0.019975900650024414,0.02063894271850586,0.020984888076782227,0.021449804306030273,0.02155900001525879,0.021996021270751953,0.022162914276123047,0.022534847259521484,0.02277684211730957,0.023252010345458984,0.023860931396484375,0.024428844451904297,0.024644851684570312,0.0252377986907959,0.02556586265563965,0.02574300765991211,0.026007890701293945,0.02638387680053711,0.026677846908569336,0.02719283103942871,0.027310848236083984,0.027685880661010742,0.027891874313354492,0.032382965087890625,0.0325169563293457,0.03263592720031738,0.03790092468261719,0.03840184211730957,0.039016008377075195,0.03947591781616211,0.045041799545288086,0.045465946197509766,0.0516049861907959,0.0579838752746582,0.061122894287109375],"env":"Tiger","ubs":[77.52529400806027,77.52529400806027,67.7713223929267,67.7713223929267,67.61479530399149,65.71726510758307,63.0869127739664,62.45918944922983,61.55645588717608,59.33142969509768,58.678897356478416,55.682435473192896,53.81775263015629,53.407544248912856,52.88517795058998,51.50650673104435,50.92919810354722,49.48754354995157,48.746926574774065,47.60073609777204,46.582309086276375,45.73324260082255,44.8350930852826,43.65706745892892,43.25882714953083,42.83044680615058,42.583982450896684,42.1572013760732,41.965439694588596,41.8364579038568,41.629312315270774,40.96033154347442,40.39483829528456,39.97512823900317,39.84010249667226,39.37351449740247,39.13181810054563,39.002100142002234,38.81727508675134,38.63265692213068,38.47356836278547,38.17801351928788,38.157973288161806,37.97240561456551,37.9223195068191,37.626538026181365,37.626538026181365,37.60036038154028,37.35312608336246,37.252747342378825,37.13717061159908,37.04886488393866,36.94658089888011,36.89571224765386,36.797253793761854,36.73612943084289],"sim_r":null,"sim_rsigma":null,"solver":"EBIB-SARSOP","env_full":"Tiger","final_lw":36.40296637273366,"timeout":false,"runtime":0.061122894287109375,"final_ub":36.73612943084289}