{"lbs":[0.013613498031447832,0.3003536217380633,0.43427110240066547,0.46119520177778517,0.4912544401900123,0.49861313537147234,0.5060500978617949,0.5099776125522644],"times":[0.21910405158996582,0.2193920612335205,0.21958589553833008,0.2205960750579834,0.2207489013671875,0.22397685050964355,0.22424888610839844,0.22460103034973145],"env":"FrozenLake4","ubs":[0.5141526262910092,0.5141526262910092,0.51415151725803,0.5141511196725104,0.514151081877037,0.5141508884130154,0.5141506890654844,0.5141503807027572],"sim_r":null,"sim_rsigma":null,"solver":"BIB-SARSOP","env_full":"Frozen Lake (4)","final_lw":0.5099776125522644,"timeout":false,"runtime":0.22460103034973145,"final_ub":0.5141503807027572}