{"lbs":[9.451650624159997,18.301007973763618,19.324751239390586,22.338852067076456,22.338852067076456,22.338852067076456,22.338852067076456,22.338852067076456,22.338852067076456,22.338852067076456,22.338852067076456,22.338852067076456,22.338852067076456,22.338852067076456,22.338852067076456,22.338852067076456,22.338852067076456,22.338852067076456,22.338852067076456,22.338852067076456,22.338852067076456,22.338852067076456,22.338852067076456,22.338852067076456,22.338852067076456,22.338852067076456,22.338852067076456,22.338852067076456,22.338852067076456,22.338852067076456,22.338852067076456,22.338852067076456,22.338852067076456,22.338852067076456,22.338852067076456,22.338852067076456,22.338852067076456,22.338852067076456,22.338852067076456,22.338852067076456,22.338852067076456,22.338852067076456,22.338852067076456,22.338852067076456,22.338852067076456,22.338852067076456,22.338852067076456,22.338852067076456,22.338852067076456,22.338852067076456,22.338852067076456,22.338852067076456,22.338852067076456,22.338852067076456,22.338852067076456,22.338852067076456,22.338852067076456,22.338852067076456,22.338852067076456,22.338852067076456,22.338852067076456,22.338852067076456,22.338852067076456,22.338852067076456,22.338852067076456,22.338852067076456,22.338852067076456,22.338852067076456,22.338852067076456,22.338852067076456,22.338852067076456,22.338852067076456,22.338852067076456,22.338852067076456,22.338852067076456,22.338852067076456],"times":[2.0385019779205322,2.0387959480285645,2.039107084274292,2.039401054382324,2.0395970344543457,2.039870023727417,2.04007887840271,2.0402770042419434,2.040477991104126,2.0406599044799805,2.0409560203552246,2.0411698818206787,2.0412709712982178,2.0414068698883057,2.041672945022583,2.041779041290283,2.042104959487915,2.0425009727478027,2.0428829193115234,2.043179988861084,2.0433719158172607,2.043658971786499,2.0438549518585205,2.0441479682922363,2.044327974319458,2.0445330142974854,2.045114040374756,2.045724868774414,2.046143054962158,2.046643018722534,2.046992063522339,2.047374963760376,2.0477800369262695,2.048259973526001,2.0486788749694824,2.049046039581299,2.0492398738861084,2.049654960632324,2.0499989986419678,2.0504109859466553,2.050762891769409,2.0511128902435303,2.0513670444488525,2.0519769191741943,2.052150011062622,2.0525848865509033,2.052783966064453,2.053076982498169,2.053256034851074,2.0535919666290283,2.0537688732147217,2.0540690422058105,2.0542500019073486,2.05479097366333,2.0549979209899902,2.055459976196289,2.055860996246338,2.0562660694122314,2.0566070079803467,2.0569510459899902,2.0573298931121826,2.057547092437744,2.0579259395599365,2.0580809116363525,2.058377981185913,2.058727979660034,2.0593080520629883,2.0594089031219482,2.0595099925994873,2.0601038932800293,2.0603129863739014,2.060723066329956,2.0612220764160156,2.0613598823547363,2.062023878097534,2.062548875808716],"env":"RockSample5","ubs":[22.897894279402696,22.897894279402696,22.897894279402692,22.897894279402692,22.881585456250704,22.86796116723308,22.865504956622846,22.865504956622846,22.865504956622846,22.865504956622846,22.85405964282641,22.849424456994985,22.832445990638767,22.815905602046488,22.73929651393349,22.685487843355155,22.651928907779272,22.64634375949106,22.64634375949106,22.64634375949106,22.64467453855419,22.63737650844494,22.627248491973372,22.626460665304588,22.62441556956623,22.62441556956623,22.62441556956623,22.62441556956623,22.62441556956623,22.62441556956623,22.62441556956623,22.622778991081475,22.61883636239522,22.61311697545448,22.61311697545448,22.612394868823003,22.612394868823003,22.612012876232974,22.61045948983166,22.60651801098824,22.60651801098824,22.604668250254214,22.600775800259,22.59945631404855,22.59574685763958,22.59574685763958,22.59213887066588,22.586665006156377,22.586665006156377,22.586665006156377,22.586665006156377,22.5850234091669,22.582919117180847,22.582919117180847,22.582919117180847,22.582919117180847,22.582919117180847,22.582919117180847,22.582919117180847,22.582919117180847,22.582919117180847,22.582919117180847,22.582919117180847,22.582919117180847,22.582597138181868,22.58257543275687,22.580809986139293,22.57732375949106,22.57732375949106,22.572729014979426,22.56641668914775,22.56641668914775,22.565445621493026,22.56473297265065,22.564142476030284,22.560845439929032],"sim_r":null,"sim_rsigma":null,"solver":"BIB-SARSOP","env_full":"RockSample ()","final_lw":22.338852067076456,"timeout":false,"runtime":2.062548875808716,"final_ub":22.560845439929032}