{"lbs":[0.011644226597194104,0.33017188040590845,0.401717571043546,0.43092738852725265,0.4475006973097335,0.44905365611859305,0.45457866978346545,0.45509228717695244,0.45514139261145226,0.46100799479138815,0.46566978916004254,0.46566978916004254,0.4664979882200515,0.4699667000045639,0.470291726623681,0.4706086554592821,0.47169966234019167,0.4720839577157178,0.4720839577157178,0.47211996711471355,0.47326862098531913,0.47340268281586,0.4737059562215835,0.473734373667556,0.4737370364504455],"times":[0.17959380149841309,0.2099158763885498,0.21021389961242676,0.21054887771606445,0.21081995964050293,0.21096301078796387,0.21276283264160156,0.21323800086975098,0.21338295936584473,0.21405887603759766,0.2146458625793457,0.2147078514099121,0.215012788772583,0.21563291549682617,0.2157738208770752,0.21592998504638672,0.2166728973388672,0.2179088592529297,0.21796298027038574,0.21807098388671875,0.21897578239440918,0.21912693977355957,0.21936488151550293,0.22022485733032227,0.22029590606689453],"env":"FrozenLake4","ubs":[0.5219747692825006,0.5219747692825006,0.5105523798191205,0.4955915766654605,0.4955915766654605,0.4955915766654605,0.49386648799381466,0.49343261328982996,0.4931443983584552,0.4891041046558746,0.48467055594033587,0.48387570257898,0.48253273456857093,0.48203333174343604,0.4816732148588787,0.4812152818762154,0.48006898956198985,0.4797246318557473,0.4791041046558746,0.47909864496683774,0.47895499653814977,0.4787761966305337,0.4787594426500703,0.47871523903747526,0.47803970834120957],"sim_r":null,"sim_rsigma":null,"solver":"SARSOP","env_full":"Frozen Lake (4)","final_lw":0.4737370364504455,"timeout":false,"runtime":0.22029590606689453,"final_ub":0.47803970834120957}