{"lbs":[-20.408163265306104,-11.14617473928717,-8.309649364156144,-2.656021101301546,1.4270092562310879,3.8472880124271827,6.435747123840942,7.563520434328281,10.503851061198796,11.870687527464371,13.151808286975504,13.953176535536164,14.753160371434593,15.535835899912684,16.291130436824485,16.870499440206387,16.870499440206387,16.870499440206387,17.359089971406377,17.76760851760813,18.108385864269934,18.392475221069233,18.516250942686405,18.678505398627912,18.83392721308727,18.923822052258686,18.95999821635906,19.07510664656309,19.125258574721343,19.19202367188263,19.29424683495028,19.316590580800394,19.370863501175258,19.418788853385383,19.47637726160535,19.4987072577891,19.529563385635637,19.552736203357632,19.562832435992878,19.590771322177936,19.60734295418773,19.626735871864028,19.635185228808233,19.654536053509794,19.66664839584835,19.680356674992026,19.691606536981134,19.71032909762252,19.71792118896417,19.72700450232641,19.73995166356174,19.745592650055748,19.75196710430484,19.769239180741813,19.77655815097871,19.779746974498085,19.78279708909828,19.790690541280725,19.792725331944535,19.79894881445542,19.80141837107499,19.803539376860904,19.804463484066694,19.804866111034265,19.805899475139928,19.807639305566006,19.8081657364283,19.809258232988412,19.809952984021898,19.810938480050055,19.811423045327185,19.811880500778926,19.812273974770047,19.81260469694165,19.812924383162596,19.81325899068627,19.813344091316935,19.813425411099857,19.813684318123762,19.813709803463958,19.813819202696784,19.813882796401423,19.813943980711745,19.813996838482204,19.81407311499064,19.81408169099268,19.814116184673317,19.814152524949414,19.814178406325794,19.81419613915917],"times":[0.003116130828857422,0.030234098434448242,0.030318021774291992,0.0303800106048584,0.03045511245727539,0.03056502342224121,0.03069019317626953,0.030837059020996094,0.031023025512695312,0.031162023544311523,0.0312960147857666,0.03146100044250488,0.03159618377685547,0.03177309036254883,0.03193998336791992,0.0321040153503418,0.03212618827819824,0.032150983810424805,0.03232097625732422,0.0324862003326416,0.03264904022216797,0.03280901908874512,0.032862186431884766,0.03311014175415039,0.033384084701538086,0.03356814384460449,0.03376412391662598,0.03400897979736328,0.03420901298522949,0.034893035888671875,0.03513598442077637,0.035398006439208984,0.035616159439086914,0.035900115966796875,0.03623008728027344,0.03642702102661133,0.03678703308105469,0.03699016571044922,0.037171125411987305,0.03742504119873047,0.03759312629699707,0.037856101989746094,0.038088083267211914,0.03822207450866699,0.03840208053588867,0.03847217559814453,0.038635969161987305,0.03885912895202637,0.03898310661315918,0.03912210464477539,0.03941512107849121,0.039494991302490234,0.03960418701171875,0.03987717628479004,0.03999805450439453,0.04009413719177246,0.04022216796875,0.04043698310852051,0.04054903984069824,0.04084420204162598,0.041249990463256836,0.04138016700744629,0.04145097732543945,0.04152703285217285,0.04163408279418945,0.041867971420288086,0.04204297065734863,0.04227304458618164,0.04242300987243652,0.04270505905151367,0.04283404350280762,0.04296302795410156,0.043090105056762695,0.043218135833740234,0.04340505599975586,0.04368400573730469,0.043853044509887695,0.04394817352294922,0.04428815841674805,0.04444003105163574,0.044610023498535156,0.044754981994628906,0.04488801956176758,0.045011043548583984,0.04525399208068848,0.04533100128173828,0.04552197456359863,0.04587507247924805,0.04705619812011719,0.047242164611816406],"env":"Tiger","ubs":[89.02629419985105,89.02629419985105,79.69149439345424,76.86114798768281,70.97293458876953,65.25764514052666,64.20292939743112,62.506686540239,61.87571747656135,57.112765509235835,54.465484480564854,52.415221562348464,51.67694248010487,50.36841545924154,48.64498543324139,45.82061353542617,45.02629419985105,45.02629419985105,44.140553043415814,42.88781248054821,41.10645028671985,40.12742780945962,38.41762479875396,37.695201728116956,36.69228163259602,35.823945358226965,34.968456979231675,34.535398620844255,34.01037608953321,33.4721036839504,33.30817967567731,33.03629356437236,32.854691055822656,32.47796795865043,32.15209311474237,31.65747296753694,31.510892904419457,30.906679804276344,30.725828603720455,30.23467797820041,30.007809037098713,29.71175000361535,29.496783756053127,29.30010660974697,28.922214797418782,28.614543979882946,28.281788365977164,28.02728204374572,27.45066344165452,27.308306653535013,27.03725275843942,26.4917034209319,26.111106463675974,25.826644439470776,24.837288352937122,24.562211555002115,24.43716366844079,24.232347783543084,23.62366114017059,23.490792627886872,22.891181238934244,22.778638705745905,22.505887703079825,22.48393556082314,22.31206780305341,22.22221040760575,21.917279573351166,21.669167659209705,21.46690048948241,21.324657137019198,21.1569091271574,21.02995614569636,20.93348109013202,20.84917487990121,20.789325234768363,20.673786944314475,20.595096449288473,20.545875442052417,20.534525525582875,20.411375288621905,20.411282648377824,20.335491391631933,20.291133198437553,20.25713252586401,20.231036067791106,20.16256804980707,20.148053838653084,20.115895695357178,20.052695423254473,20.008265423202044],"sim_r":null,"sim_rsigma":null,"solver":"SARSOP","env_full":"Tiger","final_lw":19.81419613915917,"timeout":false,"runtime":0.047242164611816406,"final_ub":20.008265423202044}