{"lbs":[0.011871807460240575,0.3356244237565335,0.40939119989085704,0.43940935911045387,0.45736513617548086,0.45905459523952924,0.4647863404647001,0.47422473473714366,0.4763567571879085,0.4765573591803009,0.47657623382176517,0.47665575919638137,0.47665575919638137,0.4787180186836389,0.4813153483212684,0.4815990261737912,0.48267396913635874,0.4827751105197068,0.482784626912466,0.482784626912466,0.483349771590745,0.48340294605352424,0.4842036177225366,0.4845635819887258,0.4847922093074083],"times":[0.18976616859436035,0.2209169864654541,0.2212371826171875,0.24027705192565918,0.240570068359375,0.24074912071228027,0.24158620834350586,0.24202609062194824,0.24238920211791992,0.24252700805664062,0.24277901649475098,0.2428882122039795,0.24294018745422363,0.24335813522338867,0.24393320083618164,0.2441251277923584,0.24462008476257324,0.2447202205657959,0.24478507041931152,0.24483418464660645,0.2452712059020996,0.24541115760803223,0.24585819244384766,0.24617409706115723,0.2466871738433838],"env":"FrozenLake4","ubs":[0.5325523560798644,0.5325523560798644,0.5220624855498244,0.5068757853974685,0.5068757853974685,0.5068757853974685,0.5057076388281839,0.5055744116037526,0.5054136190651582,0.5010798164255578,0.4971007908079547,0.49699161098332895,0.49552977685885446,0.4937252117654283,0.4934178762630159,0.49338895906559405,0.49307611206367435,0.49253270474925037,0.4921059344086769,0.49107981642555776,0.49039421340382044,0.4901810278748231,0.49016096924839975,0.4895325588320509,0.4889125009931348],"sim_r":null,"sim_rsigma":null,"solver":"SARSOP","env_full":"Frozen Lake (4)","final_lw":0.4847922093074083,"timeout":false,"runtime":0.2466871738433838,"final_ub":0.4889125009931348}