{"lbs":[-58.82352941176465,-41.31943551926523,-37.90599055083586,-29.070156779445206,-20.721009093447318,-16.25627781363307,-14.47986288894121,-1.3688410358345355,1.7248346652097803,5.143371187504499,8.311420913344167,12.04539186002583,15.34229737172902,21.96158982864376,25.186653713640073,28.30241481703092,30.954180480064387,32.931329598297026,34.38775758428888,36.714985473325406,37.91095886535952,39.772487513239895,41.269510565383655,42.68884773641897,44.00544976419599,45.27187767602036,46.55542780634363,47.58392419328274,48.07454317070301,49.77159657416746,51.80111821392769,52.12740483064863,52.630735462662784,54.03864746871176,54.64287508491648,55.968901339509664,56.46135025598666,56.6154250146068,57.358785085145726,57.65696590405301,58.23461092417199,58.77373164760526,58.948678093158584,59.379181003701014,59.52595248431524,59.63399914849069,59.685540159781155,59.96441609208472,60.047017813024254,60.232897747502776,60.32317718357507,60.55219327629804,60.71990381728314,60.773021014210705,60.83788041707048,60.9178161321604,60.959565434300494,60.992319269533624,61.064936679290895,61.08687233487424,61.11847870163027,61.15004279960928,61.17825285029082,61.21645267624601,61.2763187903775,61.308705524548955,61.31353785145151,61.340485986141324,61.35265226172551,61.36503493940354,61.36665387058636,61.367629113564305,61.372453105300615,61.38460612122546,61.39529609833994,61.397899658517765,61.40275116973038,61.418751128451916,61.41961162396831,61.43120271656787,61.437898203578385,61.438753419256656,61.440865592254056,61.4473762051495,61.448678580228176,61.44999423787164,61.453354146200326,61.4534599773028,61.454339144974014,61.4544631033567,61.45551363082543,61.457646459958916,61.45847092661569,61.45943611131594,61.46040156238328,61.46156486257266],"times":[0.014812946319580078,0.015025854110717773,0.01531982421875,0.015718936920166016,0.016221046447753906,0.016904830932617188,0.017709016799926758,0.018584012985229492,0.019537925720214844,0.02074599266052246,0.021939992904663086,0.02331686019897461,0.02469491958618164,0.026089906692504883,0.02779388427734375,0.02943587303161621,0.03139305114746094,0.034169912338256836,0.06521487236022949,0.06839990615844727,0.07201385498046875,0.07436299324035645,0.0785219669342041,0.08313298225402832,0.0877230167388916,0.0932469367980957,0.09883284568786621,0.1057589054107666,0.10621500015258789,0.10906505584716797,0.11161589622497559,0.11189603805541992,0.12032389640808105,0.1229398250579834,0.13136792182922363,0.13400983810424805,0.13624191284179688,0.1365828514099121,0.13943195343017578,0.14139199256896973,0.14420795440673828,0.1466538906097412,0.14881491661071777,0.15171504020690918,0.15386486053466797,0.15613389015197754,0.15656495094299316,0.15935897827148438,0.17705488204956055,0.1800708770751953,0.18268585205078125,0.18625998497009277,0.19025683403015137,0.19306302070617676,0.19551682472229004,0.19819283485412598,0.20080089569091797,0.20144200325012207,0.20389604568481445,0.20451903343200684,0.20616388320922852,0.20815587043762207,0.20958900451660156,0.2114858627319336,0.21519088745117188,0.21870684623718262,0.21960902214050293,0.2241969108581543,0.22507286071777344,0.2268059253692627,0.2278280258178711,0.22810888290405273,0.2289259433746338,0.2312910556793213,0.2330310344696045,0.23349404335021973,0.2348039150238037,0.2606089115142822,0.2613060474395752,0.266463041305542,0.26897287368774414,0.2698209285736084,0.2708878517150879,0.2746119499206543,0.2771329879760742,0.2795989513397217,0.28363704681396484,0.2845180034637451,0.28722405433654785,0.28836798667907715,0.29065990447998047,0.2947959899902344,0.29698801040649414,0.29933786392211914,0.3017098903656006,0.30579590797424316],"env":"Tiger","ubs":[154.71013974829637,154.71013974829637,147.06494886794866,145.9605894330067,141.98535925277747,138.25146240921208,137.21538333961044,136.58912886636648,132.59312708069038,130.05881985076275,128.92787104225832,127.75501321120582,124.86714806507233,123.73646324328593,119.35971222557333,116.81972373515305,113.92162618990358,111.53422206454218,110.58812197740615,109.95946609590365,107.68361226260625,106.37039900530488,105.62153581303986,105.62153581303986,101.01101994511563,99.31727693166869,98.21245535407654,96.47994853557859,95.17683753308779,94.87354215630141,92.6869887323417,90.32917273204811,90.09046113514177,89.04734348348,86.9138970509323,86.0970921168161,84.06788238010895,83.2760395930828,82.91886009899163,80.84585399951996,80.34317149462326,78.98819577089245,77.56001571468516,77.34714584950318,75.85864893556408,75.35775945086087,74.93203345466938,74.84526613702735,73.789507438442,73.41252995147002,72.6890405317528,72.28408292187132,71.20502548286755,70.25552401541398,69.94341395183886,69.60238264624374,69.03754764365628,68.88419620383178,68.65116106559736,68.0175655345892,67.8385360944082,67.53244677016727,67.3055195766546,67.06363892066628,66.70187746972223,66.00983440972968,65.60213432082563,65.5247625975022,65.13106137492929,64.98511513021867,64.76413748779348,64.70998406986686,64.70998406986686,64.64558288841869,64.4214854234478,64.2148094487788,64.17374121539567,64.05337682289255,63.594391804997414,63.594391804997414,63.30732800811805,63.11530443008506,63.10887637330309,63.04623190912933,62.7947769363014,62.7489631071162,62.67049088601141,62.50745150065108,62.48995793553034,62.426150728493326,62.41586102972978,62.366285300487235,62.24338642870114,62.19272557050482,62.12775303595839,62.065272284661376],"sim_r":null,"sim_rsigma":null,"solver":"BIB-SARSOP","env_full":"Tiger","final_lw":61.46156486257266,"timeout":false,"runtime":0.30579590797424316,"final_ub":62.065272284661376}