{"lbs":[-34.48275862068962,-24.383383166764087,-20.98758767400885,-13.724760141949126,-9.175921925677054,-6.074301702443114,-1.8801190629189246,-0.06487204577316974,5.188565408124138,7.479888243700545,10.141785929545179,12.289547776130924,15.041634439042422,16.310994397238595,17.180578161568217,18.75321136217429,20.268159566936177,21.861449964215737,24.165691093801904,25.62812568955458,26.950912073277202,27.751893271862205,28.490347756740647,29.998467218263215,30.454046167448087,30.90952498941654,31.32966965656837,31.70972397157575,32.05178427793061,32.35924218839739,32.60193814951873,33.07058616734313,33.250241074537655,33.43023390826667,33.513252985745936,33.53490906194517,33.757961333030586,33.87534965347375,34.020028518431005,34.10920623115436,34.14325291081559,34.25259020413414,34.34877108630934,34.39404237323255,34.46301147670626,34.46716525916712,34.53014765558791,34.57891482431596,34.62805198957021,34.66867315741418,34.70911847654335,34.74639069756782,34.78984624755239,34.815173509010435,34.84100719334377,34.86494575136819,34.8730490349804,34.889551746111806,34.89987902444332,34.91225396697767,34.92780564037623,34.93584090390403,34.94789099575718,34.956292793595,34.96938298326435,34.97931606732041,34.983901858908254,34.99059847919597,34.99368719793547,35.001257831019345,35.006174302061936,35.01040776443358,35.0120877880465,35.01649192832329,35.01929816045427,35.02059249422235,35.02451516628837,35.02724085248234,35.030277155802125,35.03167760656082,35.0346919151487,35.04107128530296,35.04307448929666,35.05148045135895,35.0567663053883,35.059578611272585,35.063440294297294,35.0638775748795,35.06483969779339,35.066226624024004,35.06736605595055,35.06850181008731,35.069025660169146,35.070821025551766,35.072412174549825,35.073003601254094,35.07358570007413,35.074640538147115,35.075461619906974,35.0760891631027,35.07671420042304,35.07684984716609,35.07691241225403,35.07722014832139,35.07730472046786,35.07742718706424,35.0775341601736,35.07781794593967,35.077937390938196,35.077970862485365,35.078218184626365,35.07823866194941,35.07836774808203,35.07838057737798,35.078509611795255,35.07853341521502,35.0786361592402,35.07866758617959,35.0786932216167,35.078718680822554],"times":[0.005216836929321289,0.03184390068054199,0.03199291229248047,0.03215789794921875,0.03236794471740723,0.032666921615600586,0.03299403190612793,0.0333709716796875,0.033757925033569336,0.034149885177612305,0.03471183776855469,0.03526592254638672,0.03581690788269043,0.036667823791503906,0.03764796257019043,0.03843283653259277,0.03947901725769043,0.040396928787231445,0.04112100601196289,0.04185795783996582,0.04343390464782715,0.044406890869140625,0.04518389701843262,0.04604601860046387,0.04827690124511719,0.05075788497924805,0.053323984146118164,0.054388999938964844,0.05549287796020508,0.05645394325256348,0.05766797065734863,0.058769941329956055,0.05973696708679199,0.06349492073059082,0.06371092796325684,0.0638270378112793,0.06498098373413086,0.06627488136291504,0.06731581687927246,0.06851792335510254,0.06876301765441895,0.06975889205932617,0.07161593437194824,0.07195496559143066,0.07706594467163086,0.07720589637756348,0.07920098304748535,0.08052897453308105,0.08177399635314941,0.08458900451660156,0.08590197563171387,0.08713603019714355,0.08894991874694824,0.09009695053100586,0.09137988090515137,0.09256291389465332,0.09378886222839355,0.09507989883422852,0.09639596939086914,0.09661984443664551,0.09793400764465332,0.09920597076416016,0.10043001174926758,0.10164189338684082,0.10998392105102539,0.11133885383605957,0.11264801025390625,0.11394095420837402,0.11519289016723633,0.11674094200134277,0.1180729866027832,0.11945486068725586,0.12151598930358887,0.12242293357849121,0.1235499382019043,0.12427282333374023,0.1249539852142334,0.12523198127746582,0.12575888633728027,0.12616300582885742,0.12668299674987793,0.12747883796691895,0.1278839111328125,0.1289219856262207,0.12986993789672852,0.13078594207763672,0.1319408416748047,0.13230681419372559,0.13263487815856934,0.13312196731567383,0.1334218978881836,0.1354198455810547,0.13571786880493164,0.1367659568786621,0.13773894309997559,0.13808202743530273,0.13844799995422363,0.13949799537658691,0.14052486419677734,0.14155983924865723,0.14938592910766602,0.149763822555542,0.14996981620788574,0.15113592147827148,0.15153002738952637,0.15219593048095703,0.1525099277496338,0.1536998748779297,0.15458989143371582,0.1549549102783203,0.15621685981750488,0.15651988983154297,0.1574709415435791,0.1577749252319336,0.15921783447265625,0.15948200225830078,0.16788291931152344,0.16866588592529297,0.1692638397216797,0.17010188102722168],"env":"Tiger","ubs":[152.40925669229912,152.40925669229912,142.8370358835608,139.87312408317186,133.33884669403812,131.64165094944565,129.09648021153748,125.43962482549728,124.57692214478055,118.09525759095212,114.07949750453866,112.25773727053397,110.6954120038306,108.40925669229915,108.40925669229915,104.25203889169444,100.54724835096721,98.61586851377331,95.44366376654561,90.9332055843906,88.60023005382155,86.22519933717427,83.46290993774613,81.89468554021899,77.27495683775575,75.37740840991576,74.25448472995896,73.12779299675906,70.73601355178178,69.64406046762943,68.15644227796005,67.03154993611213,64.79399550706545,63.23788250291571,62.21842877200831,61.87258336225699,61.55464175585911,60.11334993238258,59.223506983192635,57.88574182919889,57.15060651880218,56.22858759404532,55.16707727774721,54.50855485198525,53.56437584463045,52.54728249111231,52.45674586358611,51.8606677966341,51.64247697133825,50.94390448170761,50.357048658751296,49.54718550521541,49.010413860187796,47.96607542596439,47.51696371078242,46.98563134221443,46.520972629330586,46.12914646229743,45.617843402532586,45.42252285966492,45.225671713398704,44.83234613677484,44.53429742414829,44.13010675765541,43.74573815430239,43.49958844204636,43.07681960011597,42.91773890527426,42.732636871570705,42.6253922854728,42.5253191137474,42.44396543475983,42.371075270797206,42.31989286273807,42.17663180091601,42.097181365374865,41.98056023439101,41.92254657191833,41.76933842860671,41.68040159077704,41.57824011839891,41.41731617334233,40.99244357172023,40.77585808519447,40.174396517354815,39.566885967150235,39.251637755488716,38.68713192391425,38.57399523820401,38.52080143214063,38.335143452681564,38.21166176072863,38.105659725361825,38.05025785899066,37.76424209820088,37.496324578287975,37.42759160615569,37.272400248965745,37.063042933413115,36.86386795142559,36.64036818011341,36.36627231297294,36.36627231297294,36.3475482827605,36.25883936255804,36.229493651233796,36.17883420556926,36.159859286558046,35.99313204593328,35.90641811266565,35.892057472180284,35.733765691966234,35.73283393435599,35.66950589694782,35.657097678259746,35.5719934930396,35.563022569213956,35.470447691664745,35.450959033062375,35.42631279561333],"sim_r":null,"sim_rsigma":null,"solver":"SARSOP","env_full":"Tiger","final_lw":35.078718680822554,"timeout":false,"runtime":0.17010188102722168,"final_ub":35.42631279561333}