{"lbs":[0.011644226597194104,0.2869214588085284,0.40074610902539853,0.4239939473954228,0.45999619396934227,0.4671531515748223,0.4703126472426022],"times":[0.19378089904785156,0.19407105445861816,0.19426298141479492,0.19460105895996094,0.1953589916229248,0.19563698768615723,0.19591188430786133],"env":"FrozenLake4","ubs":[0.4741385943781269,0.4741385943781269,0.4741369938915409,0.47413640730438783,0.47413635233976376,0.4741361380950154,0.4741358301749054],"sim_r":null,"sim_rsigma":null,"solver":"BIB-SARSOP","env_full":"Frozen Lake (4)","final_lw":0.4703126472426022,"timeout":false,"runtime":0.19591188430786133,"final_ub":0.4741358301749054}