{"lbs":[-37.037037037037,-20.57360198782681,-17.59259043340841,-10.122304113370364,-2.5929151736610656,0.7431479500139362,1.9710974003248938,5.0269001980508135,9.518841558902707,13.130886768555687,15.65995464329227,17.436906696584806,19.295254531445956,20.944153297326274,23.725929779569256,25.63668913298863,28.58779710196132,29.622255062212854,30.517785478237137,31.121364499866,31.983059048344554,32.46594342872176,33.781351720621004,34.1333652205153,34.8773311565283,35.20531080004254,35.659009444618405,36.185124064176094,36.46763581540341,36.46763581540341,36.46763581540341,36.634122275424986,36.745195158833404,36.79671551308783,36.8206128570754,37.01887257913401,37.11852594078081,37.2271595822452,37.26953563033431,37.32440253859257,37.41141592494666,37.50692276444768,37.53631690570168,37.54995116569331,37.59188357227346,37.627427593078295,37.64582066593496,37.66441775210561,37.68171389363549,37.70207531789798,37.7096544621004,37.72508396197287,37.735993080089735,37.739864231333755,37.7416598368618,37.7576139891779,37.778698981638044,37.7930395824347,37.803404491218686,37.813306094118076,37.820407768390986,37.82120179790892,37.8227907166563,37.82712919482792,37.830719417669705,37.83149185453827,37.83259142844149,37.83310145784996,37.835290887295905,37.835907471967985,37.83651526443688,37.83749586969098,37.838485773726475,37.84024489091714,37.842246311041194,37.84241857785727,37.843553239029575,37.844105051905046,37.84443835691439,37.845443815387384,37.84594785720447,37.84605136637771],"times":[0.00888204574584961,0.009031057357788086,0.00917196273803711,0.009340047836303711,0.009602069854736328,0.00993204116821289,0.010323047637939453,0.010756969451904297,0.011105060577392578,0.011497020721435547,0.012011051177978516,0.01256704330444336,0.01309514045715332,0.013865947723388672,0.014457941055297852,0.015043973922729492,0.015668153762817383,0.016102075576782227,0.01664900779724121,0.017086029052734375,0.017673969268798828,0.01819014549255371,0.018900156021118164,0.01935410499572754,0.020015954971313477,0.020588159561157227,0.02118396759033203,0.021893024444580078,0.022539138793945312,0.02259516716003418,0.022663116455078125,0.0232541561126709,0.023847103118896484,0.023980140686035156,0.024121999740600586,0.02493906021118164,0.02554798126220703,0.026103973388671875,0.02665996551513672,0.02689194679260254,0.02764296531677246,0.028270959854125977,0.02885603904724121,0.029202938079833984,0.029783964157104492,0.03036808967590332,0.030553102493286133,0.03075098991394043,0.03129696846008301,0.03188610076904297,0.032221078872680664,0.03274703025817871,0.03334808349609375,0.033627986907958984,0.033846139907836914,0.0344390869140625,0.035192012786865234,0.03573298454284668,0.03640413284301758,0.03696298599243164,0.03747105598449707,0.0377659797668457,0.03810310363769531,0.0388340950012207,0.039492130279541016,0.03996396064758301,0.04031801223754883,0.04062509536743164,0.04091811180114746,0.04112601280212402,0.04140305519104004,0.04171895980834961,0.04200100898742676,0.04243206977844238,0.043096065521240234,0.04330801963806152,0.04425811767578125,0.044682979583740234,0.04491114616394043,0.045599937438964844,0.04614400863647461,0.04625701904296875],"env":"Tiger","ubs":[96.59347801967007,96.59347801967007,89.10425927513339,88.02336110325382,84.28501087767394,78.93066617886373,78.6885224964903,78.49348593932768,78.01412475105403,75.27456914683464,72.40711684272277,71.44007410881076,69.96780217299997,68.80494947017004,67.62097221571437,65.36994778123204,63.36591618944018,61.04324940793209,59.41342518482799,58.33544699958509,57.454589741930405,56.165750912874586,55.474308304120086,53.2901595199674,52.717097083700224,51.699869885879565,50.92751776931908,49.728436091774995,48.52851409831058,47.53131983481829,47.53131983481829,47.47127784027093,47.0496362432082,46.77971726859998,46.7117087405348,46.39551505048651,45.26005060756128,44.87527259114911,44.387507336227266,44.14749320206946,43.85860480391814,43.270964056198125,42.57394720382901,42.42437986892558,42.38434320433649,42.20083807669658,41.85852712008304,41.756793237917634,41.508225718249705,41.3681817083059,41.18311453748227,41.092188203479836,40.87021478904464,40.656521380694045,40.58540464926203,40.560786265115446,40.41453527163241,40.07391278663461,39.84582071229299,39.606604121527596,39.406921108493236,39.25778635737091,39.25116656165643,39.23414618726369,39.126229719786224,39.00261471263495,38.95621364888758,38.93349216048378,38.91782774965182,38.84755067738084,38.824346134795405,38.804888430552445,38.760622247185935,38.71880520074699,38.63816060034277,38.51123703119646,38.504606331159955,38.41165891392906,38.372087600046754,38.355073726818574,38.27867127641015,38.223754279513756],"sim_r":null,"sim_rsigma":null,"solver":"BIB-SARSOP","env_full":"Tiger","final_lw":37.84605136637771,"timeout":false,"runtime":0.04625701904296875,"final_ub":38.223754279513756}