{"lbs":[-47.61904761904758,-30.53984726265292,-27.305460193556982,-19.04346251200129,-11.09015758850814,-7.169164167599879,-5.647921308790998,6.1921850991993175,9.350552076440012,11.351317378850338,15.498289501852053,18.467560038772575,21.234231004205334,23.997885666909525,26.580906368245014,28.773196635779307,30.39455848913858,32.024318088078914,33.13887195733858,34.249721725962345,35.6162420697154,36.9429861437401,37.98965274158386,40.785836465985355,40.785836465985355,40.785836465985355,41.65834373548999,42.43902992335143,43.11082901899269,43.70938053164012,44.18415563669223,45.30974004857191,45.49421044828394,45.83201537677072,45.9913657632365,46.653481085838834,46.7038101797791,46.828034377540405,46.91037519659275,47.007816685700135,47.25915536085324,47.48523510303519,47.672886305048436,47.77943097494821,47.98382412925936,48.255702212239,48.34659742013406,48.40740383240414,48.47255552107468,48.53498955610311,48.59328796904366,48.733890373675685,48.769176735442215,48.80793955504177,48.8478092756974,48.913254328171796,48.923149537688886,48.99372624481673,49.035540281349896,49.095342920939856,49.112145164651125,49.13212535638934,49.15981988307756,49.182147716081516,49.18478557793381,49.19302954585136,49.224045259936425,49.23355387098702,49.244955596792956,49.24770318718108,49.253313154928875,49.25505969305262,49.2638865786336,49.27337574580663,49.27767936514387,49.28243349463803,49.29220241711491,49.29650531171434,49.299492433045046,49.30384332725635,49.305629877776184,49.30881898245816,49.30971933718057,49.31091719579027,49.311027022062184,49.31216498419997,49.31414805409295,49.31467773903353,49.315601251677144,49.31645675159966],"times":[0.011539936065673828,0.011709928512573242,0.011921882629394531,0.012187004089355469,0.012581825256347656,0.013060808181762695,0.013617992401123047,0.01415395736694336,0.014783859252929688,0.015651941299438477,0.01648092269897461,0.017241954803466797,0.0182650089263916,0.019115924835205078,0.020186901092529297,0.021486997604370117,0.023295879364013672,0.024446964263916016,0.02662181854248047,0.02900099754333496,0.03150796890258789,0.03258085250854492,0.03547978401184082,0.036992788314819336,0.037071943283081055,0.03716778755187988,0.0385279655456543,0.0399019718170166,0.04112601280212402,0.042279958724975586,0.043473005294799805,0.04503989219665527,0.04524993896484375,0.04652690887451172,0.046785831451416016,0.04841494560241699,0.04862093925476074,0.0488588809967041,0.049089908599853516,0.04936790466308594,0.050656795501708984,0.05201292037963867,0.05320096015930176,0.054161787033081055,0.05564284324645996,0.05705595016479492,0.05811595916748047,0.059396982192993164,0.059732913970947266,0.06081700325012207,0.0612947940826416,0.0628669261932373,0.06324386596679688,0.06360483169555664,0.0639197826385498,0.06514191627502441,0.06560182571411133,0.06728982925415039,0.06819486618041992,0.06953597068786621,0.06997895240783691,0.07079100608825684,0.07192397117614746,0.07286190986633301,0.07324790954589844,0.0736398696899414,0.07522296905517578,0.07564187049865723,0.07662081718444824,0.07697796821594238,0.0775749683380127,0.07787799835205078,0.07883501052856445,0.07993078231811523,0.08036684989929199,0.08079886436462402,0.09064388275146484,0.09144091606140137,0.09206891059875488,0.09365391731262207,0.09448480606079102,0.09638381004333496,0.09689784049987793,0.09752798080444336,0.09798979759216309,0.09889793395996094,0.11014294624328613,0.11073184013366699,0.11197781562805176,0.11342287063598633],"env":"Tiger","ubs":[124.82226559203521,124.82226559203521,117.23987970867108,116.14500651887946,112.26614798255318,108.69070370298184,107.69526279614979,107.08525058257567,102.94812511493349,100.55117619689418,99.99200233847691,98.02217342971554,95.65134843597012,94.21644334298452,91.29810978507733,88.52096212567211,86.55684006630136,85.68363568390652,84.96785838762068,83.32572740207766,82.14480393510777,80.53473029984764,79.02355473616083,77.59228655698949,75.74420522600577,75.74420522600577,74.05508206119795,72.41296419904106,70.99804146922008,69.68607515851548,68.49324753019002,67.52877639413623,65.36406402604176,65.0368904124854,64.28371581986303,64.11711854304488,62.7075621736321,62.54733790798282,62.38207879165678,62.07378679137619,61.77723014363181,61.287486866421304,60.68880007374705,60.10436410375157,59.89732525380459,59.28562275594605,58.19448705052899,57.79912695341315,57.553362437120825,57.35537991348771,56.99340930770215,56.792314918719455,56.003701816957715,55.77767738670872,55.634953028469916,55.381845031753876,54.89710495689122,54.83588190801344,54.16457656732831,53.81610172768774,53.36442058729805,53.22434894982362,53.02939744739729,52.74185248452526,52.51336884591332,52.47256278250481,52.430595057699776,51.96421225109374,51.83915229162655,51.67307712594797,51.66768943608122,51.53645721467559,51.49603062924471,51.306053401789555,51.11531708712096,51.03299874175967,50.93398969386929,50.64467973768811,50.537144704875374,50.44559735840506,50.29903113871707,50.26442238577478,50.138411773327505,50.082996547268934,50.023347068356244,50.01374887659417,49.959624960955196,49.83995849156281,49.81783727250968,49.764435551489214],"sim_r":null,"sim_rsigma":null,"solver":"BIB-SARSOP","env_full":"Tiger","final_lw":49.31645675159966,"timeout":false,"runtime":0.11342287063598633,"final_ub":49.764435551489214}