{"lbs":[9.26138694321,17.734196679125738,18.59169792700147,21.468147760723447,21.468147760723447,21.468147760723447,21.468147760723447,21.468147760723447,21.468147760723447,21.468147760723447,21.468147760723447,21.468147760723447,21.468147760723447,21.468147760723447,21.468147760723447,21.468147760723447,21.468147760723447,21.468147760723447,21.468147760723447,21.468147760723447,21.468147760723447,21.468147760723447,21.468147760723447,21.468147760723447,21.468147760723447,21.468147760723447,21.468147760723447,21.468147760723447,21.468147760723447,21.468147760723447,21.468147760723447,21.468147760723447,21.468147760723447,21.468147760723447,21.468147760723447,21.468147760723447,21.468147760723447,21.468147760723447,21.468147760723447,21.468147760723447,21.468147760723447,21.468147760723447,21.468147760723447,21.468147760723447,21.468147760723447,21.468147760723447,21.468147760723447,21.468147760723447,21.468147760723447,21.468147760723447,21.468147760723447,21.468147760723447,21.468147760723447,21.468147760723447,21.468147760723447,21.468147760723447,21.468147760723447,21.468147760723447,21.468147760723447,21.468147760723447,21.468147760723447,21.468147760723447,21.468147760723447,21.468147760723447,21.468147760723447,21.468147760723447,21.468147760723447,21.468147760723447,21.468147760723447,21.468147760723447,21.468147760723447,21.468147760723447,21.468147760723447,21.468147760723447,21.468147760723447,21.468147760723447,21.468147760723447,21.468147760723447,21.468147760723447,21.468147760723447,21.468147760723447,21.468147760723447,21.468147760723447,21.468147760723447,21.468147760723447,21.468147760723447,21.468147760723447,21.468147760723447,21.468147760723447,21.468147760723447,21.468147760723447,21.468147760723447],"times":[1.546825885772705,1.547111988067627,1.547407865524292,1.5476739406585693,1.5478579998016357,1.548124074935913,1.5483648777008057,1.5485179424285889,1.548691987991333,1.5488638877868652,1.5491080284118652,1.5493149757385254,1.5494098663330078,1.5495409965515137,1.5497510433197021,1.549851894378662,1.5501620769500732,1.5503950119018555,1.550611972808838,1.5508458614349365,1.5510609149932861,1.5514659881591797,1.5519819259643555,1.552211046218872,1.5523369312286377,1.5527300834655762,1.5531859397888184,1.5535709857940674,1.5540108680725098,1.554426908493042,1.5547518730163574,1.5550968647003174,1.5554180145263672,1.5557188987731934,1.5562670230865479,1.5566048622131348,1.5567970275878906,1.5570950508117676,1.5574970245361328,1.5576188564300537,1.5581920146942139,1.5585250854492188,1.5587069988250732,1.5590190887451172,1.5593459606170654,1.5595099925994873,1.5601909160614014,1.5607450008392334,1.560905933380127,1.5611579418182373,1.5613560676574707,1.5617148876190186,1.5620920658111572,1.562474012374878,1.562680959701538,1.5630919933319092,1.5634639263153076,1.563830852508545,1.5640308856964111,1.5643489360809326,1.5645620822906494,1.5647928714752197,1.5652389526367188,1.5653369426727295,1.5654349327087402,1.565911054611206,1.5660400390625,1.5661699771881104,1.5666999816894531,1.567115068435669,1.5675878524780273,1.5677800178527832,1.568039894104004,1.5688400268554688,1.568984031677246,1.5691249370574951,1.5694670677185059,1.5703439712524414,1.5705630779266357,1.5707249641418457,1.5711228847503662,1.5712840557098389,1.5718340873718262,1.5720958709716797,1.572761058807373,1.5733399391174316,1.5740470886230469,1.5742719173431396,1.5747230052947998,1.5751428604125977,1.57588791847229,1.5760459899902344],"env":"RockSample5","ubs":[22.19497488660498,22.19497488660498,22.19497488660498,22.19497488660498,22.173397012700672,22.15559843742853,22.15222911840054,22.15222911840054,22.15222911840054,22.15222911840054,22.137311242092053,22.13106122410041,22.10814245636448,22.086146662374357,21.982949985136937,21.9157903822798,21.871564153626977,21.84984254130111,21.84045438038718,21.840404558510524,21.8404027362094,21.84040266955632,21.84040266955632,21.84040266955632,21.840402667118397,21.840098912914677,21.840098912914677,21.840098912914677,21.840098912914677,21.837771956312473,21.833804244265195,21.833084451664867,21.83257334804669,21.832303691450896,21.828416181877323,21.82313049267482,21.822844601066812,21.822844601066812,21.822289361254768,21.821898861528837,21.821398567694303,21.819594355262254,21.808216229521037,21.80045732890539,21.79686845468346,21.79318339794155,21.788690115453115,21.783754449258637,21.783754449258637,21.783754449258637,21.783754449258637,21.783754449258637,21.783754449258637,21.783754449258637,21.783754449258637,21.783754449258637,21.783754449258637,21.783754449258637,21.783754449258637,21.783754449258637,21.783754449258637,21.783148298346532,21.783107643380415,21.77327036375949,21.77327036375949,21.766952737642853,21.75776252084097,21.756837362066435,21.750097620314385,21.74919203799702,21.74805991389875,21.74805991389875,21.745835361593187,21.73863695351006,21.736379904166483,21.731871170273685,21.730365320955784,21.718044020321976,21.707186935152777,21.704709227417496,21.699036544591575,21.696512634852887,21.6947058313295,21.6947058313295,21.6947058313295,21.6947058313295,21.69207128529556,21.689486795636263,21.689486795636263,21.689486795636263,21.683827402646124,21.67401561517902],"sim_r":null,"sim_rsigma":null,"solver":"EBIB-SARSOP","env_full":"RockSample ()","final_lw":21.468147760723447,"timeout":false,"runtime":1.5760459899902344,"final_ub":21.67401561517902}