{"lbs":[0.01608315759720982,0.3672819396349391,0.5013236975743757,0.5303143708269777,0.548271707780662,0.5559136129316721,0.5615420110021124,0.5654118288124426],"times":[0.339555025100708,0.33988189697265625,0.34052395820617676,0.3435490131378174,0.34386301040649414,0.352139949798584,0.35242795944213867,0.3532099723815918],"env":"FrozenLake4","ubs":[0.5711398329938933,0.5711398329938933,0.5711398329938933,0.5705859817640837,0.5705323544430894,0.5705269530843446,0.5705264297748146,0.5702861652991951],"sim_r":null,"sim_rsigma":null,"solver":"BIB-SARSOP","env_full":"Frozen Lake (4)","final_lw":0.5654118288124426,"timeout":false,"runtime":0.3532099723815918,"final_ub":0.5702861652991951}