{"lbs":[0.014171343524996428,0.3082678752876973,0.4526771365491956,0.4828545013802304,0.5140740499194316,0.5220367048055207,0.5297461538867557,0.5339142585853393],"times":[0.3826909065246582,0.3829829692840576,0.38318610191345215,0.384458065032959,0.3846309185028076,0.3891329765319824,0.3894650936126709,0.389880895614624],"env":"FrozenLake4","ubs":[0.53841485745422,0.53841485745422,0.5384139771801979,0.5384136956442543,0.5384136686606952,0.538413530132769,0.5384133741416522,0.5384130856642496],"sim_r":null,"sim_rsigma":null,"solver":"EBIB-SARSOP","env_full":"Frozen Lake (4)","final_lw":0.5339142585853393,"timeout":false,"runtime":0.389880895614624,"final_ub":0.5384130856642496}