{"lbs":[9.840957442559999,19.497176530981513,20.678756138373245,24.2046085921039],"times":[7.169474840164185,7.169749021530151,7.170042037963867,7.170317888259888],"env":"RockSample5","ubs":[24.37858445657725,24.37858445657725,24.37858445657725,24.37858445657725],"sim_r":null,"sim_rsigma":null,"solver":"BIB-SARSOP","env_full":"RockSample ()","final_lw":24.2046085921039,"timeout":false,"runtime":7.170317888259888,"final_ub":24.37858445657725}