{"lbs":[9.72292630401,21.080732876029124,22.231045005193288,23.373304949453313,23.40538038409248,23.50071014753638,23.50071014753638,23.50071014753638,23.50071014753638,23.50071014753638,23.50071014753638,23.50071014753638,23.50071014753638,23.50071014753638,23.50071014753638,23.50071014753638,23.50071014753638,23.50071014753638,23.50071014753638,23.50071014753638,23.50071014753638,23.50071014753638,23.50071014753638,23.50071014753638,23.50071014753638,23.50071014753638,23.50071014753638,23.50071014753638,23.50071014753638,23.50071014753638,23.50071014753638,23.50071014753638,23.50071014753638,23.50071014753638,23.502629565238202,23.50453554701612,23.50453554701612,23.50453554701612,23.50453554701612,23.50453554701612,23.50453554701612,23.50453554701612,23.50453554701612,23.544933647795784],"times":[3.947557210922241,3.947951078414917,3.948202133178711,3.9482481479644775,3.9485340118408203,3.948824167251587,3.949237108230591,3.949557065963745,3.9498891830444336,3.950144052505493,3.9504570960998535,3.9508650302886963,3.9509661197662354,3.9513750076293945,3.9518260955810547,3.951965093612671,3.9520881175994873,3.9526050090789795,3.9535250663757324,3.954198122024536,3.9544529914855957,3.9552531242370605,3.9559500217437744,3.956382989883423,3.956911087036133,3.9573020935058594,3.9579031467437744,3.9587161540985107,3.9595940113067627,3.9599111080169678,3.9605250358581543,3.9608211517333984,3.961405038833618,3.9616780281066895,3.9626011848449707,3.9632081985473633,3.96409010887146,3.964647054672241,3.965550184249878,3.9660420417785645,3.96695613861084,3.967541217803955,3.968461036682129,3.9691450595855713],"env":"RockSample5","ubs":[23.923618205823615,23.923618205823615,23.923618205823615,23.923618205823615,23.923618205823608,23.915170198231216,23.907981214523893,23.90678132669197,23.90678132669197,23.90678132669197,23.90071908905668,23.898392455152717,23.890062305714242,23.890062305714242,23.890062305714242,23.88979872676227,23.881291166246264,23.840310962346763,23.812423364976738,23.79500995061981,23.790907878382853,23.790907878382853,23.790907878382853,23.790907878382853,23.790037079568506,23.784653018630877,23.778110933167316,23.777912036521382,23.77780607258935,23.777801160054892,23.77602417563941,23.76723455495433,23.760394197255977,23.760165991145357,23.760165991145357,23.760165991145357,23.759446555242114,23.759446555242114,23.759446555242114,23.75844942825905,23.757459281164863,23.757320626581055,23.757155996275834,23.75621023381115],"sim_r":null,"sim_rsigma":null,"solver":"EBIB-SARSOP","env_full":"RockSample ()","final_lw":23.544933647795784,"timeout":false,"runtime":3.9691450595855713,"final_ub":23.75621023381115}