{"lbs":[0.01402985863530405,0.3583238825341088,0.46575564379488543,0.46575564379488543,0.4892951259222798,0.5090883564844118,0.5109830319927166,0.5190382559360939,0.5198087252179197,0.5198824193719754,0.5198824193719754,0.5206425888403755,0.5207873326275901,0.5219175518939126,0.5219175518939126,0.5237329550509814,0.5281112699205482,0.5286933491973062,0.5287490241488012,0.5298542223370943,0.530290357268328,0.5313396517970205],"times":[0.24387216567993164,0.27472519874572754,0.27508020401000977,0.2751610279083252,0.27680420875549316,0.27802419662475586,0.27828311920166016,0.27880120277404785,0.2789170742034912,0.27930617332458496,0.27942514419555664,0.27953600883483887,0.2799232006072998,0.28036022186279297,0.2807040214538574,0.2814030647277832,0.28212904930114746,0.28232622146606445,0.28249120712280273,0.2831912040710449,0.28354811668395996,0.2844271659851074],"env":"FrozenLake4","ubs":[0.5769338326700292,0.5769338326700292,0.5706403134051701,0.5574842614622034,0.5558349138386054,0.5544612883512884,0.551828051316548,0.5485213865093336,0.5454741670017489,0.5451827053313996,0.5448789324935694,0.5436242904103042,0.5436242904103042,0.5436242904103042,0.541828051316548,0.5383346770352722,0.5378287235507194,0.5377803299094476,0.5377757011350898,0.5375164756453079,0.5365496009795844,0.5358081068877112],"sim_r":null,"sim_rsigma":null,"solver":"SARSOP","env_full":"Frozen Lake (4)","final_lw":0.5313396517970205,"timeout":false,"runtime":0.2844271659851074,"final_ub":0.5358081068877112}