{"lbs":[8.926168066559997,16.763732440301357,17.595469249015007,18.403917427084675,18.403917427084675,18.403917427084675,19.212365605154346,19.998177234238064,19.998177234238064,19.998177234238064,19.998177234238064,19.998177234238064,19.998177234238064,19.998177234238064,19.998177234238064,19.998177234238064,19.998177234238064,19.998177234238064,19.998177234238064,19.998177234238064,19.998177234238064,19.998177234238064,19.998177234238064,19.998177234238064,19.998177234238064,19.998177234238064,19.998177234238064,19.998177234238064,19.998177234238064,19.998177234238064,19.998177234238064,19.998177234238064,19.998177234238064,19.998177234238064,19.998177234238064,19.998177234238064,19.998177234238064,19.998177234238064,19.998177234238064,19.998177234238064,19.998177234238064,19.998177234238064,19.998177234238064,19.998177234238064,19.998177234238064,19.998177234238064,19.998177234238064,19.998177234238064,19.998177234238064,19.998177234238064,19.998177234238064,19.998177234238064,19.998177234238064,19.998177234238064,19.998177234238064,19.998177234238064,19.998177234238064,19.998177234238064,19.998177234238064,19.998177234238064,19.998177234238064,19.998177234238064,19.998177234238064,19.998177234238064,19.998177234238064,19.998177234238064,19.998177234238064,19.998177234238064,19.998177234238064,19.998177234238064,19.998177234238064,19.998177234238064,19.998177234238064,19.998177234238064,19.998177234238064,19.998177234238064,19.998177234238064,19.998177234238064,19.998177234238064,19.998177234238064,19.998177234238064,19.998177234238064,19.998177234238064,19.998177234238064,19.998177234238064,19.998177234238064,19.998177234238064,19.998177234238064,19.998177234238064,19.998177234238064,19.998177234238064,19.998177234238064,19.998177234238064,19.998177234238064,19.998177234238064,19.998177234238064,19.998177234238064,19.998177234238064,19.998177234238064,19.998177234238064,19.998177234238064,19.998177234238064,19.998177234238064,19.998177234238064,19.998177234238064,19.998177234238064,19.998177234238064,19.998177234238064,19.998177234238064,19.998177234238064,19.998177234238064,19.998177234238064,19.998177234238064,19.998177234238064,19.998177234238064,19.998177234238064,19.998177234238064,19.998177234238064,19.998177234238064,19.998177234238064,19.998177234238064,19.998177234238064,19.998177234238064,19.998177234238064,19.998177234238064,19.998177234238064,19.998177234238064,19.998177234238064,19.998177234238064],"times":[1.0793521404266357,1.079632043838501,1.0799250602722168,1.0801730155944824,1.0803701877593994,1.080536127090454,1.0807571411132812,1.0809581279754639,1.081045150756836,1.0813250541687012,1.0815811157226562,1.0818240642547607,1.0820860862731934,1.0821871757507324,1.0822889804840088,1.082535982131958,1.0826420783996582,1.0829951763153076,1.0833871364593506,1.0836310386657715,1.0839180946350098,1.0841021537780762,1.0844581127166748,1.0846540927886963,1.0849289894104004,1.0851080417633057,1.0856971740722656,1.0861611366271973,1.0865871906280518,1.0869901180267334,1.0874969959259033,1.0881471633911133,1.0887031555175781,1.0890111923217773,1.089473009109497,1.0900700092315674,1.0903329849243164,1.0909571647644043,1.091170072555542,1.091675043106079,1.091958999633789,1.0923211574554443,1.0929150581359863,1.093127965927124,1.0936551094055176,1.0938851833343506,1.0943520069122314,1.0945801734924316,1.0949311256408691,1.0951101779937744,1.0957090854644775,1.0958750247955322,1.0960450172424316,1.0963890552520752,1.0967891216278076,1.0970640182495117,1.0975780487060547,1.097912073135376,1.0982999801635742,1.0985081195831299,1.098919153213501,1.0992209911346436,1.099654197692871,1.0999691486358643,1.10042405128479,1.100635051727295,1.1010310649871826,1.1016221046447754,1.1019020080566406,1.1025371551513672,1.1028070449829102,1.1032941341400146,1.103621006011963,1.1039230823516846,1.1040301322937012,1.1042661666870117,1.1046631336212158,1.1052970886230469,1.1059720516204834,1.1069581508636475,1.1071131229400635,1.1073930263519287,1.107767105102539,1.1079621315002441,1.1085941791534424,1.1090359687805176,1.109537124633789,1.1099700927734375,1.11039400100708,1.1112241744995117,1.1121711730957031,1.1125781536102295,1.1131460666656494,1.1133191585540771,1.1134791374206543,1.1140110492706299,1.1141891479492188,1.114354133605957,1.1145269870758057,1.1149749755859375,1.1151549816131592,1.1160330772399902,1.116461992263794,1.1169540882110596,1.1170990467071533,1.1173391342163086,1.1178131103515625,1.11810302734375,1.1182551383972168,1.1188061237335205,1.1191489696502686,1.1193361282348633,1.1198561191558838,1.120009183883667,1.120393991470337,1.1210641860961914,1.1212999820709229,1.1214590072631836,1.1220331192016602,1.1222221851348877,1.12319016456604,1.1236281394958496,1.124622106552124,1.1251499652862549,1.1260151863098145,1.1262450218200684,1.126600980758667,1.127324104309082,1.1276671886444092],"env":"RockSample5","ubs":[20.989340299398513,20.989340299398513,20.989340299398506,20.989340299398506,20.95897347563607,20.95897347563607,20.95897347563607,20.95897347563607,20.9344639627466,20.908978315648085,20.899940370241893,20.871250281020316,20.871250281020316,20.86626997305564,20.83502838482268,20.70211665525715,20.600361131472912,20.53921018943184,20.537718771015356,20.537718771015356,20.537718771015353,20.53574213578108,20.519568168087467,20.501925782041564,20.50034231556799,20.50034231556799,20.50034231556799,20.50034231556799,20.50034231556799,20.50034231556799,20.50034231556799,20.50008784085393,20.49698198279208,20.489463665863187,20.47707437509358,20.473418929759475,20.467139925151383,20.45721525715098,20.45721525715098,20.452368936131023,20.452368936131023,20.45191327955118,20.45191327955118,20.45098895160299,20.450746792204647,20.44876720220888,20.43864331573888,20.435833046510076,20.43380761990778,20.4271138925718,20.427104947646754,20.42511373172122,20.425061261865025,20.425061261865025,20.425061261865025,20.425061261865025,20.425061261865025,20.425061261865025,20.425061261865025,20.425061261865025,20.425061261865025,20.425061261865025,20.425061261865025,20.425061261865025,20.425061261865025,20.425061261865025,20.425061261865025,20.425061261865025,20.425061261865025,20.425061261865025,20.425061261865025,20.425061261865025,20.408583292852793,20.401638771015357,20.401638771015357,20.387695696806595,20.38757112771318,20.38756547476682,20.37906000126161,20.378980845341673,20.37708721335535,20.37226510202696,20.365684988418018,20.351584496765497,20.351584496765497,20.348369452353793,20.34231491227824,20.34231491227824,20.33338772491154,20.323915791767398,20.31681571789592,20.30022678916888,20.29458427331584,20.2872342057221,20.279372169501475,20.27922356898437,20.268430552999256,20.268430552999256,20.267482266162517,20.263414652327533,20.261949141438983,20.261949141438983,20.261682173367028,20.255112516470213,20.250095858326,20.23629627124717,20.23453098787887,20.234314969919534,20.23130775462369,20.226458916465667,20.226458916465667,20.224684373952172,20.224332130257956,20.22185583333301,20.21738163652806,20.216811821496385,20.212441382022043,20.23425575054215,20.23425575054215,20.209912881668263,20.20558694761947,20.20477636868136,20.20477636868136,20.20363124445604,20.202865991587927,20.1997352641551,20.1997352641551,20.199405181313782,20.197836741241673],"sim_r":null,"sim_rsigma":null,"solver":"EBIB-SARSOP","env_full":"RockSample ()","final_lw":19.998177234238064,"timeout":false,"runtime":1.1276671886444092,"final_ub":20.197836741241673}