{"lbs":[0.011420783863105896,0.28317940071552966,0.39396070690034685,0.41499801981242246,0.4489199445957909,0.45601362046517935,0.4579723674729362,0.4612108819116853],"times":[0.27545690536499023,0.27573609352111816,0.2759120464324951,0.2761540412902832,0.27675890922546387,0.27982091903686523,0.28009605407714844,0.2805619239807129],"env":"FrozenLake4","ubs":[0.46324694635128,0.46324694635128,0.46324546400394523,0.46324490016204883,0.4632448475468039,0.4632446185405899,0.46324431783067793,0.46324428976975207],"sim_r":null,"sim_rsigma":null,"solver":"EBIB-SARSOP","env_full":"Frozen Lake (4)","final_lw":0.4612108819116853,"timeout":false,"runtime":0.2805619239807129,"final_ub":0.46324428976975207}