{"lbs":[-43.478260869565176,-15.171290442233698,-12.638451628834476,-10.14424233984143,-3.825221441667896,1.939557939020288,5.956022059017216,9.993160924481266,13.97069271692532,21.027262095801106,22.76004517440402,23.999594426596964,26.221264149126068,28.341719306855197,29.802985994549747,31.416813946034992,32.82521017062062,34.15962692831017,35.343855595857804,36.39671978586047,37.339109221093324,38.135839204282334,39.423462699617176,39.919007026740005,40.3808714966074,41.3618963260093,41.89137665910569,42.32067354206952,42.49289721444771,42.66889832932975,42.985231006459045,43.399957308366325,43.540687136885296,43.67187173476195,43.947009315615745,44.03943794543363,44.122719350689465,44.23515911553666,44.26514920764022,44.3522263570554,44.45007161556394,44.5258815409572,44.56999811687767,44.59063741694383,44.610061861351056,44.659373551295715,44.68652010523438,44.70135490253556,44.719710695527205,44.73701593233934,44.7587026340179,44.77423418287916,44.77913380222898,44.79169432981409,44.79238171538533,44.79581565666308,44.79750271821996,44.805052072352524,44.808192820524596,44.81328076307153,44.8137122032081,44.816776330899856,44.81800364286795,44.82019424436913,44.82019424436913,44.82019424436913,44.822043501009816],"times":[0.012830018997192383,0.01301717758178711,0.013190984725952148,0.013441085815429688,0.013743162155151367,0.01410818099975586,0.014576196670532227,0.015065193176269531,0.015613079071044922,0.016137123107910156,0.016785144805908203,0.01768803596496582,0.01833510398864746,0.019021987915039062,0.019842147827148438,0.020478010177612305,0.021157026290893555,0.02180314064025879,0.0224761962890625,0.023244142532348633,0.02393317222595215,0.02466416358947754,0.025564193725585938,0.026156187057495117,0.026853084564208984,0.027805089950561523,0.02850198745727539,0.02923417091369629,0.029771089553833008,0.030385971069335938,0.03115701675415039,0.03220009803771973,0.03275799751281738,0.033361196517944336,0.03427410125732422,0.034818172454833984,0.03531002998352051,0.036190032958984375,0.03642702102661133,0.03699803352355957,0.03792905807495117,0.03880906105041504,0.03948402404785156,0.04001212120056152,0.04025697708129883,0.04112505912780762,0.04183602333068848,0.042304039001464844,0.042971134185791016,0.043586015701293945,0.044535160064697266,0.04522705078125,0.04562711715698242,0.052625179290771484,0.05329608917236328,0.05361509323120117,0.05398201942443848,0.054824113845825195,0.055288076400756836,0.0563809871673584,0.05669713020324707,0.057440996170043945,0.058114051818847656,0.0590059757232666,0.05909919738769531,0.059211015701293945,0.060148000717163086],"env":"Tiger","ubs":[94.6552290687548,94.6552290687548,85.03102312326709,84.24916668654345,83.8377111802696,82.18118335558583,79.0685208175134,78.37602198182523,77.84003429361061,75.83003219173497,71.95490051787462,71.30508756695434,70.6858272226821,69.7259898152184,67.71196593803515,66.99118343709422,65.4941486012035,64.2293896310855,62.95989453943072,61.59097162877464,60.26461807050299,59.04913084621636,58.062888065921584,56.58928890070673,55.92849117385408,55.44258304340115,54.28208072256424,53.56700696329112,53.0358663697226,52.691559749178595,52.433468836547334,51.87895746832,50.95442456464825,50.603781177458536,50.2608591450185,49.49942410076807,49.2322270006791,48.87989362975539,48.50569010963633,48.46999575904815,48.178098577914575,47.74857421296426,47.37376062165572,47.15122000977671,47.09112161627821,47.01170022438306,46.66652156629779,46.44298305555376,46.334084806888214,46.22803824692437,46.1339495278639,45.96804067373216,45.84976854036782,45.772461224200015,45.60557671067262,45.59682106218213,45.57005611742687,45.55606379981781,45.484905876054526,45.44649877142215,45.35384603756832,45.34795430718354,45.3027950887849,45.27725532738724,45.269415851352235,45.269415851352235,45.23069500747489],"sim_r":null,"sim_rsigma":null,"solver":"EBIB-SARSOP","env_full":"Tiger","final_lw":44.822043501009816,"timeout":false,"runtime":0.060148000717163086,"final_ub":45.23069500747489}