{"lbs":[-45.45454545454542,-16.870703832450623,-14.285793696177372,-7.423270564526955,-1.2434776559733722,1.9425537283781449,3.1471877643921156,11.011781814113718,14.479472763528422,17.71877668726562,20.24348128792782,22.733310491270338,25.322903810500705,27.720785970648166,29.845551371685765,31.33236851986661,32.36347927795052,33.75723177774512,34.93559902273444,36.01838957440209,37.14540487839254,38.19265673065213,39.63407864967165,40.38480931587988,41.42497681350737,42.0154322616108,42.52127194097081,43.48345854577696,44.00392705842374,44.76395165060059,44.87294694728682,45.44969542770419,45.8262363903765,46.04402718502492,46.2349436907013,46.285904247933956,46.36235555695124,46.50824231423914,46.540287445548834,46.55536159111584,46.612786166361396,46.66144986137279,46.70892799879746,46.718562084433515,46.718562084433515,46.718562084433515,46.72309399313064,46.748417792756904,46.766559684001976,46.781835381071744,46.82246101119436,46.85617794810685,46.88105900841742,46.88704782716992,46.89487318341296,46.90437609047828,46.90563570985411,46.91175902768347,46.92193487185939,46.930211754884645,46.93448203491502,46.940468853447115,46.94575161239309,46.95186732622055,46.95699411231534,46.96092196496177],"times":[0.013914108276367188,0.014121055603027344,0.014321088790893555,0.014592170715332031,0.014969110488891602,0.0154571533203125,0.016012191772460938,0.016540050506591797,0.017145156860351562,0.017750024795532227,0.01848602294921875,0.01922011375427246,0.019984960556030273,0.020756006240844727,0.02162313461303711,0.02319812774658203,0.02414107322692871,0.02516007423400879,0.025829076766967773,0.026609182357788086,0.027323007583618164,0.028136014938354492,0.029278039932250977,0.029946088790893555,0.03107309341430664,0.03184199333190918,0.03255200386047363,0.0337071418762207,0.03440403938293457,0.03552412986755371,0.03583216667175293,0.037093162536621094,0.03820204734802246,0.039103031158447266,0.040238142013549805,0.04075312614440918,0.04131197929382324,0.04268598556518555,0.04314303398132324,0.04340505599975586,0.04400801658630371,0.04498600959777832,0.04597806930541992,0.046163082122802734,0.04625201225280762,0.04636096954345703,0.04657912254333496,0.04732203483581543,0.04766201972961426,0.0479731559753418,0.049308061599731445,0.05055117607116699,0.05181717872619629,0.05209708213806152,0.05255413055419922,0.05303311347961426,0.05381608009338379,0.054399967193603516,0.05498909950256348,0.05567598342895508,0.05617213249206543,0.056771039962768555,0.0574641227722168,0.05845904350280762,0.06631112098693848,0.07020998001098633],"env":"Tiger","ubs":[99.01557023872277,99.01557023872277,89.36543467488525,88.57572657236008,86.49474521058454,83.97967789834428,83.42617636068442,82.90601492396127,80.53070427091146,78.37115845380492,76.60081713678568,75.69875782391958,74.73516346703761,72.54897637322952,70.36707972051892,68.40006263089629,67.65294426896232,67.32636515349495,66.19807635079167,65.28920581676132,64.40203909032105,63.45124509195046,62.27522582577846,60.84806356116662,59.90084631534691,58.871230910356786,57.84857545427356,57.19703004022158,55.840990881524874,55.35405690740811,54.25537441145733,54.17404900710919,53.206443817203336,52.41804642956157,51.92565039297092,51.429811328211656,51.34171317223277,51.15880793839919,50.58587088708555,50.41877823448226,50.38188567813077,50.14398210553662,49.95866197956123,49.636767213529,49.62674237521702,49.62674237521702,49.60094276360733,49.52654257337308,49.366999024472264,49.27862559688691,49.178625593682796,48.840172691208835,48.59471281407591,48.385921013049796,48.33467503472736,48.24054846039422,48.137284897225676,48.08885332175226,48.024146983628185,47.93460855571253,47.82494708872483,47.755045176129656,47.68076900599749,47.600471913242814,47.49908160302955,47.40827176561561],"sim_r":null,"sim_rsigma":null,"solver":"EBIB-SARSOP","env_full":"Tiger","final_lw":46.96092196496177,"timeout":false,"runtime":0.07020998001098633,"final_ub":47.40827176561561}