{"lbs":[0.013342545741648823,0.2964621104599974,0.42532351684089437,0.45069738451628727,0.4801983953444909,0.48726865970274374,0.4945730601576049,0.4983854249333147],"times":[0.2991480827331543,0.29943299293518066,0.29964113235473633,0.3006439208984375,0.3007979393005371,0.30389404296875,0.3041539192199707,0.3045039176940918],"env":"FrozenLake4","ubs":[0.5024129944183556,0.5024129944183556,0.5024111525677142,0.5024104945495982,0.5024104322531149,0.5024102216100778,0.5024098806535348,0.5024094232007142],"sim_r":null,"sim_rsigma":null,"solver":"EBIB-SARSOP","env_full":"Frozen Lake (4)","final_lw":0.4983854249333147,"timeout":false,"runtime":0.3045039176940918,"final_ub":0.5024094232007142}