{"lbs":[-27.777777777777754,-12.178150080422016,-9.535244233856083,-1.2621365688074122,3.950948454329902,6.497747126660363,7.379582473554548,9.637443286830091,12.690073849845138,14.233983040982967,15.877312288796714,17.354264055681583,18.873865427416014,20.148784436604522,21.2790167953724,22.323883876268788,23.096136163878516,23.79241847140603,24.249638129741584,24.819367963752555,25.107516532351767,25.616933368039977,25.890481950648187,26.3071801166114,26.548651736916575,26.64958269489407,26.91395445598951,27.059464863608994,27.103431098407917,27.164648830966478,27.23872036436253,27.27221448518018,27.356610554621255,27.38792466743311,27.402084475253073,27.47980600296397,27.50027901223971,27.56983206422958,27.62513146748801,27.654357644774723,27.664966974267223,27.67999212471106,27.69821133711332,27.711284047367144,27.733968735447007,27.751314766252314,27.754984740643124,27.756644252199155,27.760836874912883,27.770978394711342,27.78065571705556,27.782283999299473,27.78818493133324,27.791486184066674,27.79263253383766,27.796083676210177,27.798989029836534,27.799151180138914,27.800921844145076,27.80276601273639,27.802864485964946,27.802909014194128,27.804013256996697,27.804861860905355,27.805900229973858,27.806465417614092,27.80678290409421],"times":[0.00813603401184082,0.008244991302490234,0.008337020874023438,0.008443117141723633,0.009376049041748047,0.009684085845947266,0.01000213623046875,0.010329961776733398,0.010637998580932617,0.010951995849609375,0.011276006698608398,0.011530160903930664,0.011866092681884766,0.012168169021606445,0.012478113174438477,0.012830972671508789,0.013123035430908203,0.013473033905029297,0.01371002197265625,0.01413416862487793,0.014261007308959961,0.014652013778686523,0.01498103141784668,0.015388965606689453,0.015733957290649414,0.01589512825012207,0.01625514030456543,0.016603946685791016,0.01697516441345215,0.017189979553222656,0.017496109008789062,0.017661094665527344,0.017934083938598633,0.018125057220458984,0.01833200454711914,0.01859116554260254,0.018740177154541016,0.0191800594329834,0.019526004791259766,0.01976609230041504,0.019921064376831055,0.02008509635925293,0.020312070846557617,0.020617961883544922,0.020917177200317383,0.02117300033569336,0.021307945251464844,0.02141714096069336,0.02162003517150879,0.022027015686035156,0.022511005401611328,0.022605180740356445,0.02305316925048828,0.023355960845947266,0.02354717254638672,0.023954153060913086,0.02438807487487793,0.02455902099609375,0.02474808692932129,0.025210142135620117,0.02535700798034668,0.025480031967163086,0.025819063186645508,0.02604508399963379,0.02628803253173828,0.027460098266601562,0.029015064239501953],"env":"Tiger","ubs":[71.89109375315013,71.89109375315013,64.53930155981469,63.47881255947307,59.522618641596594,55.32871696595394,55.18396515447907,54.45142332830231,54.13381108607683,51.50176538049706,50.98385819141722,50.35166357052259,48.9193066039106,47.208679736824706,45.722205757256475,44.197679540093255,42.783240779508105,41.63746229384094,40.440801649014105,39.713246344563245,38.68804099335635,37.84733066820986,36.90042315423922,36.44377996084742,35.63912218961181,34.96625704912995,34.68556419766588,33.78126945362908,33.10312928563757,32.91254867986986,32.81360428167387,32.62151817834153,32.6163959426389,32.17882063847946,32.14023945734213,32.10468210224084,31.835089503495205,31.66361041492021,31.36996657542293,30.91379959526676,30.61315594956698,30.51938670143271,30.363441029518285,30.13505544668832,29.926456043637913,29.67860826306884,29.416376811645364,29.402051051074416,29.37772411038995,29.368130547276458,29.162046977360806,28.904661168407202,28.9042730738648,28.753291238021554,28.669943339529528,28.66222407417367,28.546916658538734,28.434189825516718,28.428913844305356,28.370007192494363,28.28070750941209,28.280704994218045,28.27853370353561,28.223281021937304,28.185853672048303,28.12342792955957,28.05776520344368],"sim_r":null,"sim_rsigma":null,"solver":"BIB-SARSOP","env_full":"Tiger","final_lw":27.80678290409421,"timeout":false,"runtime":0.029015064239501953,"final_ub":28.05776520344368}