{"lbs":[-33.33333333333331,-11.805865211879828,-9.310326656570272,-6.9149441984428,-0.6876864760721972,4.573599459148792,8.01870461706082,9.776220028388039,11.685129192208024,16.789204161552444,18.957952793775434,20.662106452229295,21.56750168049536,23.320131799629564,24.821292663299428,26.131431170788005,27.224220788694385,27.979186384338774,28.498529895975274,29.626543301241426,29.988723771073683,30.386548917466797,31.239650697664583,31.30748013561773,31.499150523593237,32.005193803432306,32.3302678115516,32.62686336903249,32.905542304604815,33.092966760186,33.120124045875464,33.27877545783436,33.34491158792514,33.40379689324361,33.43088033220201,33.485398265361425,33.557471963572496,33.607159276740525,33.643815511404895,33.69707367706852,33.70134650560145,33.71579885788701,33.722446006930625,33.728216493323245,33.747427626975266,33.772970811106816,33.78518798797765,33.79397867126711,33.799646133521485,33.80702521095643,33.812619267275196,33.817042905805394,33.81805984154518,33.820016504525015,33.820645541415814,33.82213512259568],"times":[0.009610176086425781,0.009984970092773438,0.010146141052246094,0.010370016098022461,0.010661125183105469,0.012362957000732422,0.012820005416870117,0.013345003128051758,0.013797998428344727,0.014259099960327148,0.014703989028930664,0.015109062194824219,0.015527963638305664,0.015974998474121094,0.016499996185302734,0.01701807975769043,0.017608165740966797,0.018006086349487305,0.018406152725219727,0.018926143646240234,0.019286155700683594,0.019696950912475586,0.020349979400634766,0.020534992218017578,0.020692110061645508,0.02127218246459961,0.021831989288330078,0.02230215072631836,0.022875070571899414,0.02344512939453125,0.023604154586791992,0.024296045303344727,0.02466106414794922,0.02504897117614746,0.02518916130065918,0.025518178939819336,0.026051044464111328,0.026504039764404297,0.02705097198486328,0.031037092208862305,0.031202077865600586,0.031414031982421875,0.031536102294921875,0.03167009353637695,0.03217196464538574,0.036704063415527344,0.03723311424255371,0.03786110877990723,0.03822803497314453,0.043296098709106445,0.04379916191101074,0.044471025466918945,0.044587135314941406,0.044866085052490234,0.0456850528717041,0.04612398147583008],"env":"Tiger","ubs":[72.26287742790552,72.26287742790552,62.56663142983706,62.56663142983706,62.41351792231623,60.44001007302309,57.46794031566881,56.76135162563667,56.676585890084134,56.248943291329994,53.78073312379003,51.653353306321016,50.70040802249363,50.49429715295099,49.06651445964647,47.61308490340562,46.037588452481344,44.95463216646699,44.47467878328416,44.081592112240436,43.02843756419789,42.61740585638272,42.161704796705365,40.96611861037308,40.794887148489295,40.611054220704624,39.76102633832265,39.19828009648281,38.665098252224965,38.007868123954125,37.58416394924039,37.49776258564577,36.96527764411441,36.72087789737921,36.553164193399525,36.522718366257266,36.29281448108386,35.98258859485164,35.83796352985766,35.576304486355376,35.2072422961958,35.2072422961958,35.17002320028837,35.13205345882408,35.08698360183444,34.96517115832681,34.731939358205295,34.629914309786706,34.51327418997009,34.438448608729175,34.33093252765697,34.27383377573723,34.19986810704444,34.198989415532225,34.17337972162505,34.15231776283572],"sim_r":null,"sim_rsigma":null,"solver":"EBIB-SARSOP","env_full":"Tiger","final_lw":33.82213512259568,"timeout":false,"runtime":0.04612398147583008,"final_ub":34.15231776283572}