{"lbs":[-76.92307692307685,-45.632755799998336,-42.479652572409435,-39.41481911653172,-34.704209484003975,-26.446388781558113,-20.309867609240143,-16.858667832827198,-12.913135766769805,-6.801535125761145,-1.0218304691168658,4.770865244789428,7.808181223065086,12.21848587707925,16.384500449034434,19.848538246611618,26.173472102251544,29.69852956356477,33.356075203251535,35.955585616127706,42.922578507918864,45.00627336862593,47.34560281343919,49.5935239590234,51.67556782738163,52.706088238825274,56.56304534979863,57.625892961566976,60.961636166848606,64.38021340975487,65.458597271348,67.77459354415737,68.4471696402531,70.54191729787438,71.68142974963143,71.97925393884054,72.15667622728643,72.78728309307121,72.98088768682183,73.17325863565921,73.35944053364298,74.12486197823317,74.3944403713995,75.27771849364291,75.38888093957927,75.60711273120614,75.84264446439519,75.99051171683706,76.22237281994566,76.49038685087321,77.5035485539148,77.64992322665965,78.47898927255314,78.64161293847349,78.90661737012306,79.20200804459975,79.28985826703062,79.3781433465442,79.74397907155631,79.77560367105391,80.0536549495929,80.09578740366508,80.20454506319307,80.34027864041194,80.36000705535056,80.50967799802885,80.5234568173342,80.63181302535124,80.7074334793395,80.7249871109021,80.77841497417919,80.79759592564307,80.8526185889812,80.86467702169621,80.87171967593156,80.88183986835519,80.89309412198132,80.89890001587247,80.91134319902056,80.9258940748679,80.9275064347671,80.94609272317871,80.97391676584851,80.98578348734483,80.99245700345257,81.01423827526253,81.01471837696104,81.01991392228678,81.02801620529067,81.0403062192052,81.04358507806654,81.04731740079532,81.05086667458505,81.05784058079523,81.0580142672487,81.06502651341845,81.06701184788565],"times":[0.018377065658569336,0.018728971481323242,0.01927495002746582,0.02002096176147461,0.020910024642944336,0.022001028060913086,0.02333211898803711,0.024978160858154297,0.026522159576416016,0.028378963470458984,0.030174970626831055,0.03235912322998047,0.03514409065246582,0.03797411918640137,0.0407099723815918,0.04407000541687012,0.04709196090698242,0.050135135650634766,0.0534360408782959,0.058377981185913086,0.06216907501220703,0.06801009178161621,0.07216906547546387,0.0784311294555664,0.08325314521789551,0.09185600280761719,0.09710907936096191,0.1066751480102539,0.11141610145568848,0.11638212203979492,0.1289689540863037,0.13356304168701172,0.14737796783447266,0.15273213386535645,0.1569819450378418,0.15748214721679688,0.15799498558044434,0.1761319637298584,0.17662310600280762,0.17719101905822754,0.17780303955078125,0.19897198677062988,0.20334315299987793,0.20920109748840332,0.20980596542358398,0.21512413024902344,0.21617913246154785,0.21693897247314453,0.2853569984436035,0.2891831398010254,0.2969479560852051,0.29987001419067383,0.30921316146850586,0.3139190673828125,0.3189830780029297,0.325855016708374,0.3270421028137207,0.3303861618041992,0.3405289649963379,0.3418619632720947,0.35201311111450195,0.3531980514526367,0.35719895362854004,0.3644571304321289,0.36521005630493164,0.3728921413421631,0.3741011619567871,0.3807981014251709,0.3875141143798828,0.39101696014404297,0.39725494384765625,0.3992280960083008,0.4069559574127197,0.4099869728088379,0.4112861156463623,0.41268396377563477,0.4143209457397461,0.4151570796966553,0.41872596740722656,0.42067813873291016,0.42202210426330566,0.4256479740142822,0.43323612213134766,0.43778014183044434,0.44045495986938477,0.4501321315765381,0.45126795768737793,0.4528529644012451,0.4575221538543701,0.4665861129760742,0.4692530632019043,0.4723501205444336,0.4752671718597412,0.4839911460876465,0.4852011203765869,0.5525200366973877,0.5564939975738525],"env":"Tiger","ubs":[168.56856014021213,168.56856014021213,158.67093563405263,157.8074969758806,157.37842967040427,156.71602593840953,153.56008427841468,152.09846459721456,151.91541823626085,150.35348562669856,148.58320785152193,145.88104363906018,143.22182607977135,142.69639888702744,140.64102599196403,138.74311521552784,137.635140558874,135.3320272775416,132.87793768665,129.8706809439289,128.82383475951653,125.50143840483503,124.16867300071499,122.54248022204695,120.49284675724866,119.15277633999446,119.15277633999446,115.586157915542,115.21982467927128,112.58192719065121,109.61671109190492,108.67141943813996,106.52756731983342,105.93625076928294,103.94127582921449,102.61422509861612,102.42536933482585,102.34298701956286,101.53176664809075,101.33998453819558,101.27542335272372,101.0387044138169,99.83488443338307,99.55994243771016,98.32054869884396,98.07500794912892,97.62493479873933,97.25388628806668,97.17919517403675,96.71903801735928,96.29314299431374,94.5551683570445,94.32724697628225,92.53653632483986,92.16017561972521,91.51710142557158,90.9160950749318,90.72281453988953,90.38857994508585,89.36346683528512,89.2552513370789,88.33581057919488,88.13086303033742,87.7341113592,87.24025851573151,87.19416095511914,86.52202612533375,86.4630611641056,85.96837281305659,85.54157014424013,85.45770137700406,85.1467054074311,85.02197001697192,84.5684459249866,84.44128676627896,84.35318405162641,84.27353370617385,84.16975782494117,84.11585231182062,83.966072079743,83.8247262866447,83.79251373823541,83.64066876490418,83.33473098223192,83.2065187076271,83.12627326370819,82.82230589263942,82.81635563490045,82.75108981572079,82.64114394738853,82.41920794309044,82.35759936692543,82.28663524518538,82.20396115152045,82.04235617775288,82.03480718871626,81.86629960073505],"sim_r":null,"sim_rsigma":null,"solver":"EBIB-SARSOP","env_full":"Tiger","final_lw":81.06701184788565,"timeout":false,"runtime":0.5564939975738525,"final_ub":81.86629960073505}