{"lbs":[0.013209019516545172,0.3412362458954108,0.4171952136693856,0.4480417164939468,0.4674267331853168,0.4692581985462907,0.4707258195946612,0.47087503626527244,0.4756827141173773,0.48522689390626705,0.4861676993037958,0.4861676993037958,0.4862565850924656,0.4862649828795619,0.4893237365876145,0.4893237365876145,0.49032195234147224,0.492925950575117,0.4932389790394415,0.49404965206315377,0.49412624315335724,0.4954590395510501,0.4958685352318046],"times":[0.1952531337738037,0.2258739471435547,0.22617411613464355,0.22648215293884277,0.2267439365386963,0.22691607475280762,0.22711610794067383,0.22727704048156738,0.2279961109161377,0.22848296165466309,0.22884106636047363,0.2288970947265625,0.22899603843688965,0.22920703887939453,0.22964811325073242,0.22969794273376465,0.2303011417388916,0.23076295852661133,0.23097801208496094,0.2313840389251709,0.23145198822021484,0.23189401626586914,0.2320699691772461],"env":"FrozenLake4","ubs":[0.5433333464346517,0.5433333464346517,0.5338211987704213,0.5184000127344814,0.5184000127344814,0.5184000127344814,0.5180034725113675,0.5179755127129693,0.5178194315011955,0.5133342104016538,0.508592657309694,0.5074515776383192,0.5051106655732899,0.5038633566087435,0.5037455128534675,0.5033342104016538,0.5017626056989487,0.5015752638036413,0.5015575640411196,0.5013696017937339,0.5010318792173294,0.5009341390955613,0.5005298347832235],"sim_r":null,"sim_rsigma":null,"solver":"SARSOP","env_full":"Frozen Lake (4)","final_lw":0.4958685352318046,"timeout":false,"runtime":0.2320699691772461,"final_ub":0.5005298347832235}