{"lbs":[-76.92307692307685,-58.98217688442348,-55.3811176403283,-45.93164530613966,-36.64449903419861,-31.841341759068634,-29.866343676853845,-22.6642102722485,-14.984885551543801,-10.046715570993033,-6.188958397464392,-1.2905509309164462,3.039904411882835,11.995259086658228,16.603361463010383,19.70826788176813,27.09625801666654,30.560842444748065,32.91760551398706,35.56493166162059,38.049740810803996,40.381898373542754,42.87883312814988,45.350803281493214,47.65719897539886,49.306375898541106,53.284891981444645,56.94884742915612,58.11007326184723,61.10511770421254,62.319742280710564,63.31832027927828,64.28075005040589,65.68110704111794,66.98626498890675,67.7431192320341,68.56183159616037,70.73082122875229,71.22942355411537,72.46449415150741,72.52999737950564,73.60223327265406,74.05699150880335,74.76921209019368,75.01838255350242,75.2798727194816,75.54539955473962,75.56271302655844,75.90318885104975,76.57390846280839,76.7188582754647,77.09586970953829,77.55487978806424,78.1482631693118,78.5744625209805,78.67538243025707,79.10729916698526,79.30138783591987,79.41958211133667,79.45972343642401,79.78060485357136,79.8343623657178,79.86351400214906,80.12597319218557,80.2216017359683,80.26410701855858,80.40227441011078,80.4222667747479,80.43595616293644,80.48844522054193,80.5622896600089,80.63126743236305,80.71114570406934,80.71534846947068,80.72631847236734,80.81559260016596,80.87401928270141,80.87904033008684,80.88384289188747,80.93725588161399,80.95486473298257,80.96580500314545,80.9787910650888,80.99231165555811,80.99419421417352,80.996449682731,81.00067392658693,81.01284943096246,81.01881856291769,81.02414171411718,81.03715663974123,81.0403135208494,81.04482538189177,81.04565867952948,81.05165180175959,81.05509065975683,81.05833969399401,81.06422420787729,81.0654170275983,81.06572892196391,81.06988674275101,81.07175515458687,81.074591872632,81.07651029553614,81.07685499816589,81.07796183322698,81.07808574334356,81.07950220821637,81.07973917217743],"times":[0.021233081817626953,0.021564960479736328,0.022051095962524414,0.02273392677307129,0.023559093475341797,0.0246889591217041,0.026047945022583008,0.027545928955078125,0.02920389175415039,0.03115701675415039,0.03333306312561035,0.035659074783325195,0.03814101219177246,0.040602922439575195,0.043428897857666016,0.04705190658569336,0.05002307891845703,0.05364799499511719,0.05836296081542969,0.06282901763916016,0.06866002082824707,0.07495808601379395,0.08042407035827637,0.08530592918395996,0.09122109413146973,0.09953808784484863,0.10517406463623047,0.11063003540039062,0.12103509902954102,0.12767601013183594,0.14000988006591797,0.1550910472869873,0.17189407348632812,0.19199609756469727,0.21470999717712402,0.24085092544555664,0.26816892623901367,0.27870893478393555,0.30970001220703125,0.3445119857788086,0.3450930118560791,0.35482287406921387,0.3940110206604004,0.4352729320526123,0.47486209869384766,0.5144329071044922,0.552901029586792,0.5534789562225342,0.561945915222168,0.5702729225158691,0.5713949203491211,0.618304967880249,0.6269769668579102,0.6397299766540527,0.6518750190734863,0.6587948799133301,0.6702110767364502,0.6767270565032959,0.6845359802246094,0.6855370998382568,0.6977360248565674,0.7036778926849365,0.7050900459289551,0.7190849781036377,0.7268509864807129,0.7286779880523682,0.7449109554290771,0.7490239143371582,0.7501680850982666,0.757267951965332,0.7661950588226318,0.776108980178833,0.786484956741333,0.7889750003814697,0.7927420139312744,0.8077340126037598,0.820004940032959,0.822998046875,0.8254439830780029,0.8416070938110352,0.850816011428833,0.857166051864624,0.864311933517456,0.8726010322570801,0.8749310970306396,0.8761160373687744,0.8779699802398682,0.8856439590454102,0.8899869918823242,0.8949799537658691,0.9056670665740967,0.9077310562133789,0.9119060039520264,0.9131200313568115,0.922684907913208,0.9278650283813477,0.9325120449066162,0.9487059116363525,0.9522929191589355,0.9538118839263916,0.9696509838104248,0.9790360927581787,0.991461992263794,1.002094030380249,1.004728078842163,1.012052059173584,1.0136489868164062,1.0291869640350342,1.0333468914031982],"env":"Tiger","ubs":[202.99236553675445,202.99236553675445,195.28364158785047,194.16965010616167,190.09573371713856,186.41974086547572,185.36893765652434,184.73252947766468,183.11124417667605,178.10086730876935,176.78847543287537,175.97746648143243,173.14363710089296,171.83541088174783,166.9192816470909,164.05146140625646,162.78079709841137,158.06622204261635,155.1576752501554,154.2501032452041,153.89329426194928,153.89329426194928,148.31300290681745,145.98823701412542,143.43669335912296,140.81489428693305,140.1707015715176,136.90873556263244,133.49597017764944,132.2937294019954,128.93302982949038,127.33880350025348,125.7492236328973,124.59978743619433,122.95841968879141,121.18275113541827,120.01823693950149,118.63931184005736,115.60160080744238,115.18500235106643,113.15685962260712,112.9334022267799,111.17672840329675,110.22793084294186,108.80276447070926,108.34547473162488,107.86854128234506,107.38634935895837,107.05995880961561,106.28659314215234,104.90891733342711,104.52208470187693,103.68378679775415,102.26332952470979,100.28659746142927,98.82185584622638,98.43038866520962,96.89058203692068,96.35479483887006,95.82011252237302,95.61601763713273,94.24335132052934,93.9613704305867,93.94962434947398,92.38395162034811,91.76584561232613,91.5165245015348,90.59904381695536,90.44378957317866,90.37878775805297,89.95443934050306,89.40881963214852,88.87866292325083,88.21707766147273,88.1421521861319,88.09937503306207,87.12174148492156,86.38826587319869,86.36204928319644,86.32685317202976,85.59707884151034,85.31556439123173,85.10948897139846,84.90825420206106,84.67085505595301,84.63147023903451,84.60879067270345,84.52821037225253,84.2568681511964,84.12435219275993,83.99346713083284,83.66981039441735,83.58700731846278,83.43425311980144,83.41780211629599,83.19581938523402,83.09023470349582,82.97720032186703,82.7231269934949,82.65996456023194,82.64680961636213,82.40626817432536,82.29948154871755,82.1554596697206,82.03734260214154,82.01782442350375,81.93323443967924,81.91599611851498,81.78085297261282],"sim_r":null,"sim_rsigma":null,"solver":"BIB-SARSOP","env_full":"Tiger","final_lw":81.07973917217743,"timeout":false,"runtime":1.0333468914031982,"final_ub":81.78085297261282}