{"lbs":[0.01131059198439277,0.2813240738384274,0.39060673755259573,0.41100241336711474,0.4439520086039289,0.45081507017055356,0.4527174286366299,0.4558952251733689],"times":[0.2736070156097412,0.27390289306640625,0.2740938663482666,0.2743570804595947,0.274993896484375,0.2781970500946045,0.2784888744354248,0.27897191047668457],"env":"FrozenLake4","ubs":[0.45788837347687067,0.45788837347687067,0.4578869315229973,0.4578863773303231,0.4578863257225158,0.45788609516129275,0.45788579863562756,0.4578857710224163],"sim_r":null,"sim_rsigma":null,"solver":"EBIB-SARSOP","env_full":"Frozen Lake (4)","final_lw":0.4558952251733689,"timeout":false,"runtime":0.27897191047668457,"final_ub":0.4578857710224163}