{"lbs":[0.011420783863105896,0.3247973332803113,0.40209656132510746,0.4172764499316664,0.43722812162489255,0.44850767510085976,0.44956023340120177,0.45043541258041264,0.4505895828524094,0.4506107349489666,0.45061334010604953,0.45061334010604953,0.4545338891750367,0.45489973756373864,0.4568458405120857,0.45737639883892817,0.4596553668514922,0.46094061089201777,0.4612519389960307,0.4612809907648535,0.4614016503856983,0.4617245616046746,0.4617546942588201,0.4617575061055213,0.4617575061055213,0.4624876227543832],"times":[0.14798498153686523,0.179063081741333,0.17931509017944336,0.1796259880065918,0.17984294891357422,0.18004608154296875,0.18020105361938477,0.18031597137451172,0.1804499626159668,0.18053388595581055,0.18072891235351562,0.1807699203491211,0.18172192573547363,0.1818220615386963,0.18223190307617188,0.18246102333068848,0.1829230785369873,0.1835489273071289,0.1836719512939453,0.1837599277496338,0.18428993225097656,0.18450689315795898,0.18498706817626953,0.18508410453796387,0.18512988090515137,0.1858229637145996],"env":"FrozenLake4","ubs":[0.5115968253001044,0.5115968253001044,0.4992857292666536,0.4949089998437224,0.4845425332399008,0.4845425332399008,0.4836408090348814,0.4822899963570786,0.48157157518113164,0.4811611971585683,0.4774008156218702,0.4724833794184372,0.471649541682345,0.47152553338806924,0.47151396147968394,0.4715128816401098,0.47151278087423204,0.47110948895623683,0.4707265248082512,0.4701926402218623,0.4699541424994382,0.4684356281090501,0.4681729767949346,0.46750602391892143,0.4674008156218702,0.4668076772553292],"sim_r":null,"sim_rsigma":null,"solver":"SARSOP","env_full":"Frozen Lake (4)","final_lw":0.4624876227543832,"timeout":false,"runtime":0.1858229637145996,"final_ub":0.4668076772553292}