{"lbs":[9.92023968016,19.74680204323311,20.962199483724042,24.598673487262683],"times":[13.66013503074646,13.66038203239441,13.660681962966919,13.660953044891357],"env":"RockSample5","ubs":[24.687155528598034,24.687155528598034,24.687155528598034,24.687155528598034],"sim_r":null,"sim_rsigma":null,"solver":"EBIB-SARSOP","env_full":"RockSample ()","final_lw":24.598673487262683,"timeout":false,"runtime":13.660953044891357,"final_ub":24.687155528598034}