{"lbs":[0.009545040181197695,0.2686253250746124,0.3014910083915735,0.365071503719891,0.37761679660860786,0.38549537074793583,0.39097803909846335,0.3923841494755917,0.40555624449859595,0.40555624449859595,0.40555624449859595,0.40555624449859595,0.40625389300137654,0.40625389300137654,0.40625389300137654,0.40625389300137654,0.41163756165210114,0.4143852765833258,0.4161178350984748,0.4164836723228209,0.4170735244661523,0.41943934193716076,0.41991672820446585,0.42106453738627286,0.4213910789439813,0.4214548020013241,0.42146576980296246,0.4215925248911169,0.4216156987616822],"times":[0.12767410278320312,0.1590440273284912,0.15938997268676758,0.15973901748657227,0.1598501205444336,0.1599750518798828,0.16025114059448242,0.16040897369384766,0.1607069969177246,0.16097807884216309,0.16104698181152344,0.16117215156555176,0.16138505935668945,0.1617441177368164,0.16179203987121582,0.16198301315307617,0.16216301918029785,0.16435503959655762,0.16462993621826172,0.1651899814605713,0.16550898551940918,0.16614198684692383,0.16628313064575195,0.1668860912322998,0.16710805892944336,0.1677839756011963,0.16802406311035156,0.16881012916564941,0.16898202896118164],"env":"FrozenLake4","ubs":[0.47200936279854244,0.47200936279854244,0.46026045627569034,0.4565550220798308,0.44260496956100365,0.44260496956100365,0.4385179553706026,0.43681078779189314,0.4359613673969411,0.4358576727097727,0.43407247703644125,0.4339086382042473,0.4331942230963863,0.43029534045433043,0.4294195046048118,0.42823327190571925,0.42820206927196214,0.4280411590123777,0.42802639124803,0.4280250199706693,0.4273477163961757,0.42670857082879116,0.42634767952115055,0.4262524092825124,0.4259189807238593,0.4258826760456964,0.4258788206583062,0.42587841878210514,0.4255276052027525],"sim_r":null,"sim_rsigma":null,"solver":"SARSOP","env_full":"Frozen Lake (4)","final_lw":0.4216156987616822,"timeout":false,"runtime":0.16898202896118164,"final_ub":0.4255276052027525}