{"lbs":[-21.276595744680833,-11.934129381574458,-9.05181846821602,-3.2564145426136006,0.17098143628666973,3.3244672171346084,6.106165515797478,8.473631285734243,11.310739851243492,12.09936491936682,12.444943603112879,13.538547655271131,14.680308027539372,15.65224451349281,16.804641458073377,16.804641458073377,16.804641458073377,17.285804868714873,17.74290999555071,18.317045413620885,18.640417762165512,18.964047033283684,19.078701803643447,19.37022836251736,19.46236656026428,19.63352509758606,19.697317092370312,19.873343124492933,19.919393646969148,19.92554211326541,19.929417041526705,20.031124174826264,20.07569265061272,20.140308575778775,20.16862353464897,20.228876308373913,20.255279316695052,20.305659958803865,20.339306863931977,20.35405107338752,20.397333255312446,20.422760653915834,20.45286946906702,20.477205661797004,20.501063683714683,20.522182582840912,20.541891650941288,20.559782630754768,20.59406307021583,20.607176974368905,20.619889241954564,20.652709723328535,20.661558317205667,20.674995186423892,20.687652420286,20.690618686300795,20.697464966924123,20.700465034690165,20.706079573968854,20.7157720408032,20.72165354566177,20.723732914904588,20.726875185575437,20.735527477624196,20.736749539044176,20.739031083546116,20.742771617578782,20.7461064904918,20.74664526455084,20.748919969831107,20.749484867976683,20.750640013396797,20.752131333317603,20.75250619232305,20.75335934546792,20.754058191143006,20.754107803294964,20.754554745596504,20.754824687640372,20.75491716415101,20.75507597742248,20.755286181998386,20.755378294490864,20.755538327045834,20.75577401900168,20.7558036374161,20.755816616324687,20.75594253889645,20.755997060091964,20.756081325882768,20.75609985612003,20.756156580006092,20.756268182043733,20.75628750149537,20.756351839060336,20.756393395966192,20.75640062811437],"times":[0.0033669471740722656,0.030072927474975586,0.030163049697875977,0.03022599220275879,0.03032994270324707,0.030417919158935547,0.030530929565429688,0.030656099319458008,0.030753135681152344,0.030949115753173828,0.031085968017578125,0.0312039852142334,0.03137493133544922,0.03151202201843262,0.03163790702819824,0.03165698051452637,0.03168010711669922,0.03188610076904297,0.03213000297546387,0.03232908248901367,0.032510995864868164,0.032688140869140625,0.03289604187011719,0.033149003982543945,0.033349037170410156,0.03361701965332031,0.034173011779785156,0.0344851016998291,0.03479409217834473,0.03501605987548828,0.0352630615234375,0.035505056381225586,0.03572392463684082,0.03590703010559082,0.035974979400634766,0.03692913055419922,0.03718709945678711,0.03738999366760254,0.03768491744995117,0.03794693946838379,0.03816103935241699,0.038388967514038086,0.03856611251831055,0.03877592086791992,0.03891897201538086,0.03909611701965332,0.03917813301086426,0.039320945739746094,0.03955507278442383,0.03968501091003418,0.03981494903564453,0.04001498222351074,0.04012799263000488,0.04047513008117676,0.040596961975097656,0.04074597358703613,0.040817975997924805,0.0408930778503418,0.041029930114746094,0.04133105278015137,0.04156303405761719,0.04168295860290527,0.04180598258972168,0.04202008247375488,0.042185068130493164,0.0423130989074707,0.04254603385925293,0.04411005973815918,0.04425311088562012,0.044580936431884766,0.044706106185913086,0.04496002197265625,0.04673004150390625,0.04691910743713379,0.04719996452331543,0.04929208755493164,0.04955697059631348,0.049987077713012695,0.05018496513366699,0.05037212371826172,0.050621986389160156,0.05085301399230957,0.051043033599853516,0.05124211311340332,0.05153393745422363,0.05166792869567871,0.05177497863769531,0.052139997482299805,0.05235695838928223,0.05249905586242676,0.05268597602844238,0.05291295051574707,0.05470395088195801,0.05482912063598633,0.055238962173461914,0.0570831298828125,0.05721402168273926],"env":"Tiger","ubs":[92.93469189126986,92.93469189126986,83.57670538008031,80.73330680464869,74.78322720626632,70.79869590703294,69.26003854583203,66.08665363965265,63.64422909155072,58.54963367668256,58.15863394091213,57.59381320036112,56.4974402408434,54.022310358556155,50.90068511726339,48.934691891269864,48.934691891269864,47.28314859261651,46.75198174254011,44.96056551929247,42.56771440870015,41.54339198801367,39.941240344897096,39.77175834828196,38.53097031166392,37.599613862988654,36.95108517781504,36.84762661888482,36.00145609538266,35.65034811839922,35.563766543838454,35.26241109347475,34.407390568240885,34.082060292155994,33.99387728949377,33.53472745843058,33.199194217322855,33.00534475520195,32.49062691977042,32.263481597077075,32.13145978254089,31.79922455385598,31.37194752907114,31.1123824431,30.706879240321513,30.247728768710637,29.94242642409683,29.586973181567714,29.352695529162723,28.564258545101154,28.37938684364012,28.134509018002873,27.208195520868372,26.921936187520352,26.540961334383212,25.992104623270066,25.805719750611765,25.725068926260967,25.430971570200132,25.325024854051783,24.837944283687506,24.48747238987529,24.354853476881225,24.328436039868283,23.77496512381955,23.552611795742028,23.43612920085989,23.05538232711646,22.65460636954843,22.65460636954843,22.49380625819333,22.463760833779745,22.262373928617478,21.97086346268333,21.97086346268333,21.851901139076215,21.62129692537325,21.62129692537325,21.550367192834862,21.481203449329676,21.45400128143654,21.42858149928364,21.387832670952967,21.383013162075166,21.350930765792718,21.253461807295693,21.248161027222192,21.242832513088466,21.191433425979486,21.185081606239144,21.149447980578195,21.134359102016298,21.11438923715159,21.03086208661721,21.03086208661721,20.989635317372127,20.948008340462053],"sim_r":null,"sim_rsigma":null,"solver":"SARSOP","env_full":"Tiger","final_lw":20.75640062811437,"timeout":false,"runtime":0.05721402168273926,"final_ub":20.948008340462053}