{"lbs":[-37.037037037037,-14.908252202735554,-12.284512678417284,-9.747391604373842,-3.414585569444138,2.032563794101101,5.821700152909398,9.552390718743156,12.980411136582061,15.406197093503321,20.525510534732426,22.12719963656108,23.137461999712418,26.31221744592202,27.26232048392092,29.773637527482748,30.543097463411797,31.272689324003956,31.905280065991622,32.88913729382211,33.76506316989391,34.450237596382735,35.056475546420266,35.63808683358475,36.07011958362277,36.21664228619778,36.30366303349726,36.503937676821195,36.74486055647201,36.899770235843334,37.055321586345315,37.21956841948287,37.35092801779557,37.45143830604292,37.47118040700879,37.563994939747644,37.600204454745125,37.659698379395564,37.68082060737826,37.71327077953148,37.74001844826124,37.74832791382543,37.75914471520703,37.76470582586729,37.78555142692573,37.79075035267827,37.79857614393071,37.81244218949989,37.81972849057599,37.82580344080544,37.828251860337446,37.829843851816875,37.83454139730358,37.836123276056924,37.83685701908455,37.838882107790525,37.84115092915691,37.84210589028338],"times":[0.010272026062011719,0.010670900344848633,0.010865926742553711,0.011131048202514648,0.011448860168457031,0.011738061904907227,0.012111902236938477,0.012524843215942383,0.012876033782958984,0.01334691047668457,0.013823986053466797,0.014256954193115234,0.014914989471435547,0.01544189453125,0.015794992446899414,0.01635885238647461,0.01672196388244629,0.01715087890625,0.01751399040222168,0.017962932586669922,0.01842784881591797,0.018800973892211914,0.01938796043395996,0.020038843154907227,0.020657062530517578,0.02108287811279297,0.021191835403442383,0.021724939346313477,0.02237105369567871,0.022793054580688477,0.02322697639465332,0.02372002601623535,0.024260997772216797,0.0248260498046875,0.0249788761138916,0.025683879852294922,0.02604389190673828,0.026643037796020508,0.026916980743408203,0.02761983871459961,0.02803206443786621,0.02823495864868164,0.02871394157409668,0.02887701988220215,0.0295870304107666,0.029837846755981445,0.030230045318603516,0.0345919132232666,0.03926491737365723,0.04493403434753418,0.04529595375061035,0.045567989349365234,0.05218696594238281,0.05321192741394043,0.05336594581604004,0.054116010665893555,0.05486106872558594,0.05531907081604004],"env":"Tiger","ubs":[80.44326677715466,80.44326677715466,70.66150143613814,70.66150143613814,70.50328413882538,68.58556438561908,65.93078020555288,65.2963643236631,64.3775398324209,62.12275152530235,61.48209553208173,58.46973897615743,57.41957705759157,57.12405722077739,54.702644588990424,54.24832809081496,52.45927773404702,51.64467757293794,50.79221957841102,50.283401030462684,49.43284913554403,48.581651067408686,47.64529704354787,46.77063797005411,45.5653565325339,44.72643701846775,44.51463188029912,44.2531797436597,43.822823801677956,43.25087933621717,43.0076588947895,42.52276247319686,42.06192818430408,41.5841165342035,41.20721444116158,41.13096382376406,40.74544892111801,40.59277345520744,40.22962002392994,40.12980747153148,39.81603020202022,39.554664748095064,39.46682800269194,39.35716141622202,39.326611572974244,39.11096177245785,39.05214360682456,38.93916728921166,38.71670847539857,38.58451115569137,38.471621899140736,38.4387880082412,38.415286106962725,38.31103800974705,38.287879607453206,38.278178854396245,38.24296902990578,38.19428108248337],"sim_r":null,"sim_rsigma":null,"solver":"EBIB-SARSOP","env_full":"Tiger","final_lw":37.84210589028338,"timeout":false,"runtime":0.05531907081604004,"final_ub":38.19428108248337}