{"lbs":[9.036878906249997,17.08028084046314,17.950509468510198,20.474716382739196,20.474716382739196,20.474716382739196,20.474716382739196,20.474716382739196,20.474716382739196,20.474716382739196,20.474716382739196,20.474716382739196,20.474716382739196,20.474716382739196,20.474716382739196,20.474716382739196,20.474716382739196,20.474716382739196,20.474716382739196,20.474716382739196,20.474716382739196,20.474716382739196,20.474716382739196,20.474716382739196,20.474716382739196,20.474716382739196,20.474716382739196,20.474716382739196,20.474716382739196,20.474716382739196,20.474716382739196,20.474716382739196,20.474716382739196,20.474716382739196,20.474716382739196,20.474716382739196,20.474716382739196,20.474716382739196,20.474716382739196,20.474716382739196,20.474716382739196,20.474716382739196,20.474716382739196,20.474716382739196,20.474716382739196,20.474716382739196,20.474716382739196,20.474716382739196,20.474716382739196,20.474716382739196,20.474716382739196,20.474716382739196,20.474716382739196,20.474716382739196,20.474716382739196,20.474716382739196,20.474716382739196,20.474716382739196,20.474716382739196,20.474716382739196,20.474716382739196,20.474716382739196,20.474716382739196,20.474716382739196,20.474716382739196,20.474716382739196,20.474716382739196,20.474716382739196,20.474716382739196,20.474716382739196,20.474716382739196,20.474716382739196,20.474716382739196,20.474716382739196,20.474716382739196,20.474716382739196,20.474716382739196,20.474716382739196,20.474716382739196,20.474716382739196,20.474716382739196,20.474716382739196,20.474716382739196,20.474716382739196,20.474716382739196,20.474716382739196,20.474716382739196,20.474716382739196,20.474716382739196,20.474716382739196,20.474716382739196,20.474716382739196,20.474716382739196,20.474716382739196,20.474716382739196,20.474716382739196,20.474716382739196,20.474716382739196,20.474716382739196,20.474716382739196,20.474716382739196,20.474716382739196,20.474716382739196,20.474716382739196,20.474716382739196,20.474716382739196,20.474716382739196,20.474716382739196,20.474716382739196,20.474716382739196,20.474716382739196,20.474716382739196,20.474716382739196,20.474716382739196,20.474716382739196,20.474716382739196,20.474716382739196,20.474716382739196,20.474716382739196,20.474716382739196],"times":[1.191641092300415,1.1919240951538086,1.1922180652618408,1.1925110816955566,1.1926989555358887,1.192965030670166,1.193242073059082,1.1935031414031982,1.193721055984497,1.1939220428466797,1.1941990852355957,1.1944761276245117,1.1945769786834717,1.1947300434112549,1.195012092590332,1.1951179504394531,1.1954641342163086,1.1958611011505127,1.1962480545043945,1.1965570449829102,1.1968331336975098,1.1970231533050537,1.1972970962524414,1.197808027267456,1.1979949474334717,1.1982719898223877,1.1984150409698486,1.1988661289215088,1.1992590427398682,1.199625015258789,1.2001440525054932,1.2006971836090088,1.2012121677398682,1.201751947402954,1.2023520469665527,1.2025959491729736,1.2031221389770508,1.2033300399780273,1.2037441730499268,1.2042651176452637,1.2045550346374512,1.2050549983978271,1.2052791118621826,1.2056829929351807,1.205899953842163,1.2064311504364014,1.2066099643707275,1.2071809768676758,1.2074799537658691,1.207901954650879,1.2080631256103516,1.208362102508545,1.2085490226745605,1.2088849544525146,1.2090520858764648,1.2093660831451416,1.2095341682434082,1.2098231315612793,1.2101199626922607,1.2104599475860596,1.2106709480285645,1.211164951324463,1.2114050388336182,1.2118170261383057,1.2120661735534668,1.2124931812286377,1.2128970623016357,1.2131071090698242,1.2134549617767334,1.2138299942016602,1.2139320373535156,1.214034080505371,1.214449167251587,1.2151100635528564,1.215250015258789,1.215386152267456,1.215712070465088,1.2164340019226074,1.21657395362854,1.216717004776001,1.2170701026916504,1.2172181606292725,1.217376947402954,1.21773099899292,1.2182271480560303,1.21875,1.2193050384521484,1.2195420265197754,1.2201051712036133,1.2206981182098389,1.2213871479034424,1.2221341133117676,1.222365140914917,1.222999095916748,1.2231571674346924,1.223323106765747,1.2234549522399902,1.223797082901001,1.2242660522460938,1.224687099456787,1.2248551845550537,1.2249970436096191,1.2251479625701904,1.2257511615753174,1.2260370254516602,1.2265820503234863,1.226835012435913,1.226973056793213,1.227337121963501,1.2276999950408936,1.228445053100586,1.2286391258239746,1.2288250923156738,1.229621171951294,1.2297930717468262,1.229936122894287,1.230074167251587,1.2306170463562012,1.2307820320129395,1.2315700054168701],"env":"RockSample5","ubs":[21.382907669251157,21.382907669251157,21.382907669251153,21.382907669251153,21.35537342883367,21.332992211183402,21.328527544426628,21.328527544426628,21.328527544426628,21.328527544426624,21.309810493403212,21.301681660019582,21.271614661346824,21.2433744147648,21.120926190974437,21.02990616511147,20.973307291955386,20.967423266076942,20.967423266076942,20.967423266076942,20.955569825291185,20.939802683354912,20.939148469054473,20.938491236793602,20.938491236793602,20.938491236793602,20.938491236793602,20.938491236793602,20.938491236793602,20.938491236793602,20.938491236793602,20.937971160568374,20.935276497980283,20.929407798564547,20.923146883032814,20.91704249038937,20.916225244988922,20.915864884578127,20.915864884578127,20.91516501637231,20.914672799610045,20.9140421896632,20.912114838043436,20.90975022502915,20.90264026630293,20.894551084899422,20.885914149311574,20.885914149311574,20.884359302426823,20.88230973326552,20.882216436735895,20.88209610561838,20.88209610561838,20.87966625929493,20.872229512209742,20.87139864487131,20.87134325885416,20.8691222778465,20.8691222778465,20.8691222778465,20.8691222778465,20.8691222778465,20.8691222778465,20.8691222778465,20.8691222778465,20.8691222778465,20.8691222778465,20.8691222778465,20.8691222778465,20.8691222778465,20.84833497751988,20.84833497751988,20.84608971525489,20.828857187081404,20.826946711789198,20.815224022078574,20.8071563213356,20.797680485215423,20.787261607676818,20.786106680315903,20.780107370849947,20.772530026294753,20.763187857684947,20.761195995946046,20.756561952661997,20.756561952661997,20.756561952661997,20.756561952661997,20.756561952661997,20.756561952661997,20.752931675398216,20.73839656970839,20.727675873984687,20.727675873984687,20.723104107900006,20.722084624855597,20.721815711060238,20.71680136236375,20.71680136236375,20.716102052208896,20.714950982869325,20.708197735189778,20.702106123391395,20.70049102609613,20.69934269475204,20.69934269475204,20.69934269475204,20.697246459494956,20.69669279793756,20.69408300705881,20.69408300705881,20.69408300705881,20.690824068965846,20.69054254343557,20.687720213242045,20.687678329057714,20.7021191752347,20.702119175234696,20.6816637848007,20.67775706957179],"sim_r":null,"sim_rsigma":null,"solver":"BIB-SARSOP","env_full":"RockSample ()","final_lw":20.474716382739196,"timeout":false,"runtime":1.2315700054168701,"final_ub":20.67775706957179}