{"lbs":[0.008940844970084691,0.25641978444596103,0.3374920360217868,0.3718688704860695,0.38145849560699047,0.38556075062562317,0.3881884123567143],"times":[0.12523388862609863,0.1255040168762207,0.1256709098815918,0.126007080078125,0.12618803977966309,0.1264948844909668,0.1266169548034668],"env":"FrozenLake4","ubs":[0.39034496633344024,0.39034496633344024,0.39034496633344024,0.39034496633344024,0.39034346551463645,0.390343323201152,0.3903432973845067],"sim_r":null,"sim_rsigma":null,"solver":"BIB-SARSOP","env_full":"Frozen Lake (4)","final_lw":0.3881884123567143,"timeout":false,"runtime":0.1266169548034668,"final_ub":0.3903432973845067}