{"lbs":[9.840957442559999,14.761990425564179,17.010704402890298,19.25042352430711,19.301620331759807,19.352612351982692,19.390609027584766,19.428453716484434,19.428453716484434,19.428453716484434,19.44299918463397,19.457486470910904,20.33877908514327,21.248649214398736,21.44813672206425,21.6468262796991,21.688684556020437,21.730375399236497,21.730375399236497,21.730375399236497,21.730375399236497,21.730375399236497,21.730375399236497,24.2046085921039],"times":[8.231513023376465,8.26513409614563,8.265321016311646,8.265361070632935,8.26553201675415,8.265582084655762,8.265737056732178,8.265782117843628,8.265846967697144,8.266005039215088,8.26626992225647,8.266534090042114,8.266855955123901,8.266916036605835,8.267450094223022,8.267516136169434,8.267904043197632,8.267974138259888,8.268134117126465,8.268451929092407,8.268527030944824,8.26866102218628,8.268798112869263,8.269488096237183],"env":"RockSample5","ubs":[24.378584456577165,24.378584456577165,24.378584456577165,24.378584456577165,24.378584456577165,24.378584456577165,24.378584456577165,24.37368365977077,24.3694791039917,24.368802466151596,24.368802466151596,24.368802466151593,24.36525039965648,24.363921272532426,24.35905960368774,24.35905960368774,24.35905960368774,24.359059603687736,24.359059603687733,24.359059603687733,24.359059603687733,24.358976080423854,24.354055601702573,24.32996667536265],"sim_r":null,"sim_rsigma":null,"solver":"TIB-SARSOP","env_full":"RockSample ()","final_lw":24.2046085921039,"timeout":false,"runtime":8.269488096237183,"final_ub":24.32996667536265}