{"lbs":[9.64483090561,14.47001630403594,16.668281801910755,16.668281801910755,18.846762910304697,18.846762910304697,18.846762910304697,18.846762910304697,19.75531620285327,20.65569251576891,21.747518625471102,22.82951830018597,22.87284814338638,22.915788017997983,22.926563938267574,22.937242875254736,22.937242875254736,22.939595714580353,22.939595714580353,22.939595714580353,22.939595714580353,22.941927378352045,22.941927378352045,22.941927378352045,22.941927378352045,22.943615375083823,22.943615375083823,22.943615375083823,22.990542038855516,23.038719167414456,23.042231765825708,23.04571275085125,23.04571275085125,23.04571275085125,23.047076833361892,23.047076833361892,23.047076833361892,23.250390867468276],"times":[3.4091200828552246,3.443274974822998,3.4435651302337646,3.443635940551758,3.443700075149536,3.443856954574585,3.4439799785614014,3.444020986557007,3.4442219734191895,3.444272994995117,3.444675922393799,3.444735050201416,3.445080041885376,3.445143938064575,3.445369005203247,3.445434093475342,3.44572114944458,3.4458680152893066,3.44612193107605,3.446247100830078,3.44637393951416,3.446542978286743,3.446643114089966,3.4467570781707764,3.446972131729126,3.4473531246185303,3.447495937347412,3.4476089477539062,3.4478859901428223,3.447972059249878,3.4484670162200928,3.448681116104126,3.449247121810913,3.4493770599365234,3.449903964996338,3.4502251148223877,3.4507150650024414,3.4511189460754395],"env":"RockSample5","ubs":[23.625487201000237,23.625487201000237,23.625487201000237,23.625487201000237,23.625487201000233,23.625487201000233,23.625487201000233,23.625487201000233,23.61473442014434,23.61473442014434,23.604078414316156,23.604078414316156,23.604078414316156,23.593422408487967,23.582862306712233,23.582862306712233,23.582862306712233,23.582862306712233,23.582862306712233,23.58241824485824,23.571567810089427,23.51987411458717,23.484881469140383,23.48326246213917,23.477419580473452,23.477009913540044,23.475650735986427,23.47552540879977,23.457452816191235,23.456739215358752,23.456032036933763,23.456032036933763,23.456032036933763,23.450456106902546,23.444518308247922,23.444518308247922,23.444518308247922,23.44447709909682],"sim_r":null,"sim_rsigma":null,"solver":"SARSOP","env_full":"RockSample ()","final_lw":23.250390867468276,"timeout":false,"runtime":3.4511189460754395,"final_ub":23.44447709909682}