{"lbs":[-31.24999999999997,-21.28095859295524,-17.976950686430825,-10.980450453601454,-6.633855316634357,-3.6831294016806133,0.23236665247765698,1.9290869501875816,6.783345708337654,9.227505420396412,11.497946728300018,13.685588577157883,15.669273995566083,17.94640204875686,19.258474339317818,20.583574786049617,21.798349748479538,22.759653081177987,23.712684031900526,25.37772586370827,25.989317191411278,26.593663897193423,27.14493567204918,27.27064921971357,27.580263497319528,28.012011489063028,28.406176284779498,28.71755154084093,29.0263459916279,29.137245263641983,29.416973226388418,29.61932991690483,29.828386882968672,30.0210096718786,30.193761503910956,30.232478859016535,30.373424128597755,30.4850719535498,30.55948578659565,30.635328183386875,30.701442089767646,30.7152706279023,30.78651768378169,30.836896611563954,30.89252136414993,30.97185694703691,31.00423737802913,31.059588816750395,31.115022636031817,31.118620999014084,31.14561893509789,31.18084210010816,31.209298464856772,31.246334421478977,31.263272544911764,31.293294539576497,31.30348206167571,31.321871589589566,31.330281905457817,31.35347301812894,31.36361977248348,31.368260316251604,31.383660179810906,31.392825513284475,31.39701721140265,31.41089878137833,31.428647515464515,31.433631643858337,31.443297239430194,31.449997183360853,31.470359006297326,31.47624828261186,31.490868823035683,31.507122509898075,31.509455289234126,31.515419401023255,31.516004476102605,31.517926694116476,31.521801029077228,31.52445204011416,31.535684775286832,31.53632954418465,31.539218078387616,31.54783775740316,31.55402826076877,31.556652903879076,31.558216395439025,31.561496674003582,31.56392146100786,31.565199309032916,31.56690747203937,31.567594263805027,31.56922864303232,31.56935058766001,31.56940635814211,31.56943186436352,31.569966820523288,31.570206143863345,31.570755999087577,31.57149617146506,31.571706746847468,31.57190348572709,31.57196194472792,31.57219696778425,31.572541205121723,31.572635763185417,31.572884816579453,31.57293654816843,31.573032091040364,31.573116302040365,31.57318907843455,31.57322236218526,31.573303283584295,31.573362465044777,31.573425287876752,31.5734757959712,31.57351544386099],"times":[0.004891157150268555,0.0316920280456543,0.03183412551879883,0.03198409080505371,0.0321660041809082,0.03240609169006348,0.03269004821777344,0.03300213813781738,0.033341169357299805,0.03364896774291992,0.034089088439941406,0.03449606895446777,0.03487801551818848,0.03532695770263672,0.03600311279296875,0.03665018081665039,0.036839962005615234,0.03745317459106445,0.03799295425415039,0.03852510452270508,0.03900313377380371,0.039505958557128906,0.03991198539733887,0.03999900817871094,0.040110111236572266,0.04162096977233887,0.04316115379333496,0.04373502731323242,0.04427003860473633,0.04476499557495117,0.04688715934753418,0.047599077224731445,0.048254966735839844,0.04904913902282715,0.04977607727050781,0.05231213569641113,0.0554051399230957,0.05648303031921387,0.05972409248352051,0.06157708168029785,0.06347298622131348,0.0647120475769043,0.06653904914855957,0.06748199462890625,0.06771206855773926,0.06860017776489258,0.07051205635070801,0.07144308090209961,0.07236003875732422,0.07248497009277344,0.07269406318664551,0.07361316680908203,0.07623505592346191,0.07726502418518066,0.07956600189208984,0.08064913749694824,0.08151698112487793,0.08387398719787598,0.0861210823059082,0.08750104904174805,0.08830404281616211,0.08894014358520508,0.08919310569763184,0.0897061824798584,0.0901331901550293,0.09036803245544434,0.09158015251159668,0.09197402000427246,0.09289717674255371,0.09325504302978516,0.09421706199645996,0.09453105926513672,0.09536910057067871,0.09618210792541504,0.09682512283325195,0.10286498069763184,0.1029820442199707,0.10327005386352539,0.10391116142272949,0.10416197776794434,0.10542011260986328,0.10583305358886719,0.10612702369689941,0.10694599151611328,0.10787010192871094,0.10857200622558594,0.10950303077697754,0.11048698425292969,0.11120295524597168,0.11204910278320312,0.11301302909851074,0.11337018013000488,0.11430597305297852,0.11489510536193848,0.11553311347961426,0.11602401733398438,0.11691808700561523,0.11732697486877441,0.11800503730773926,0.11886906623840332,0.11924195289611816,0.11956405639648438,0.11991405487060547,0.12056708335876465,0.12162399291992188,0.12256503105163574,0.12359499931335449,0.12386798858642578,0.12463712692260742,0.12519598007202148,0.12564706802368164,0.12592101097106934,0.12681198120117188,0.12762808799743652,0.12858200073242188,0.12921595573425293,0.13038396835327148],"env":"Tiger","ubs":[137.84949194169238,137.84949194169238,128.31339957218017,125.36988927288455,118.93624446261695,117.259247360585,114.75129096410144,111.1458094704806,110.29125517396977,103.98613574763328,100.93108130206775,98.37968343964958,95.2794613165516,94.09024623850968,93.84949194169238,93.84949194169238,85.0118533068829,81.84312370795294,79.78914153217201,77.60927224479674,73.21190691453842,70.85776131118729,69.5796655020641,68.44530435137521,67.15833923960142,66.67774328813475,64.88124425158202,63.40901040059286,61.84510382594681,59.85630478570533,58.46433498645383,57.404330061998536,56.02332261881953,55.0163432325869,54.479963602184654,53.768528544331375,53.42056372847759,53.142599134000704,52.79188526995072,52.7405430867688,52.53167670643131,52.46643365024036,52.23057412645926,51.822032455918105,51.21572433775253,50.74163376841743,49.188385516615426,48.75170909661164,47.88688182411839,47.45839828077969,47.3819810765995,46.990743143900666,46.35194549955361,45.92493371822836,45.324729525129456,45.05498785803158,44.72413061432382,44.471395169619896,44.363893091963135,44.32589998817048,43.94382164135851,43.88681343871062,43.77443495883021,43.41163023941371,43.24507159113635,43.02836810475478,42.820284174539026,42.14109310602344,41.81420451531126,41.57498922877785,41.42562890188548,40.63592703543026,40.560261087195684,40.055972142905276,39.078534734212646,38.89366665001101,38.54679617474831,38.389232072643836,38.2611802351103,38.09359032974624,37.93207123364431,37.10707142231857,37.026586245416624,36.9138086374862,36.28614675360147,35.674368943706355,35.34988522082257,35.23743288387859,34.79117377845126,34.305151255172056,34.1095021342106,33.8941589463483,33.778826831466546,33.431926949632114,33.43175210111413,33.41660681713464,33.39962050283909,33.2439772791696,33.217789448155266,33.107538996645445,32.90746308903299,32.865569427274124,32.772443241332056,32.75163341160804,32.63843189102653,32.45735551814925,32.414248046320225,32.25986605925807,32.25872805467631,32.21440507568801,32.14221704600091,32.097949875835916,32.095482938142986,32.03261170770244,31.98200077901301,31.910857386238668,31.86446616419093],"sim_r":null,"sim_rsigma":null,"solver":"SARSOP","env_full":"Tiger","final_lw":31.57351544386099,"timeout":false,"runtime":0.13038396835327148,"final_ub":31.86446616419093}