{"lbs":[9.92023968016,14.88049880159888,17.195842340436577,19.5065551921966,19.568080012441186,19.629481783045286,19.67805759744427,22.06767714356182,22.06767714356182,23.33444208034904,24.598673487262683],"times":[20.150321006774902,20.18497085571289,20.185148000717163,20.18518900871277,20.18535304069519,20.18540382385254,20.18555998802185,20.18593192100525,20.185983896255493,20.18635582923889,20.186413049697876],"env":"RockSample5","ubs":[24.687155528598037,24.687155528598037,24.687155528598037,24.687155528598037,24.687155528598037,24.687155528598034,24.687155528598034,24.684680428797837,24.68254522696587,24.682210279197236,24.682210279197236],"sim_r":null,"sim_rsigma":null,"solver":"ETIB-SARSOP","env_full":"RockSample ()","final_lw":24.598673487262683,"timeout":false,"runtime":20.186413049697876,"final_ub":24.682210279197236}