{"lbs":[-43.478260869565176,-26.607149604656733,-23.459202993678854,-15.470008697099725,-7.930079242414682,-4.1878102951796725,-2.759210329525052,8.296070577640812,11.206011733795004,14.935078690121793,18.02536469685071,20.377120792687258,22.054284990786883,23.97222813340671,25.489727433360972,27.01947344510578,28.721732501056977,31.073515886298786,32.34996823005336,33.521689635343414,34.70039134241823,36.32291235263419,36.96296195086199,38.31532784264111,39.72342131343812,39.72342131343812,39.72342131343812,39.83512636000491,40.671701418029855,41.03958175104302,41.35496448238113,41.999078853372936,42.21278789864858,42.599632223824315,42.68999057704461,43.05197718372216,43.17236691463074,43.21846383937758,43.49337042741634,43.55137347562163,43.772024547619765,43.8619177220981,43.87968741459774,43.96796076916062,44.00936861452142,44.15161264810024,44.21606598761008,44.25776978958078,44.31164895322606,44.396704700111314,44.426015984927574,44.457526657359224,44.49722276889173,44.54373020586257,44.56658741082209,44.627284586453285,44.66035938033065,44.685043013766304,44.702373284573596,44.717795485950475,44.725900202208784,44.748713520427316,44.754621370006376,44.76066566145866,44.7683201604182,44.78059230792553,44.784318077374444,44.79205459912329,44.79856708423074,44.801702431337766,44.807929871249186,44.81049153061983,44.8148686316909,44.81553407518544,44.815846225793685,44.817995453718616,44.81852156559881,44.820981501950726,44.82141180407119,44.82182482783915,44.82259973188829,44.8236456311446,44.82475969867523,44.825944505519914,44.82726049090222,44.827413848624246,44.827890414964365,44.82879874702657,44.82898131360902],"times":[0.011054039001464844,0.011218070983886719,0.011394977569580078,0.011631011962890625,0.011968135833740234,0.012392997741699219,0.012880086898803711,0.013331174850463867,0.013852119445800781,0.014405965805053711,0.014935970306396484,0.015867948532104492,0.016896963119506836,0.017892122268676758,0.01920795440673828,0.020200014114379883,0.021425962448120117,0.022274017333984375,0.023175954818725586,0.024201154708862305,0.02493000030517578,0.025686979293823242,0.026422977447509766,0.02719902992248535,0.02808213233947754,0.028146028518676758,0.028222084045410156,0.02837514877319336,0.02947211265563965,0.030147075653076172,0.030872106552124023,0.03194999694824219,0.032833099365234375,0.033540964126586914,0.03372001647949219,0.03489995002746582,0.03518414497375488,0.03538393974304199,0.036546945571899414,0.036772966384887695,0.03790116310119629,0.03880596160888672,0.03895998001098633,0.039997100830078125,0.04017305374145508,0.041277170181274414,0.0422360897064209,0.043354034423828125,0.044135093688964844,0.04499506950378418,0.045248985290527344,0.04589700698852539,0.046877145767211914,0.047698974609375,0.04833817481994629,0.04936099052429199,0.05047202110290527,0.05118894577026367,0.05197715759277344,0.05256915092468262,0.052863121032714844,0.05372810363769531,0.05405306816101074,0.05435299873352051,0.05502009391784668,0.05625295639038086,0.05689716339111328,0.05775308609008789,0.058791160583496094,0.05929994583129883,0.060270071029663086,0.061228036880493164,0.062438011169433594,0.06284594535827637,0.0632021427154541,0.06428313255310059,0.06455802917480469,0.06540894508361816,0.06564116477966309,0.06601214408874512,0.06634402275085449,0.06673002243041992,0.06719207763671875,0.06833815574645996,0.06939697265625,0.06968212127685547,0.07009506225585938,0.07109594345092773,0.07141804695129395],"env":"Tiger","ubs":[113.7748292907291,113.7748292907291,106.2237790127072,105.13360303583525,101.30219603721707,97.80392094741471,96.8282053833518,96.22606101949715,92.13883910064426,90.19999732847748,87.62581972646663,85.09623158497757,83.9761753276016,82.46594222438915,81.49495147634698,80.17734224430055,79.01560093028023,77.23375393978822,75.14749195490913,73.50171721344314,72.13630914115652,70.66925228685852,68.92506159536353,68.45079059940346,66.34988773387488,64.70203184895222,64.70203184895222,64.27633399746796,63.77381214780169,61.63766284072521,61.15053255642647,60.73639515485816,59.1848264945417,58.71922491380647,57.942282021798796,57.555191579291716,56.55379755630804,56.00057466217168,55.82866276003355,54.79882297571811,54.593919649392454,53.58900666948148,53.43482791071746,53.2624938845442,52.7952477059649,52.744983782726024,52.02436770537988,51.76361841799391,51.42987625154642,51.047505854186596,50.51347162134638,50.24112960382678,50.04394501840973,49.84516814149839,49.39950087326518,49.2428140253121,48.73160834906042,48.349479049060285,48.11624549252615,47.9301474415265,47.786370056141315,47.66947993147163,47.4012818378706,47.28895277501284,47.21190129143373,47.06489987704791,46.755299129511315,46.61877690451992,46.44232050896859,46.26166276170322,46.17641058308338,46.039057080663916,45.97545005684571,45.821861624467374,45.80890822480211,45.79927312281448,45.73726361618933,45.72714575416959,45.64521832750846,45.62881642140296,45.62391431434466,45.58870242446492,45.54986422171325,45.48918651489823,45.425057651929144,45.355586077666686,45.34100772016183,45.31761791172399,45.24713767572993],"sim_r":null,"sim_rsigma":null,"solver":"BIB-SARSOP","env_full":"Tiger","final_lw":44.82898131360902,"timeout":false,"runtime":0.07141804695129395,"final_ub":45.24713767572993}