{"lbs":[-34.48275862068962,-31.786233360689625,-27.2171542048695,-23.94174716612648,-20.258310546589957,-16.205378276253892,-13.429289694513882,-12.183352680492174,-9.836075695386421,-7.189017423725838,-4.957811066887212,-2.8829140525933328,-0.1483367102474955,1.8366019690937174,2.269697550511136,4.160467237180554,4.356031229229334,5.92019319204183,7.512436812236813,8.915239255342941,10.462724453865794,11.823501731672508,12.998831763523707,14.309191751521887,15.45568013148688,16.83691175047255,17.829616560181307,18.709066110347436,19.67637382449432,20.528163760988136,21.413016397699614,22.111621968348857,22.794740577341663,23.650218788846978,24.308792041998835,24.818547099742815,25.457266053481078,26.120458260839037,26.61641852625453,27.030157235099935,27.521726861998875,28.04380678868079,28.451532243195743,28.83838693696356,29.31325555248833,29.61580605258792,29.899806817531264,30.030798041017945,30.361754080854418,30.668323540886142,30.929831429668987,31.144806398778943,31.433550803189235,31.629636318789164,31.85145863219506,31.961648617279376,32.183785240666225,32.32017145369559,32.47114611903319,32.650907579518005,32.79164925901613,32.92745910617058,33.0820607187141,33.21461523309163,33.312484092633824,33.392588805647975,33.497415305936265,33.605594604658116,33.6872153993816,33.858827055022864,33.89123873647274,33.96836674197636,34.04382904504006,34.10438881261763,34.171924240093766,34.23389367771965,34.27746201966148,34.358985609535566,34.412003447794234,34.456962823471336,34.491091494758834,34.53307930807023,34.5700980702712,34.5966343158663,34.65603879833253,34.678216759456085,34.70370433685024,34.748066249624735,34.76477989011436,34.78474636918514,34.81952784646715,34.83333229211017,34.84884720753445,34.86402507762414,34.87883223726177,34.88893403197855,34.91243483550937,34.921143440848525,34.932512758181645,34.939293650028034,34.95662519700478,34.959762892356196,34.974953467844315,34.9774075342191,34.978539436652575,34.986904425019965,34.991130067208815,34.993079083228004,34.993978038528354,34.99439266858991,34.99458391067713,34.99467211830921,34.99471280279698,34.99473156792541,35.00124755129852,35.00590651224387,35.014474946309164,35.01774692923751,35.02169209968832,35.02733253338105,35.03366907744118,35.03605016765026,35.03913456541012,35.04169691319779,35.044244263489986,35.046547923673515,35.04873098476568,35.05075144105129,35.052643682222794],"times":[0.00989389419555664,0.03777003288269043,0.03930497169494629,0.039504051208496094,0.04155302047729492,0.044217824935913086,0.04441094398498535,0.04766988754272461,0.04801201820373535,0.0496668815612793,0.05000901222229004,0.0502619743347168,0.05182290077209473,0.05208182334899902,0.05220794677734375,0.05241990089416504,0.05254101753234863,0.05281400680541992,0.0532078742980957,0.05363583564758301,0.05391383171081543,0.054181814193725586,0.05444502830505371,0.0546109676361084,0.0550229549407959,0.05933499336242676,0.0596919059753418,0.059990882873535156,0.06018686294555664,0.06065201759338379,0.06085801124572754,0.06119990348815918,0.061599016189575195,0.06657004356384277,0.06685495376586914,0.0726008415222168,0.07310199737548828,0.07967090606689453,0.08021283149719238,0.08691000938415527,0.08745694160461426,0.09470987319946289,0.09517288208007812,0.09559798240661621,0.10363388061523438,0.10403800010681152,0.10465502738952637,0.10533785820007324,0.10604000091552734,0.10651302337646484,0.10706186294555664,0.1077580451965332,0.11628293991088867,0.11695504188537598,0.11822295188903809,0.11861491203308105,0.12798690795898438,0.12877202033996582,0.1294848918914795,0.13364887237548828,0.13413500785827637,0.13461089134216309,0.14421892166137695,0.14479804039001465,0.14543485641479492,0.14601492881774902,0.14674901962280273,0.14743304252624512,0.14816594123840332,0.15868496894836426,0.1594679355621338,0.16015100479125977,0.1708838939666748,0.17138004302978516,0.1721210479736328,0.17689085006713867,0.17763400077819824,0.17861104011535645,0.18337392807006836,0.18425798416137695,0.1847379207611084,0.18570899963378906,0.19041204452514648,0.19115996360778809,0.2020888328552246,0.20322585105895996,0.20388102531433105,0.2164628505706787,0.21712183952331543,0.21793293952941895,0.23057794570922852,0.23199200630187988,0.23250102996826172,0.23403096199035645,0.23491191864013672,0.23581385612487793,0.24944186210632324,0.2512209415435791,0.25707292556762695,0.25800585746765137,0.2641890048980713,0.26509690284729004,0.271237850189209,0.27214503288269043,0.27337098121643066,0.2794070243835449,0.2806098461151123,0.2816948890686035,0.2827169895172119,0.2836010456085205,0.2843658924102783,0.28513002395629883,0.28589892387390137,0.28665995597839355,0.28751492500305176,0.2882359027862549,0.2940359115600586,0.29596996307373047,0.29674482345581055,0.2978048324584961,0.31152892112731934,0.31774401664733887,0.3199880123138428,0.3261418342590332,0.32852792739868164,0.33468103408813477,0.33722591400146484,0.34355688095092773,0.34623289108276367],"env":"Tiger","ubs":[74.80392392897582,74.80392392897582,69.88216464270427,68.5679952477565,68.19935064127203,67.6658548981854,65.65329637974814,65.4113622372727,64.601801841189,64.334846251848,62.780948341519334,62.562059486372874,62.535746369520794,60.81714226159481,60.41231916860069,60.36365448284842,58.68071090773262,58.470203263174554,58.10147712268392,57.95684900983894,57.89719418371658,57.32562161474998,57.00337357509517,56.559659810568625,56.496858360334656,56.447427045993294,54.83704984334409,54.22719983962353,54.153888412235396,54.08204789873834,53.94497038537829,53.303792124997585,52.79380035063757,52.58416973566344,51.46065943912659,51.46065943912659,50.79261031330723,50.79261031330723,49.81342645910655,49.81342645910655,49.10949157885186,49.10949157885186,48.20121793538043,47.905383412907995,47.82415680282964,46.90281466301185,46.32184362449905,46.23893031426967,45.96293299119846,45.849947721843336,45.48518190633767,44.937704491716445,44.90286921532943,44.09482235133453,44.09482235133453,43.665961172358095,43.48635424545363,42.77020057476152,42.72360047056681,42.71799856823982,42.16533923908243,41.923957072096485,41.606770412683744,41.19444611307575,40.90241930915328,40.82581956079391,40.61931107810011,40.611891711950605,40.2618054081663,40.232727815974144,39.66058051048556,39.66058051048556,39.65901645384345,39.31204908551391,39.18513304311621,38.95813090717299,38.7036491862286,38.7036491862286,38.57855901418388,38.28329093054646,38.1157180056361,38.00754150627458,37.84376687154898,37.663594451301066,37.663594451301066,37.382526172949675,37.26884176167468,37.26883848448041,37.0192152796957,36.93408796746867,36.90913135028227,36.71026878228729,36.61794826033932,36.55998165020041,36.470803627323605,36.38501246283017,36.38298838235727,36.232797866210646,36.173001398274,36.099763789452126,36.099763789452126,35.98618963629302,35.98618963629302,35.88508815935404,35.88508815935404,35.87933236286857,35.83500252391448,35.83500252391448,35.83081050927658,35.828629666752605,35.82762056845988,35.827171333422314,35.82697503565838,35.82619529993164,35.821803477988624,35.815140117034254,35.78524367111878,35.70353049291843,35.67094934535271,35.670949345171806,35.64861030361254,35.58363717417773,35.55770853512025,35.52556421549477,35.49866185433892,35.472098308632994,35.44774427682544,35.424679931166935,35.40314816483875],"sim_r":null,"sim_rsigma":null,"solver":"ETIB-SARSOP","env_full":"Tiger","final_lw":35.052643682222794,"timeout":false,"runtime":0.34623289108276367,"final_ub":35.40314816483875}