{"lbs":[0.0162512265038291,0.3792962315376006,0.5126553108972672,0.5126553108972672,0.5406661317542277,0.5435102165930956,0.543798420940797,0.5605721660416563,0.5643126218252036,0.5643126218252036,0.5643600109164564,0.5643646087245624,0.5643665385678285,0.5643668697634169,0.567939440703708,0.5688452638939596,0.572355338966101,0.5736893282123483,0.5739151405360279,0.5739370494122021,0.5742375750107134,0.5742956842642171,0.5743134826648284,0.5743161168206998,0.5743166449242205,0.5750212944694921,0.5752304147644393,0.5764641544652529,0.5765975112254682,0.5766117747952608,0.5766132872337346,0.576644966219129,0.5766480397934894,0.5766486085722456,0.5766486900082405,0.5766510974056762,0.5769732830232295],"times":[0.35077595710754395,0.38115501403808594,0.3816559314727783,0.3817470073699951,0.3847649097442627,0.3853130340576172,0.385922908782959,0.3865230083465576,0.3871610164642334,0.3874080181121826,0.3879659175872803,0.38818883895874023,0.3889029026031494,0.38909387588500977,0.3902599811553955,0.39139485359191895,0.3925049304962158,0.4023449420928955,0.4028918743133545,0.40395498275756836,0.4042179584503174,0.4044919013977051,0.4062509536743164,0.40667295455932617,0.40688204765319824,0.4087378978729248,0.4092440605163574,0.4109518527984619,0.41138792037963867,0.4120140075683594,0.4142489433288574,0.4149949550628662,0.4154689311981201,0.41811394691467285,0.41848301887512207,0.419079065322876,0.42209696769714355],"env":"FrozenLake4","ubs":[0.6229011461924743,0.6229011461924743,0.6193607865596235,0.6097268802187509,0.6074811931279779,0.6043550771624163,0.6003681247612269,0.5987707524102052,0.5987707524102052,0.5978922184679818,0.5943550771624163,0.5904174811714024,0.5902945440558236,0.5901644152880158,0.5895869529590883,0.5884141138887209,0.5883003221100163,0.5876257699468798,0.5875603232096319,0.5875539734035673,0.5872512825393572,0.5872512825393572,0.5872512825393572,0.5854849310384889,0.5850885705740175,0.58441143015682,0.5843457323006924,0.5841666195542834,0.5837968644544443,0.5830749441181696,0.5829897301053996,0.5829814624288455,0.5828691267614514,0.5828112124329884,0.5828055934400551,0.5827245541619489,0.582716691528589],"sim_r":null,"sim_rsigma":null,"solver":"SARSOP","env_full":"Frozen Lake (4)","final_lw":0.5769732830232295,"timeout":false,"runtime":0.42209696769714355,"final_ub":0.582716691528589}