{"lbs":[-34.48275862068962,-18.218994135455507,-15.318566588670823,-8.094967161199614,-1.3627831168089655,1.891667815754393,3.0677166266902836,8.01760955540891,10.03030321518853,11.87749960048075,17.24656552225744,17.980195923483244,20.24220253809905,22.17822680073758,23.48305606158943,25.00662223054099,26.39397840073903,27.481515106909384,28.52775309621863,29.27531083948766,29.95515653374167,30.41335459037026,31.18754602471211,31.50178209746171,31.845961894898334,32.15513697106394,32.4424907138245,32.916547849362956,33.37232439308747,33.6889285243046,33.82513462904669,34.091461840955446,34.19065567020249,34.34979601328725,34.520371294790564,34.520371294790564,34.520371294790564,34.57972260163895,34.64070867590205,34.66883761592433,34.68765444805952,34.74256723732995,34.82858030373504,34.83998099958788,34.861656870159536,34.88689560142936,34.89853659925887,34.92011063357042,34.94480485679581,34.951605088066984,34.98036333001464,34.98631621895005,34.99553720561584,35.000631584505385,35.01154975083356,35.028883252682625,35.03335994758191,35.039705137961235,35.04314345861668,35.05021994660591,35.057559166340326,35.061960434665004,35.06221842135798,35.063391873617135,35.06648650288548,35.06707630451104,35.068682441492165,35.06929777551515,35.06958158938635,35.070363552652665,35.07066384380177,35.07173204740623,35.07248469197981,35.07399656830122,35.07412108228587,35.0745172136818,35.074699923528456,35.07478419578865,35.07543749059725,35.076362919137935,35.076764209086306,35.07722525237131],"times":[0.008597135543823242,0.008732080459594727,0.008864164352416992,0.009011030197143555,0.010369062423706055,0.010827064514160156,0.011333227157592773,0.011855125427246094,0.012335062026977539,0.01297616958618164,0.01347208023071289,0.013970136642456055,0.014438152313232422,0.015075206756591797,0.01567220687866211,0.016204118728637695,0.016764163970947266,0.017339229583740234,0.01796722412109375,0.01849818229675293,0.019144058227539062,0.019758224487304688,0.02044510841369629,0.021010160446166992,0.02156519889831543,0.022158145904541016,0.022698163986206055,0.023208141326904297,0.023937225341796875,0.024639129638671875,0.02520918846130371,0.025983095169067383,0.02633810043334961,0.026975154876708984,0.027543067932128906,0.0276031494140625,0.027676105499267578,0.028146028518676758,0.02882218360900879,0.02895522117614746,0.029302120208740234,0.029808998107910156,0.03057718276977539,0.030727148056030273,0.030961036682128906,0.03144216537475586,0.03167104721069336,0.03224301338195801,0.032630205154418945,0.03295707702636719,0.033692121505737305,0.03399515151977539,0.03420209884643555,0.03435707092285156,0.03485703468322754,0.03549909591674805,0.035726070404052734,0.036271095275878906,0.03655409812927246,0.03703713417053223,0.03784012794494629,0.03848099708557129,0.03877401351928711,0.0391390323638916,0.03967118263244629,0.039994001388549805,0.04060506820678711,0.04086422920227051,0.0410771369934082,0.04134011268615723,0.04169607162475586,0.04243612289428711,0.04271507263183594,0.043569087982177734,0.04382920265197754,0.04410815238952637,0.044297218322753906,0.04448223114013672,0.045226097106933594,0.04602813720703125,0.046732187271118164,0.05201911926269531],"env":"Tiger","ubs":[89.77822633902215,89.77822633902215,82.31990643482695,81.24360452749912,77.55110010800956,73.21151798890656,73.08357333471582,72.52516030371623,71.54487998609338,69.53276687299456,69.23493426912421,65.2504177602417,64.05266790377783,61.804187222322874,59.786980365554385,58.97855941248884,57.206112471853764,55.19054585712327,53.90383017392209,52.2050800653652,50.96170911056141,50.04159298534756,49.47028401135714,47.877832813996775,47.12315045107952,46.77454518324936,46.32102898426692,45.82863730087797,45.083374843552065,44.100468573418325,43.149446970628965,42.81533906524532,41.82687449694982,41.436506058911355,40.87287774989308,40.72137004726338,40.72137004726338,40.32946064607469,39.88991869249139,39.58691034586404,39.41050092638132,39.31047131862527,39.0548603360693,38.57563061983475,38.50615604698755,38.345043950603696,38.094446515036296,38.039089659350566,37.894359536797964,37.69210433922961,37.61062818336949,37.20229234431491,37.172270699620256,37.10665274502901,37.0340072870715,36.88162166310651,36.655174336613044,36.591651055948944,36.47220453632248,36.407697261190094,36.27240118368447,36.085903629902006,35.97102708071546,35.95083708217793,35.94155220011078,35.84071365392638,35.826722341771436,35.77177134950161,35.76854620832457,35.759709502879815,35.74414593585585,35.72089329922331,35.6670883006041,35.65609758009441,35.59130547657968,35.58990738286519,35.572784292254354,35.56519444718154,35.556789829942446,35.525501365579785,35.44295074835748,35.403264417657184],"sim_r":null,"sim_rsigma":null,"solver":"BIB-SARSOP","env_full":"Tiger","final_lw":35.07722525237131,"timeout":false,"runtime":0.05201911926269531,"final_ub":35.403264417657184}