{"lbs":[0.011871807460240575,0.29070571862178374,0.4122133739824513,0.4353528059408548,0.4640424863453247,0.47069618233603916,0.4778061459771631,0.4814519393088301],"times":[0.20349907875061035,0.20379114151000977,0.20397019386291504,0.20484304428100586,0.20499515533447266,0.20763611793518066,0.20787620544433594,0.20821404457092285],"env":"FrozenLake4","ubs":[0.4852666689998701,0.4852666689998701,0.48526496886672393,0.4852643567755488,0.48526429918389014,0.4852640897403909,0.4852637716986919,0.48526335916058155],"sim_r":null,"sim_rsigma":null,"solver":"BIB-SARSOP","env_full":"Frozen Lake (4)","final_lw":0.4814519393088301,"timeout":false,"runtime":0.20821404457092285,"final_ub":0.48526335916058155}