{"lbs":[9.96005996001,14.940124850099966,17.289272713150417,19.63607142833782,19.70287155007129,19.769604871683022,19.82906947040362,19.862755493562574,19.86785604903579,22.16636486606934,23.364604562838114,24.56164601991012,24.56164601991012,24.56164601991012,24.56164601991012,24.56164601991012,24.56164601991012,24.56164601991012,24.56164601991012,24.56164601991012,24.56164601991012,24.65885016727762],"times":[25.350348949432373,25.38424301147461,25.384467840194702,25.384509801864624,25.384665966033936,25.384716987609863,25.384943962097168,25.384989976882935,25.38537096977234,25.385835886001587,25.386229991912842,25.386292934417725,25.386652946472168,25.386716842651367,25.386868953704834,25.38724398612976,25.38740086555481,25.387676000595093,25.387804985046387,25.38793683052063,25.388120889663696,25.389278888702393],"env":"RockSample5","ubs":[24.84304756009351,24.84304756009351,24.84304755634561,24.84304755259771,24.843047548853555,24.8430475451094,24.843047541368993,24.84180378262564,24.84072785363678,24.84056126764103,24.840561263896873,24.840561260156463,24.840561252679382,24.839650536458997,24.839318737694775,24.838077465225155,24.838077461484744,24.83807745774807,24.838072428001485,24.836827420506484,24.829970508446344,24.826491798838312],"sim_r":null,"sim_rsigma":null,"solver":"TIB-SARSOP","env_full":"RockSample ()","final_lw":24.65885016727762,"timeout":false,"runtime":25.389278888702393,"final_ub":24.826491798838312}