{"lbs":[-22.72727272727271,-20.11341576727271,-16.068354689635044,-12.801450268919897,-9.669204918870033,-6.064951219565536,-3.1863284980842153,-1.1725286420793575,0.8783024148101987,3.1129674731152317,4.707720159385687,5.412582648930535,7.310100506669111,8.614028945399301,10.181432066177951,11.133553040116967,11.365099101440162,12.11415250775819,12.33936631341894,13.067934820764695,13.820568777579629,14.475243364678086,15.097257682233717,15.66153960974267,16.185869013187315,16.667022799281362,17.163220832672703,17.645536256546276,18.07060455066799,18.542300777357013,18.844266357468747,19.115267653979945,19.368512475299333,19.600223277187034,19.839545057024875,20.071995925569674,20.285373090016684,20.493384798168375,20.64136746681376,20.771922710818615,20.93677000879343,20.969480087342802,21.078830373408874,21.20162883183891,21.23237436160463,21.31738747252176,21.402477590601737,21.500888348698112,21.587916029604806,21.661807011993318,21.728804958179126,21.776063922273508,21.819487209361068,21.872791969227343,21.919426776082517,21.960503533006694,21.997708462090763,22.03104896432973,22.061102514734166,22.082230115889526,22.10191405189154,22.123852184271566,22.141035424979027,22.158637221070315,22.171642800844673,22.185911287898378,22.197864944752354,22.211977023029533,22.223382750798606,22.234325530903597,22.24386573733186,22.252589679525922,22.260373397231238,22.26740587912772,22.27371895200817,22.27940484719048,22.284517277758496,22.289118032091153,22.29325650247931,22.296979975833892,22.300329682165557,22.303343317831995,22.306054518749566],"times":[0.009306907653808594,0.03783893585205078,0.03787803649902344,0.037941932678222656,0.03798198699951172,0.03861188888549805,0.03873085975646973,0.0388028621673584,0.038877010345458984,0.039816856384277344,0.039961814880371094,0.04002189636230469,0.04010486602783203,0.040216922760009766,0.041391849517822266,0.04147791862487793,0.04152202606201172,0.04167985916137695,0.04172492027282715,0.04198193550109863,0.042192935943603516,0.04232597351074219,0.042449951171875,0.04257988929748535,0.042716026306152344,0.042840003967285156,0.04295682907104492,0.043087005615234375,0.04318499565124512,0.04476189613342285,0.04491901397705078,0.04507184028625488,0.045243024826049805,0.04541587829589844,0.045532941818237305,0.04566383361816406,0.04577493667602539,0.04777693748474121,0.047950029373168945,0.04811596870422363,0.04829287528991699,0.050508975982666016,0.05077099800109863,0.05097389221191406,0.053444862365722656,0.05376791954040527,0.05394887924194336,0.056578874588012695,0.05936098098754883,0.060666799545288086,0.06337785720825195,0.06357097625732422,0.0637519359588623,0.06513500213623047,0.06655192375183105,0.0679178237915039,0.06923103332519531,0.07059693336486816,0.07190585136413574,0.0720968246459961,0.07537198066711426,0.07557892799377441,0.07715487480163574,0.07733798027038574,0.08094000816345215,0.08113980293273926,0.08150482177734375,0.08307790756225586,0.08459091186523438,0.08615589141845703,0.08772397041320801,0.08934402465820312,0.09092283248901367,0.09253883361816406,0.09410881996154785,0.09572386741638184,0.0972909927368164,0.0989220142364502,0.10048580169677734,0.10211396217346191,0.10367703437805176,0.10530281066894531,0.10686898231506348],"env":"Tiger","ubs":[48.81587345291288,48.81587345291288,43.987646921129326,42.85189433642852,42.03685960749877,41.809540526329315,39.17970637830535,38.988601050957975,38.96633215105502,38.51918812540581,37.245144834753894,37.04491387277473,36.07427399366965,35.63430009377767,35.34656539687855,34.289208910731105,33.29220332988121,33.29220332988121,32.8851829191527,32.88191058179056,32.72119489194397,32.668194927764475,32.278942526577865,31.946295580340852,31.88060695241133,31.76112650228299,31.48404354514212,31.182611507125866,30.366143115048942,30.322535030647416,29.22707922034425,29.154153299321614,29.14565547219076,29.051933220420135,28.88959930833845,28.462419852246008,28.188017841179004,28.119578117297813,27.28290501598809,27.275181675445367,27.27428169897768,26.85772471042369,26.605265515665554,26.605265515665554,26.354680048071096,25.96986493146266,25.85200092144475,25.741283391263465,25.511101110764812,25.13428717001664,24.904873517828197,24.651287160312435,24.587206515722567,24.51649419429383,24.337144021819352,24.139672363518983,23.974809584414757,23.819584791407152,23.681194491402223,23.5547767674737,23.5547767674737,23.43227034029033,23.43227034029033,23.33013351736465,23.33013351736465,23.25791111746532,23.25791111746532,23.16663104698783,23.089279001199223,23.018109235947236,22.954008413429513,22.895721562510616,22.842947476199992,22.795073147585953,22.751680937026954,22.71233608059935,22.676667218497144,22.644328402662747,22.615009755537713,22.588428806509484,22.5643300842295,22.54248172109868,22.522673604356093],"sim_r":null,"sim_rsigma":null,"solver":"ETIB-SARSOP","env_full":"Tiger","final_lw":22.306054518749566,"timeout":false,"runtime":0.10686898231506348,"final_ub":22.522673604356093}