{"lbs":[-24.390243902439003,-14.802075565881882,-11.760914813221353,-5.506608449941323,-1.709683459353927,0.8375018379828203,4.029819756386115,8.081041788329816,10.069630742270379,12.685490456677805,14.711717983113385,16.06444459100291,17.20813185480234,17.20813185480234,17.20813185480234,18.06644469232869,18.959706130715507,19.67820384186232,19.840987375189613,20.338776332224878,20.56068799701555,20.992204441828274,21.418595269312263,21.797742158672193,21.94630381644096,21.99271244537256,22.319157632527904,22.46468515763813,22.674607980177427,22.768190455981426,22.80990902508064,22.93488688023902,23.00919925800242,23.16729010668959,23.294021226162442,23.328618017950205,23.50125074617772,23.54614833465698,23.589892813282866,23.62940897450698,23.666526124133384,23.70068884580271,23.715918405101434,23.754483848331926,23.77846537383578,23.806348479242764,23.81877861906999,23.84744088529782,23.86575966097385,23.87392607356646,23.898510514951347,23.90947012793304,23.928956021210915,23.979707080902323,23.992881141566436,24.003015195402753,24.012727836405475,24.02157538722009,24.037482133404854,24.04457327610173,24.05113709188086,24.05722439961486,24.072936843780464,24.08091590433554,24.08780714096053,24.099293735018563,24.100602406897902,24.105996733554676,24.110047252301573,24.11455630928983,24.116074616036723,24.119964906020915,24.121744135439897,24.12253730643502,24.12386640570363,24.124812502479593,24.12657068061757,24.127920489506835,24.12800803521405,24.129118216572323,24.129706417971857,24.130651500116116,24.130771926538973,24.131098398239867,24.13129762304233,24.131725262283148,24.132040480080875,24.13234575666137,24.13285489739824,24.133088530759327,24.13330035952332,24.1333243574791,24.133335055639925,24.13333982482302,24.13348738531966,24.13355316700285,24.133644881041803,24.13379647389798,24.133894812900554,24.13400460400701,24.1340574080549,24.13410105959459,24.13413617556789],"times":[0.004853010177612305,0.03267192840576172,0.032792091369628906,0.03289604187011719,0.03303194046020508,0.033186912536621094,0.03335094451904297,0.03349804878234863,0.03369593620300293,0.03390192985534668,0.03410005569458008,0.03432488441467285,0.034522056579589844,0.03454399108886719,0.03456997871398926,0.03501105308532715,0.03533291816711426,0.03560900688171387,0.036242008209228516,0.03660702705383301,0.0369570255279541,0.03725695610046387,0.03753304481506348,0.037802934646606445,0.03806591033935547,0.03832387924194336,0.0392909049987793,0.0399169921875,0.040289878845214844,0.0407559871673584,0.04107308387756348,0.04138493537902832,0.041615962982177734,0.04194903373718262,0.042257070541381836,0.042363882064819336,0.042768001556396484,0.04296588897705078,0.043914079666137695,0.0441439151763916,0.04424095153808594,0.04436898231506348,0.044465065002441406,0.0448451042175293,0.0449519157409668,0.04543590545654297,0.04581189155578613,0.04604291915893555,0.04637598991394043,0.04648089408874512,0.04673290252685547,0.04693794250488281,0.04725503921508789,0.04762697219848633,0.047744035720825195,0.047944068908691406,0.04820394515991211,0.048345088958740234,0.0489039421081543,0.04911303520202637,0.04925894737243652,0.049447059631347656,0.04973006248474121,0.04988598823547363,0.05004596710205078,0.050373077392578125,0.0505220890045166,0.050909996032714844,0.05106711387634277,0.05132889747619629,0.051486968994140625,0.05184292793273926,0.05201005935668945,0.05219388008117676,0.05248594284057617,0.05265188217163086,0.0530400276184082,0.053320884704589844,0.05346107482910156,0.05378293991088867,0.05396294593811035,0.05423903465270996,0.05445408821105957,0.05457806587219238,0.05476999282836914,0.05493497848510742,0.05515909194946289,0.055407047271728516,0.05571103096008301,0.05591988563537598,0.05628705024719238,0.0564579963684082,0.05660510063171387,0.056726932525634766,0.056947946548461914,0.05707693099975586,0.05725407600402832,0.05756211280822754,0.05783510208129883,0.06031489372253418,0.06308698654174805,0.0644080638885498,0.06570005416870117],"env":"Tiger","ubs":[106.94998449822222,106.94998449822222,97.52185040011642,94.63893205819656,88.4997916819375,86.88166641085749,84.48198053230331,81.02580158807433,76.11926898410212,72.39006737787449,69.68106733805203,67.52060484056452,64.78050682704753,62.94998449822222,62.94998449822222,62.32032438050755,60.80627756332668,57.88621775004001,55.783060458990626,55.32192230670032,54.4837068459421,53.59120695845679,52.09292174707747,50.69878163993333,49.80294373037664,48.7295532768143,47.252922985501684,45.95215351995937,45.81605345625832,44.893542079210874,44.771682000420256,44.22282118543588,43.935302158870655,43.71018626660809,42.512450014848596,41.68911061061655,41.042827796853615,39.30730018665695,38.75242355841333,38.42657809191775,38.107773758674796,37.53900639957628,37.25752917589968,36.71950409822195,36.26205604574813,35.93434739487603,35.71785461761979,35.55465914325153,35.144662150506534,34.94844432649816,34.542781256115084,34.340819692473815,34.1467426047192,33.78868008502903,32.780464516282436,32.40233784824311,32.12697127227854,31.877980806328925,31.73174329084351,31.188709148355198,30.98318898646378,30.776452177334164,30.704012046183973,29.987874287337135,29.753623554133164,29.203590644034332,28.601593194160436,28.49567111812113,28.145624333087717,27.890265332047306,27.45493668766052,27.397470158214254,27.09430314934987,26.82952580278166,26.7331351088628,26.552268106682625,26.477345720419972,26.149393310719354,25.85567114300389,25.826297245283556,25.683493428609303,25.5945469307129,25.383971911342705,25.359131943723973,25.3206956490407,25.31036319917836,25.232531221540626,25.175732245412906,25.100421409597665,24.948412642971565,24.887172451253086,24.769728052497523,24.750899978753388,24.742440602400478,24.727601965558442,24.664345910153394,24.6516209684696,24.636352969037432,24.563515881562125,24.510088276111205,24.449370723554107,24.400949090184042,24.359503941777902],"sim_r":null,"sim_rsigma":null,"solver":"SARSOP","env_full":"Tiger","final_lw":24.13413617556789,"timeout":false,"runtime":0.06570005416870117,"final_ub":24.359503941777902}