{"lbs":[9.337144315209999,14.015396352525691,15.861575388087504,17.676369380044765,17.7073292914719,17.7073292914719,17.737762884404773,17.737762884404773,17.737762884404773,17.737762884404773,17.737762884404773,17.737762884404773,17.737762884404773,17.737762884404773,17.737762884404773,17.737762884404773,17.737762884404773,17.737762884404773,17.737762884404773,17.737762884404773,18.3996013882578,18.432513349230078,18.432513349230078,21.039163758861456,21.09415074392756,21.203904217153777,21.203904217153777,21.203904217153777,21.203904217153777,21.203904217153777,21.203904217153777,21.2488442652051,21.293020332439553,21.299259411312114,21.299259411312114,21.311894050919392,21.364107863311,21.42159588795013,21.4781066161704,21.646305134411918,21.81164427784333,21.81164427784333,21.81164427784333,21.81164427784333,21.81164427784333,21.81164427784333,21.81164427784333,21.81164427784333,21.81164427784333,21.81164427784333,21.81164427784333,21.81164427784333,21.81164427784333,21.81164427784333,21.81164427784333,21.81164427784333,21.81164427784333,21.81164427784333,21.81164427784333,21.81164427784333,21.81164427784333,21.81164427784333,21.81164427784333,21.81164427784333,21.81164427784333,21.81164427784333,21.81164427784333,21.81164427784333,21.81164427784333,21.81164427784333,21.81164427784333,21.81164427784333,21.81164427784333,21.81164427784333,21.81164427784333,21.81164427784333,21.81164427784333,21.81164427784333,21.81164427784333,21.81164427784333,21.81164427784333,21.81164427784333,21.81164427784333,21.81164427784333,21.81164427784333,21.81164427784333,21.81164427784333,21.81164427784333,21.81164427784333,21.81164427784333,21.81164427784333,21.81164427784333,21.81164427784333,21.81164427784333,21.81164427784333,21.81164427784333,21.81164427784333,21.81164427784333,21.81164427784333,21.81164427784333,21.81164427784333,21.81164427784333,21.81164427784333,21.81164427784333,21.81164427784333,21.81164427784333,21.81164427784333,21.81164427784333,21.81164427784333],"times":[1.9578471183776855,1.991286039352417,1.9915111064910889,1.9915521144866943,1.9917449951171875,1.9917960166931152,1.9918451309204102,1.9918849468231201,1.9920539855957031,1.992197036743164,1.9923269748687744,1.9924499988555908,1.9924919605255127,1.992624044418335,1.992779016494751,1.992908000946045,1.9930131435394287,1.99310302734375,1.993211030960083,1.9932630062103271,1.99367094039917,1.9940440654754639,1.9941871166229248,1.9946720600128174,1.9947741031646729,1.9951269626617432,1.9956340789794922,1.996109962463379,1.9963510036468506,1.9964780807495117,1.997107982635498,1.9976820945739746,1.997771978378296,1.9980990886688232,1.99857497215271,1.9993929862976074,1.9996731281280518,2.000385046005249,2.000493049621582,2.000978946685791,2.0014610290527344,2.001641035079956,2.001948118209839,2.002753973007202,2.003077983856201,2.0034589767456055,2.0042920112609863,2.004518985748291,2.0048410892486572,2.0050370693206787,2.005722999572754,2.0059521198272705,2.0061800479888916,2.0062999725341797,2.006542921066284,2.007175922393799,2.0074260234832764,2.0085830688476562,2.008841037750244,2.009084939956665,2.0093820095062256,2.010185956954956,2.010496139526367,2.0110080242156982,2.0118799209594727,2.012212038040161,2.0125210285186768,2.0133230686187744,2.013617992401123,2.0140960216522217,2.0149669647216797,2.0152840614318848,2.015476942062378,2.0157320499420166,2.0164151191711426,2.016606092453003,2.016822099685669,2.0170469284057617,2.017728090286255,2.0178611278533936,2.017987012863159,2.018118143081665,2.018238067626953,2.0183990001678467,2.018592119216919,2.0193021297454834,2.019653081893921,2.019982099533081,2.0209250450134277,2.021224021911621,2.0214791297912598,2.0222671031951904,2.0227959156036377,2.0236780643463135,2.0239880084991455,2.024303913116455,2.025099992752075,2.0254931449890137,2.0258920192718506,2.026710033416748,2.026893138885498,2.0274081230163574,2.0282180309295654,2.0286099910736084,2.0288140773773193,2.0298140048980713,2.0303261280059814,2.030527114868164,2.0307250022888184],"env":"RockSample5","ubs":[22.47323394811209,22.47323394811209,22.47323394811209,22.47323394811209,22.47323394811209,22.47323394811209,22.45372982078066,22.437560689207743,22.43455726361386,22.43455726361386,22.43455726361386,22.43455726361386,22.420993328068874,22.41538470644706,22.41538470644706,22.41538470644706,22.41538470644706,22.39484103316907,22.374999601499248,22.29362813564134,22.22073715409629,22.204886436505763,22.203821150359556,22.19106063538913,22.185398535671773,22.15509480284436,22.15509480284436,22.15509480284436,22.154442520127457,22.154442520127457,22.154442520127457,22.153568761505326,22.153115047448274,22.15116894789392,22.151168148229196,22.151168148229196,22.151168148229196,22.150695425026985,22.150695425026985,22.150231510826444,22.14885345152911,22.14749881923983,22.146160875637698,22.14402881207306,22.140617795028124,22.137753149592044,22.134937203128377,22.134937203128377,22.134276169882973,22.13402813540766,22.131958052608436,22.129029547647335,22.12771260845647,22.121176962917815,22.1134578721287,22.112276041359763,22.1122218029302,22.10649348017388,22.099498442268587,22.099498442268587,22.099498442268587,22.099498442268587,22.099498442268587,22.099498442268587,22.099498442268587,22.099498442268587,22.099498442268587,22.099498442268587,22.099498442268587,22.099498442268583,22.099498442268587,22.099498442268587,22.099498442268587,22.099498442268583,22.099498442268583,22.099498442268583,22.09882609569833,22.097279595933713,22.09717565964408,22.094738872108998,22.091188970994185,22.091188970994185,22.078542408933266,22.07709853548196,22.07709853548196,22.076255977673,22.062614419089577,22.062614419089577,22.062614419089577,22.062614419089577,22.062614419089577,22.062614419089577,22.062614419089577,22.062614419089577,22.062614419089577,22.062614419089577,22.062614419089577,22.062614419089577,22.062445670678105,22.05366711611081,22.048426336169094,22.044871917282677,22.044871917282677,22.044871917282677,22.043184406735776,22.03560793509786,22.033897662328087,22.031612546652987,22.028015192518637],"sim_r":null,"sim_rsigma":null,"solver":"TIB-SARSOP","env_full":"RockSample ()","final_lw":21.81164427784333,"timeout":false,"runtime":2.0307250022888184,"final_ub":22.028015192518637}