{"lbs":[9.49005240561,18.416822008846864,19.45553466776455,20.480744062116308,21.405350894275642,22.31793783761691,22.31793783761691,22.31793783761691,22.31793783761691,22.418540399809324,22.51783512869324,22.51783512869324,22.51783512869324,22.51783512869324,22.51783512869324,22.51783512869324,22.51783512869324,22.51783512869324,22.51783512869324,22.51783512869324,22.51783512869324,22.51783512869324,22.51783512869324,22.51783512869324,22.51783512869324,22.51783512869324,22.51783512869324,22.51783512869324,22.51783512869324,22.51783512869324,22.51783512869324,22.51783512869324,22.51783512869324,22.51783512869324,22.51783512869324,22.51783512869324,22.51783512869324,22.51783512869324,22.51783512869324,22.51783512869324,22.51783512869324,22.51783512869324,22.51783512869324,22.51783512869324,22.51783512869324,22.51783512869324,22.51783512869324,22.51783512869324,22.51783512869324,22.51783512869324,22.51783512869324,22.51783512869324,22.51783512869324,22.51783512869324,22.51783512869324,22.51783512869324,22.51783512869324,22.51783512869324,22.51783512869324,22.51783512869324,22.51783512869324,22.51783512869324,22.51783512869324,22.51783512869324,22.51783512869324,22.51783512869324,22.51783512869324,22.51783512869324,22.51783512869324,22.51783512869324],"times":[2.249037981033325,2.249318838119507,2.2496118545532227,2.2498738765716553,2.250032901763916,2.2500698566436768,2.2503468990325928,2.2505948543548584,2.250814914703369,2.251055955886841,2.2514028549194336,2.2516398429870605,2.251905918121338,2.2522099018096924,2.252316951751709,2.2524259090423584,2.2527098655700684,2.252821922302246,2.2532119750976562,2.253558874130249,2.2537999153137207,2.2541539669036865,2.254601001739502,2.255068063735962,2.255300998687744,2.2555699348449707,2.2563350200653076,2.2569758892059326,2.25750994682312,2.2577619552612305,2.2584190368652344,2.2586779594421387,2.2592170238494873,2.2599189281463623,2.260261058807373,2.2607688903808594,2.2609970569610596,2.2615468502044678,2.2618699073791504,2.2627010345458984,2.263031005859375,2.2637829780578613,2.2641170024871826,2.264572858810425,2.264760971069336,2.2650039196014404,2.265526056289673,2.2657599449157715,2.266180992126465,2.266340970993042,2.26653790473938,2.2669429779052734,2.267153024673462,2.2675788402557373,2.2678909301757812,2.2683279514312744,2.2689709663391113,2.2691938877105713,2.269753932952881,2.270092010498047,2.270596981048584,2.2709319591522217,2.2713868618011475,2.2717108726501465,2.272244930267334,2.272428035736084,2.2728829383850098,2.2731029987335205,2.2736918926239014,2.273800849914551],"env":"RockSample5","ubs":[23.04141275850899,23.04141275850899,23.04141275850899,23.04141275850899,23.02619190070694,23.02619190070694,23.013443513218185,23.01116891405632,23.01116891405632,23.01116891405632,23.000454047109784,22.9961459274057,22.981318239581533,22.981318239581533,22.980358046002593,22.96493671084348,22.89154095334848,22.842809857734423,22.811522002577313,22.795972381316666,22.788276586089285,22.78821366130893,22.78821366130893,22.78821366130893,22.78821366130893,22.78821366130893,22.78821366130893,22.78821366130893,22.78821366130893,22.78821366130893,22.78821366130893,22.78821366130893,22.78583767864287,22.77900183175374,22.77543723813727,22.775305318250943,22.77510117822024,22.774704710925985,22.77406864250113,22.77258298272238,22.769765832627883,22.768759374130873,22.767879145904026,22.76518119168022,22.76518119168022,22.76518119168022,22.76518119168022,22.76480701841867,22.763034432800428,22.754727642593945,22.749072450785487,22.748066334941402,22.748066334941402,22.748066334941402,22.748066334941402,22.748066334941402,22.748066334941402,22.748066334941402,22.748066334941402,22.748066334941402,22.748066334941402,22.748066334941402,22.748066334941402,22.748066334941402,22.748066334941402,22.748066334941402,22.748066334941402,22.748066334941402,22.74409677193095,22.741874392648374],"sim_r":null,"sim_rsigma":null,"solver":"EBIB-SARSOP","env_full":"RockSample ()","final_lw":22.51783512869324,"timeout":false,"runtime":2.273800849914551,"final_ub":22.741874392648374}