{"lbs":[-25.641025641025617,-15.969512035343982,-12.871523032366312,-6.45935066056661,-2.5472818104533825,0.08360222534067546,3.424485994335219,4.8817409072827145,8.92385435982522,10.886950071965481,12.677554977798,14.361263391497292,16.283070550346636,17.274547095601065,17.274547095601065,17.461342120836076,18.390137016880495,19.658598862492315,20.08510164252511,20.617030509247698,21.239394266242936,21.750454467213903,22.168691151654414,22.581731633576155,22.96531320104424,23.303344620271098,23.62314345481299,23.872391196319874,23.970364223065097,24.14125161169971,24.232239474044285,24.250529161349395,24.376139444075854,24.461381743106834,24.555916243285015,24.610130809205298,24.676821567736134,24.731028750406615,24.78523262284098,24.869035707555888,24.910004530503493,24.990678106138734,25.006191059833693,25.04931571782135,25.068650401581156,25.103608816204098,25.127950803747993,25.154537786143386,25.16645790147252,25.194635914817127,25.207269359403597,25.230911246451953,25.241510945809466,25.262527086986218,25.308599217048148,25.32104240695252,25.34834914888476,25.36059196411872,25.36856893749936,25.377634359390136,25.3954046388197,25.403371837845192,25.40884608815729,25.41487248197333,25.42002872732408,25.432139651090022,25.436533042503754,25.43850279339759,25.444315588444105,25.450300352049183,25.45686253122213,25.45980464520064,25.465694540409352,25.467484714809622,25.472800426824058,25.473538182439647,25.47500469211739,25.477093546855635,25.478030072446067,25.48185973105745,25.48225956393031,25.483942862789213,25.485160300280832,25.485262057595776,25.486504722738523,25.48777831064524,25.48820466228954,25.48858650357554,25.489060560232794,25.489100133412485,25.489586967774237,25.489921302759257,25.49008094715891,25.49033092492614,25.490441256814023,25.490523278078886,25.49063703255357,25.490697677132307],"times":[0.0048749446868896484,0.031793832778930664,0.03189587593078613,0.03199887275695801,0.032132863998413086,0.03229999542236328,0.03247690200805664,0.03268790245056152,0.032943010330200195,0.03312492370605469,0.0333859920501709,0.0336298942565918,0.03384280204772949,0.034173011779785156,0.03421592712402344,0.03429698944091797,0.03452587127685547,0.03484702110290527,0.03490781784057617,0.03525400161743164,0.03555488586425781,0.03590083122253418,0.03637981414794922,0.03667497634887695,0.03694295883178711,0.03723001480102539,0.037863969802856445,0.0381929874420166,0.03852200508117676,0.03894686698913574,0.03947901725769043,0.03993391990661621,0.04029583930969238,0.040634870529174805,0.04201698303222656,0.04213595390319824,0.04251694679260254,0.04262280464172363,0.04347491264343262,0.04387784004211426,0.04423689842224121,0.04465985298156738,0.04504084587097168,0.04613685607910156,0.04666280746459961,0.04707598686218262,0.04750394821166992,0.04948592185974121,0.049919843673706055,0.050340890884399414,0.050453901290893555,0.05088186264038086,0.051239967346191406,0.05163002014160156,0.052034854888916016,0.05237698554992676,0.05287885665893555,0.05299782752990723,0.05331683158874512,0.053637027740478516,0.05410885810852051,0.054390907287597656,0.05470991134643555,0.05495595932006836,0.05522799491882324,0.05559682846069336,0.05581998825073242,0.05601382255554199,0.05654597282409668,0.05672097206115723,0.05715489387512207,0.05739188194274902,0.05769181251525879,0.057890892028808594,0.058393001556396484,0.05854296684265137,0.05867791175842285,0.0597379207611084,0.05989885330200195,0.0627439022064209,0.06289482116699219,0.06321382522583008,0.06360697746276855,0.06372690200805664,0.06406998634338379,0.06461191177368164,0.06482386589050293,0.06509780883789062,0.0655059814453125,0.06569290161132812,0.0661628246307373,0.0667119026184082,0.06713294982910156,0.07022380828857422,0.07075786590576172,0.07106781005859375,0.07157087326049805,0.07215189933776855],"env":"Tiger","ubs":[112.5846650811757,112.5846650811757,103.13259721189331,100.23629343294431,94.03265699090895,92.40166825345295,89.97835223641218,86.48960858789668,85.65330759856946,79.74488041997336,76.86082345557455,74.4774507219485,71.47024381093604,68.83117818578509,68.58466508117569,68.58466508117569,64.81825755592934,62.70605679061776,61.36201000841315,60.04544591365221,58.06100954441055,56.40362643579721,55.37518284559535,54.28548525652277,52.4991954377021,51.33744600542839,50.13668330724389,48.69518010364585,47.1649564008086,46.63147338999906,45.783779451274825,45.609529885687415,45.44568469235965,44.382610322793326,44.06485457559037,43.616250190376036,42.96273565110302,42.33685229828896,41.805555677275294,41.26750397063245,40.18784604683795,39.60077173703175,38.86423193930899,38.23007814344068,38.04418385736166,37.65860753128263,37.240777297774,37.05795202824878,37.00091702368187,36.726690520216245,36.58895259527817,36.153689715487126,35.87597367926178,35.7322713082236,35.454015176608834,34.4393255876188,34.11125512749345,33.369160190157615,33.07378574845818,32.92200942123442,32.6671481475188,32.03613005169196,31.843266390258627,31.75968139977407,31.585134600665636,31.49060058500636,30.93137985119487,30.879120176012073,30.732058534940485,30.46948817428211,30.170584215883395,29.751452236231145,29.678226417471578,29.231486091866813,29.18638692297865,28.67921540620175,28.562759073041523,28.481548482075876,28.267538830270414,28.215867183400853,27.585446239613823,27.585446239613823,27.286404639026387,27.04922674786974,27.022007009455493,26.826103194365658,26.617128777210354,26.5480579680018,26.417679261365315,26.28282026292392,26.262235124564675,26.157503077762225,26.027893218103962,25.97655008238938,25.86987363612141,25.813831076368885,25.789751675975477,25.742390778659647],"sim_r":null,"sim_rsigma":null,"solver":"SARSOP","env_full":"Tiger","final_lw":25.490697677132307,"timeout":false,"runtime":0.07215189933776855,"final_ub":25.742390778659647}