{"lbs":[-20.408163265306104,-8.346675444314931,-5.957437902730362,-3.6838059478774623,3.959813924858887,5.4595299036127,7.394644304523347,9.575243406852444,11.306593983542484,13.418794189175848,14.652735210384172,15.424591530447392,16.186549775318095,16.80969103239084,17.37892317411727,17.784923981594865,18.07507142675216,18.345361733829296,18.516209263450865,18.838294678584603,18.877025602548354,18.980693025214237,19.176394427757295,19.202270203950324,19.26970746277747,19.388639211489945,19.491636609556757,19.519512756190256,19.531658195936192,19.5627137057419,19.58153605363112,19.615041261558687,19.626066228760244,19.645467710823652,19.65872429937188,19.702628773665538,19.727874956391688,19.745547436913782,19.763380195103487,19.776087166177746,19.777686174313715,19.788784026581666,19.79372939202153,19.796822823153306,19.800444187041947,19.80084264654723,19.80511872946775,19.807406309787716,19.807937712403785,19.809350398388034,19.810485095664603,19.81136061096545,19.812033531998242,19.812550541019007],"times":[0.005224943161010742,0.0055119991302490234,0.005600929260253906,0.00569605827331543,0.0064051151275634766,0.006524085998535156,0.006660938262939453,0.00683903694152832,0.006972074508666992,0.0071430206298828125,0.0073070526123046875,0.007472991943359375,0.007678985595703125,0.007856130599975586,0.008036136627197266,0.008211135864257812,0.008408069610595703,0.008574962615966797,0.008649110794067383,0.008825063705444336,0.008928060531616211,0.009033918380737305,0.00923609733581543,0.009328126907348633,0.009450912475585938,0.00963902473449707,0.009798049926757812,0.009904146194458008,0.009994983673095703,0.010077953338623047,0.010158061981201172,0.010365009307861328,0.01044607162475586,0.010517120361328125,0.010600090026855469,0.010812997817993164,0.012099027633666992,0.012244939804077148,0.012402057647705078,0.012588024139404297,0.012673139572143555,0.014167070388793945,0.014457941055297852,0.014596939086914062,0.014925956726074219,0.015008926391601562,0.015223979949951172,0.01689600944519043,0.01701498031616211,0.017874956130981445,0.01866006851196289,0.0194399356842041,0.020219087600708008,0.021000146865844727],"env":"Tiger","ubs":[52.23070268511118,52.23070268511118,43.779365716924005,43.6303294987202,43.61314396436079,39.935580654700814,38.86018925419517,37.91632408624362,36.003576664173124,35.156934609315506,32.77672945757769,31.46733107434383,30.73721849342219,29.469489579114242,29.06367984549415,28.687751875429683,27.773305347874256,26.985017266603887,26.719979362259064,26.58627956529181,25.499006203515954,25.27580875051851,25.217575126273694,24.29015135635062,24.073243762645014,24.0209585661717,23.57473516934617,23.1796037979433,23.158476387339242,23.02647413537882,22.963708371712325,22.812786569393204,22.614386074544726,22.473997309509024,22.34400455828273,22.28044540303595,21.987016766751587,21.576371422965984,21.414334530474882,21.23673852861948,20.98600399430108,20.973868109252535,20.698211159803474,20.617069228763178,20.545253665895583,20.394988403924543,20.392822996502574,20.30346083977205,20.214269159515347,20.185693769051944,20.111471766497704,20.05645327830316,20.011900049422493,19.97559581030763],"sim_r":null,"sim_rsigma":null,"solver":"BIB-SARSOP","env_full":"Tiger","final_lw":19.812550541019007,"timeout":false,"runtime":0.021000146865844727,"final_ub":19.97559581030763}