{"lbs":[-34.48275862068962,-12.693369141982718,-10.159697115963365,-7.721800059868833,-1.6717106880110155,3.4248331462612542,7.027684814443685,10.494372536528383,13.615283437592023,16.335174748825594,18.882311865668,21.169606326465082,22.36419372329467,24.0870200575174,25.248159540963872,26.11484690574553,27.290595915411977,28.370137190808798,29.292850428544348,30.464829981051746,31.064970957897714,31.543243820066635,32.1724272091914,32.509541025248225,33.14453542265554,33.596832115438836,33.729032871685305,33.92497069469637,33.99519859306536,34.219096190152285,34.272631045079606,34.47531486599388,34.57578639940775,34.707631833683465,34.77437609465015,34.844461418909106,34.9084164732129,34.913632916298255,34.92755479509783,34.94224930173067,34.949841682960646,34.96939320836944,34.98111363927177,35.00458241726434,35.02034545826333,35.033782806143805,35.03902748869427,35.04242757086686,35.05212953800205,35.05817742106978,35.061149383361396,35.064619488090415,35.06771135157763,35.070246204654495],"times":[0.009475946426391602,0.010272979736328125,0.010515928268432617,0.010820865631103516,0.011171817779541016,0.011494874954223633,0.011883974075317383,0.01230001449584961,0.012639999389648438,0.013031005859375,0.01345205307006836,0.013962030410766602,0.014477968215942383,0.014989852905273438,0.015411853790283203,0.015813827514648438,0.016314029693603516,0.016793012619018555,0.01729583740234375,0.017819881439208984,0.018229007720947266,0.018754959106445312,0.019335031509399414,0.01977396011352539,0.020372867584228516,0.020910024642944336,0.021147966384887695,0.021556854248046875,0.021724939346313477,0.022192955017089844,0.0223388671875,0.023020029067993164,0.023339033126831055,0.0239260196685791,0.024278879165649414,0.024777889251708984,0.028584957122802734,0.028738021850585938,0.029026031494140625,0.029381990432739258,0.029525041580200195,0.029898881912231445,0.03022599220275879,0.03494882583618164,0.03543400764465332,0.03629183769226074,0.03667402267456055,0.036895036697387695,0.037593841552734375,0.04289388656616211,0.04335284233093262,0.04385185241699219,0.04936504364013672,0.05475592613220215],"env":"Tiger","ubs":[74.80385327942135,74.80385327942135,65.07837023491771,65.07837023491771,64.92354531863461,63.04626886449829,60.44032520143826,59.819252677855616,58.93252173995049,56.73701378129809,54.92327323401845,52.98121418662493,50.859656825768816,50.56957966604246,49.348453197620785,48.61944706730401,48.05643126288682,47.1203511537054,46.068780061666736,44.996584832594365,43.968577625870964,43.040505544490856,42.55924804540318,41.96362609993614,41.44660903892073,40.70853871657431,40.057707470508646,39.82758608114268,39.49924431928679,39.373759352929085,38.8620088349751,38.83307586579123,38.301785427388225,38.081983216187155,37.66168275982355,37.41549442238522,37.111984096955574,36.707886537345814,36.707886537345814,36.64188808917369,36.56825906166012,36.563626931385606,36.43700025291285,36.354910066175975,36.12821922488044,36.0091510256014,35.849692900006445,35.80453247662017,35.770744099505784,35.683905142584585,35.58247717461205,35.53292413771064,35.478493422055436,35.41216567186106],"sim_r":null,"sim_rsigma":null,"solver":"EBIB-SARSOP","env_full":"Tiger","final_lw":35.070246204654495,"timeout":false,"runtime":0.05475592613220215,"final_ub":35.41216567186106}