{"lbs":[0.018486491339060027,0.387964292178525,0.5412885487934345,0.5784639889790654,0.5998085896423812,0.6052862156700374,0.611719551774933,0.611719551774933,0.6137988958975722,0.6175155449817187,0.6188614616818645],"times":[0.660102128982544,0.6604721546173096,0.6615481376647949,0.6689631938934326,0.6693711280822754,0.6697180271148682,0.6744091510772705,0.6989340782165527,0.6993670463562012,0.7002530097961426,0.7490270137786865],"env":"FrozenLake4","ubs":[0.6272391069175062,0.6272391069175062,0.6272391069175062,0.6272385765971399,0.6272385147853128,0.6268414958476501,0.6267739675040682,0.6246547007175445,0.6243470945462464,0.624195186940204,0.624188018384872],"sim_r":null,"sim_rsigma":null,"solver":"EBIB-SARSOP","env_full":"Frozen Lake (4)","final_lw":0.6188614616818645,"timeout":false,"runtime":0.7490270137786865,"final_ub":0.624188018384872}