{"lbs":[-22.222222222222204,-12.798570940212105,-9.868441231683235,-3.91838114457877,1.3296812614606648,3.770909469114799,6.4631571375275545,7.649697132193495,9.31014736518146,11.36159888177992,12.986717476069938,14.392457799335293,14.762068315586674,16.012046552813366,16.805736390915364,16.805736390915364,16.805736390915364,17.96243451222545,18.48402999158926,18.976374606156774,19.288995182890552,19.654152957494965,19.92816205663121,20.20121314952158,20.41825106953116,20.520685592242888,20.55470806628041,20.685264139534887,20.779670294943365,21.004259993698664,21.0478839024924,21.1290868420721,21.189121129590028,21.198156115770363,21.264384789021065,21.293573399908396,21.3386669191674,21.371404887275503,21.40570714471226,21.435253426725495,21.46339305390292,21.48881665782556,21.51242329576212,21.550764481563007,21.566452574906375,21.585146105125396,21.600298935200044,21.642837458429703,21.653892160924833,21.66426172212723,21.673703923909642,21.682435456829932,21.690445070258225,21.697823306641233,21.714078613707628,21.717797368154066,21.723824059623063,21.726480171297844,21.731945843809918,21.7421029098071,21.747796619076823,21.757310382002547,21.761040387013452,21.76430404749398,21.769109860294797,21.769661535818912,21.77093550696296,21.773414545317117,21.774634032358772,21.775024189846956,21.776367629931816,21.776959717134574,21.777350673802324,21.777783925498504,21.778147174466717,21.778307267252337,21.778728861595376,21.779284018388537,21.779768207783825,21.779981602000575,21.7806357302332,21.780974395834555,21.78117908141825,21.781561572322417,21.781721768699846,21.78189246017368,21.78191547276772,21.781925614985894,21.78205197723014,21.782070380737405,21.78219241717632,21.782206862623106,21.78226116057411,21.78229841634795,21.782345033125086,21.78235073392152,21.78237799675678,21.782381672327368],"times":[0.0036230087280273438,0.031029939651489258,0.03112196922302246,0.031190872192382812,0.0312809944152832,0.031414031982421875,0.03155994415283203,0.0317380428314209,0.03193187713623047,0.03207087516784668,0.0322878360748291,0.0324709415435791,0.032675981521606445,0.032891035079956055,0.033061981201171875,0.033084869384765625,0.033110857009887695,0.03335690498352051,0.03367900848388672,0.033908843994140625,0.03417491912841797,0.034433841705322266,0.03471803665161133,0.034982919692993164,0.03521299362182617,0.03543591499328613,0.03563189506530762,0.0363619327545166,0.03663897514343262,0.03696393966674805,0.037297964096069336,0.037561893463134766,0.03789782524108887,0.03817582130432129,0.03927898406982422,0.03958582878112793,0.03993582725524902,0.04024982452392578,0.04052090644836426,0.0408170223236084,0.041110992431640625,0.041307926177978516,0.041522979736328125,0.04179191589355469,0.041879892349243164,0.04204297065734863,0.042207956314086914,0.04250001907348633,0.042665958404541016,0.04275393486022949,0.04283785820007324,0.04303789138793945,0.04313182830810547,0.04328203201293945,0.04360198974609375,0.04375100135803223,0.04394197463989258,0.044026851654052734,0.04419898986816406,0.04442286491394043,0.044667959213256836,0.045063018798828125,0.04575991630554199,0.045915842056274414,0.046304941177368164,0.04655289649963379,0.04672098159790039,0.04717588424682617,0.04735994338989258,0.047528982162475586,0.04791593551635742,0.048050880432128906,0.04826688766479492,0.04841899871826172,0.048616886138916016,0.04879498481750488,0.04892897605895996,0.049093008041381836,0.04924297332763672,0.04937386512756348,0.04970288276672363,0.05002188682556152,0.05026888847351074,0.05072784423828125,0.050994873046875,0.05122685432434082,0.05138683319091797,0.05159401893615723,0.052049875259399414,0.052188873291015625,0.05412697792053223,0.054451942443847656,0.054965972900390625,0.055238962173461914,0.05557703971862793,0.05576300621032715,0.05605602264404297,0.05621600151062012],"env":"Tiger","ubs":[97.19080590635427,97.19080590635427,87.80953922070393,84.95302922664693,78.94051317574647,73.12218027457754,72.0433646195297,69.71089667102439,68.04090241320796,64.63804760790408,60.49494075350282,59.14932273436504,58.19449322722775,56.86691720030463,53.85283831249859,53.19080590635427,53.19080590635427,52.53912216729639,50.16272920950039,48.35600067059912,46.678076478747066,45.92437023595424,44.90938303240296,43.40044684510633,42.471599302795994,41.44684621699538,40.11814492472076,39.49318011654252,39.13515218746382,38.66536114183003,37.81652543308778,37.28794727644504,36.799378577393384,36.52103255602308,36.017284497804866,35.79526106255834,35.49520130219169,35.044130727425994,34.78587000013486,34.65093477111695,34.44086389959525,34.25111292277944,34.09324221861387,33.98756011337252,33.355107525670334,32.93690021551194,32.531912109116206,32.044002214823294,30.987732692487263,30.458404334777462,30.18061758705097,30.02521168124281,29.60746017066306,29.190416369988448,29.004752562519506,27.93587705049253,27.697130110959804,27.535475521062487,27.35493727936832,27.25962149590174,26.625509427956878,26.134691199721086,25.424409807957982,25.24696770645768,24.96298644687313,24.528379221460394,24.491780172539578,24.41598112837874,24.090405919675042,23.919802566607437,23.83128876418393,23.626509024461818,23.543586949894298,23.503960462389003,23.447975873816173,23.416499964667167,23.355078406138066,23.31721049479942,23.25992026744886,23.1275599612039,23.093356474383697,22.903035675286944,22.788401270873152,22.69638383371143,22.54668297767732,22.490248463684495,22.37709260497861,22.36680402973829,22.364411253090733,22.290667855733766,22.2735261669957,22.178681547472316,22.15177758063304,22.080623684733773,22.05304839788711,22.009671651893655,22.00953124048293,21.972467332717798],"sim_r":null,"sim_rsigma":null,"solver":"SARSOP","env_full":"Tiger","final_lw":21.782381672327368,"timeout":false,"runtime":0.05621600151062012,"final_ub":21.972467332717798}