{"lbs":[-24.390243902439003,-21.759956242439003,-17.450982417164326,-14.448818980489566,-11.097666010496903,-7.575278425855382,-5.18939676335347,-3.07401121323446,-1.0673702729261034,0.9856802697120626,3.242294922954411,4.864427930006828,5.58756618170853,7.275856261020308,8.494815930744657,9.9650375427003,10.242503288294607,11.428129454883031,12.381347621567226,13.230550997061473,13.44190173496883,14.128279949999015,14.907053074231808,15.560209734842687,16.44764368315066,17.02433815056782,17.311571357830513,17.953324375986814,18.149570952123135,18.437899102283936,18.947786444203476,19.30751684932066,19.71769158054235,20.092418212776046,20.38783727965607,20.51384907952324,20.76270086715672,21.017279016779256,21.33569256696038,21.54809121679363,21.713391891821104,21.92392483497862,21.993513294520582,22.090423667673882,22.301076794828738,22.44951400669781,22.581612346207024,22.69165049778661,22.819539779420356,22.86101457548807,22.925680681626314,23.033988124337984,23.119295336339142,23.208068043217256,23.281564692810782,23.357807223569203,23.431603043962518,23.481030485456404,23.549049449744373,23.602992966772618,23.6528213554667,23.688461571932045,23.73334205575036,23.77094738445543,23.7971525830121,23.80883472090546,23.82699863320095,23.858868460045677,23.883075300871145,23.90729852546315,23.928272316765966,23.94369211841648,23.956505995611252,23.974372402880867,23.988749958741554,24.002628919766877,24.014864804735367,24.023730944907403,24.031732291476843,24.04208434888998,24.050355025131395,24.058396362944706,24.065434644181256,24.071928074933027,24.077759266122214,24.08306811150198,24.086815225674165,24.08998277284619,24.094370171483668,24.097968199036032,24.101436919674754,24.1044876745407,24.107295435222518],"times":[0.009537220001220703,0.03786420822143555,0.038526058197021484,0.038668155670166016,0.039666175842285156,0.04095721244812012,0.041088104248046875,0.04117918014526367,0.04128003120422363,0.041407108306884766,0.04208517074584961,0.04229402542114258,0.04237008094787598,0.04255414009094238,0.042694091796875,0.04280900955200195,0.04285907745361328,0.044564008712768555,0.044680118560791016,0.044840097427368164,0.044898033142089844,0.04502415657043457,0.04525899887084961,0.04541301727294922,0.047358036041259766,0.047625064849853516,0.047762155532836914,0.047942161560058594,0.05041217803955078,0.05052614212036133,0.05072808265686035,0.05343818664550781,0.05370306968688965,0.05494403839111328,0.05520915985107422,0.05843710899353027,0.05872702598571777,0.05901312828063965,0.06234002113342285,0.06265616416931152,0.06285619735717773,0.06319117546081543,0.06472611427307129,0.06501317024230957,0.06533408164978027,0.06883907318115234,0.0691380500793457,0.06942915916442871,0.06975412368774414,0.07134103775024414,0.07310700416564941,0.0735020637512207,0.07386112213134766,0.07416510581970215,0.07785701751708984,0.0781090259552002,0.07861518859863281,0.07887411117553711,0.08303999900817871,0.0833890438079834,0.08536005020141602,0.08562517166137695,0.08760714530944824,0.08801817893981934,0.08830714225769043,0.08858919143676758,0.09055614471435547,0.09517121315002441,0.09752202033996582,0.09805822372436523,0.100006103515625,0.1002340316772461,0.10523414611816406,0.11018514633178711,0.11085820198059082,0.11313509941101074,0.11386799812316895,0.1141500473022461,0.11644506454467773,0.11725616455078125,0.11953115463256836,0.12040901184082031,0.12268519401550293,0.12365007400512695,0.12592315673828125,0.1269690990447998,0.127183198928833,0.129500150680542,0.13054800033569336,0.13267016410827637,0.13380217552185059,0.135911226272583,0.13710522651672363],"env":"Tiger","ubs":[52.49154755431915,52.49154755431915,47.6448896166239,46.35365723242232,46.00355173469974,45.5442729367952,43.69668081363145,42.84662088776128,42.413844627670684,42.26342011921226,42.1399377180457,40.77229155686494,40.605461689128774,39.6981222121028,39.57216583711488,39.32622850048801,38.57070230052549,38.52840765377512,37.38555783695103,36.64310606939106,36.21008380328139,36.21008380328139,36.072248508599586,36.030326614221764,35.90602653819391,34.79470120401692,34.79470120401692,34.67882382246508,34.6530051475401,33.76912856078406,33.221473810965776,33.0536134091439,32.67394243142705,32.67394243142705,32.14803711347679,32.14803711347679,31.561007187743787,31.561007187743787,31.49217245342996,30.63446934931707,30.63446934931707,30.46303273865839,30.437536853738234,30.02659041216687,30.02659041216687,29.267878201972568,28.78244995290633,28.78244995290633,28.681668758877347,28.67554934536426,28.2884138442303,27.96210713037395,27.96210713037395,27.62380608846952,27.596436190666218,27.294362073017247,27.294362073017247,26.955586984357865,26.915862445287914,26.55538002169486,26.410983000244173,26.18286966467845,26.148660123589455,26.009085515561928,25.834657685170065,25.831238365921056,25.791411048294936,25.715976570123626,25.524670144678588,25.42508089309609,25.303976371358424,25.20535461037712,25.20535461037712,25.137513770294518,25.026620238626037,24.958317911196474,24.88253515743772,24.818848338046983,24.81884560896428,24.757130656518513,24.703606421291052,24.653606876826572,24.60843610252037,24.56701562896163,24.529286295926976,24.494816797775158,24.463367315076766,24.463367314832894,24.438838559829613,24.410564133986938,24.387156181855097,24.36481180690821,24.344815738450798],"sim_r":null,"sim_rsigma":null,"solver":"ETIB-SARSOP","env_full":"Tiger","final_lw":24.107295435222518,"timeout":false,"runtime":0.13710522651672363,"final_ub":24.344815738450798}