{"lbs":[9.72292630401,21.080732876029124,22.231045005193288,23.373304949453313,23.40538038409248,23.50071014753638,23.50071014753638,23.50071014753638,23.50071014753638,23.50071014753638,23.50071014753638,23.50071014753638,23.50071014753638,23.50071014753638,23.50071014753638,23.50071014753638,23.50071014753638,23.50071014753638,23.50071014753638,23.50071014753638,23.50071014753638,23.50071014753638,23.50071014753638,23.50071014753638,23.50071014753638,23.50071014753638,23.50071014753638,23.50071014753638,23.50071014753638,23.50071014753638,23.50071014753638,23.50071014753638,23.50071014753638,23.50071014753638,23.502629565238202,23.50453554701612,23.50453554701612,23.50453554701612,23.50453554701612,23.50453554701612,23.50453554701612,23.50453554701612,23.50453554701612,23.544933647795784],"times":[4.04841685295105,4.0488128662109375,4.049062013626099,4.049108028411865,4.049391984939575,4.049685001373291,4.050096035003662,4.0504150390625,4.050750017166138,4.051003932952881,4.051317930221558,4.051722049713135,4.051822900772095,4.052231073379517,4.052677869796753,4.0528130531311035,4.052934885025024,4.053448915481567,4.054365873336792,4.0550360679626465,4.0552918910980225,4.056091070175171,4.056782007217407,4.057210922241211,4.057731866836548,4.058119058609009,4.058717966079712,4.059530019760132,4.060402870178223,4.060719013214111,4.061332941055298,4.061625957489014,4.062208890914917,4.0624799728393555,4.06339693069458,4.064002990722656,4.0648839473724365,4.0654308795928955,4.066333055496216,4.066824913024902,4.067734956741333,4.0683159828186035,4.069234848022461,4.069905042648315],"env":"RockSample5","ubs":[23.923618205823615,23.923618205823615,23.923618205823615,23.923618205823615,23.923618205823608,23.915170198231216,23.907981214523893,23.90678132669197,23.90678132669197,23.90678132669197,23.90071908905668,23.898392455152717,23.890062305714242,23.890062305714242,23.890062305714242,23.88979872676227,23.881291166246264,23.840310962346763,23.812423364976738,23.79500995061981,23.790907878382853,23.790907878382853,23.790907878382853,23.790907878382853,23.790037079568506,23.784653018630877,23.778110933167316,23.777912036521382,23.77780607258935,23.777801160054892,23.77602417563941,23.76723455495433,23.760394197255977,23.760165991145357,23.760165991145357,23.760165991145357,23.759446555242114,23.759446555242114,23.759446555242114,23.75844942825905,23.757459281164863,23.757320626581055,23.757155996275834,23.75621023381115],"sim_r":null,"sim_rsigma":null,"solver":"BIB-SARSOP","env_full":"RockSample ()","final_lw":23.544933647795784,"timeout":false,"runtime":4.069905042648315,"final_ub":23.75621023381115}