{"lbs":[9.762151372959998,14.64446772932807,16.827841123832734,18.99811427797037,19.053569894592812,19.108692777515515,19.13816401686026,19.16745842876893,19.16745842876893,19.180393585314725,19.180393585314725,19.180393585314725,19.180393585314725,19.193251130921247,19.193251130921247,19.193251130921247,19.193251130921247,19.193251130921247,19.193251130921247,19.956533206955257,21.025571926296408,23.00333009751043,23.303892920042692,23.322808316815415,23.338359307103985,23.432600907031606,23.60665719919734,23.60665719919734,23.620133889478073,23.633529719617115,23.633529719617115,23.633529719617115,23.633529719617115,23.647000107283734,23.660389672624348,23.660389672624348,23.660389672624348,23.660389672624348,23.681662231323983,23.702807154671426,23.702807154671426,23.702807154671426,23.70617107419801,23.70951481020744,23.70951481020744,23.70951481020744],"times":[5.568746089935303,5.60288405418396,5.603115081787109,5.603157997131348,5.6032960414886475,5.603346109390259,5.603516101837158,5.603562116622925,5.603625059127808,5.603864908218384,5.6040730476379395,5.604265928268433,5.604326963424683,5.604512929916382,5.604686975479126,5.60478401184082,5.604923963546753,5.605025053024292,5.605125904083252,5.605502128601074,5.605926036834717,5.606106996536255,5.60633111000061,5.606672048568726,5.607325077056885,5.608000040054321,5.608547925949097,5.608824968338013,5.609230041503906,5.609334945678711,5.60996413230896,5.6103599071502686,5.610515117645264,5.6113269329071045,5.6114349365234375,5.6117329597473145,5.612437009811401,5.612752914428711,5.613857984542847,5.613976001739502,5.61457896232605,5.615355014801025,5.615979909896851,5.616842031478882,5.617391109466553,5.617810010910034],"env":"RockSample5","ubs":[24.0742308064265,24.0742308064265,24.0742308064265,24.0742308064265,24.0742308064265,24.0742308064265,24.0742308064265,24.066953122577956,24.060743290768634,24.05971910483251,24.05971910483251,24.059719104832507,24.054479423949825,24.052485087087057,24.04529447344808,24.04529447344808,24.045102710157913,24.037781096628194,23.998494516446062,23.978114757620418,23.972004804691814,23.971589575305153,23.966683751127004,23.96439736760879,23.96424198611289,23.964231426463083,23.963982490425977,23.951975359186058,23.951975359186058,23.951975359186058,23.951975359186058,23.951975359186058,23.951975359186058,23.951975359186058,23.95137792248798,23.950784070410087,23.95076418616152,23.950617714795037,23.950617714795037,23.950617714795037,23.95045235731368,23.950334444096676,23.950330074111868,23.94926982409965,23.94809438608491,23.94638826590193],"sim_r":null,"sim_rsigma":null,"solver":"ETIB-SARSOP","env_full":"RockSample ()","final_lw":23.70951481020744,"timeout":false,"runtime":5.617810010910034,"final_ub":23.94638826590193}