{"lbs":[9.37519681536,14.071392116983723,15.946721380291034,17.792045375385428,17.810754480825064,17.83981438152686,17.88681908357003,17.88681908357003,17.889772111143373,17.889772111143373,17.889772111143373,17.889772111143373,17.889772111143373,17.889772111143373,17.889772111143373,17.889772111143373,17.889772111143373,17.889772111143373,17.892677890275536,18.43488938158062,19.3263103072804,19.377511663068415,21.01870692631769,21.03862321307855,21.091793077186622,21.212123512398286,21.250104200950258,21.287477198485398,21.34415472193266,21.399925405004772,21.42730549363194,21.45424750084107,21.45424750084107,21.45424750084107,21.45424750084107,21.45424750084107,21.45424750084107,21.45424750084107,21.45424750084107,21.58225306143788,21.708210533065134,21.708210533065134,21.708210533065134,21.708210533065134,21.708210533065134,21.708210533065134,21.708210533065134,21.708210533065134,21.708210533065134,21.708210533065134,21.708210533065134,21.708210533065134,21.708210533065134,21.708210533065134,21.708210533065134,21.708210533065134,21.708210533065134,21.708210533065134,21.713391145571816,21.71848886827839,21.723586590984958,21.728602750128225,21.728602750128225,21.728602750128225,21.728602750128225,21.728602750128225,21.728602750128225,21.728602750128225,21.728602750128225,21.728602750128225,21.728602750128225,21.728602750128225,21.728602750128225,21.728602750128225,21.728602750128225,21.728602750128225,21.728602750128225,21.728602750128225,21.728602750128225,21.756830135057065,21.784605881827048,21.784605881827048,21.784605881827048,21.784605881827048,21.81238162859703,21.839712963418698,21.839712963418698,21.839712963418698,21.839712963418698,21.839712963418698,21.839712963418698,21.87681878543428,21.913330914297617,21.949843043160946,21.985770977962467],"times":[2.187952995300293,2.221946954727173,2.222130060195923,2.2221710681915283,2.222332000732422,2.2224860191345215,2.222540855407715,2.222583055496216,2.222756862640381,2.2229180335998535,2.223055839538574,2.223099946975708,2.223249912261963,2.223423957824707,2.22353196144104,2.2235829830169678,2.2237050533294678,2.223796844482422,2.223883867263794,2.224273920059204,2.2246789932250977,2.224825859069824,2.22503399848938,2.225435972213745,2.2255399227142334,2.2259280681610107,2.2266409397125244,2.2267279624938965,2.227433919906616,2.227526903152466,2.227889060974121,2.228278875350952,2.2287700176239014,2.2295448780059814,2.2299129962921143,2.2307660579681396,2.2310590744018555,2.2313640117645264,2.2321009635925293,2.2325849533081055,2.232697010040283,2.2337470054626465,2.2341699600219727,2.2345008850097656,2.2354109287261963,2.2357540130615234,2.236232042312622,2.237415075302124,2.2377970218658447,2.2389988899230957,2.2395589351654053,2.2407710552215576,2.241140842437744,2.2415149211883545,2.2426059246063232,2.242954969406128,2.2435989379882812,2.2448890209198,2.2454638481140137,2.245713949203491,2.2468888759613037,2.247318983078003,2.2477569580078125,2.2490670680999756,2.249608039855957,2.2500720024108887,2.2513768672943115,2.251767873764038,2.2521860599517822,2.252624034881592,2.2543158531188965,2.2545928955078125,2.2548880577087402,2.2554280757904053,2.255887031555176,2.257659912109375,2.2584259510040283,2.2591049671173096,2.260715961456299,2.261378049850464,2.261554002761841,2.2618260383605957,2.262299060821533,2.2641148567199707,2.2648138999938965,2.2652740478515625,2.2655818462371826,2.267457962036133,2.2682528495788574,2.268558979034424,2.2690908908843994,2.2713239192962646,2.2715158462524414,2.2721660137176514,2.272343873977661],"env":"RockSample5","ubs":[22.61381138001979,22.61381138001979,22.61381138001979,22.61381138001979,22.61381138001979,22.61381138001979,22.595360992687162,22.58002652655005,22.577205811551856,22.577205811551856,22.577205811551856,22.564336177934653,22.55905063041655,22.55905063041655,22.55905063041655,22.559050630416547,22.539694648021097,22.520944254390376,22.45296417162626,22.375039698713714,22.35952846342505,22.358484932516276,22.346379457634136,22.342238548551386,22.34195996554121,22.330710397939477,22.330710397939477,22.330710397939477,22.330710397939477,22.320546928462303,22.310546074496763,22.309493564417885,22.308457894500265,22.30838881694589,22.30838881694589,22.30838881694589,22.30838881694589,22.308039556588454,22.307941263082512,22.307941263082512,22.307941263082512,22.307432897767445,22.30497689445782,22.302834998502455,22.30015583836283,22.29299521190869,22.29299521190869,22.29299521190869,22.29299521190869,22.292331130124,22.290158303829564,22.28986594653429,22.288916768776403,22.2867071547319,22.28051970646994,22.278300588564846,22.27782614562813,22.276750870319667,22.276701471898615,22.269797554652698,22.259246957264537,22.259246957264537,22.259246957264537,22.259246957264537,22.259246957264537,22.259246957264537,22.259246957264537,22.259246957264537,22.259246957264537,22.259246957264537,22.259246957264537,22.251990397939473,22.251990397939473,22.226566723299754,22.226566723299754,22.226566723299754,22.225459752353753,22.225459752353753,22.225459752353753,22.225459752353753,22.216634721415645,22.21389870251899,22.20686163156168,22.20686163156168,22.20686163156168,22.20686163156168,22.205327522286282,22.198440286843493,22.19838906124349,22.19711637758831,22.190052052050387,22.190052052050387,22.190052052050387,22.190052052050387,22.190052052050387],"sim_r":null,"sim_rsigma":null,"solver":"ETIB-SARSOP","env_full":"RockSample ()","final_lw":21.985770977962467,"timeout":false,"runtime":2.272343873977661,"final_ub":22.190052052050387}