{"lbs":[-21.739130434782588,-19.13619867478259,-15.123511883221692,-11.908763735001319,-8.823378727736115,-5.308038754148858,-2.622907474755941,-0.7121777601734374,1.31941392773393,3.4431692364395334,4.992151580010761,5.672872259125398,7.4902473669158764,8.730241784589783,10.207475195316253,11.114459208148356,11.333506991753588,12.040295251839314,12.252975306306041,12.93921719918171,13.644867684739694,14.25655311100309,14.835473716676157,15.53268594136304,16.017502874577964,16.230562057204573,16.745663694266806,17.152605744836908,17.547630976297192,17.721230013718817,18.073192282802296,18.196699771661226,18.407570585631674,18.673877999958492,18.736432101989372,18.86742118369863,19.106015197229542,19.26843335301119,19.485748811833037,19.64486282639057,19.803736931073374,19.958131862846184,20.067423885138275,20.202728638412406,20.313990523910693,20.389652913009257,20.458784855134887,20.53960671910025,20.59110991206698,20.6683561597752,20.73040146913738,20.785603957315356,20.835135788363335,20.86980191643587,20.901610908943756,20.940815871513745,20.975339177195174,21.004659237009257,21.03121668653229,21.054982667179985,21.076279019892347,21.095338686908523,21.112406346430678,21.12437262130016,21.14045812233754,21.152020648819345,21.160626921086166,21.167870469312664,21.178034952772983,21.186082676088933,21.19378643174432,21.200480240758473,21.20656925322008,21.211976996264262,21.216838715971612,21.22118221117976,21.225075213018247,21.228558698778826],"times":[0.008589029312133789,0.03706002235412598,0.037101030349731445,0.0371701717376709,0.037214040756225586,0.03786897659301758,0.03797197341918945,0.03804612159729004,0.03813505172729492,0.03903603553771973,0.039205074310302734,0.03926801681518555,0.03935408592224121,0.03946709632873535,0.04060196876525879,0.04066205024719238,0.040708065032958984,0.04080796241760254,0.04085803031921387,0.040985107421875,0.04118800163269043,0.04138016700744629,0.041503190994262695,0.04296708106994629,0.04313302040100098,0.043251991271972656,0.04340505599975586,0.04517698287963867,0.04536700248718262,0.04556012153625488,0.04573798179626465,0.04774808883666992,0.04789304733276367,0.048048973083496094,0.05028200149536133,0.05052018165588379,0.05071401596069336,0.05094003677368164,0.05114412307739258,0.05133819580078125,0.051499128341674805,0.053971052169799805,0.05416107177734375,0.05669903755187988,0.059432029724121094,0.05967116355895996,0.061010122299194336,0.06120800971984863,0.06143307685852051,0.06172513961791992,0.06301617622375488,0.06431102752685547,0.06560516357421875,0.06581401824951172,0.06601309776306152,0.06627702713012695,0.06938004493713379,0.07072997093200684,0.07212615013122559,0.07345914840698242,0.07484197616577148,0.07616806030273438,0.0775461196899414,0.07773804664611816,0.08112096786499023,0.0825490951538086,0.08271217346191406,0.0864109992980957,0.08989596366882324,0.0915219783782959,0.09309005737304688,0.09467101097106934,0.09624099731445312,0.09783411026000977,0.09939908981323242,0.10099005699157715,0.10256004333496094,0.1041409969329834],"env":"Tiger","ubs":[46.635219390340474,46.635219390340474,41.81888836804325,40.685792671068995,39.87316100757987,39.64737921327444,37.05884641743624,36.871781729541254,36.85007478244151,36.39723020915349,35.145770021493846,34.948325172379015,34.038753779573156,33.61193216805242,33.34205700167801,32.342275323548975,31.348962554575472,31.348962554575472,31.233698749459467,31.137760800771026,30.783263449740513,30.747214100688904,30.57228793003989,30.249274873163124,29.3772705621942,29.3772705621942,28.81225324258562,28.676308076335253,27.965228122813883,27.965228122813883,27.913006205405864,27.847150387429078,27.06014163452943,27.06014163452943,26.709732044603598,26.275905818702284,26.17569281339907,26.164064117308417,26.07715018137793,25.735286898398492,25.51166612209419,25.45855347650056,24.82638481284841,24.820484371772103,24.37431045365674,24.11077237339869,24.11077237339869,23.807868614726075,23.739227161528525,23.703749651899408,23.409667063110845,23.22059014376977,23.021007408116283,22.85260485632756,22.734333041720443,22.658553322168764,22.628489348157288,22.427427329388458,22.340635502133928,22.224153739040062,22.13448912684402,22.047293778241634,21.971137890077678,21.901373753136845,21.901373753136845,21.799975224553986,21.74827626783707,21.74827626783707,21.71986608231566,21.660525197844965,21.62715258021162,21.58884965133447,21.55759687493402,21.528045198194192,21.501918737534886,21.47811753049686,21.456725547563394,21.437382080605005],"sim_r":null,"sim_rsigma":null,"solver":"ETIB-SARSOP","env_full":"Tiger","final_lw":21.228558698778826,"timeout":false,"runtime":0.1041409969329834,"final_ub":21.437382080605005}