{"lbs":[-26.315789473684188,-8.338423300176746,-6.0135196729317535,-3.8108702856989516,4.194978821246264,6.773660496518339,9.804867776406361,11.53272140477014,13.857337461853938,16.036713266471537,17.45719247074146,18.934018078415832,20.216683515238653,20.8614475279333,22.2289740902287,23.02552319872943,23.63006673812483,24.291385054758237,24.473445245100486,24.774830588573536,25.12321017967011,25.30780134632039,25.522254429415653,25.64172320632115,25.742331473157357,25.86447953274427,25.885421097475312,25.982216449621706,26.036100580648455,26.059986759875898,26.081217200005668,26.091889214216362,26.115556586903885,26.12475048419344,26.133577519076628,26.137546351157653,26.14434893837339,26.15895999902949,26.17375810673755,26.183439827719695,26.19078351727923,26.19961681363099,26.201519300010517,26.207985967268876,26.208608180032662,26.21168930228057,26.21211898691147,26.213857656258604,26.21660890082202,26.21773266096323],"times":[0.008230924606323242,0.008733987808227539,0.008866071701049805,0.009034156799316406,0.009269952774047852,0.009424924850463867,0.009637117385864258,0.00981593132019043,0.010057926177978516,0.01030111312866211,0.010461091995239258,0.010720968246459961,0.011063098907470703,0.011263132095336914,0.011525154113769531,0.011757135391235352,0.012000083923339844,0.012252092361450195,0.0123291015625,0.012517929077148438,0.01279306411743164,0.013050079345703125,0.013339996337890625,0.013530969619750977,0.013778924942016602,0.015679121017456055,0.015820980072021484,0.016150951385498047,0.016438007354736328,0.016597986221313477,0.016718149185180664,0.016813993453979492,0.017065048217773438,0.017213106155395508,0.017390012741088867,0.017514944076538086,0.017596006393432617,0.01791095733642578,0.018149137496948242,0.018458127975463867,0.018728017807006836,0.021012067794799805,0.021167993545532227,0.023759126663208008,0.023899078369140625,0.02420210838317871,0.024341106414794922,0.024704933166503906,0.02754998207092285,0.03068995475769043],"env":"Tiger","ubs":[56.748747898914345,56.748747898914345,48.30338577134555,48.19063452521295,48.17733054227414,45.714433641809066,44.485560235181254,42.46470808581083,42.06158136236133,40.496381044609784,39.02533393297797,38.071001104678665,36.76812884875354,35.40893758664237,35.32555055848425,33.934735303196476,33.481046141526875,32.910730951239636,32.18418753850612,32.10943014452455,31.538785339065956,30.903636670108742,30.583728226277742,30.001611530997806,29.62521969344661,29.26421073237762,28.650496445762098,28.650496445762098,28.32994536360152,28.051842976325787,27.963678418312064,27.86363376274968,27.85475516078953,27.649700934032,27.551357266378105,27.53150976238564,27.483755440141266,27.458376907694877,27.339033645155318,27.19816278583734,27.087575913647054,26.979726944274418,26.812694516432156,26.812694516432156,26.66311415107447,26.66311415107447,26.6001134190638,26.581952751160728,26.542097171785787,26.474824992922656],"sim_r":null,"sim_rsigma":null,"solver":"EBIB-SARSOP","env_full":"Tiger","final_lw":26.21773266096323,"timeout":false,"runtime":0.03068995475769043,"final_ub":26.474824992922656}