{"lbs":[-28.571428571428545,-18.73101766121725,-15.516680196461188,-8.77681191892313,-4.62264321605407,-1.8143121524481827,1.844044223882387,3.4327914348875392,7.9191185885707425,10.137865157487127,12.188046337262833,14.14330360600859,16.414509420992466,18.13807382322946,18.91966142359511,20.602678995300657,21.50237519921999,22.341469811399286,23.240141868488262,23.99451132294464,24.471637613973947,24.64586909946394,25.075184347910366,25.43715858635801,25.79985003605575,26.296324405413692,26.446878843706102,26.684623657020282,26.918174251628294,27.12912891588956,27.315806288001028,27.3757952916517,27.49998743228121,27.63431239245222,27.758221194154956,27.799742532088825,27.883298715453623,27.918525192753485,27.996815817833422,28.052507869407947,28.120734610490523,28.14992460311956,28.20010285960629,28.222857276573308,28.254057435055856,28.283908592342044,28.295765391166285,28.325122722618524,28.34381216244574,28.35228729363769,28.3561305253977,28.383504402665324,28.395917680067974,28.4157028235699,28.430303894755703,28.4458970684071,28.459589302556594,28.472869404871954,28.494892876135957,28.504164879061832,28.515301375253507,28.52455605110527,28.542668803539552,28.54897932381497,28.557288484465687,28.563918095357124,28.570692404798002,28.576770702722023,28.586605251816778,28.591064941061738,28.59629705280472,28.600692009829565,28.611907682761494,28.618224111343345,28.61871184046908,28.624117412177398,28.629407696027013,28.635030519108398,28.637580309991613,28.643542647734773,28.6467635205791,28.64911180919723,28.65326150716618,28.655127005982084,28.656622803602247,28.659202554858897,28.66110551081713,28.661257703995602,28.661575426637945,28.66220192502212,28.663355489285255,28.665035276407483,28.66593866726356,28.666180783918872,28.666606598835067,28.666963706787946,28.667334493260228,28.667547206085693,28.66792776545457,28.66821553802624,28.668400047476087,28.668418886792747,28.66847891295296,28.66850613311512,28.668541822797316,28.66857035062849,28.668583287191275,28.66870244469516,28.668771334003615,28.66882904430421,28.668856653535386,28.668881832153108,28.66891782760694,28.668942303192736],"times":[0.004288911819458008,0.031343936920166016,0.03145790100097656,0.03156304359436035,0.031697988510131836,0.03188490867614746,0.032083988189697266,0.032341957092285156,0.0326230525970459,0.03286385536193848,0.03321099281311035,0.03352689743041992,0.03382301330566406,0.03419685363769531,0.034880876541137695,0.03521990776062012,0.036038875579833984,0.03653287887573242,0.03700089454650879,0.03738594055175781,0.03797292709350586,0.03805184364318848,0.03857302665710449,0.03905987739562988,0.03958487510681152,0.03999900817871094,0.04009103775024414,0.04062700271606445,0.041133880615234375,0.041641950607299805,0.04214906692504883,0.04261493682861328,0.04311203956604004,0.04357099533081055,0.04401803016662598,0.044523000717163086,0.045059919357299805,0.045176029205322266,0.04590606689453125,0.04640984535217285,0.04692506790161133,0.04763603210449219,0.04822397232055664,0.05069088935852051,0.05326104164123535,0.05391693115234375,0.05535292625427246,0.05595684051513672,0.057359933853149414,0.05871987342834473,0.060034990310668945,0.061553001403808594,0.06217503547668457,0.06346487998962402,0.06412291526794434,0.06536293029785156,0.06592607498168945,0.06712889671325684,0.06804704666137695,0.06861305236816406,0.06912994384765625,0.06964492797851562,0.07034993171691895,0.07074904441833496,0.07119989395141602,0.07151007652282715,0.07187390327453613,0.07211804389953613,0.07263398170471191,0.0728158950805664,0.07311606407165527,0.07325291633605957,0.07370495796203613,0.07391691207885742,0.07399201393127441,0.07482695579528809,0.07505297660827637,0.0755760669708252,0.07573699951171875,0.07630205154418945,0.07653188705444336,0.0767660140991211,0.07727384567260742,0.07750201225280762,0.0777440071105957,0.07825899124145508,0.07877492904663086,0.07896685600280762,0.07911992073059082,0.07930493354797363,0.0797719955444336,0.08346796035766602,0.08722805976867676,0.08748006820678711,0.08807086944580078,0.08858585357666016,0.08928990364074707,0.08964085578918457,0.09038591384887695,0.09122991561889648,0.09176397323608398,0.09205293655395508,0.09236502647399902,0.0925750732421875,0.09278607368469238,0.09295487403869629,0.09311890602111816,0.09382796287536621,0.09434986114501953,0.09883594512939453,0.09916806221008301,0.09994387626647949,0.10480284690856934,0.10983085632324219],"env":"Tiger","ubs":[125.78476109622653,125.78476109622653,116.28473164956071,113.36152192086115,107.02727436863043,105.37018536095644,102.8988762043422,99.34395798765877,98.49735417370812,92.36482638197,89.38413295153067,86.90636924175809,83.84641548560079,81.78476109622652,81.78476109622652,75.43459923813327,72.57344162644766,70.25144678478165,68.26220340701668,66.34475526240064,63.36156544159697,61.88405889570123,61.09882497157126,60.09730143736811,58.36672037084158,57.13396635616313,55.3582719633328,54.490676923726895,52.819140896196224,52.091731087221476,51.139397635132156,50.224551483981955,49.660951986716896,48.62187619095717,47.845187386000276,46.88977672481414,46.160491021233256,45.468540092862156,45.0691304603287,44.65571969600442,43.7375776459381,43.32851824220851,43.194784274326956,42.826043002409406,42.682530726814775,42.50126663355631,42.30464715955802,42.256317986709334,41.98040170624287,41.883402438298845,41.82073541316558,41.574579927975094,41.46087649106727,41.284435471297726,41.057094185996974,40.83132313818018,40.6087489591776,40.409720773195545,40.18064718091283,39.54398246304125,39.36774810501662,39.07472606037456,38.87092270917186,38.382474542662806,38.237589027741805,37.93337608267858,37.761024470436375,37.58863171787587,37.41567877931118,36.975381386848134,36.830484023575465,36.60660844124493,36.545619755488616,35.989304820541804,35.71870072129025,35.598937492221665,35.31311271428753,34.942545377174554,34.44176471093388,34.24536170964427,33.45498410739554,33.117681999386626,32.910380074789614,32.393472640989515,32.204929401818596,32.040229702974884,31.62392456508124,31.20489604753486,31.199034545447752,31.14227202356814,31.10957976479911,30.887630914818907,30.420873431915247,30.092617779130904,30.092617779130904,29.988521473312147,29.865152046250113,29.706729890087004,29.6335243552967,29.50906762420439,29.407275481847158,29.31843625765611,29.303973149508476,29.2797430235558,29.271233060767088,29.25391365059577,29.240527381205926,29.233129676105193,29.168364728902873,29.111355289803328,29.03846847297368,29.014188408944136,28.971754912947887,28.910215564040723],"sim_r":null,"sim_rsigma":null,"solver":"SARSOP","env_full":"Tiger","final_lw":28.668942303192736,"timeout":false,"runtime":0.10983085632324219,"final_ub":28.910215564040723}