{"lbs":[8.962957994409999,16.868491292902814,17.712904827028396,20.155564345185958,20.155564345185958,20.155564345185958,20.155564345185958,20.155564345185958,20.155564345185958,20.155564345185958,20.155564345185958,20.155564345185958,20.155564345185958,20.155564345185958,20.155564345185958,20.155564345185958,20.155564345185958,20.155564345185958,20.155564345185958,20.155564345185958,20.155564345185958,20.155564345185958,20.155564345185958,20.155564345185958,20.155564345185958,20.155564345185958,20.155564345185958,20.155564345185958,20.155564345185958,20.155564345185958,20.155564345185958,20.155564345185958,20.155564345185958,20.155564345185958,20.155564345185958,20.155564345185958,20.155564345185958,20.155564345185958,20.155564345185958,20.155564345185958,20.155564345185958,20.155564345185958,20.155564345185958,20.155564345185958,20.155564345185958,20.155564345185958,20.155564345185958,20.155564345185958,20.155564345185958,20.155564345185958,20.155564345185958,20.155564345185958,20.155564345185958,20.155564345185958,20.155564345185958,20.155564345185958,20.155564345185958,20.155564345185958,20.155564345185958,20.155564345185958,20.155564345185958,20.155564345185958,20.155564345185958,20.155564345185958,20.155564345185958,20.155564345185958,20.155564345185958,20.155564345185958,20.155564345185958,20.155564345185958,20.155564345185958,20.155564345185958,20.155564345185958,20.155564345185958,20.155564345185958,20.155564345185958,20.155564345185958,20.155564345185958,20.155564345185958,20.155564345185958,20.155564345185958,20.155564345185958,20.155564345185958,20.155564345185958,20.155564345185958,20.155564345185958,20.155564345185958,20.155564345185958,20.155564345185958,20.155564345185958,20.155564345185958,20.155564345185958,20.155564345185958,20.155564345185958,20.155564345185958,20.155564345185958,20.155564345185958,20.155564345185958,20.155564345185958,20.155564345185958,20.155564345185958,20.155564345185958,20.155564345185958,20.155564345185958,20.155564345185958,20.155564345185958,20.155564345185958,20.155564345185958,20.155564345185958,20.155564345185958,20.155564345185958,20.155564345185958,20.155564345185958,20.155564345185958,20.155564345185958,20.155564345185958,20.155564345185958,20.155564345185958,20.155564345185958,20.155564345185958,20.155564345185958,20.155564345185958,20.155564345185958,20.155564345185958,20.155564345185958,20.155564345185958],"times":[1.1075549125671387,1.1078519821166992,1.1081509590148926,1.1084518432617188,1.1086499691009521,1.1089270114898682,1.1092150211334229,1.1094779968261719,1.1097040176391602,1.1099119186401367,1.1101958751678467,1.1104838848114014,1.1105878353118896,1.1107439994812012,1.111034870147705,1.11114501953125,1.1115000247955322,1.1118159294128418,1.1121439933776855,1.1124470233917236,1.1127560138702393,1.1132268905639648,1.1138010025024414,1.1142778396606445,1.1146068572998047,1.1148059368133545,1.1150929927825928,1.1155519485473633,1.1159179210662842,1.116304874420166,1.1168549060821533,1.1174540519714355,1.1180670261383057,1.118643045425415,1.1188969612121582,1.1194019317626953,1.1196188926696777,1.120072841644287,1.1206328868865967,1.1209359169006348,1.1214749813079834,1.1217100620269775,1.1224558353424072,1.122788906097412,1.1232140064239502,1.1237938404083252,1.123986005783081,1.1246180534362793,1.1252799034118652,1.125532865524292,1.1259100437164307,1.126121997833252,1.1264629364013672,1.1266429424285889,1.127197027206421,1.1274189949035645,1.1279819011688232,1.1282429695129395,1.1287078857421875,1.1289770603179932,1.12937593460083,1.1296608448028564,1.1300759315490723,1.1302869319915771,1.1307008266448975,1.1308989524841309,1.1310060024261475,1.1311149597167969,1.1316249370574951,1.1318318843841553,1.1323230266571045,1.1325230598449707,1.1333458423614502,1.1334948539733887,1.133970022201538,1.1342458724975586,1.1346628665924072,1.1348860263824463,1.1352829933166504,1.1354930400848389,1.1356408596038818,1.1364870071411133,1.136638879776001,1.1368579864501953,1.1372039318084717,1.137362003326416,1.1375229358673096,1.1376879215240479,1.1383299827575684,1.138974905014038,1.1393828392028809,1.139859914779663,1.1400048732757568,1.1404850482940674,1.140622854232788,1.1407828330993652,1.1412768363952637,1.1415188312530518,1.141690969467163,1.1420660018920898,1.1429879665374756,1.1434650421142578,1.144381046295166,1.1447699069976807,1.1456048488616943,1.145956039428711,1.1461219787597656,1.1465709209442139,1.1468799114227295,1.1475858688354492,1.1481239795684814,1.1486070156097412,1.1487939357757568,1.1496069431304932,1.1497900485992432,1.1499488353729248,1.1501309871673584,1.1507110595703125,1.1510260105133057,1.1517679691314697,1.1519370079040527,1.1528708934783936,1.1537799835205078,1.1540589332580566,1.1546409130096436,1.1548469066619873],"env":"RockSample5","ubs":[21.11962234403778,21.11962234403778,21.11962234403778,21.119622344037772,21.09018911035388,21.06637742098929,21.061550573979453,21.061550573979453,21.061550573979453,21.061550573979453,21.04164943436713,21.032912037605023,21.000445781539117,20.970195798307984,20.840678165451195,20.743311317175547,20.682810021425716,20.677774744777004,20.66519276860064,20.648482362140285,20.648482362140285,20.648482362140285,20.648482362140285,20.648482362140285,20.648482362140285,20.648482362140285,20.648482362140285,20.64777850295625,20.6470771802269,20.6470771802269,20.6470771802269,20.64653762727356,20.643670248826506,20.637015053239526,20.62432429007417,20.623334253635168,20.62295061847731,20.62295061847731,20.622205547593904,20.621681539823815,20.621010200411227,20.619081073097057,20.61645972212792,20.608807497516217,20.608807497516217,20.600217298988298,20.591061572228924,20.591061572228924,20.589412255575887,20.587235803542335,20.583144531908218,20.57439315290107,20.574375047353602,20.571928451930386,20.571928451930386,20.571928451930386,20.571928451930386,20.571928451930386,20.571928451930386,20.571928451930386,20.571928451930386,20.571928451930386,20.571928451930386,20.571928451930386,20.571928451930386,20.555902812866837,20.54939254074876,20.54939254074876,20.537065514933147,20.534950066501878,20.53485396867228,20.530629945195493,20.528679537435107,20.526682856289078,20.52258066590865,20.52258066590865,20.52258066590865,20.52258066590865,20.52258066590865,20.51779609012808,20.514230890775824,20.495572892919416,20.484429579393904,20.48423663612918,20.483203729017827,20.4693658049456,20.458810498038297,20.455051671987214,20.454749516734402,20.44183450494573,20.42681607336167,20.42681607336167,20.42366750431336,20.42366750431336,20.41908129368812,20.415632476366095,20.412954533813632,20.412954533813632,20.40695518203776,20.40576696553225,20.397374280846584,20.397374280846584,20.395841227318588,20.394585126665675,20.394585126665675,20.394585126665675,20.394553867339454,20.392491873352764,20.38774129086128,20.38774129086128,20.38774129086128,20.387401732513933,20.385112148630526,20.385112148630526,20.38162540609696,20.381040004556578,20.37785300495594,20.374519652982105,20.374519652982105,20.372286614960924,20.367840905667546,20.387504524419167,20.360963120760744,20.360963120760744,20.36066017273484,20.355087018558628],"sim_r":null,"sim_rsigma":null,"solver":"BIB-SARSOP","env_full":"RockSample ()","final_lw":20.155564345185958,"timeout":false,"runtime":1.1548469066619873,"final_ub":20.355087018558628}