{"lbs":[-30.303030303030276,-14.430475783402887,-11.685665388759983,-4.93118870915947,1.0473799699403021,3.9569990351318993,4.9739872306096995,9.431643470836134,12.26653620038928,16.15465638652623,18.12415670145594,19.550633853703246,21.199571896793195,22.5733804790313,23.485632579248723,24.416470219891615,25.250770527084175,25.969074890932625,26.570519815831044,26.969898159362607,27.82075451718456,28.29656132336892,28.52535173618155,28.750620621763943,28.9336551616924,29.23295213679565,29.35918038256656,29.60886455070701,29.764125850714258,29.934836617732913,30.024734978106906,30.057782610403525,30.118341325434265,30.167079426377484,30.217996288596723,30.24121691946042,30.27290625824708,30.28252871632575,30.307758572675777,30.358180745717135,30.3692007243797,30.405500657628213,30.436458563210735,30.44286862683984,30.466176342218947,30.47797263777532,30.48233667036998,30.486011864733246,30.493026236329396,30.504498530876397,30.50679531400978,30.51430030708957,30.517781901232688,30.521771729083063,30.525340601278735,30.530125214071063,30.531323701159458,30.531870271098406,30.5321195342745,30.53616715847024,30.538193753144512,30.538850708906406,30.54058932959874,30.541979341091654,30.542623476294324,30.543488790124677,30.544381745626126,30.54444915488581],"times":[0.00855708122253418,0.008685111999511719,0.008802175521850586,0.008919000625610352,0.009994983673095703,0.010329008102416992,0.010694026947021484,0.011071205139160156,0.011381149291992188,0.011765003204345703,0.01209712028503418,0.012482166290283203,0.012848138809204102,0.013245105743408203,0.013599157333374023,0.013995170593261719,0.014422178268432617,0.014832019805908203,0.01523900032043457,0.015600204467773438,0.016138076782226562,0.016587018966674805,0.016988039016723633,0.017345190048217773,0.017777204513549805,0.01828598976135254,0.018682003021240234,0.019028186798095703,0.01953911781311035,0.01988506317138672,0.020364046096801758,0.02060103416442871,0.021120071411132812,0.021592140197753906,0.02191305160522461,0.02216315269470215,0.0225222110748291,0.02279210090637207,0.02298712730407715,0.023440122604370117,0.023617982864379883,0.024026155471801758,0.02435016632080078,0.024584054946899414,0.025036096572875977,0.025516033172607422,0.025675058364868164,0.025860071182250977,0.026043176651000977,0.026645183563232422,0.02678203582763672,0.02713918685913086,0.02738499641418457,0.02772212028503418,0.028110027313232422,0.02861499786376953,0.028831005096435547,0.029049158096313477,0.02921319007873535,0.029890060424804688,0.033082008361816406,0.033277034759521484,0.033699989318847656,0.034113168716430664,0.0344090461730957,0.035006046295166016,0.03560805320739746,0.03580117225646973],"env":"Tiger","ubs":[78.62887543619152,78.62887543619152,71.23152580430903,70.16430393226071,66.56170586684819,62.48730733277182,62.37510547057939,61.82362786555916,60.78477338489535,58.614172947968456,55.39147951280894,53.57591796937329,52.33813907958958,50.517412921650006,48.80437651322369,48.205752651903424,47.10687240165791,45.75758738220357,44.70300227665166,43.65576203000302,43.34611759398442,41.716922767117666,40.87134541002129,40.324429178002674,40.064303742072056,39.84149669081515,38.94818276312162,38.47990212739971,37.63763027893835,37.11741154004678,36.35207132009752,35.76009828982976,35.589963821278545,35.49047638062451,35.14634976529396,34.83246207662718,34.73519538860073,34.588543555925106,34.485724441179116,34.28879179344008,33.930234672064046,33.90213051784333,33.574822352289246,33.155347777977724,33.132956425182655,32.83225418088084,32.64024586673543,32.56881135017419,32.552955791399114,32.46219119394192,32.18034816822161,32.14785270219018,32.03091352127208,31.867368984538892,31.768606087044663,31.640872602185706,31.442145055727504,31.44058609640717,31.428723996858906,31.412505165190982,31.213133124045726,31.093497038353817,31.093497038353817,31.033869004930143,30.970165550222053,30.933541098620474,30.891349292445263,30.8404710078634],"sim_r":null,"sim_rsigma":null,"solver":"BIB-SARSOP","env_full":"Tiger","final_lw":30.54444915488581,"timeout":false,"runtime":0.03580117225646973,"final_ub":30.8404710078634}