{"lbs":[0.01608315759720982,0.3672819396349391,0.5013236975743757,0.5303143708271709,0.5482717077808739,0.5559136129319221,0.5615420110023661,0.5654118288126967],"times":[0.4415311813354492,0.4418771266937256,0.44258904457092285,0.4459810256958008,0.4463081359863281,0.455031156539917,0.45533204078674316,0.45610713958740234],"env":"FrozenLake4","ubs":[0.5704902975592033,0.5704902975592033,0.5704902975592033,0.5704898356237301,0.5704897854790849,0.5704895440871866,0.5704895158871282,0.5702800126598567],"sim_r":null,"sim_rsigma":null,"solver":"EBIB-SARSOP","env_full":"Frozen Lake (4)","final_lw":0.5654118288126967,"timeout":false,"runtime":0.45610713958740234,"final_ub":0.5702800126598567}