{"lbs":[-25.641025641025617,-10.308535617111238,-7.768012302040444,0.10870963460586608,3.7303309340537916,5.6813536186282185,7.6762534915279055,9.239854483703496,14.265600012091939,15.862483943794732,18.032586782315306,19.011266325002076,19.81851830387037,20.505021028207622,21.270221276146223,21.92046114116134,22.70147538755338,23.3734959495184,23.750895134651515,23.93539741177083,24.156673715926445,24.394261450224576,24.562068663981748,24.667324671484312,24.714515576035115,24.893191892992938,24.99682886828588,25.03349235178747,25.088121416121904,25.105244217703806,25.137413739768544,25.15951365972075,25.183845041073827,25.25576549777911,25.29754716289806,25.339494807623662,25.366749138122124,25.395220497351396,25.40777072138643,25.427253055122158,25.432430108919053,25.43791207791363,25.440369886087353,25.44449190024123,25.446339980755667,25.45131864381149,25.45845469251148,25.466860104803935,25.46896394272368,25.47094180725547,25.475532806032533,25.47821448115304,25.47977472902176,25.481681368691838,25.482825826038837,25.484624242632336,25.486020460269433,25.487141899627595,25.487297541652925,25.48812952165487,25.48861723019375,25.488887010592382,25.48940754181387],"times":[0.007624149322509766,0.007754087448120117,0.007853031158447266,0.007972955703735352,0.008093118667602539,0.008281946182250977,0.00842905044555664,0.008629083633422852,0.008901119232177734,0.009089946746826172,0.009319067001342773,0.009485960006713867,0.009667158126831055,0.009827136993408203,0.010050058364868164,0.010229110717773438,0.010478973388671875,0.010717153549194336,0.010897159576416016,0.01109004020690918,0.011281013488769531,0.011532068252563477,0.0117950439453125,0.012048959732055664,0.012169122695922852,0.012434959411621094,0.012660980224609375,0.012810945510864258,0.013080120086669922,0.01321101188659668,0.013345956802368164,0.013448953628540039,0.013551950454711914,0.013829946517944336,0.014022111892700195,0.014250040054321289,0.014461040496826172,0.014759063720703125,0.014880180358886719,0.015082120895385742,0.015202045440673828,0.015306949615478516,0.015406131744384766,0.015578031539916992,0.015725135803222656,0.015850067138671875,0.016108036041259766,0.017940044403076172,0.01816701889038086,0.01833510398864746,0.01861405372619629,0.018836021423339844,0.01912212371826172,0.019340038299560547,0.019565105438232422,0.01995110511779785,0.02017807960510254,0.0204010009765625,0.0205080509185791,0.020815134048461914,0.021001100540161133,0.021162033081054688,0.0222170352935791],"env":"Tiger","ubs":[66.19211521482295,66.19211521482295,58.88521001762646,57.831370766110076,53.95592329808256,52.98255348299916,52.305182326693426,50.70045436071983,49.78276958220124,45.9734923634018,44.999487959400454,42.95274906548535,41.708511746012135,41.02184194122245,40.42917903962791,38.94441915995647,37.92744694493345,36.518141971985486,34.96824324562229,34.18341592940448,34.04970343913871,33.620372974386804,32.83538930984529,32.09900098075494,31.717447160473736,31.552298834065986,30.797424634981372,30.350744227865583,30.135455020375513,29.855746498118357,29.73971791767974,29.667514158651326,29.589921372871938,29.49109459551174,28.969884522323795,28.645704445909377,28.2266167984999,28.08443004683224,27.74298978361176,27.626016388209216,27.350541272661225,27.23876852412844,27.181605830089907,27.102886025778766,27.06978272526046,27.020196246550114,26.942390255410047,26.790938633827807,26.54299434195045,26.481677044504004,26.465773201109243,26.324831806513416,26.2534247318358,26.152914973750836,26.094172467824258,26.013986381560215,25.93036651981742,25.87382873647425,25.82410939155595,25.818652695812517,25.777808079184826,25.749912011415127,25.735121295479573],"sim_r":null,"sim_rsigma":null,"solver":"BIB-SARSOP","env_full":"Tiger","final_lw":25.48940754181387,"timeout":false,"runtime":0.0222170352935791,"final_ub":25.735121295479573}