{"lbs":[9.96005996001,14.940124850099966,17.289272713150417,19.63607142833782,19.70287155007129,19.769604871683022,19.82906947040362,19.862755493562574,19.86785604903579,22.16636486606934,23.364604562838114,24.56164601991012,24.56164601991012,24.56164601991012,24.56164601991012,24.56164601991012,24.56164601991012,24.56164601991012,24.56164601991012,24.56164601991012,24.56164601991012,24.667832872898114],"times":[22.842208862304688,22.877058029174805,22.87724494934082,22.877285957336426,22.877445936203003,22.877496004104614,22.877726078033447,22.87777090072632,22.87814497947693,22.87860107421875,22.87899398803711,22.879056930541992,22.879411935806274,22.879474878311157,22.879626035690308,22.879998922348022,22.880152940750122,22.88042402267456,22.88055396080017,22.880688905715942,22.88087296485901,22.881947994232178],"env":"RockSample5","ubs":[24.84304590129733,24.84304590129733,24.84304589837883,24.843045895460328,24.843045892544744,24.843045889629153,24.84304588671648,24.84180212714456,24.8407261948406,24.84055961133221,24.840559608416626,24.840559605503955,24.84055959968153,24.839648877662817,24.83931708386918,24.83807581057264,24.838075807659976,24.83807580475022,24.838070769205302,24.8368257617103,24.82996885467695,24.82649014129944],"sim_r":null,"sim_rsigma":null,"solver":"ETIB-SARSOP","env_full":"RockSample ()","final_lw":24.667832872898114,"timeout":false,"runtime":22.881947994232178,"final_ub":24.82649014129944}