{"lbs":[0.010774577717385343,0.2722025044617798,0.3063688604212129,0.37211733149972837,0.3851057628763985,0.3932088702217102,0.39951866686291554,0.40022807017280415,0.41054615766994557,0.4194310295614566,0.42120113662963676,0.42205115361994633,0.4221294911857732,0.4222000139981749,0.42455474193191445,0.4264796254192108,0.42665702268140004,0.4268897843563757,0.4268897843563757,0.42691123567234146,0.4289003523155657,0.42910361390382706,0.429588900001494,0.4300851871374534,0.43055859578070704,0.43062841854686845,0.4312556194847072,0.4314672118925233],"times":[0.1357109546661377,0.16693687438964844,0.16728901863098145,0.16763591766357422,0.16775298118591309,0.16788196563720703,0.1681690216064453,0.16832995414733887,0.16852998733520508,0.16880488395690918,0.16918396949768066,0.16930890083312988,0.16939187049865723,0.1696019172668457,0.17169690132141113,0.17223286628723145,0.17233991622924805,0.17256784439086914,0.17262983322143555,0.17303895950317383,0.1733410358428955,0.17377185821533203,0.17398905754089355,0.17454886436462402,0.17479491233825684,0.17494487762451172,0.17567086219787598,0.17592883110046387],"env":"FrozenLake4","ubs":[0.4816246205407202,0.4816246205407202,0.4687000320927462,0.4668969213597453,0.45275963571909134,0.45275963571909134,0.44909181652358704,0.44761055091420016,0.44686373974883675,0.44478982606086603,0.4440622153208356,0.4439951587150344,0.4439889787782438,0.4438663061765905,0.44073603080902785,0.4399803774047044,0.43991071976031976,0.4399043001118132,0.4398205377647482,0.4393787901047294,0.4390050425607599,0.4388178714845166,0.4370965616808296,0.43653123281362893,0.4361456258388311,0.43590466564243424,0.43578338596838206,0.435753277081497],"sim_r":null,"sim_rsigma":null,"solver":"SARSOP","env_full":"Frozen Lake (4)","final_lw":0.4314672118925233,"timeout":false,"runtime":0.17592883110046387,"final_ub":0.435753277081497}