{"lbs":[9.337144315209999,17.958491246692148,18.93836658931096,21.81164427784333,21.81164427784333,21.81164427784333,21.81164427784333,21.81164427784333,21.81164427784333,21.81164427784333,21.81164427784333,21.81164427784333,21.81164427784333,21.81164427784333,21.81164427784333,21.81164427784333,21.81164427784333,21.81164427784333,21.81164427784333,21.81164427784333,21.81164427784333,21.81164427784333,21.81164427784333,21.81164427784333,21.81164427784333,21.81164427784333,21.81164427784333,21.81164427784333,21.81164427784333,21.81164427784333,21.81164427784333,21.81164427784333,21.81164427784333,21.81164427784333,21.81164427784333,21.81164427784333,21.81164427784333,21.81164427784333,21.81164427784333,21.81164427784333,21.81164427784333,21.81164427784333,21.81164427784333,21.81164427784333,21.81164427784333,21.81164427784333,21.81164427784333,21.81164427784333,21.81164427784333,21.81164427784333,21.81164427784333,21.81164427784333,21.81164427784333,21.81164427784333,21.81164427784333,21.81164427784333,21.81164427784333,21.81164427784333,21.81164427784333,21.81164427784333,21.81164427784333,21.81164427784333,21.81164427784333,21.81164427784333,21.81164427784333,21.81164427784333,21.81164427784333,21.81164427784333,21.81164427784333,21.81164427784333,21.81164427784333,21.81164427784333,21.81164427784333,21.81164427784333,21.81164427784333,21.81164427784333,21.81164427784333,21.81164427784333,21.81164427784333,21.81164427784333,21.81164427784333,21.81164427784333,21.81164427784333],"times":[1.6542749404907227,1.6545679569244385,1.6548728942871094,1.6551580429077148,1.65535306930542,1.655630111694336,1.6558539867401123,1.6560509204864502,1.6562530994415283,1.6563959121704102,1.6566479206085205,1.6568870544433594,1.6569850444793701,1.6571199893951416,1.6573829650878906,1.6574859619140625,1.6578099727630615,1.6580779552459717,1.6584160327911377,1.6586918830871582,1.6589739322662354,1.6593739986419678,1.6598849296569824,1.6603920459747314,1.6607069969177246,1.6610279083251953,1.661175012588501,1.661803960800171,1.6622440814971924,1.6625940799713135,1.66298508644104,1.6634979248046875,1.6639289855957031,1.6644260883331299,1.6648058891296387,1.665229082107544,1.6658360958099365,1.6664838790893555,1.6667070388793945,1.6671299934387207,1.667375087738037,1.6677510738372803,1.6680550575256348,1.6686170101165771,1.6688170433044434,1.669193983078003,1.6697089672088623,1.6699120998382568,1.6702280044555664,1.670396089553833,1.6706929206848145,1.6709010601043701,1.67124605178833,1.671889066696167,1.672327995300293,1.6728239059448242,1.6730730533599854,1.6735420227050781,1.673741102218628,1.6741058826446533,1.674565076828003,1.6747839450836182,1.675112009048462,1.6755590438842773,1.675847053527832,1.6764299869537354,1.6765329837799072,1.676635980606079,1.676975965499878,1.677170991897583,1.6773090362548828,1.6777849197387695,1.6783199310302734,1.6784560680389404,1.6788830757141113,1.6794719696044922,1.6796560287475586,1.6799540519714355,1.6801559925079346,1.6809589862823486,1.68110990524292,1.6814749240875244,1.6821439266204834],"env":"RockSample5","ubs":[22.473233948112174,22.473233948112174,22.473233948112174,22.473233948112174,22.453729820780737,22.437560689207828,22.43455726361394,22.43455726361394,22.43455726361394,22.43455726361394,22.42099332806896,22.41538470644714,22.394841033169147,22.374999601499326,22.284690320897454,22.220326965896653,22.180206909964866,22.172753781971743,22.164117474907705,22.152558704341068,22.152558704341068,22.152558704341068,22.152558704341068,22.152558704341068,22.152558704341068,22.152558704341068,22.152558704341068,22.152558704341068,22.15210793333418,22.152091412173807,22.149361498598772,22.140246724549257,22.13545173349989,22.135192262813334,22.135192262813334,22.13468833597115,22.13387986587186,22.132158898844853,22.128922042378953,22.12750143151844,22.12750143151844,22.126448079521502,22.126409473229167,22.124967196345274,22.114277165110227,22.107590388625212,22.107590388625212,22.103435848393328,22.09935193534539,22.099351935345386,22.099351935345386,22.099351935345386,22.099351935345386,22.099351935345386,22.099351935345386,22.099351935345386,22.099351935345386,22.099351935345386,22.099351935345386,22.099351935345386,22.099351935345386,22.099351935345386,22.099039663214914,22.099018676204544,22.098679588775127,22.09685599468736,22.091188970994267,22.091188970994267,22.082859209818643,22.077097270302012,22.07625471249306,22.070998718756762,22.068263426685213,22.06710656893685,22.063535883624567,22.061683934036232,22.057139892903653,22.054417649120836,22.046759134356833,22.03665301711672,22.03517960016324,22.03095855005244,22.022770802316373],"sim_r":null,"sim_rsigma":null,"solver":"EBIB-SARSOP","env_full":"RockSample ()","final_lw":21.81164427784333,"timeout":false,"runtime":1.6821439266204834,"final_ub":22.022770802316373}