{"lbs":[0.018288843441564832,0.384962728384392,0.5354084325256775,0.5713874393330893,0.5788824527632106,0.5942666011177133,0.6007146879450996,0.6042165383610044,0.6042165383610044,0.6083945640215483,0.6083945640215483,0.6083945640215483,0.6083945640215483,0.6083945640215483,0.6083945640215483,0.6085231551670992,0.6105873452304699],"times":[0.5393369197845459,0.5397038459777832,0.5405888557434082,0.5462369918823242,0.5467917919158936,0.5475218296051025,0.5490119457244873,0.5498349666595459,0.5499958992004395,0.5509488582611084,0.5523049831390381,0.5527629852294922,0.5538368225097656,0.5556488037109375,0.5560848712921143,0.5663108825683594,0.5720489025115967],"env":"FrozenLake4","ubs":[0.6258052838513408,0.6258052838513408,0.6258052838513408,0.6226148293467233,0.622131849156804,0.6215944238521943,0.6212333388327549,0.6195473374596218,0.6173540801674172,0.6164833302111636,0.6164462904786993,0.616384335295208,0.6163768599446343,0.6163596968940358,0.6163222292926553,0.6162348109912749,0.616214812572293],"sim_r":null,"sim_rsigma":null,"solver":"BIB-SARSOP","env_full":"Frozen Lake (4)","final_lw":0.6105873452304699,"timeout":false,"runtime":0.5720489025115967,"final_ub":0.616214812572293}