{"lbs":[0.011531992444236795,0.2850451792896588,0.3973404378596914,0.41902828702898454,0.4539389096130108,0.46126803333256805,0.46328446213771335,0.46658477508842694],"times":[0.27570605278015137,0.2759881019592285,0.2761819362640381,0.27642107009887695,0.27704310417175293,0.2802159786224365,0.28048205375671387,0.28093504905700684],"env":"FrozenLake4","ubs":[0.4686634428511884,0.4686634428511884,0.4686619188847519,0.46866134527631303,0.46866129163881887,0.4686610645048021,0.4686607596246989,0.46866073111569584],"sim_r":null,"sim_rsigma":null,"solver":"EBIB-SARSOP","env_full":"Frozen Lake (4)","final_lw":0.46658477508842694,"timeout":false,"runtime":0.28093504905700684,"final_ub":0.46866073111569584}