{"lbs":[9.683819560960002,14.52792360845443,16.647225847433972,18.749573668501675,18.81716075239849,18.884207139624127,18.884207139624127,18.884207139624127,18.884207139624127,18.884207139624127,18.884207139624127,18.884207139624127,18.884207139624127,18.884207139624127,18.884207139624127,18.884207139624127,18.884207139624127,18.884207139624127,19.564883870796454,20.56425893727997,22.392910936459753,22.668584548928724,22.75646864613938,22.9008866487898,22.938532239414993,22.944971195069883,22.944971195069883,22.944971195069883,22.944971195069883,22.944971195069883,22.944971195069883,23.00108327254718,23.056746453404656,23.056746453404656,23.056746453404656,23.056746453404656,23.056746453404656,23.187645570969394,23.317497495593614,23.317497495593614,23.317497495593614,23.317497495593614,23.317497495593614,23.317497495593614,23.317497495593614,23.317497495593614,23.317497495593614,23.317497495593614,23.317497495593614,23.317497495593614,23.317497495593614,23.317497495593614,23.317497495593614,23.317497495593614,23.317497495593614,23.317497495593614,23.317497495593614,23.317497495593614,23.317497495593614,23.317497495593614,23.317497495593614,23.317497495593614,23.317497495593614,23.34780503291093,23.377870109929706],"times":[4.204441070556641,4.238384962081909,4.238605976104736,4.238648176193237,4.238783121109009,4.238839149475098,4.239017009735107,4.239184141159058,4.239330053329468,4.239454984664917,4.239498138427734,4.239633083343506,4.239765167236328,4.239814043045044,4.239890098571777,4.2399821281433105,4.240097999572754,4.24015212059021,4.240484952926636,4.2408671379089355,4.2410361766815186,4.241641998291016,4.242091178894043,4.242213010787964,4.242383003234863,4.242829084396362,4.243138074874878,4.243664979934692,4.243991136550903,4.24454402923584,4.244910955429077,4.2453391551971436,4.245435953140259,4.245711088180542,4.246322154998779,4.2467591762542725,4.247337102890015,4.248327970504761,4.248438119888306,4.2490410804748535,4.250010013580322,4.250570058822632,4.251546144485474,4.2519309520721436,4.252187013626099,4.253023147583008,4.253610134124756,4.253977060317993,4.254971027374268,4.255357980728149,4.255695104598999,4.256534099578857,4.257105112075806,4.257554054260254,4.258481025695801,4.258795976638794,4.259432077407837,4.260284185409546,4.260737180709839,4.261109113693237,4.262012958526611,4.262382984161377,4.262706995010376,4.264163017272949,4.264301061630249],"env":"RockSample5","ubs":[23.774039273708723,23.774039273708723,23.774039273708723,23.774039273708723,23.77403927370872,23.77403927370872,23.77403927370872,23.764432924704252,23.76443292470425,23.76443292470425,23.756280161373603,23.754903426491815,23.754903426491815,23.754903426491815,23.748032481273768,23.735573082694124,23.725889263133162,23.698480883051257,23.64867088773719,23.636511006721456,23.635686289942193,23.632407751506825,23.630324413312884,23.629842683238852,23.629504126346145,23.623526959519054,23.623526959519054,23.618507519487526,23.61319478718824,23.61277274943859,23.612737395370228,23.612737395370228,23.612737395370228,23.611952882481056,23.611729433611753,23.611729433611753,23.611729433611753,23.611729433611753,23.611634880259132,23.611319422054983,23.611173402105912,23.611173402105912,23.610806607776567,23.6098337705823,23.608360004321398,23.60644443944112,23.604544199079882,23.604178335224187,23.604092038580006,23.603586557162302,23.603459266182696,23.60238473883367,23.60024255426943,23.600070270647546,23.599851405596183,23.596784977494746,23.593277447162937,23.593277447162937,23.592831111995086,23.59281173296561,23.592811016203974,23.592810989693504,23.592409832302753,23.59239125319875,23.589671707199038],"sim_r":null,"sim_rsigma":null,"solver":"ETIB-SARSOP","env_full":"RockSample ()","final_lw":23.377870109929706,"timeout":false,"runtime":4.264301061630249,"final_ub":23.589671707199038}