{"lbs":[-32.258064516129004,-22.245768861665702,-18.911402685526845,-11.827221553625733,-7.414326430790219,-4.414270765701988,-0.40921440318892466,1.3254021888651337,6.309448899216593,8.445935029527917,10.923603082065618,12.893079836401276,15.43413613336886,16.59956072468211,17.39419676073588,18.824755547608454,20.19407625369765,21.623569207448277,23.66943439915525,24.619776139027188,25.68244112322321,26.169819504563083,27.163774386346212,27.68474089692209,28.20654887100369,28.644481501492347,28.77636519323869,29.125932937365786,29.641876801017126,29.972743497429786,30.52537836842835,30.795922464098588,30.964752248128484,31.14105875718774,31.288065490555667,31.355488342367362,31.520211356155848,31.649704043258428,31.745182419753363,31.841499014394348,31.930024203828385,32.00958729678848,32.02745678616787,32.03912117402349,32.095091459222495,32.14608017962166,32.180190946410804,32.22269408903426,32.24735365388578,32.28616150718685,32.333070362331185,32.35529869692927,32.37785457152074,32.397619848385375,32.42878245876751,32.45501997955053,32.46301113611129,32.470140698881025,32.49581891720707,32.499959158230304,32.50174866922222,32.51267548848734,32.520406550061494,32.52395230750348,32.5341357363793,32.54221073719026,32.54936560916049,32.55264710424257,32.55415212208476,32.562773252727574,32.57842186040484,32.58346888223026,32.599317211820804,32.60126887476845,32.61607392642447,32.618967760158185,32.628769522036976,32.63269948685686,32.63450191746399,32.640734881592905,32.64775715757384,32.64960954022379,32.65045911301577,32.65361257717217,32.6550943859047,32.65645759621225,32.656844202529044,32.65702151481814,32.6581534466918,32.659717631248306,32.661349186171,32.661708640407596,32.66223668788648,32.66275117597574,32.66297047195164,32.663564445477476,32.66416746756536,32.664437916932854,32.66511651001047,32.66532749326328,32.66564016855996,32.66583425921022,32.665878831286676,32.665927263342496,32.66600231895021,32.66607676586386,32.666110910036124,32.66612656984581,32.66613375202722,32.666137046047446,32.6663052059647,32.66635852727803,32.66640210418591,32.66644489210928,32.666509383460685,32.66652308072767],"times":[0.004584074020385742,0.03114485740661621,0.031271934509277344,0.03140902519226074,0.03157496452331543,0.03182387351989746,0.03208804130554199,0.03240394592285156,0.03273200988769531,0.03307604789733887,0.033557891845703125,0.03399491310119629,0.03444504737854004,0.03516507148742676,0.03599691390991211,0.036644935607910156,0.037503957748413086,0.038227081298828125,0.03880500793457031,0.03948688507080078,0.040014028549194336,0.040164947509765625,0.040873050689697266,0.041790008544921875,0.04266786575317383,0.04442286491394043,0.044571876525878906,0.04528498649597168,0.04595589637756348,0.046627044677734375,0.04739499092102051,0.0482330322265625,0.048902034759521484,0.049566030502319336,0.05244302749633789,0.05258607864379883,0.05359601974487305,0.054689884185791016,0.05564594268798828,0.05660605430603027,0.057507991790771484,0.058403968811035156,0.05857086181640625,0.05867791175842285,0.06262993812561035,0.06368207931518555,0.06523585319519043,0.06618094444274902,0.06709599494934082,0.0679929256439209,0.07296204566955566,0.07442998886108398,0.07966494560241699,0.08102893829345703,0.08211088180541992,0.08324003219604492,0.08441400527954102,0.08552289009094238,0.08760190010070801,0.08857297897338867,0.08871603012084961,0.08983492851257324,0.09086894989013672,0.09165000915527344,0.09513401985168457,0.09537291526794434,0.09656906127929688,0.09749698638916016,0.09821796417236328,0.09881997108459473,0.09958887100219727,0.10004091262817383,0.10089993476867676,0.101348876953125,0.10232090950012207,0.10264396667480469,0.10357785224914551,0.10552191734313965,0.10590505599975586,0.1066739559173584,0.1079258918762207,0.11678099632263184,0.11722087860107422,0.11801791191101074,0.11839103698730469,0.11908888816833496,0.1192770004272461,0.1196889877319336,0.12011599540710449,0.12088298797607422,0.12813496589660645,0.12850594520568848,0.12891793251037598,0.12945890426635742,0.13001704216003418,0.1312558650970459,0.13242101669311523,0.132843017578125,0.1406998634338379,0.1418600082397461,0.14311599731445312,0.14392685890197754,0.14439702033996582,0.14499902725219727,0.14547991752624512,0.1460418701171875,0.14651203155517578,0.14690804481506348,0.14723801612854004,0.147568941116333,0.14905905723571777,0.14983797073364258,0.1503438949584961,0.15147805213928223,0.1529679298400879,0.1534590721130371],"env":"Tiger","ubs":[142.38962832763042,142.38962832763042,132.84150944799904,129.89121219899224,123.42416903476607,121.74047193001337,119.22017536239875,115.59766235731188,114.74041436964282,108.37689691689604,104.45896622279045,102.65091560719067,101.08705021053149,98.38962832763042,98.38962832763042,94.75556656315081,91.18173422294711,89.2560949435535,86.2029117996707,81.87148835836777,79.99266906618124,77.39616080253643,76.92318571173134,73.38571119613647,71.78863193264459,70.03300836564776,68.48649540403633,67.34725993790076,65.71960033930102,63.54986107117759,62.41503646141395,60.45891631178554,58.589924603931095,57.54537805458635,56.831910113711814,55.657347306166216,54.92037941539779,53.476324296775445,52.463957619017165,51.84902101896512,51.10527175253776,50.30821232375125,49.583260777870244,49.04958686737884,49.04958686737884,48.687653932835815,48.127241417260464,47.77917927676697,47.33905835016911,46.87212505256184,46.33677553320665,45.92784971795436,45.770050470180934,45.39533729145367,45.088124885623415,44.80381669139521,44.216240907611706,44.13791436421222,43.72272445352161,43.20000978329026,42.82028011389576,42.75223190160426,42.44192445888197,42.297535749186544,42.18309061689496,42.121283098829544,41.777765446875506,41.63262800943885,41.534835238281545,41.358723989355866,41.197880283668226,40.50640180900825,40.279009281551986,39.50361852781661,39.443128563191244,38.664932494017435,38.625587827303576,37.98107350878007,37.773261370890204,37.704480837430864,37.1754261453123,36.506113692827725,36.28853514604917,36.24118064709906,35.8772082281265,35.75086227480153,35.44017706117728,35.38885200893435,35.37475375320109,35.28022197551745,34.99221902503151,34.58438093550406,34.58438093550406,34.500115238791,34.332257214783255,34.23088942899812,34.024819766606605,33.86704115194058,33.79348707113731,33.56375590642272,33.51604725749108,33.41090490501195,33.31041744499737,33.298940054102616,33.295563762396895,33.28725365582798,33.25722983187099,33.25079557833769,33.248581432356644,33.24647980141006,33.24385020547551,33.126953690359436,33.09785506765863,33.06904374542368,33.02500082686052,32.958210641472164],"sim_r":null,"sim_rsigma":null,"solver":"SARSOP","env_full":"Tiger","final_lw":32.66652308072767,"timeout":false,"runtime":0.1534590721130371,"final_ub":32.958210641472164}