{"lbs":[0.011757495264079425,0.2888082887098219,0.40417790011772525,0.42814856116028965,0.4651782676762779,0.47253132908522827,0.4757547419831601],"times":[0.2840158939361572,0.28430795669555664,0.28450703620910645,0.2848799228668213,0.2856719493865967,0.29074788093566895,0.29103589057922363],"env":"FrozenLake4","ubs":[0.47967262760063256,0.47967262760063256,0.4796710116937379,0.4796704153082709,0.47967035931000146,0.4796701363980612,0.4796698222042093],"sim_r":null,"sim_rsigma":null,"solver":"EBIB-SARSOP","env_full":"Frozen Lake (4)","final_lw":0.4757547419831601,"timeout":false,"runtime":0.29103589057922363,"final_ub":0.4796698222042093}