{"lbs":[9.337144315209999,17.958491246692148,18.844874863662973,21.81164427784333,21.81164427784333,21.81164427784333,21.81164427784333,21.81164427784333,21.81164427784333,21.81164427784333,21.81164427784333,21.81164427784333,21.81164427784333,21.81164427784333,21.81164427784333,21.81164427784333,21.81164427784333,21.81164427784333,21.81164427784333,21.81164427784333,21.81164427784333,21.81164427784333,21.81164427784333,21.81164427784333,21.81164427784333,21.81164427784333,21.81164427784333,21.81164427784333,21.81164427784333,21.81164427784333,21.81164427784333,21.81164427784333,21.81164427784333,21.81164427784333,21.81164427784333,21.81164427784333,21.81164427784333,21.81164427784333,21.81164427784333,21.81164427784333,21.81164427784333,21.81164427784333,21.81164427784333,21.81164427784333,21.81164427784333,21.81164427784333,21.81164427784333,21.81164427784333,21.81164427784333,21.81164427784333,21.81164427784333,21.81164427784333,21.81164427784333,21.81164427784333,21.81164427784333,21.81164427784333,21.81164427784333,21.81164427784333,21.81164427784333,21.81164427784333,21.81164427784333,21.81164427784333,21.81164427784333,21.81164427784333,21.81164427784333,21.81164427784333,21.81164427784333,21.81164427784333,21.81164427784333,21.81164427784333,21.81164427784333,21.81164427784333,21.81164427784333,21.81164427784333,21.81164427784333,21.81164427784333,21.81164427784333],"times":[1.6357309818267822,1.6663901805877686,1.6667611598968506,1.6670501232147217,1.6673240661621094,1.6676139831542969,1.6678709983825684,1.6680850982666016,1.6683261394500732,1.6686201095581055,1.6688611507415771,1.669105052947998,1.6692121028900146,1.6693580150604248,1.6696350574493408,1.669867992401123,1.6699819564819336,1.6703591346740723,1.6707501411437988,1.6711251735687256,1.6715400218963623,1.6718621253967285,1.6721479892730713,1.6725270748138428,1.672720193862915,1.6732680797576904,1.6734721660614014,1.6739790439605713,1.6742000579833984,1.674424171447754,1.674787998199463,1.6752910614013672,1.675680160522461,1.675987958908081,1.6762640476226807,1.6764171123504639,1.676732063293457,1.67690110206604,1.6771869659423828,1.677354097366333,1.6779601573944092,1.6783699989318848,1.6789491176605225,1.6791021823883057,1.6793510913848877,1.679692029953003,1.6800141334533691,1.680406093597412,1.6806440353393555,1.6810011863708496,1.681183099746704,1.6815330982208252,1.682070016860962,1.6825220584869385,1.682969093322754,1.6831700801849365,1.6835410594940186,1.6837871074676514,1.6840760707855225,1.6842951774597168,1.6846191883087158,1.6850621700286865,1.6852941513061523,1.6856529712677002,1.6861000061035156,1.686293125152588,1.6864280700683594,1.6866991519927979,1.6871919631958008,1.687610149383545,1.6881921291351318,1.6883339881896973,1.688560962677002,1.6893680095672607,1.6895830631256104,1.6897311210632324,1.690298080444336],"env":"RockSample5","ubs":[22.473233948112174,22.473233948112174,22.473233948112174,22.473233948112174,22.473233948112174,22.473233948112174,22.45372982078074,22.43455726361394,22.43455726361394,22.415384706447142,22.396538082752173,22.396538082752173,22.394841033169147,22.374999601499326,22.37404456991712,22.261149510375546,22.22012649116866,22.18277265813185,22.169311841699667,22.169311841699667,22.169311841699667,22.161565433793122,22.1513978056565,22.147400652533456,22.143471451013504,22.13916774557475,22.13493720312845,22.128152270726744,22.121482682175866,22.121482682175866,22.121446522956777,22.117596238094926,22.11377586356336,22.11377586356336,22.11377586356336,22.113224389308723,22.1132041772843,22.1121672392923,22.11193908115097,22.11185965578491,22.108232714914305,22.10224147048607,22.10224147048607,22.101053157106,22.101053157106,22.101053157106,22.101053157106,22.101053157106,22.101053157106,22.101053157106,22.101053157106,22.101053157106,22.101053157106,22.101053157106,22.101053157106,22.101053157106,22.101053157106,22.101053157106,22.10062221308337,22.10057702639181,22.100380810535743,22.099637705111277,22.094510727318244,22.094510727318244,22.083311751542276,22.078094820250723,22.07659242582936,22.06945232190192,22.06719010588569,22.062926718168896,22.057507918534817,22.05440659115553,22.048544108933246,22.03805065041514,22.037533055392558,22.036301617633246,22.02782174270934],"sim_r":null,"sim_rsigma":null,"solver":"SARSOP","env_full":"RockSample ()","final_lw":21.81164427784333,"timeout":false,"runtime":1.690298080444336,"final_ub":22.02782174270934}