{"lbs":[0.018288843441564832,0.3949568038010687,0.5612017427356253,0.5746679509536656,0.5774593319152145,0.5782647074527791,0.5782647074527791,0.5927997862846385,0.595820959510781,0.5991652534765113,0.6001162704364286,0.6001162704364286,0.6001162704364286,0.6041975627423299,0.6051875812031108,0.6074525438665666,0.6080100370452538,0.6104533936358767,0.6104533936358767,0.6104533936358767,0.6104533936358767,0.6104533936358767,0.6104533936358767,0.6104533936358767,0.6116245869122775,0.6119646076264852,0.612114647727985,0.6127631157078791,0.6138382253819078,0.6138382253819078,0.6138382253819078,0.6138382253819078,0.6138382253819078,0.6138382253819078,0.614147625134678,0.614147625134678,0.614147625134678,0.6142269001490857,0.6142269001490857,0.6142269001490857,0.6142269001490857,0.6142269001490857,0.6142269001490857,0.6142489338535041,0.6142489338535041,0.6142489338535041,0.6142556370810037,0.6142556370810037,0.6142556370810037,0.6142588395859114,0.6142596164327389,0.6142598051725753,0.6142598051725753,0.6142598051725753,0.6142598509879927,0.6142599217240355,0.6142599217240355,0.6142599444285816,0.6142599444285816,0.6142599444285816],"times":[0.49605703353881836,0.5266208648681641,0.5273230075836182,0.532965898513794,0.5421040058135986,0.5432360172271729,0.5443930625915527,0.5453629493713379,0.5455269813537598,0.5467119216918945,0.5470609664916992,0.5521838665008545,0.5527238845825195,0.5547769069671631,0.5552380084991455,0.5578110218048096,0.5582308769226074,0.5609500408172607,0.5621328353881836,0.5622959136962891,0.5646350383758545,0.5652189254760742,0.5659308433532715,0.5698390007019043,0.5706479549407959,0.5744118690490723,0.5756299495697021,0.5791220664978027,0.5857968330383301,0.5863380432128906,0.5872280597686768,0.591454029083252,0.5919589996337891,0.5923008918762207,0.5928058624267578,0.5980339050292969,0.598505973815918,0.5990500450134277,0.5995059013366699,0.5997869968414307,0.6003830432891846,0.6065969467163086,0.6068809032440186,0.6073119640350342,0.6084010601043701,0.6087658405303955,0.6097240447998047,0.6161549091339111,0.6193828582763672,0.6259260177612305,0.6264958381652832,0.6269099712371826,0.6274440288543701,0.6280300617218018,0.6285710334777832,0.6348409652709961,0.6351668834686279,0.6359000205993652,0.6370558738708496,0.6381008625030518],"env":"FrozenLake4","ubs":[0.6643264578796039,0.6643264578796039,0.6621567713428146,0.6553225526519156,0.6533865610885536,0.6511064964678506,0.6460859409139795,0.643053287621844,0.6427168216422431,0.6427168216422431,0.6411064964678506,0.6401595515187545,0.6377728746706983,0.6337786832915369,0.6322608746057534,0.6322608746057534,0.6319603810134072,0.6319603810134072,0.6319603810134072,0.630467413750434,0.6279519415754284,0.627950006945772,0.627322361002275,0.627124673613615,0.6271052982726525,0.6270704451683314,0.627067029215577,0.627007189761619,0.6269708553669856,0.6259922928557399,0.6253356497452319,0.6250244733030346,0.6247888201286409,0.6247389847453633,0.624707699982114,0.6246271816688289,0.6239335331344147,0.6235766564357272,0.6233594096370989,0.6233381172783652,0.6232799421525722,0.6231803719266897,0.6229056278341415,0.6227177045659423,0.6226281181155118,0.6221523675084092,0.6219258250436757,0.621856993299705,0.6218418461110152,0.6218403615350517,0.6217326155485111,0.6217326155485111,0.6217326155485111,0.6213544747212115,0.6213227932856558,0.6212826266056733,0.6209535345731432,0.620662161892295,0.6206009615457174,0.6197741744622614],"sim_r":null,"sim_rsigma":null,"solver":"SARSOP","env_full":"Frozen Lake (4)","final_lw":0.6142599444285816,"timeout":false,"runtime":0.6381008625030518,"final_ub":0.6197741744622614}