{"lbs":[0.014171343524996428,0.3082678752876973,0.4526771365491956,0.4828545013802304,0.5140740499194316,0.5220367048055207,0.5297461538867557,0.5339142585853393],"times":[0.27541518211364746,0.27571702003479004,0.2759079933166504,0.2771751880645752,0.27735304832458496,0.28182220458984375,0.2821500301361084,0.2825660705566406],"env":"FrozenLake4","ubs":[0.5384210866275326,0.5384210866275326,0.5384202817746202,0.5384200239759972,0.5384199992675203,0.5384197951138741,0.5384196435082282,0.5384193412024108],"sim_r":null,"sim_rsigma":null,"solver":"BIB-SARSOP","env_full":"Frozen Lake (4)","final_lw":0.5339142585853393,"timeout":false,"runtime":0.2825660705566406,"final_ub":0.5384193412024108}