{"lbs":[9.683819560960002,14.52792360845443,16.647225847433972,18.749573668501675,18.81716075239849,18.884207139624127,18.884207139624127,18.884207139624127,18.884207139624127,18.884207139624127,18.884207139624127,18.884207139624127,18.884207139624127,18.884207139624127,18.884207139624127,18.884207139624127,18.884207139624127,18.884207139624127,19.564883870796454,20.56425893727997,22.392910936459753,22.668584548928724,22.75646864613938,22.9008866487898,22.938532239414993,22.944971195069883,22.944971195069883,22.944971195069883,22.944971195069883,22.944971195069883,22.944971195069883,23.00108327254718,23.056746453404656,23.056746453404656,23.056746453404656,23.056746453404656,23.056746453404656,23.187645570969394,23.317497495593614,23.317497495593614,23.317497495593614,23.317497495593614,23.317497495593614,23.317497495593614,23.317497495593614,23.317497495593614,23.317497495593614,23.317497495593614,23.317497495593614,23.317497495593614,23.317497495593614,23.317497495593614,23.317497495593614,23.317497495593614,23.317497495593614,23.317497495593614,23.317497495593614,23.317497495593614,23.317497495593614,23.317497495593614,23.317497495593614,23.317497495593614,23.317497495593614,23.34780503291093,23.377870109929706],"times":[4.080034017562866,4.113662958145142,4.1138880252838135,4.113929033279419,4.114068984985352,4.114119052886963,4.114294052124023,4.11445689201355,4.114603042602539,4.1147239208221436,4.114768028259277,4.114902019500732,4.115035057067871,4.1150829792022705,4.1151628494262695,4.115247964859009,4.115357875823975,4.115408897399902,4.115726947784424,4.116102933883667,4.116268873214722,4.116872072219849,4.1173179149627686,4.117438077926636,4.117608070373535,4.118052959442139,4.118360996246338,4.1188859939575195,4.119215965270996,4.119749069213867,4.12009596824646,4.1204938888549805,4.120585918426514,4.120847940444946,4.1214258670806885,4.121845006942749,4.122434854507446,4.123422861099243,4.123528957366943,4.124100923538208,4.125061988830566,4.1256139278411865,4.126594066619873,4.126978874206543,4.12724494934082,4.128062009811401,4.128653049468994,4.129020929336548,4.129956007003784,4.130362033843994,4.130698919296265,4.1315319538116455,4.132055997848511,4.132507085800171,4.133424997329712,4.133730888366699,4.134369850158691,4.135205030441284,4.135629892349243,4.135977029800415,4.136878967285156,4.137259006500244,4.137567043304443,4.139013051986694,4.139149904251099],"env":"RockSample5","ubs":[23.774039273708723,23.774039273708723,23.774039273708723,23.774039273708723,23.77403927370872,23.77403927370872,23.77403927370872,23.764432924704252,23.76443292470425,23.76443292470425,23.756280161373603,23.754903426491815,23.754903426491815,23.754903426491815,23.748032481273768,23.735573082694124,23.725889263133162,23.698480883051257,23.64867088773719,23.636511006721456,23.635686289942193,23.632407751506825,23.630324413312884,23.629842683238852,23.629504126346145,23.623526959519054,23.623526959519054,23.618507519487526,23.61319478718824,23.61277274943859,23.612737395370228,23.612737395370228,23.612737395370228,23.611952882481056,23.611729433611753,23.611729433611753,23.611729433611753,23.611729433611753,23.611634880259132,23.611319422054983,23.611173402105912,23.611173402105912,23.61080660777657,23.6098337705823,23.608360004321398,23.60644443944112,23.604544199079882,23.604178335224187,23.604092038580006,23.603586557162302,23.603459266182696,23.60238473883367,23.60024255426943,23.600070270647546,23.599851405596183,23.596784977494746,23.593277447162937,23.593277447162937,23.592831111995086,23.59281173296561,23.592811016203974,23.592810989693504,23.592409832302753,23.59239125319875,23.589671707199038],"sim_r":null,"sim_rsigma":null,"solver":"TIB-SARSOP","env_full":"RockSample ()","final_lw":23.377870109929706,"timeout":false,"runtime":4.139149904251099,"final_ub":23.589671707199038}