{"lbs":[-27.027027027027003,-17.271434802421037,-14.115724727418788,-7.541731037014199,-3.5106237604597963,-0.7927338240448687,2.7033942811364593,4.224688034757128,8.482597168491079,10.569352613565815,12.48512447500146,14.299324230521483,16.38830187753544,17.95882969093465,18.66698545130847,20.179393992951475,20.98047958415646,21.722557166412273,22.510812121718537,23.026501586936345,23.448683379269447,23.724881709831617,24.06335466938086,24.41208738040296,24.763507492139645,25.133100565591832,25.323099581200424,25.499190785220733,25.847777242512564,25.956370404987574,26.09736014290399,26.189597967808076,26.27442729335063,26.36234583746964,26.442259394521805,26.4741271287248,26.484235829837587,26.586656524337457,26.607480039181908,26.6612519628485,26.669693798936933,26.684173275180385,26.712620401323626,26.727816975169127,26.747116273709587,26.755818386028768,26.759742194899694,26.7809895547206,26.79057005378693,26.794889929909587,26.812507407696252,26.822399027192393,26.834802962695665,26.84485609615109,26.85498205674124,26.86408087152541,26.872749381122674,26.880760721641316,26.88437305940967,26.893522868549134,26.89927735934541,26.901872076720444,26.909762436766147,26.914490190015798,26.923638422121634,26.926688517690067,26.931936722545306,26.93430315405206,26.943045299188675,26.948547613638205,26.951028623932693,26.960859362541015,26.964979955246413,26.972174698671886,26.972854799235925,26.97705441175517,26.978143801687423,26.98159564733414,26.98268128840641,26.983654510838864,26.986261581707282,26.986738808203746,26.988332555855916,26.989059497187235,26.989706345042798,26.989744071475293,26.99102871764366,26.99193143439924,26.992508829978775,26.992561390421084,26.992775864281235,26.993113891653636,26.993172755479364,26.99319929735714,26.99329724128085,26.993400084709453,26.993493825673713,26.99353609375916,26.993555152567254,26.993634856603606,26.993746542203514,26.993760253271745,26.99382047988025,26.993894087518743,26.993904402081334,26.993929809770563,26.993989955452776,26.994010155879124,26.99404610498935,26.99405834576103],"times":[0.0042209625244140625,0.031494855880737305,0.03160285949707031,0.03170490264892578,0.03183102607727051,0.03200888633728027,0.03219294548034668,0.03243303298950195,0.03269386291503906,0.03290987014770508,0.03321385383605957,0.03348398208618164,0.03374791145324707,0.03406786918640137,0.03426790237426758,0.034567832946777344,0.03508281707763672,0.0354158878326416,0.03587794303894043,0.03651690483093262,0.03713583946228027,0.0375058650970459,0.03789186477661133,0.03833794593811035,0.038848876953125,0.0392909049987793,0.03967785835266113,0.0401308536529541,0.04065585136413574,0.04102897644042969,0.041532039642333984,0.04203987121582031,0.04255485534667969,0.04298901557922363,0.04344987869262695,0.0439000129699707,0.04577302932739258,0.04639482498168945,0.04699587821960449,0.04752802848815918,0.04799985885620117,0.04854702949523926,0.049089908599853516,0.051654815673828125,0.05321383476257324,0.0538029670715332,0.05438399314880371,0.0549468994140625,0.05634593963623047,0.05770683288574219,0.05831098556518555,0.059636831283569336,0.06009984016418457,0.06094002723693848,0.061311960220336914,0.06190299987792969,0.062039852142333984,0.06256294250488281,0.06296801567077637,0.0632779598236084,0.06361889839172363,0.06389904022216797,0.06403183937072754,0.06415104866027832,0.06455087661743164,0.06480693817138672,0.06504297256469727,0.0651710033416748,0.06567692756652832,0.066558837890625,0.06676602363586426,0.06734085083007812,0.0675649642944336,0.06803297996520996,0.06821203231811523,0.06856703758239746,0.06874895095825195,0.06919384002685547,0.06953001022338867,0.06969189643859863,0.07026195526123047,0.0704798698425293,0.0710909366607666,0.07194685935974121,0.07217192649841309,0.07225489616394043,0.0728299617767334,0.07352185249328613,0.07688403129577637,0.07724499702453613,0.07750201225280762,0.08129286766052246,0.0816500186920166,0.08196401596069336,0.08225893974304199,0.08257293701171875,0.08286404609680176,0.08306288719177246,0.08322000503540039,0.08354592323303223,0.08392500877380371,0.08419990539550781,0.08478999137878418,0.08521795272827148,0.08545494079589844,0.08571481704711914,0.08625102043151855,0.08654904365539551,0.0874638557434082,0.0879518985748291],"env":"Tiger","ubs":[118.82784197179889,118.82784197179889,109.35183492634249,106.44210732946954,100.17345886263678,98.52948361934969,96.0822972611032,92.56064847570961,91.71923832431779,85.69962876077074,82.76747828712527,80.33753157899301,77.30401680307504,74.82784197179889,74.82784197179889,69.11565364485973,66.32002498586999,64.06508105027729,62.193301192969905,60.30731102181554,60.122874656788554,58.52387704413016,57.816965206184165,56.36633878305261,55.234318917754415,53.62989811697672,51.255722908057166,50.440053610118895,49.60932598277374,47.65688586292049,46.17650694318213,45.36467460234911,44.839176340396534,43.94493954666581,43.12668920311573,42.46628519727197,41.868636464303435,41.67894699187262,41.01794194469983,40.87047004343741,40.04234145586548,39.630405121056164,39.39729514623466,39.01194964967675,38.84351633885139,38.752642485000024,38.64696183576483,38.47038245489086,38.442834786279946,38.368946494349544,38.17164312721361,37.97640523818126,37.753212848102486,37.532156780973025,37.34027161126434,37.143818228788035,37.00380196110095,36.66704882489074,36.50565811762442,36.38915783853248,36.09816559379031,35.945822351831026,35.83031013291193,35.632297563795916,35.38601410584326,34.75494406435668,34.53252556158258,34.423432679947936,34.13518906136778,33.452242045630165,33.08750882784241,33.004667106480746,32.27054300387073,32.082518123611905,31.409265319384062,31.241579658231032,30.866388399657154,30.839526968022756,30.172690698214417,29.954296594952645,29.910593068150973,29.323052350455207,29.31651331654656,29.02232970613207,28.957248176175334,28.805774447878775,28.7952611635317,28.573256290516632,28.357606330918046,28.10871359806585,28.10871359806585,28.045747044864438,27.83910487057991,27.83910487057991,27.828563717903414,27.79356161134645,27.73555906775522,27.706807973875655,27.7037020825207,27.701659122486664,27.640467605192956,27.567582087674857,27.555628381812625,27.50950413162625,27.440117945546177,27.431112391150453,27.41960097096898,27.35824761795435,27.322365512272775,27.252668572539328],"sim_r":null,"sim_rsigma":null,"solver":"SARSOP","env_full":"Tiger","final_lw":26.99405834576103,"timeout":false,"runtime":0.0879518985748291,"final_ub":27.252668572539328}