{"lbs":[-41.66666666666663,-31.346218296346184,-27.792607579537677,-20.063366776603104,-14.971836109399725,-11.608954142727896,-6.934189683456939,-2.988812533998589,0.66141181745291,2.288622927290467,7.40084318502633,10.373981359605256,12.86626346154977,15.343994907837804,16.503008228986435,18.20150336298606,20.592500110061927,22.177246944868212,23.8576140418213,25.366696426778347,26.717137519986984,28.053612578966675,30.28869313413127,31.54088065814651,32.33845729496633,33.19163162303556,34.00197906147488,34.66339836383814,35.336923483194155,35.90198614621873,35.94992771229799,36.470238622234945,36.9964259251771,37.43672745672211,37.65929920543698,38.035925684060786,38.668285180310974,38.714083571948734,39.372906569614614,39.720044103404945,39.94185083442571,40.17009685138298,40.41293191228679,40.6846796626851,40.78485989424638,41.001003280682504,41.27054329225369,41.43597551419471,41.617570652126155,41.72093404930351,41.806783361384845,41.893933212357624,41.93469946988117,42.00373970167414,42.07034394991251,42.15257089540509,42.221867362006975,42.254282306742176,42.30089613248609,42.323917697730806,42.3975881106858,42.432522333963135,42.47405055623051,42.50842295664758,42.548399780952465,42.56300360597689,42.588608951521195,42.619102877568324,42.632295575537825,42.641832366748275,42.67459186976966,42.69055123098132,42.70544422488227,42.72392703743155,42.72959652216457,42.73763554468174,42.75372283979469,42.75883199002514,42.7696290507071,42.77467961305855,42.785076500880876,42.79214269758982,42.800327791419406,42.808807929114536,42.812498442866385,42.81781573605103,42.82134611400167,42.825088991732365,42.82863711552355,42.83447793289601,42.83585650480361,42.838193261923664,42.83928633140643,42.8405890619862,42.841709750102524,42.84284335744149,42.84713247063811,42.84769282665431,42.8505751088439,42.8509657141761,42.85480058474215,42.85686769265233,42.85731527380619,42.857757871160686,42.85871823323697,42.8595955167857,42.8610984742394,42.861343707778715,42.86222571645134,42.863426785373086,42.863660223509385,42.863868416141194,42.864250580198174,42.86434927755802,42.86481296971439,42.865310923320436,42.865660219509294,42.86608143431111,42.866288228598094,42.86647318291151,42.866511180917115,42.866714013496384,42.866855991046975,42.86696086082355,42.86701727576783,42.86703808587879,42.86712309651104,42.86719650814371,42.86720655499157,42.867248077415425,42.867275361895366,42.86729241579915],"times":[0.005402803421020508,0.032483816146850586,0.03266286849975586,0.03286886215209961,0.03313899040222168,0.03351187705993652,0.03391695022583008,0.03438282012939453,0.03492093086242676,0.03557586669921875,0.03621196746826172,0.03695797920227051,0.03774285316467285,0.038701772689819336,0.039865970611572266,0.04086899757385254,0.04190182685852051,0.0429539680480957,0.04399299621582031,0.04578590393066406,0.04777193069458008,0.04889392852783203,0.05107378959655762,0.052179813385009766,0.05491495132446289,0.05787086486816406,0.06110382080078125,0.06466794013977051,0.06650495529174805,0.0706019401550293,0.0707859992980957,0.07523894309997559,0.0799868106842041,0.08517694473266602,0.08558487892150879,0.08749890327453613,0.08957695960998535,0.08980584144592285,0.09556198120117188,0.09714984893798828,0.10315489768981934,0.10976886749267578,0.11658191680908203,0.15459489822387695,0.1548449993133545,0.15710091590881348,0.1645808219909668,0.16663789749145508,0.17578387260437012,0.17788481712341309,0.17838096618652344,0.1813669204711914,0.1816728115081787,0.18227601051330566,0.18463587760925293,0.1961228847503662,0.2000749111175537,0.200455904006958,0.20294880867004395,0.2034299373626709,0.2063307762145996,0.20817089080810547,0.220930814743042,0.23505377769470215,0.23837900161743164,0.23885083198547363,0.24198579788208008,0.24478578567504883,0.24541878700256348,0.2460038661956787,0.25,0.253018856048584,0.2564389705657959,0.2758629322052002,0.278613805770874,0.2793138027191162,0.2829909324645996,0.2838399410247803,0.2878389358520508,0.2887289524078369,0.2923579216003418,0.2952718734741211,0.2994508743286133,0.3021857738494873,0.3052067756652832,0.308459997177124,0.31149983406066895,0.31448888778686523,0.3174269199371338,0.32021379470825195,0.32114195823669434,0.32443785667419434,0.32613587379455566,0.32842397689819336,0.32984280586242676,0.3316009044647217,0.3343238830566406,0.33536291122436523,0.33704400062561035,0.3381369113922119,0.3406338691711426,0.3431580066680908,0.34415483474731445,0.3454248905181885,0.34734296798706055,0.349193811416626,0.3510448932647705,0.351956844329834,0.3541598320007324,0.3573789596557617,0.3588278293609619,0.3597738742828369,0.3613009452819824,0.36188483238220215,0.3637428283691406,0.3664579391479492,0.3684818744659424,0.37099385261535645,0.372971773147583,0.3747289180755615,0.37567782402038574,0.3778870105743408,0.37978482246398926,0.3812739849090576,0.3833119869232178,0.38440585136413574,0.3867838382720947,0.3894789218902588,0.39046192169189453,0.3938899040222168,0.39662885665893555,0.4502718448638916],"env":"Tiger","ubs":[184.7647208318256,184.7647208318256,175.1319419114592,172.1337507769684,165.64245160328568,163.91722683286878,161.14491860270567,157.5169646841008,152.83054094892975,148.98743912631974,148.577447727058,145.23528976673498,141.30156967514557,140.7647208318256,140.7647208318256,133.91295979767352,130.137546627118,125.78373087114372,123.2973136448405,120.87243645087023,118.11074407043738,115.699526325065,112.46231464721788,109.50674198496307,105.87552157185854,103.77803611257241,102.51279204942402,100.24538774085966,98.15623876950748,96.2279265370349,94.82084914843294,94.09263800331306,92.44813001060487,90.80471872849613,89.29848195523091,88.1546783019335,87.14060054944699,84.94921080470755,84.60258299768944,82.02267135043596,80.32682474265425,78.73632577409785,77.46394858807263,77.01010820891854,74.63388691831314,74.46486237394373,73.72996273549927,71.25142104337925,70.62066454904996,69.33478055141056,68.78981214410467,67.79407115315561,67.09160037186246,66.7432537687464,66.21441806261569,65.16471417395522,64.2123624141781,63.1759426353573,62.759320531584095,62.010594040272835,61.56351254415415,60.52852038939764,59.85138993183695,59.00687831374351,58.36966809208598,57.550432588024506,57.34060215476824,56.72522444969805,56.13958807802837,55.79079257366969,55.624875305230326,54.527144659883845,54.18691924938234,54.03529119003586,53.348616973277295,53.03338108340431,52.95783562102791,52.25145163545359,52.07592474731041,51.64121236101386,51.59160279614826,51.3215050809377,51.01456329359764,50.51491507249822,50.12096374953407,49.85461218591643,49.485713527715504,49.264641936456485,49.061227132093585,48.910101237904435,48.48052683885112,48.441567112881316,48.25906116771955,48.229358369563684,48.183443462158564,48.1316292150081,48.09131656606925,47.64452358555201,47.547972001453246,47.17224048397658,47.1446839389665,46.58612066536074,46.23304653648066,46.152252962234925,46.08419973948109,45.927314101622514,45.755062178576594,45.44014553340476,45.40305009699298,45.19830374095214,44.890838412938244,44.80756970794761,44.78314506286582,44.66718131843542,44.62244957116491,44.42554331318225,44.25973165120274,44.12540842088163,44.00753842379869,43.91628319585874,43.81832312681002,43.80639527243502,43.717525593235266,43.63589999660757,43.55203336402887,43.509120611030895,43.50854756862269,43.4308381704878,43.34909667459889,43.34905840002018,43.30700414178804,43.27167114738319],"sim_r":null,"sim_rsigma":null,"solver":"SARSOP","env_full":"Tiger","final_lw":42.86729241579915,"timeout":false,"runtime":0.4502718448638916,"final_ub":43.27167114738319}