{"lbs":[-27.027027027027003,-24.374751687027004,-19.980487428456527,-16.889664139783463,-13.431604246340285,-9.740383055973325,-7.242377447073467,-4.5811882250385985,-2.387050863155058,-0.4913393907188335,2.2217542736855362,3.9553651844711655,5.740260625273345,7.276931959998876,9.011435366950527,9.17790981045843,10.352243360519392,11.461854695076122,12.486703832393893,12.739081472744969,13.562936385444942,14.510320500107824,15.30897755636914,16.18936225867553,16.946447286456362,17.287819224566377,18.297147914420407,18.837717453614555,19.0814619004158,19.74853389708458,20.159223797373883,20.645189909613805,21.132864316612128,21.51442137023522,21.825729270898783,22.252742784967086,22.401858593914806,22.665933786793175,22.971865219417747,23.281366735084234,23.539195066771434,23.88507343664016,24.129873605527557,24.319425334925356,24.48134190706314,24.678832703396854,24.855556336048252,25.032539887090923,25.17175784877695,25.279294471463032,25.419778698260455,25.552950377597,25.6776359089561,25.762438965644364,25.875888786952018,25.945436520220994,26.04560829628211,26.088771092079753,26.165768355881568,26.214567846187535,26.289718422988564,26.33944171429787,26.398058905849435,26.44934103279985,26.485254257264522,26.516021654962884,26.55961181069545,26.58546442320776,26.613937037575795,26.646392856026736,26.676720931771584,26.7035782442847,26.723022883484813,26.740814295828134,26.76397399862555,26.782695030621493,26.801047316871948,26.81728053617676,26.829192544530045,26.840255259361783,26.854231764366407,26.865602704712256,26.876757749417074,26.886626145005604,26.893867394207916,26.89997221096793,26.908546923894058,26.915523460919257,26.922315697634467,26.928366023521548,26.93278360181482,26.936515731203226,26.941678150422,26.945969702526433,26.950136850847016,26.95384247696628,26.95728342213569,26.960408641318026,26.963279055753098,26.965900497497433,26.968301469946226],"times":[0.009427785873413086,0.036810874938964844,0.03756999969482422,0.03770279884338379,0.03883981704711914,0.04033088684082031,0.0404658317565918,0.04059290885925293,0.04072380065917969,0.040869951248168945,0.04262995719909668,0.042810916900634766,0.042973995208740234,0.04309391975402832,0.04524683952331543,0.04531383514404297,0.0456387996673584,0.04571986198425293,0.04610085487365723,0.0461728572845459,0.04636883735656738,0.046556949615478516,0.04690194129943848,0.0470738410949707,0.04725980758666992,0.047479867935180664,0.050163984298706055,0.05041790008544922,0.050560951232910156,0.050813913345336914,0.05105996131896973,0.05130195617675781,0.051576852798461914,0.05185580253601074,0.05201983451843262,0.052188873291015625,0.055438995361328125,0.055612802505493164,0.05593991279602051,0.05625581741333008,0.05648398399353027,0.06015896797180176,0.06178593635559082,0.06211400032043457,0.06614089012145996,0.06649088859558105,0.06844091415405273,0.06872892379760742,0.06901693344116211,0.07086896896362305,0.07110881805419922,0.07138299942016602,0.07172584533691406,0.07201290130615234,0.07245278358459473,0.07266592979431152,0.07698392868041992,0.07740998268127441,0.07767391204833984,0.07799077033996582,0.0824887752532959,0.08275079727172852,0.087615966796875,0.08818483352661133,0.08848690986633301,0.09066486358642578,0.0959317684173584,0.09621977806091309,0.09653592109680176,0.09689188003540039,0.0975649356842041,0.09993290901184082,0.10020184516906738,0.10093879699707031,0.10320186614990234,0.1040339469909668,0.10629677772521973,0.10720086097717285,0.10746097564697266,0.10791587829589844,0.10889983177185059,0.11117792129516602,0.11223077774047852,0.11449599266052246,0.11476492881774902,0.12071681022644043,0.1264958381652832,0.1277937889099121,0.13034582138061523,0.13173198699951172,0.1319599151611328,0.13464593887329102,0.13607287406921387,0.1385338306427002,0.14001798629760742,0.14247679710388184,0.14403295516967773,0.14650678634643555,0.1481478214263916,0.15060877799987793,0.15233397483825684],"env":"Tiger","ubs":[58.321181789513375,58.321181789513375,53.44966150354067,52.15080966375121,51.7946143985394,51.31112791483285,49.40996723444088,48.545121440314034,48.11980472488688,47.96725649355575,47.91102105870871,46.207698758257344,45.279273044316604,44.90655177826169,44.752704748116,43.62545153272109,43.62545153272109,42.54638892085653,41.93329930913999,41.733219995922646,41.733219995922646,41.57242858122031,41.25092635228409,41.2052687519206,40.8011695846227,40.564959872943874,40.38667154608608,39.40281187221101,39.35638716245913,38.70035806163354,38.6173002409312,38.33926447281473,38.08730675897911,37.4198131789787,37.35727021060825,37.123922553024514,37.04774012507597,36.010010483414945,35.79551658836269,35.70359337772425,35.35538014031597,35.32938603845472,34.356411396887594,33.770362070097434,33.770362070097434,33.51941039248436,33.51941039248436,33.12817389782063,32.78574138475976,32.61551023256183,32.425075068019815,32.30938301808404,32.016459208932964,31.589414900201568,31.569645628571134,31.12285888517613,31.070031022808102,30.757651666236924,30.477306458886687,30.364586741510863,30.318110922673128,29.943238953639714,29.842621660094498,29.63350682209632,29.41855745614962,29.418486562613676,29.282208452912737,29.051709371765067,29.006963913313747,28.998324599932086,28.896238971920646,28.71073654036446,28.589558538476506,28.556179884465035,28.440010807555314,28.322824306577623,28.21907184263554,28.121805015215376,28.032923107892227,28.032923101621577,27.955136993372676,27.876492717520915,27.80790331522064,27.743158691307407,27.684173581060904,27.684173581060904,27.64973847542589,27.581728152197876,27.54195220174161,27.495953712957935,27.45742526155264,27.457425261552086,27.43021381206345,27.391918413694082,27.362069300957472,27.332357675371163,27.305902902839758,27.28116544693737,27.258534889092232,27.23762962440331,27.218401490933516],"sim_r":null,"sim_rsigma":null,"solver":"ETIB-SARSOP","env_full":"Tiger","final_lw":26.968301469946226,"timeout":false,"runtime":0.15233397483825684,"final_ub":27.218401490933516}