{"lbs":[9.29920776976,13.95963563163518,15.776955972516223,17.5615645472614,17.588952646533706,17.60440219646571,17.64646876798434,17.64646876798434,17.66805473545348,17.66805473545348,17.66805473545348,17.66805473545348,17.66805473545348,17.66805473545348,17.66805473545348,19.159388563911072,20.645075803511123,20.645075803511123,20.645075803511123,20.645075803511123,20.645075803511123,20.645075803511123,20.645075803511123,20.645075803511123,20.681996014365076,20.710970796481675,20.752590982081443,20.858170887437502,20.858170887437502,20.882502175308197,20.906395499997224,21.02348656485878,21.138469990552828,21.138469990552828,21.138469990552828,21.289186975039268,21.437191053804945,21.437191053804945,21.437191053804945,21.437191053804945,21.437191053804945,21.437191053804945,21.437191053804945,21.437191053804945,21.437191053804945,21.437191053804945,21.437191053804945,21.437191053804945,21.437191053804945,21.437191053804945,21.437191053804945,21.437191053804945,21.437191053804945,21.437191053804945,21.437191053804945,21.437191053804945,21.437191053804945,21.437191053804945,21.437191053804945,21.437191053804945,21.437191053804945,21.437191053804945,21.437191053804945,21.437191053804945,21.437191053804945,21.437191053804945,21.437191053804945,21.437191053804945,21.437191053804945,21.437191053804945,21.437191053804945,21.437191053804945,21.437191053804945,21.437191053804945,21.437191053804945,21.437191053804945,21.437191053804945,21.437191053804945,21.437191053804945,21.437191053804945,21.437191053804945,21.437191053804945,21.437191053804945,21.488591303217802,21.539066348141226,21.539066348141226,21.539066348141226,21.539066348141226,21.539066348141226,21.539066348141226,21.539066348141226,21.539066348141226,21.539066348141226,21.539066348141226,21.539066348141226,21.539066348141226,21.539066348141226,21.539066348141226,21.539066348141226,21.639107887179456,21.639107887179456,21.639107887179456,21.639107887179456,21.639107887179456,21.639107887179456,21.639107887179456,21.639107887179456,21.639107887179456,21.639107887179456,21.639107887179456,21.639107887179456,21.639107887179456,21.639107887179456,21.639107887179456,21.639107887179456,21.639107887179456,21.639107887179456,21.639107887179456,21.639107887179456],"times":[1.961575984954834,1.9956259727478027,1.9958100318908691,1.995851993560791,1.995934009552002,1.9959819316864014,1.9960319995880127,1.9960801601409912,1.9963080883026123,1.9964489936828613,1.9966139793395996,1.996751070022583,1.9967961311340332,1.9969420433044434,1.9971120357513428,1.9974250793457031,1.997481107711792,1.9975991249084473,1.9977009296417236,1.9978580474853516,1.997920036315918,1.9981420040130615,1.998311996459961,1.9984660148620605,1.9989960193634033,1.9990980625152588,1.9994490146636963,1.999526023864746,2.000054121017456,2.0007259845733643,2.0008130073547363,2.0014150142669678,2.0015079975128174,2.0018420219421387,2.0023670196533203,2.0028390884399414,2.0032010078430176,2.0034849643707275,2.003786087036133,2.004581928253174,2.005218982696533,2.005946159362793,2.006330966949463,2.0070760250091553,2.0074620246887207,2.0081710815429688,2.008553981781006,2.008991003036499,2.0097169876098633,2.0099940299987793,2.010193109512329,2.011108160018921,2.011305093765259,2.011636972427368,2.012514114379883,2.012860059738159,2.0131280422210693,2.0139551162719727,2.0143799781799316,2.014672040939331,2.0156030654907227,2.0159730911254883,2.0163040161132812,2.0170819759368896,2.0173850059509277,2.017730951309204,2.018602132797241,2.0192220211029053,2.0202219486236572,2.020599126815796,2.021635055541992,2.0221550464630127,2.0231339931488037,2.023514986038208,2.0239360332489014,2.0249199867248535,2.0253090858459473,2.0258121490478516,2.026746988296509,2.0270121097564697,2.0272750854492188,2.027631998062134,2.0290679931640625,2.0297601222991943,2.0299110412597656,2.0308220386505127,2.031330108642578,2.0317561626434326,2.0331130027770996,2.0334911346435547,2.033777952194214,2.034156084060669,2.03499698638916,2.0353410243988037,2.035572052001953,2.0358920097351074,2.036126136779785,2.0363731384277344,2.03725004196167,2.037966012954712,2.038316011428833,2.038578987121582,2.039466142654419,2.040292978286743,2.0415079593658447,2.042088031768799,2.0432960987091064,2.043790102005005,2.0442421436309814,2.0454249382019043,2.045999050140381,2.0463459491729736,2.0474231243133545,2.047919988632202,2.0483510494232178,2.0496089458465576,2.050110101699829,2.050373077392578,2.0507900714874268],"env":"RockSample5","ubs":[22.333623919448847,22.333623919448847,22.333623919448847,22.333623919448847,22.333623919448847,22.333623919448847,22.313077319881565,22.296086881850552,22.292900559106492,22.292900559106492,22.292900559106492,22.292900559106492,22.278653945329623,22.27272379833142,22.27272379833142,22.27272379833142,22.27272379833142,22.252910219250293,22.250992650762402,22.230069433280434,22.135396833603714,22.06758527674536,22.05141602192012,22.05033043318943,22.036925700354086,22.032389837676973,22.01999868889877,22.01999868889877,22.01999868889877,22.009592786938082,22.00890847815166,21.998017891197996,21.997651924894196,21.997292545983864,21.997292545983864,21.997292545983864,21.996423345265704,21.99556979016047,21.99556979016047,21.99540537803503,21.99540537803503,21.99224061001064,21.987719168206425,21.979527575127115,21.979527575127115,21.97933417315496,21.97933417315496,21.97933417315496,21.976138195913485,21.97542811260291,21.975380438269852,21.974357735989322,21.968807352717334,21.968807352717334,21.96640346168634,21.966389170766863,21.966388835143196,21.966388835143196,21.966388835143196,21.966388835143196,21.963190688347026,21.95767512393539,21.95755802823836,21.95636208021318,21.955986873904557,21.95596967186605,21.94912956963085,21.94073783530379,21.94073783530379,21.94073783530379,21.94073783530379,21.94073783530379,21.94073783530379,21.94073783530379,21.94073783530379,21.940737835303786,21.940737835303786,21.93930994560602,21.93930994560602,21.931618688898766,21.931618688898766,21.902174190812303,21.902174190812303,21.902174190812303,21.902174190812303,21.902174190812303,21.902174190812303,21.902174190812303,21.902174190812303,21.902174190812303,21.902174190812303,21.902174190812303,21.889505676317338,21.88914168948982,21.882577905164162,21.872300840395106,21.916813298354157,21.91592904878855,21.87142601690563,21.870269564679795,21.86827196667869,21.866831579989842,21.86641060857498,21.86430469192166,21.86430469192166,21.86430469192166,21.86430469192166,21.86430469192166,21.86430469192166,21.86430469192166,21.86430469192166,21.86430469192166,21.86430469192166,21.86430469192166,21.86430469192166,21.86430469192166,21.860743253426847,21.85685265602871,21.854691795733018],"sim_r":null,"sim_rsigma":null,"solver":"ETIB-SARSOP","env_full":"RockSample ()","final_lw":21.639107887179456,"timeout":false,"runtime":2.0507900714874268,"final_ub":21.854691795733018}