{"lbs":[-55.55555555555551,-38.15878803089373,-34.79089447011958,-26.102147679092752,-17.490534520770527,-13.281676691442843,-11.61040950258286,0.5008768498933508,5.251835904588735,9.007976342168387,11.728672427083684,15.181020861653368,18.179131792265096,24.149643715400394,27.010544262914983,29.75927540782889,32.24595513108343,33.987122106939744,35.31006185328714,37.036082678285084,38.578272131173236,40.06132377543206,41.37939131678766,42.006391047544824,44.6253830860312,46.59136544009807,47.061804816883054,49.09348091411427,49.45339202583919,51.03596706505034,51.406272180776206,51.79310600274725,52.362000947120976,52.99954547321387,53.228199136047714,53.70057093304126,53.83339312360053,54.514689881200425,54.76517192817522,54.884325287988005,55.05900553242662,55.28885986708163,55.450213723054496,55.54568225843194,55.61583867533726,55.97022772675571,56.15492413245537,56.25435336664304,56.3016514762687,56.39117901725109,56.50320216796608,56.58693187419805,56.67083661643382,56.741689575425795,57.00904938695378,57.20191750312246,57.261452181108396,57.405013951019626,57.41510530619692,57.435007184541234,57.449274851980526,57.56568396094863,57.592599437170996,57.61149364632455,57.6237526967015,57.6574080363821,57.70484729688601,57.74896452253857,57.76547172384842,57.76853588446022,57.79522977268725,57.79841128282011,57.810783352865954,57.81824250607773,57.8314669763106,57.8399795611772,57.86278351274534,57.8637543709369,57.87445155651173,57.885665262523474,57.88673097688727,57.88800173353674,57.889113183936885,57.89236116443907,57.895286862984015,57.898503828815265,57.900222488118125,57.90615444874486,57.90896133585756,57.90998624896645,57.91292096859843,57.9140570660999,57.91626657250359,57.91683998335192,57.9173791823835,57.91803391551164,57.91869660808034,57.919303534660884,57.920086216347016],"times":[0.01316213607788086,0.013352155685424805,0.013611078262329102,0.013957977294921875,0.014419078826904297,0.015043020248413086,0.015752077102661133,0.016499996185302734,0.017332077026367188,0.018447160720825195,0.01958918571472168,0.020852088928222656,0.022155046463012695,0.023395061492919922,0.02489018440246582,0.026327133178710938,0.028162002563476562,0.030770063400268555,0.03364706039428711,0.0637211799621582,0.06713008880615234,0.07051801681518555,0.07462215423583984,0.07933902740478516,0.08131599426269531,0.08325719833374023,0.08347201347351074,0.08544206619262695,0.08568310737609863,0.08783102035522461,0.09416317939758301,0.10147905349731445,0.10484814643859863,0.1080009937286377,0.1097860336303711,0.11318206787109375,0.11353802680969238,0.11637616157531738,0.11887311935424805,0.11918497085571289,0.12206816673278809,0.12500810623168945,0.12688398361206055,0.12731313705444336,0.12766003608703613,0.12952208518981934,0.13129401206970215,0.1327071189880371,0.13309812545776367,0.13359808921813965,0.1350390911102295,0.13567399978637695,0.13620901107788086,0.1376171112060547,0.14049315452575684,0.14314508438110352,0.14426708221435547,0.14671802520751953,0.14733314514160156,0.14816713333129883,0.1485459804534912,0.1512010097503662,0.1522819995880127,0.15279316902160645,0.15352106094360352,0.15447711944580078,0.15616416931152344,0.15858006477355957,0.15945911407470703,0.16018319129943848,0.16225719451904297,0.16255712509155273,0.16373705863952637,0.16429710388183594,0.16560912132263184,0.16618108749389648,0.16933917999267578,0.16982412338256836,0.17195510864257812,0.17435812950134277,0.17494797706604004,0.17553019523620605,0.1760411262512207,0.17699599266052246,0.17763304710388184,0.17864608764648438,0.17914700508117676,0.18243718147277832,0.18367600440979004,0.18455219268798828,0.18735313415527344,0.1884160041809082,0.2061481475830078,0.20731306076049805,0.20855307579040527,0.20977306365966797,0.21118807792663574,0.2128009796142578,0.2154991626739502],"env":"Tiger","ubs":[145.99427649079837,145.99427649079837,138.36474614375297,137.26276759332768,133.3117816588899,129.6179866829828,128.59221119966415,127.97007409362845,124.04977827647295,120.67542361074808,119.36652017448762,118.70595631484926,115.78290034940761,114.90730934262835,110.80278839476227,108.34808014250405,105.53781861113646,102.69294012534726,102.05545168560374,101.532999643136,99.32412969717845,97.7331989619447,96.90832112801306,96.90832112801306,94.04566409472034,91.3803689669621,88.82165344380758,88.08321400310973,85.39223686754255,85.13219646809083,82.30431500709852,81.75513159859312,80.92210586958919,80.27427844966931,79.33461537593983,79.08793703580979,78.23259627869861,77.75182617521011,76.0705508805089,75.36211756202788,75.09832141500146,74.5926529263289,73.90432658441229,73.71833664532004,73.57158147685696,73.38082092286774,72.35851104500652,71.67526687979642,71.34452346316905,71.22215976767255,70.94157710769974,70.36008905972852,70.1796282690225,69.70891175119041,69.3541030938419,68.17629225833336,66.92172842218537,66.49563759780517,65.46982312325324,65.42524181825317,65.35151888260498,65.26931830476877,64.14883821245624,63.88736245225435,63.7190754340005,63.67487145723286,63.27648008845606,62.766356376691824,62.10317957551967,61.92389185883918,61.885866388948614,61.51055593893729,61.45506227038875,61.28297862129051,61.19730832057222,60.9689422274118,60.87405650727818,60.413659605539436,60.371386828429706,60.10525980512725,59.86257607446895,59.825263619110856,59.795982725047566,59.77529010007626,59.70303459241104,59.632177572966974,59.51528485053351,59.47833323286055,59.2223585874272,59.10199872413163,59.05531939971918,58.887992464691905,58.82295769172259,58.67251705026059,58.64609683792412,58.6007665805686,58.55580244257459,58.506597650223256,58.45184961541641],"sim_r":null,"sim_rsigma":null,"solver":"BIB-SARSOP","env_full":"Tiger","final_lw":57.920086216347016,"timeout":false,"runtime":0.2154991626739502,"final_ub":58.45184961541641}