{"lbs":[0.013477367891959746,0.29840244058297455,0.42977632422557027,0.45591908575418905,0.4856974331666238,0.492910811508916,0.5002811931619265,0.5041507145483595],"times":[0.3222651481628418,0.32256317138671875,0.3227570056915283,0.32381296157836914,0.324005126953125,0.3274049758911133,0.32770204544067383,0.32808804512023926],"env":"FrozenLake4","ubs":[0.5082521632192527,0.5082521632192527,0.5082502554908055,0.508249578741185,0.5082495145395728,0.5082493081374395,0.5082489586060633,0.5082484808857776],"sim_r":null,"sim_rsigma":null,"solver":"EBIB-SARSOP","env_full":"Frozen Lake (4)","final_lw":0.5041507145483595,"timeout":false,"runtime":0.32808804512023926,"final_ub":0.5082484808857776}