{"lbs":[0.013750948331100285,0.30231570470942504,0.4388082099575463,0.46652625234776973,0.49686999448056196,0.5043762401299315,0.5118803911122275,0.5158667481310256],"times":[0.2322399616241455,0.23253393173217773,0.23271894454956055,0.2337028980255127,0.23386478424072266,0.24425387382507324,0.24453997611999512,0.24492478370666504],"env":"FrozenLake4","ubs":[0.5201198837538501,0.5201198837538501,0.5201190726710174,0.5201188196501865,0.5201187955480294,0.520118719656779,0.5201185854273103,0.5201183462612866],"sim_r":null,"sim_rsigma":null,"solver":"BIB-SARSOP","env_full":"Frozen Lake (4)","final_lw":0.5158667481310256,"timeout":false,"runtime":0.24492478370666504,"final_ub":0.5201183462612866}