{"lbs":[-26.315789473684188,-10.8948502170065,-8.320586050023707,-0.3139483788770576,3.38531069745149,5.381050464930114,7.429682032690923,9.037489556069037,14.053714664172901,16.37289529589011,17.606839504900172,18.615803868546738,20.38130874311043,21.71843537186331,22.270473080185226,22.77189446443971,23.195462034992683,23.558479386227706,23.942812168623842,24.22895566907141,24.543317856437795,24.940326911316728,25.138830140083265,25.270028920873436,25.485225823473026,25.57303115495192,25.650179892943427,25.766585621637255,25.779952765482506,25.781816909715424,25.84701366727215,25.87595073011505,25.888961480028406,25.89481140385195,25.963327386287407,25.993720817478035,26.046222342815415,26.06871685979859,26.078830897165787,26.106343503276385,26.110180333836997,26.143486344198987,26.14827539311526,26.15042865649623,26.15674960316756,26.165780982667314,26.173146900632787,26.174835137401644,26.185934279062266,26.18721479864297,26.190221750913842,26.192149494041196,26.194368243334218,26.197070854899113,26.199283608684922,26.20434444448098,26.20687050542864,26.210468580337142,26.212584620813786,26.21379829975824,26.21618216630737,26.2175999943143,26.218521667963874,26.21921108071574,26.21952105609059,26.220002236122827,26.220540484701242,26.221090568416216,26.221462935430257],"times":[0.007788896560668945,0.007916927337646484,0.008020877838134766,0.008148908615112305,0.008265972137451172,0.008434057235717773,0.008564949035644531,0.008743047714233398,0.008980989456176758,0.00914907455444336,0.009347915649414062,0.009506940841674805,0.009713888168334961,0.009902000427246094,0.010081052780151367,0.010272026062011719,0.010469913482666016,0.010668039321899414,0.010865926742553711,0.011005878448486328,0.011215925216674805,0.011419057846069336,0.011610031127929688,0.011811971664428711,0.012040853500366211,0.012290000915527344,0.012471914291381836,0.012733936309814453,0.013005971908569336,0.01312398910522461,0.013401985168457031,0.013540983200073242,0.013690948486328125,0.013826847076416016,0.014153003692626953,0.014347076416015625,0.014677047729492188,0.014801025390625,0.014932870864868164,0.015241861343383789,0.015393972396850586,0.017425060272216797,0.01759195327758789,0.017735004425048828,0.01788187026977539,0.018024921417236328,0.01817607879638672,0.018297910690307617,0.01863884925842285,0.018764972686767578,0.0188748836517334,0.018980979919433594,0.019067049026489258,0.019208908081054688,0.01928997039794922,0.01955890655517578,0.019685983657836914,0.019984006881713867,0.020205020904541016,0.020370006561279297,0.020745038986206055,0.022986888885498047,0.02549290657043457,0.025789976119995117,0.025867938995361328,0.0260770320892334,0.026340961456298828,0.026552915573120117,0.026752948760986328],"env":"Tiger","ubs":[67.99152957510917,67.99152957510917,60.66973750599976,59.61369082836626,55.71153041049544,54.73514806549241,54.05868300870701,52.4443135813479,51.5264911076603,48.61559671620699,46.4719805895758,45.18054145139714,44.33702398034015,42.50966237716656,40.97525240869382,39.752921824266565,39.14448395583093,38.30846532407597,37.58852086808726,37.07342048559832,36.826048754739546,35.768208993629365,34.85431526231113,33.99261959908638,33.44878034109468,32.569001935466545,32.30933079387119,31.907700166940504,31.12291293805666,30.9733492312274,30.86792305905586,30.50783537174857,30.451505242926483,30.421648970542456,30.403706321204126,30.053143244486513,29.73270928092655,29.290960714075972,29.10402477835847,29.02752693497887,28.79908847419184,28.764722695814694,28.30422059716694,28.30422059716694,28.271668687022597,28.221910208355826,28.150384659641233,27.977481549896858,27.933360110213464,27.714064540297606,27.66614581320104,27.62393609759954,27.58810408297493,27.53789485307533,27.45280840754487,27.42608207251732,27.242660301232778,27.17722490897665,27.053165273297214,26.97234135674921,26.87843091530931,26.774870586998567,26.663205271531602,26.598204720141744,26.570446520606595,26.559547519624207,26.536017675936634,26.493538575572877,26.458238723592444],"sim_r":null,"sim_rsigma":null,"solver":"BIB-SARSOP","env_full":"Tiger","final_lw":26.221462935430257,"timeout":false,"runtime":0.026752948760986328,"final_ub":26.458238723592444}