{"lbs":[-30.303030303030276,-11.726270617503157,-9.229304657233271,-6.792936938616677,2.1023278365786755,5.035240420085961,8.421567807238269,10.612167440020723,13.368731761618996,16.035498101779368,18.36173170301447,19.54999780263439,21.108354826765407,22.143152895821064,23.12638069576791,24.28307560416243,25.258565343038413,25.906321205489363,26.667806127877782,27.515922225691327,28.25386575863679,28.59191065278233,28.84844663719052,28.999163597712958,29.339920697460087,29.624913060057146,29.83120538109459,29.882346655731475,30.00197829710755,30.039809826053403,30.067120353210456,30.144864529559566,30.15300905910559,30.156723371141005,30.249355113951523,30.267844241128692,30.314228127094776,30.375412174036114,30.40408257039681,30.412531262846688,30.420479555120128,30.433235314682655,30.455657795019675,30.469448237582476,30.486545077463475,30.49871943304459,30.509977889296046,30.51803475089588,30.52192502456375,30.52823634955671,30.53092563888056,30.53441374241925,30.53741373251158,30.53964333199714],"times":[0.008935928344726562,0.009576082229614258,0.009757041931152344,0.009992122650146484,0.010311126708984375,0.010548114776611328,0.010838985443115234,0.011120080947875977,0.011410951614379883,0.011707067489624023,0.013762950897216797,0.014167070388793945,0.014558076858520508,0.014835119247436523,0.015201091766357422,0.01568007469177246,0.016160964965820312,0.016479015350341797,0.0170440673828125,0.0174560546875,0.017940044403076172,0.018455028533935547,0.018847942352294922,0.018958091735839844,0.019515037536621094,0.019999980926513672,0.020576000213623047,0.02077507972717285,0.021340131759643555,0.02156805992126465,0.02171802520751953,0.022199153900146484,0.02245306968688965,0.022680044174194336,0.023247957229614258,0.02343010902404785,0.023710012435913086,0.02435302734375,0.024552106857299805,0.024711132049560547,0.02480792999267578,0.02498602867126465,0.02547001838684082,0.025789976119995117,0.026242971420288086,0.026546955108642578,0.027007102966308594,0.030265092849731445,0.0307309627532959,0.034768104553222656,0.03532600402832031,0.0357511043548584,0.03646492958068848,0.03704214096069336],"env":"Tiger","ubs":[65.56361635782989,65.56361635782989,57.01126428948514,56.89189588698956,56.87766432677411,54.36068875270095,53.04967174998062,50.71876648127912,50.28162487070297,48.61176330511164,47.26704174951123,44.958202900289734,44.911302832760484,44.08046978364008,43.55943479862427,42.30043707369981,40.9345754096379,39.768349718599424,39.23373748062333,38.408795470567924,37.59952484257025,36.43866686091772,36.10305846448101,35.77683995186745,35.590393081576764,34.949966854099685,34.40127180192245,33.854883271599135,33.80509548638105,33.354942494990325,33.30668106640621,33.19291254802927,32.82452360336471,32.819001476089646,32.8113766133538,32.501694562387485,32.45569759027711,32.32551304560069,32.07139184819722,31.94163519663591,31.901216421063257,31.880496062154467,31.805888814716766,31.66088359966917,31.5869236339949,31.439607770605562,31.33924855735116,31.23881290758723,31.11727305600363,31.080557799177605,30.979630074792926,30.931210652400445,30.879045641462923,30.817659544540675],"sim_r":null,"sim_rsigma":null,"solver":"EBIB-SARSOP","env_full":"Tiger","final_lw":30.53964333199714,"timeout":false,"runtime":0.03704214096069336,"final_ub":30.817659544540675}