{"lbs":[9.801495006249999,14.703106312390702,17.032241711959788,19.34973143453103,19.34973143453103,19.34973143453103,20.461510601175192,21.567730871986132,21.567730871986132,22.79205607084213,24.010259643703847],"times":[6.952578067779541,6.9867939949035645,6.987039089202881,6.9870829582214355,6.987213134765625,6.987365961074829,6.987675189971924,6.987722158432007,6.987796068191528,6.988131046295166,6.9881861209869385],"env":"RockSample5","ubs":[24.22588392598486,24.22588392598486,24.22588392598486,24.22588392598486,24.22588392598486,24.22588392598486,24.21978862127785,24.21978862127785,24.21457352693188,24.213723793094374,24.213723793094374],"sim_r":null,"sim_rsigma":null,"solver":"ETIB-SARSOP","env_full":"RockSample ()","final_lw":24.010259643703847,"timeout":false,"runtime":6.9881861209869385,"final_ub":24.213723793094374}