{"lbs":[0.009109722710526685,0.2598577042292611,0.34325641032108334,0.37959246986379763,0.389462708817195,0.3936538653239483,0.39637554373862316],"times":[0.14238882064819336,0.14266395568847656,0.14284801483154297,0.1431748867034912,0.14335298538208008,0.14371299743652344,0.14384102821350098],"env":"FrozenLake4","ubs":[0.3986429249773118,0.3986429249773118,0.3986429249773118,0.3986429249773118,0.3986413830133807,0.3986412356777286,0.3986412089856181],"sim_r":null,"sim_rsigma":null,"solver":"BIB-SARSOP","env_full":"Frozen Lake (4)","final_lw":0.39637554373862316,"timeout":false,"runtime":0.14384102821350098,"final_ub":0.3986412089856181}