{"lbs":[9.56720690641,18.650945895636468,19.720127793326277,22.880758853906993,22.880758853906993,22.880758853906993,22.880758853906993,22.880758853906993,22.880758853906993,22.880758853906993,22.880758853906993,22.880758853906993,22.880758853906993,22.880758853906993,22.880758853906993,22.880758853906993,22.880758853906993,22.880758853906993,22.880758853906993,22.880758853906993,22.880758853906993,22.880758853906993,22.880758853906993,22.880758853906993,22.880758853906993,22.880758853906993],"times":[2.563094139099121,2.594123125076294,2.594459056854248,2.594743013381958,2.5950050354003906,2.595276117324829,2.595360040664673,2.5954971313476562,2.5957281589508057,2.5959980487823486,2.5962109565734863,2.596421003341675,2.5966310501098633,2.5968191623687744,2.5970590114593506,2.5973169803619385,2.5974230766296387,2.5975701808929443,2.5978500843048096,2.597961187362671,2.5983259677886963,2.5985569953918457,2.59885311126709,2.5989840030670166,2.5992910861968994,2.5995171070098877],"env":"RockSample5","ubs":[23.331436603052076,23.331436603052076,23.331436603052076,23.331436603052076,23.331436603052076,23.331436603052076,23.331436603052072,23.331436603052072,23.305559304328774,23.305559304328774,23.305559304328774,23.305559304328774,23.292692211097332,23.279966655891428,23.279966655891428,23.279966655891428,23.279291106418068,23.266136196921757,23.204159287629526,23.16182553118704,23.136178639045376,23.12789803349559,23.121593234710602,23.11361764392771,23.111542202640912,23.107944088805095],"sim_r":null,"sim_rsigma":null,"solver":"SARSOP","env_full":"RockSample ()","final_lw":22.880758853906993,"timeout":false,"runtime":2.5995171070098877,"final_ub":23.107944088805095}