{"lbs":[9.605960099999999,14.412350996504998,16.46883219735738,18.504748586201234,18.5344280714371,18.563810761820612,18.563810761820612,18.591368816196855,18.618651290029334,18.618651290029334,18.618651290029334,18.618651290029334,18.618651290029334,18.618651290029334,18.634850864740898,18.65088844370534,18.65088844370534,18.65088844370534,18.65088844370534,18.65088844370534,19.31656033096599,20.321923244187477,22.160891492257477,22.26027459646981,22.38071481932116,22.414623249775747,22.414819398401164,22.414831521071054,22.41483227029438,22.470817784493256,22.496525330773373,22.564931941238903,22.564931941238903,22.564931941238903,22.564931941238903,22.56933367051201,22.57369138249238,22.57369138249238,22.599291937948056,22.624636487849173,22.756528579742724,22.88710175071734,22.88710175071734,22.88710175071734,22.88710175071734,22.88710175071734,22.976361626178637,23.064728902885317],"times":[3.40380597114563,3.4378769397735596,3.4380528926849365,3.4380929470062256,3.438253879547119,3.4383039474487305,3.4384238719940186,3.438585042953491,3.438631057739258,3.4387099742889404,3.4388768672943115,3.439059019088745,3.4391040802001953,3.439265012741089,3.4394869804382324,3.4396870136260986,3.439785957336426,3.439940929412842,3.4400439262390137,3.4401559829711914,3.4404900074005127,3.4409360885620117,3.4411189556121826,3.4414708614349365,3.4415180683135986,3.442178964614868,3.442776918411255,3.443021059036255,3.443506956100464,3.4438679218292236,3.4443199634552,3.444463014602661,3.4448258876800537,3.4457640647888184,3.4459540843963623,3.446291923522949,3.446532964706421,3.4471640586853027,3.447962999343872,3.4485039710998535,3.449143886566162,3.4492740631103516,3.450176954269409,3.4505410194396973,3.4508259296417236,3.451171875,3.4525389671325684,3.4527008533477783],"env":"RockSample5","ubs":[23.477955219776256,23.477955219776256,23.477955219776256,23.477955219776256,23.477955219776256,23.477955219776256,23.477955219776256,23.466067844152505,23.466067844152505,23.45603279636375,23.454299342284994,23.454299342284994,23.445851592939427,23.442530840417483,23.442530840417483,23.442530840417483,23.43088002356864,23.43032673040452,23.41831928027952,23.35968423228969,23.32212390665712,23.31225305588582,23.31158493720664,23.303659420175535,23.300624939624257,23.300419547689472,23.300106049054108,23.299371747451854,23.29932204549323,23.29931868136508,23.299136766721915,23.28920039892353,23.28920039892353,23.28920039892353,23.2847741313297,23.28039212641181,23.28039212641181,23.28039212641181,23.28039212641181,23.27943803681462,23.278493488113405,23.278209891744815,23.277929131339913,23.2779197796322,23.2779197796322,23.277627085039363,23.277627085039363,23.276019789603026],"sim_r":null,"sim_rsigma":null,"solver":"ETIB-SARSOP","env_full":"RockSample ()","final_lw":23.064728902885317,"timeout":false,"runtime":3.4527008533477783,"final_ub":23.276019789603026}