{"lbs":[9.52857108736,14.297742864905807,16.29263407419097,18.263586588964714,18.282439006752846,18.324018358989996,18.383724947774976,18.383724947774976,18.38645337905869,18.38645337905869,18.38645337905869,18.38645337905869,18.38645337905869,18.38645337905869,18.38645337905869,18.38645337905869,18.38645337905869,18.38645337905869,18.389149069167,19.81162876382468,20.63816647797774,20.63816647797774,21.77010260272774,21.839118212118407,21.932857002812433,21.96738626121131,21.98030446520503,21.993067650750827,22.01439447103586,22.016801165506898,22.079384360923257,22.27230447789929,22.462909553471604,22.462909553471604,22.462909553471604,22.462909553471604,22.462909553471604,22.462909553471604,22.462909553471604,22.462909553471604,22.581398634602845,22.698465846760506,22.698465846760506,22.698465846760506,22.698465846760506,22.698465846760506,22.698465846760506,22.698465846760506,22.698465846760506,22.698465846760506,22.698465846760506,22.698465846760506,22.698465846760506,22.698465846760506,22.698465846760506],"times":[2.7858870029449463,2.8188700675964355,2.819049119949341,2.819087028503418,2.8192479610443115,2.819391965866089,2.8194329738616943,2.8194899559020996,2.819654941558838,2.819812059402466,2.819983959197998,2.820028066635132,2.8201820850372314,2.8203608989715576,2.820517063140869,2.8206119537353516,2.8207380771636963,2.8208301067352295,2.820919990539551,2.821305990219116,2.82169508934021,2.821791887283325,2.821913003921509,2.8222849369049072,2.8223330974578857,2.8228960037231445,2.8234009742736816,2.823751926422119,2.8241069316864014,2.824326992034912,2.8244190216064453,2.8252921104431152,2.825392007827759,2.82574200630188,2.826287031173706,2.8267059326171875,2.8269948959350586,2.827552080154419,2.827847957611084,2.8282370567321777,2.8291609287261963,2.8292970657348633,2.8297510147094727,2.8299970626831055,2.8306469917297363,2.830801010131836,2.8311049938201904,2.831955909729004,2.832304000854492,2.8325870037078857,2.833350896835327,2.833501100540161,2.8337409496307373,2.833993911743164,2.834151029586792],"env":"RockSample5","ubs":[23.185924664555998,23.185924664555998,23.185924664555998,23.185924664555998,23.185924664555998,23.185924664555998,23.171803322204532,23.159944974947667,23.157851435961277,23.157851435961277,23.157851435961277,23.14787949752182,23.14389954971803,23.14389954971803,23.14389954971803,23.14389954971803,23.129303989608324,23.115011132977283,23.05454941519752,23.001759725591036,22.98984315144527,22.9890381953428,22.9796731793588,22.975421440724023,22.975134238805225,22.975114838520014,22.975113528044552,22.97461869393127,22.974585268239096,22.95248701868293,22.95248701868293,22.95248701868293,22.95248701868293,22.95248701868293,22.95248701868293,22.95248701868293,22.95248701868293,22.95085308768713,22.950309403221738,22.950309403221738,22.950309403221738,22.94874034616023,22.945038633707803,22.94472886053869,22.94456383916991,22.94441779399382,22.9440113760991,22.941461090031062,22.93792647687844,22.935470598189543,22.93304419004491,22.932333915161703,22.932157596400593,22.927525553132437,22.922073139862913],"sim_r":null,"sim_rsigma":null,"solver":"ETIB-SARSOP","env_full":"RockSample ()","final_lw":22.698465846760506,"timeout":false,"runtime":2.834151029586792,"final_ub":22.922073139862913}