{"lbs":[-20.833333333333314,-18.241303893333317,-14.260770567975351,-11.510019647001897,-8.650968976180327,-7.316897880221148,-5.136408552599532,-2.3320351986075636,-0.21467999843788682,1.6007602521473503,3.162506402929697,4.638158830190047,5.965341890749218,7.190033245996132,7.4849119297903295,8.433914282451497,9.512550285548109,10.710515637811298,11.56434557678412,12.289802519886344,12.47229505722879,13.059607253053564,13.71295778208651,14.25506199066865,14.777412691988314,15.242523374321308,15.751221090311933,16.122978737403514,16.229546983005648,16.530772165220796,16.87139489051569,17.15184859075137,17.541803978894052,17.65596987186452,17.90844529650615,18.096637031938883,18.289185350892886,18.33892940867416,18.44479840473885,18.634757802189654,18.778955857728665,18.935873855923134,18.98861262605153,19.093416966990837,19.220747306731145,19.23896539249087,19.321169298956658,19.405608542611034,19.441071955893612,19.50861643409427,19.576665747933152,19.60401053469765,19.656899865875015,19.726595163154464,19.77231771775846,19.792106794373005,19.831237877378697,19.85695649931334,19.906533213428617,19.936180935027686,19.974812032800607,20.00392237772087,20.033794716437146,20.059840478844126,20.083492993483084,20.099773086403925,20.10667716339124,20.120249626864926,20.137055544750055,20.145858909626696,20.159421424349482,20.169095778156002,20.179438247471296,20.189975065287562,20.192037761600524,20.199753119566665,20.207888297535213,20.215290934786797,20.220415282872054,20.2250989173069,20.231003544027477,20.234340098327323,20.237406780131487,20.241371495976594,20.243954646813442,20.247780434264175,20.25015137335927,20.251187348758542,20.254317030321037,20.256001851626774,20.25673802972115,20.257059700740378,20.257200254018727,20.257261668392026,20.257288503235667,20.258322980222424,20.26045401855215,20.26197109868933,20.26326255337083,20.264363115872385,20.26566512738635,20.266417721014843,20.267428603182474,20.26795684463132,20.268751670218975,20.26932042955596,20.269930264408963],"times":[0.004058837890625,0.03209185600280762,0.032134056091308594,0.03217005729675293,0.03220701217651367,0.032776832580566406,0.032852888107299805,0.03295087814331055,0.03302502632141113,0.03310394287109375,0.03319382667541504,0.033225059509277344,0.03325605392456055,0.033316850662231445,0.03334403038024902,0.03345894813537598,0.033576011657714844,0.034523963928222656,0.03459000587463379,0.03469586372375488,0.03473401069641113,0.03484201431274414,0.03494405746459961,0.0350499153137207,0.03518486022949219,0.03532290458679199,0.03540396690368652,0.03546404838562012,0.035527944564819336,0.03564596176147461,0.03576993942260742,0.0358428955078125,0.03596091270446777,0.03720498085021973,0.037355899810791016,0.03751182556152344,0.0375828742980957,0.03907489776611328,0.03923296928405762,0.03938698768615723,0.03949785232543945,0.03960895538330078,0.04133486747741699,0.04150986671447754,0.041810035705566406,0.04259896278381348,0.042777061462402344,0.04296588897705078,0.043753862380981445,0.04392695426940918,0.044116973876953125,0.044873952865600586,0.045057058334350586,0.047126054763793945,0.047332048416137695,0.04955792427062988,0.04976296424865723,0.052208900451660156,0.05477499961853027,0.05501985549926758,0.05534791946411133,0.05644702911376953,0.05672883987426758,0.05948901176452637,0.05986595153808594,0.06014084815979004,0.061393022537231445,0.0616610050201416,0.06191396713256836,0.06321096420288086,0.06348490715026855,0.06652498245239258,0.06682491302490234,0.06709694862365723,0.06840300559997559,0.07000303268432617,0.07055187225341797,0.07189297676086426,0.07219791412353516,0.07254290580749512,0.07388997077941895,0.07419204711914062,0.0756528377532959,0.07593989372253418,0.07623791694641113,0.07762289047241211,0.07791805267333984,0.07830286026000977,0.0797128677368164,0.08001089096069336,0.08034491539001465,0.08063197135925293,0.08087396621704102,0.08112096786499023,0.08136701583862305,0.0819089412689209,0.08326196670532227,0.08384203910827637,0.08414292335510254,0.08546590805053711,0.08611583709716797,0.08641290664672852,0.08661603927612305,0.08729386329650879,0.08759188652038574,0.08904099464416504,0.08929586410522461],"env":"Tiger","ubs":[53.365236413095666,53.365236413095666,47.74509471499191,46.47097211793306,46.09000913028817,45.89875776785386,42.26127497036956,41.78746196282201,41.51227408453272,41.35097101588303,41.33195572225216,41.32112042023804,39.892133401870005,38.65819036448009,38.165613103911944,38.165613103911944,37.96610719176657,37.921691609056026,36.54476737189478,35.87354600802314,35.07513866527893,35.07513866527893,34.651105653696035,34.60982738510674,34.40396474941748,33.98258944203141,33.53202747594873,33.19382180948146,32.25129775093694,31.580004297135886,31.502433814485787,31.306987572045173,31.100298113067495,30.96027266616709,29.571115240487394,29.571115240487394,29.4699162955394,28.806835799702718,28.25312107172356,28.09626834161589,27.888598516678208,27.394062422972965,27.31313683586621,26.548235764794654,26.548235764794654,26.135565254746666,25.846617577682892,25.846617577682892,25.813228587154907,25.23759293563633,24.932530926155046,24.86082079301023,24.397917556992432,24.397917556992432,24.004116167602287,24.004116167602287,23.692496644629315,23.692496644629315,23.545977369776153,23.08194517872827,23.08194517872827,22.84204069764199,22.632578231055398,22.378354122986387,22.170259563355877,21.976347310841476,21.97580477890685,21.840824290867367,21.840824290867367,21.741480459855513,21.60617140246613,21.60617140246613,21.497750640918994,21.497750640918994,21.378793915307256,21.313661017914995,21.23254721619068,21.125612498203786,21.04327016005896,21.04327016005896,20.966261802706725,20.89495008664167,20.89495008664167,20.852095924556465,20.852095924556465,20.82986100404811,20.756067778627173,20.756067778627173,20.745224918636914,20.702603973723793,20.702603973723793,20.700220086571612,20.69914534837018,20.6987022994904,20.698523917079857,20.69845276631638,20.655155229221187,20.616770210223805,20.5820734223309,20.582073268452746,20.548721926746765,20.52189822720056,20.521898216770605,20.49842382544989,20.476319993597983,20.476319992316533,20.45983751463129],"sim_r":null,"sim_rsigma":null,"solver":"TIB-SARSOP","env_full":"Tiger","final_lw":20.269930264408963,"timeout":false,"runtime":0.08929586410522461,"final_ub":20.45983751463129}