{"lbs":[-21.276595744680833,-18.679118004680834,-14.682535465648206,-11.493611753561375,-8.431365967109194,-4.959697676231229,-2.310338813591016,-0.4239068818532522,1.5745844111354952,3.6434396716960373,5.162819972999163,5.828618545549629,7.602309530746611,8.80942362483816,10.247888283656312,11.128216840622358,11.340733805337585,12.025560996675534,12.23140953719539,12.621707233149234,13.456075725001131,13.8216993614137,14.5185707727371,15.173960377545708,15.675263240827407,15.894936176235454,16.45795850672325,16.800938727230594,17.272240618439014,17.56996214874328,17.833333474146784,17.945821506744338,18.16750577331115,18.390345359504927,18.607693780879316,18.822922205538013,18.8728319788223,18.966680340540915,19.151528707774787,19.27365473780947,19.439491642653486,19.58252578086151,19.70810940336962,19.801651075466403,19.877864923181683,19.96923729229667,20.03103991689722,20.114472143669715,20.164313001107235,20.215665786505355,20.23639933629731,20.278414225376924,20.319953036050848,20.336686168105167,20.37057398613135,20.41209781111183,20.440218835813592,20.479240463451937,20.506926817104368,20.527612151349757,20.544941155748173,20.56890035612377,20.588180550024735,20.6065141672822,20.622386217271178,20.636793368312603,20.64955508002364,20.66100163803185,20.67120276206076,20.67835370833489,20.686466118793696,20.690741530050893,20.698323820587568,20.704262568246925,20.70997384578367,20.71489075668742,20.71936689814556,20.723325941511057,20.726879704425677,20.73004556241547],"times":[0.008351802825927734,0.03656291961669922,0.03660082817077637,0.03666090965270996,0.03670001029968262,0.03727889060974121,0.03737592697143555,0.0374448299407959,0.037515878677368164,0.03834700584411621,0.03851199150085449,0.03856992721557617,0.03864884376525879,0.03876185417175293,0.039994001388549805,0.04005289077758789,0.04009580612182617,0.04018902778625488,0.04023480415344238,0.040326833724975586,0.040426015853881836,0.04060792922973633,0.04078483581542969,0.04219198226928711,0.04233288764953613,0.042473793029785156,0.0425868034362793,0.04272890090942383,0.044229984283447266,0.04430985450744629,0.04446887969970703,0.04637289047241211,0.04652690887451172,0.04670381546020508,0.04683184623718262,0.046965837478637695,0.04911088943481445,0.049347877502441406,0.049527883529663086,0.0497279167175293,0.04993891716003418,0.05093789100646973,0.053128957748413086,0.05333280563354492,0.05441093444824219,0.05459189414978027,0.05475282669067383,0.0573728084564209,0.05756688117980957,0.05776095390319824,0.05889892578125,0.06004786491394043,0.06021285057067871,0.061309814453125,0.06241202354431152,0.06357979774475098,0.06372189521789551,0.06650185585021973,0.06765890121459961,0.0678257942199707,0.07085490226745605,0.07117390632629395,0.07253384590148926,0.07383584976196289,0.07519102096557617,0.07648587226867676,0.0778357982635498,0.07913494110107422,0.08048081398010254,0.08062887191772461,0.08081984519958496,0.08209490776062012,0.08335995674133301,0.08462786674499512,0.0858469009399414,0.08712196350097656,0.08834195137023926,0.08963680267333984,0.09085392951965332,0.09210991859436035],"env":"Tiger","ubs":[45.61447545334676,45.61447545334676,40.8040762106063,39.67230876999308,38.86087388362408,38.635857568745344,36.067816192751884,35.88274662501034,35.8613161895116,35.40564570323271,34.165330520472125,33.96925789125661,33.06284322336822,32.6395563041322,32.371049433171834,31.381748600574745,30.408401467395716,30.408401467395716,30.29569113251985,30.172590805550808,29.569943983771545,29.483243410189758,29.33804477414823,29.241407141527382,28.46238779917224,28.46238779917224,28.405888225758652,28.25951729922221,27.969884562758047,27.057993788512036,26.610581057539218,26.558392497815618,26.189895971541418,26.189895971541418,26.14722530918347,26.078835090045224,25.714579015431198,25.355718379152954,25.275621621823113,25.266346685848696,25.158072250865388,24.809682091155288,24.34337253966637,24.012042450579663,24.012042450579663,23.67161958612367,23.67161958612367,23.606917736579916,23.182597089261357,23.03273339440208,23.015379680955412,22.782546997180326,22.590580821109615,22.590580821109615,22.443475570751506,22.30057470314508,22.136857636407495,22.136857636407495,21.927314713735843,21.812102868725816,21.812102868725816,21.748208881704375,21.639558580872265,21.55497607771178,21.474212448883733,21.403345299312136,21.33877524233541,21.280934530281066,21.228724938266225,21.181759807240496,21.181759807240496,21.149075881311383,21.11454520876027,21.077093590520224,21.045941939957917,21.016847436961573,20.991069599121523,20.967685572160875,20.946697255310823,20.927769089131225],"sim_r":null,"sim_rsigma":null,"solver":"ETIB-SARSOP","env_full":"Tiger","final_lw":20.73004556241547,"timeout":false,"runtime":0.09210991859436035,"final_ub":20.927769089131225}