{"lbs":[-39.999999999999964,-23.334129825754786,-20.270626652117656,-12.545237474857469,-5.3993912338483785,-1.8259654420927545,-0.48452615171143343,8.07775088331077,12.095229183977754,14.101583164713002,16.418176948461387,20.585650405467632,23.94454084176148,25.712316984684175,27.318760091790747,28.88862720176428,30.104314918823235,31.359042727351593,32.36245899435534,33.243212223484406,34.479728817212674,35.482224187693106,35.952243494321635,36.48553142192819,37.45185709345333,37.82439206535366,37.82439206535366,37.82439206535366,37.998164655585555,38.64386060840131,39.05098020837083,39.141550257004724,39.31061934455843,39.491145827875826,39.65543257626675,39.79749214298299,39.92575969419123,40.16438604711179,40.34878952687589,40.440755481800224,40.52083446485233,40.60838276588602,40.644775231356036,40.71017361599792,40.73820490282821,40.78929691703706,40.834808847918644,40.870617328291054,40.892937910254815,40.900871238714345,40.90457181755809,40.91331036540324,40.919112718009025,40.92986453129417,40.9336173165816,40.940383128798835,40.95624689651981,40.96108062059043,40.97135849684666,40.976152712997745,40.985400389399196,41.003683234985374,41.01271931937087,41.01834397748577,41.02213697364549,41.02965417237495,41.03498461662967,41.040052170709515,41.0419285010947,41.04358754111457,41.04709019646863,41.04769765477088,41.047981009651906,41.04869361049441,41.05008971547897,41.05058589126166,41.05102448323203,41.051460514815545,41.05256108789408,41.05393221010288,41.055654951261445,41.05587809525876,41.056411281930615,41.05695773462331,41.05742401144023,41.05814793281439,41.058552633178024,41.05903604946481],"times":[0.009979009628295898,0.010140180587768555,0.010298013687133789,0.010503053665161133,0.010787010192871094,0.011157989501953125,0.011566162109375,0.011955022811889648,0.012374162673950195,0.013012170791625977,0.013688087463378906,0.014201164245605469,0.01476597785949707,0.01568603515625,0.016466140747070312,0.017089128494262695,0.017843008041381836,0.01852107048034668,0.01915597915649414,0.019829988479614258,0.02045607566833496,0.02115797996520996,0.021949052810668945,0.022607088088989258,0.02346205711364746,0.024090051651000977,0.024149179458618164,0.024219036102294922,0.024367094039916992,0.025307178497314453,0.025948047637939453,0.026098966598510742,0.027027130126953125,0.027831077575683594,0.02870798110961914,0.029400110244750977,0.030230998992919922,0.031200170516967773,0.03210806846618652,0.03281211853027344,0.03354215621948242,0.0343930721282959,0.034626007080078125,0.035468101501464844,0.0361940860748291,0.03691506385803223,0.03785204887390137,0.03859996795654297,0.03918004035949707,0.03965401649475098,0.040162086486816406,0.04060697555541992,0.041082143783569336,0.041326045989990234,0.04179716110229492,0.041953086853027344,0.04249119758605957,0.042860984802246094,0.04339313507080078,0.0435640811920166,0.04402804374694824,0.044982194900512695,0.04571700096130371,0.046525001525878906,0.04726099967956543,0.04807901382446289,0.048783063888549805,0.04960918426513672,0.049941062927246094,0.0503230094909668,0.05099201202392578,0.0513920783996582,0.05174708366394043,0.052191972732543945,0.05299711227416992,0.053321123123168945,0.053565025329589844,0.053848981857299805,0.05440998077392578,0.05513906478881836,0.05604815483093262,0.056257009506225586,0.05660510063171387,0.05697917938232422,0.0573430061340332,0.05797600746154785,0.058561086654663086,0.059667110443115234],"env":"Tiger","ubs":[104.49646270931744,104.49646270931744,96.97644814052902,95.89092958300645,92.10634487619078,88.68375947642247,87.72735534680251,87.13288185853094,83.28906192950586,80.10114578848442,79.7816783274595,78.66426647233547,75.20992554874917,73.02980991106767,70.99593747389889,69.66805038561048,67.8094822724295,66.35313166936709,65.21573987868092,63.62302673902469,62.54640305902829,60.76951055593645,59.497260078510834,58.767973915774796,58.00192886060271,56.01282011775329,55.42896953455271,55.42896953455271,55.132696050485364,54.94935920104645,53.236938956479804,52.40638256193714,52.387165930979606,51.70629264806839,51.305227472274424,50.682675021212056,50.14971583614265,49.70814027878916,48.85963679803592,48.09030954986514,47.693550781706165,47.26623139985293,46.77258485544144,46.61372654458046,46.21603812869446,45.96340354303915,45.560070700818684,45.12703799970009,44.79984562949012,44.61619342001494,44.590521166915465,44.48762193977783,44.44636345371502,44.40432426598967,44.24031805536979,44.167138150067345,44.10397459158923,43.89751996104155,43.83624028955947,43.68696392106958,43.60418920717015,43.44614487570723,43.10920767095188,42.92154491661298,42.820362132040415,42.69959741983415,42.508931771284225,42.408882069637386,42.265033416826796,42.234936314432304,42.17778013155984,42.07517263443882,42.06985425551784,42.058233623046874,42.05233268350922,42.00157928714759,41.97290610964864,41.962315525578106,41.9492283517001,41.870632771485035,41.78532776811731,41.67313019972396,41.65651096730876,41.62892876542601,41.590878420049535,41.558579782729495,41.49158292588605,41.45350195206588],"sim_r":null,"sim_rsigma":null,"solver":"BIB-SARSOP","env_full":"Tiger","final_lw":41.05903604946481,"timeout":false,"runtime":0.059667110443115234,"final_ub":41.45350195206588}