{"lbs":[-32.258064516129004,-10.893369478619299,-8.440268603047695,-6.1052888550081565,-0.019340473380544454,5.071759253251978,8.429196780525011,10.132129143297082,11.977600481021131,16.883957664760313,18.954038405647978,20.574816224323484,21.433150141216387,23.087129994349212,24.521945643962226,25.720346840251814,26.71754343054099,27.40418901211632,27.8849420463412,28.97266725209416,29.318722700977006,29.670563422554068,30.24995379003721,30.74637489125,31.190521766042274,31.403075175178557,31.521666821451046,31.672319358503096,31.749686191089438,31.976786869148427,32.14148731245024,32.24198954840838,32.36408800169924,32.40378591773144,32.45189497123699,32.47486819280363,32.522573327359076,32.5381797733089,32.55944369173479,32.57977001472279,32.58229789863472,32.6016296199158,32.60606818801291,32.608103883332525,32.61779457688067,32.62993820488069,32.637094989457644,32.643919249283464,32.64939950489291,32.65355771932906,32.656717239550986,32.65808450620165,32.65987887305046],"times":[0.010219097137451172,0.010931968688964844,0.01114511489868164,0.011429071426391602,0.011765003204345703,0.013669967651367188,0.014137983322143555,0.014684915542602539,0.015154123306274414,0.01566910743713379,0.016150951385498047,0.016544103622436523,0.016972064971923828,0.017449140548706055,0.01802802085876465,0.01853013038635254,0.019119977951049805,0.01954197883605957,0.01989293098449707,0.020540952682495117,0.02092599868774414,0.021359920501708984,0.02197098731994629,0.02247905731201172,0.023044109344482422,0.023457050323486328,0.023706912994384766,0.02410411834716797,0.02425694465637207,0.02470111846923828,0.025330066680908203,0.025703907012939453,0.02941608428955078,0.02987194061279297,0.030421018600463867,0.030664920806884766,0.03139495849609375,0.03167104721069336,0.032048940658569336,0.032423973083496094,0.032592058181762695,0.03341794013977051,0.033564090728759766,0.033685922622680664,0.03406500816345215,0.034523963928222656,0.03508806228637695,0.039626121520996094,0.0447080135345459,0.04695606231689453,0.04922294616699219,0.0496981143951416,0.05020308494567871],"env":"Tiger","ubs":[69.88557840484174,69.88557840484174,60.22184894464533,60.22184894464533,60.0705199361801,58.11387271720354,55.180142786996626,54.48639769984326,54.40334425329398,53.96545038827122,51.507981053078694,49.4372640195515,48.50011728085034,48.29340645678822,46.901704282102195,45.48544825214856,44.004072683857494,42.92084822840404,42.44512247318595,42.039457823615706,40.96448267475643,40.58516290096293,40.167978131226015,39.46496520153687,38.71693155690785,38.06732779017972,37.572996217501014,37.386634743553415,37.03457696931736,36.97794635570319,36.507935543975364,35.901462284914984,35.528189590431886,34.92857833856934,34.79874259361898,34.584802878673216,34.51434985464074,34.23587759362181,34.181745907098886,34.055311624819694,33.9047178439198,33.871724450991806,33.68021814194964,33.658292969790466,33.643378105299554,33.578645154787175,33.4434357759883,33.35817760753271,33.23179111189779,33.13380523217619,33.052480836735064,32.98535477121111,32.95165574627388],"sim_r":null,"sim_rsigma":null,"solver":"EBIB-SARSOP","env_full":"Tiger","final_lw":32.65987887305046,"timeout":false,"runtime":0.05020308494567871,"final_ub":32.95165574627388}