{"lbs":[-28.571428571428545,-25.908125071428543,-21.470690493355264,-18.33464065802987,-14.821706678809843,-11.043130320128714,-8.486676014116934,-5.71726272391896,-3.4544120020498887,-1.4912501335083215,0.951205325068371,2.8467342601827745,4.67893606059563,6.363442403212536,8.27231430688568,8.436111630685316,9.756515900006132,10.943860042030039,12.054878093150723,12.327765365647883,13.220866841342605,14.253424880938434,15.126656886498434,15.990878650571096,16.778764685343546,17.776901448372108,18.480662205986764,19.071401368872277,19.803123991779813,20.37922665102874,21.01837638997869,21.566488233668878,21.780627124140256,22.20059671544024,22.612082697227624,23.033890820304556,23.456631654235988,23.90075720971732,24.226929237760913,24.51394938750553,24.85919306126748,25.12374359053461,25.3501956622246,25.595424476001853,25.820111251367432,25.87757626229124,26.04980459923688,26.2276409147551,26.434901276999767,26.61363027244461,26.74249471193047,26.853113385157354,26.98821389477228,27.083360113550093,27.219216829135508,27.318038460604033,27.40565019681226,27.48489533728973,27.586317407828513,27.652169095009455,27.731678980273784,27.807346890309418,27.877198409085686,27.940411358302597,27.999355826294355,28.04117211217212,28.075152647388247,28.11969249166791,28.159212707792918,28.200081343651632,28.23772873455248,28.26491789564915,28.290825541788724,28.31979250971675,28.347336283158757,28.374010004215105,28.397474965433585,28.419497013457676,28.435030085149883,28.448435066127754,28.467499705726272,28.48305696452329,28.498291169235557,28.511921459890477,28.5219171966817,28.531088609499996,28.543034331387283,28.550026370627627,28.567647998898597,28.573957523866746,28.58219280173259,28.5888893466216,28.595480701871054,28.601341865883043,28.60565873343413,28.614991860769955,28.6183831683024,28.6227640911564,28.626335152236337,28.629844854656127,28.632967969049425,28.63588794078338,28.638550146472507],"times":[0.009921073913574219,0.03815603256225586,0.039138078689575195,0.03929400444030762,0.04073309898376465,0.04259514808654785,0.04274415969848633,0.04288506507873535,0.04303097724914551,0.043190956115722656,0.04421806335449219,0.04437398910522461,0.04544210433959961,0.04560399055480957,0.04791402816772461,0.04798412322998047,0.04836416244506836,0.04854297637939453,0.04891800880432129,0.04899001121520996,0.04937100410461426,0.04959297180175781,0.04977107048034668,0.05000710487365723,0.05023908615112305,0.05316805839538574,0.053457021713256836,0.05687904357910156,0.057119131088256836,0.05734515190124512,0.057533979415893555,0.057723045349121094,0.061634063720703125,0.061959028244018555,0.06228804588317871,0.06254005432128906,0.06284308433532715,0.06462812423706055,0.06487393379211426,0.06524205207824707,0.06711006164550781,0.06734895706176758,0.0677180290222168,0.0679330825805664,0.06823515892028809,0.07261013984680176,0.07295513153076172,0.0732269287109375,0.07517409324645996,0.07547402381896973,0.07581210136413574,0.08057308197021484,0.0809640884399414,0.08133792877197266,0.08171415328979492,0.08198404312133789,0.08235812187194824,0.08279299736022949,0.0831000804901123,0.08334803581237793,0.08369302749633789,0.08881115913391113,0.0892331600189209,0.0897829532623291,0.09026694297790527,0.09061598777770996,0.09087300300598145,0.09122514724731445,0.09158015251159668,0.09212303161621094,0.0927419662475586,0.0930941104888916,0.09857010841369629,0.09885001182556152,0.09951400756835938,0.10025596618652344,0.10099101066589355,0.10180902481079102,0.1021280288696289,0.10467195510864258,0.11045503616333008,0.1113581657409668,0.11230802536010742,0.1132509708404541,0.11359000205993652,0.11460208892822266,0.11562800407409668,0.11590003967285156,0.12228798866271973,0.12345194816589355,0.12463116645812988,0.12591195106506348,0.12717914581298828,0.12854409217834473,0.12883615493774414,0.13593506813049316,0.13737201690673828,0.13889503479003906,0.1404249668121338,0.14205503463745117,0.14367198944091797,0.1453869342803955,0.14709711074829102],"env":"Tiger","ubs":[61.73543299250666,61.73543299250666,56.85142791897117,55.54875858000081,55.189485812279074,54.693703072916044,52.765241684550375,51.89281043697241,51.47726907702949,51.32434655987107,51.26915091476985,49.8508987642395,48.67856948665822,48.29369010048552,48.108800866652714,46.938331773178476,46.938331773178476,45.848277186954064,45.200786621285616,44.99448582206651,44.99448582206651,44.92467151514458,44.39115530262389,44.10861118976147,44.04925324691308,43.83013581214868,42.77392054330234,42.77392054330234,42.33141155410688,42.08758005245234,41.437062224973474,41.33087506708564,41.1589637577098,39.93150994649301,39.93150994649301,39.85585350978995,39.68205533931686,38.855486526940055,38.17656049838938,37.72745903465904,37.59768537248149,37.0131457594601,36.58564598352227,36.47364580265095,36.4095903321228,35.89136103506294,35.60778726557865,35.42228740010363,34.98175695827016,34.47936500537001,34.157669036245835,34.06864930730259,33.84006070102117,33.84006070102117,33.649379852165595,33.245417802573506,33.004048168358665,32.935820663051764,32.60948753230889,32.384540081809746,32.257345055086326,32.20263429970353,31.826113246310296,31.63928986542635,31.396276742300575,31.20131990618347,31.200677396340613,31.139828800340023,31.10938937134108,30.97337728961408,30.781204514834307,30.631159668539652,30.631152648984894,30.46918832962111,30.36785810324256,30.2276857288333,30.11634317202777,30.005807599913965,29.906636846754694,29.906636785283368,29.8358211617723,29.726546256606603,29.656385004436387,29.578775434030057,29.512190133884836,29.512190128866308,29.446770454362742,29.389493881751683,29.389493881296126,29.29268754926069,29.254513428356837,29.207189112117543,29.168337562445288,29.130370213876915,29.096076134936563,29.096076134936066,29.04128475259215,29.02001896702295,28.99103340793436,28.968040822562386,28.945199749546738,28.92471300627411,28.905495273210132],"sim_r":null,"sim_rsigma":null,"solver":"ETIB-SARSOP","env_full":"Tiger","final_lw":28.638550146472507,"timeout":false,"runtime":0.14709711074829102,"final_ub":28.905495273210132}