{"lbs":[9.37519681536,18.071848073324933,19.06617438356429,21.985770977962467,21.985770977962467,21.985770977962467,21.985770977962467,21.985770977962467,21.985770977962467,21.985770977962467,21.985770977962467,21.985770977962467,21.985770977962467,21.985770977962467,21.985770977962467,21.985770977962467,21.985770977962467,21.985770977962467,21.985770977962467,21.985770977962467,21.985770977962467,21.985770977962467,21.985770977962467,21.985770977962467,21.985770977962467,21.985770977962467,21.985770977962467,21.985770977962467,21.985770977962467,21.985770977962467,21.985770977962467,21.985770977962467,21.985770977962467,21.985770977962467,21.985770977962467,21.985770977962467,21.985770977962467,21.985770977962467,21.985770977962467,21.985770977962467,21.985770977962467,21.985770977962467,21.985770977962467,21.985770977962467,21.985770977962467,21.985770977962467,21.985770977962467,21.985770977962467,21.985770977962467,21.985770977962467,21.985770977962467,21.985770977962467,21.985770977962467,21.985770977962467,21.985770977962467,21.985770977962467,21.985770977962467,21.985770977962467,21.985770977962467,21.985770977962467,21.985770977962467,21.985770977962467,21.985770977962467,21.985770977962467,21.985770977962467,21.985770977962467,21.985770977962467,21.985770977962467,21.985770977962467,21.985770977962467,21.985770977962467,21.985770977962467,21.985770977962467,21.985770977962467,21.985770977962467,21.985770977962467,21.985770977962467,21.985770977962467,21.985770977962467,21.985770977962467,21.985770977962467,21.985770977962467,21.985770977962467,21.985770977962467,21.985770977962467,21.985770977962467],"times":[1.8106980323791504,1.8109710216522217,1.8112668991088867,1.811547040939331,1.8117358684539795,1.812006950378418,1.8122119903564453,1.812403917312622,1.81260085105896,1.8127398490905762,1.8130290508270264,1.8132638931274414,1.8133609294891357,1.8134939670562744,1.8137588500976562,1.8138618469238281,1.814180850982666,1.8144469261169434,1.8147578239440918,1.8150289058685303,1.8153049945831299,1.8156919479370117,1.8161869049072266,1.8166859149932861,1.8169989585876465,1.8173129558563232,1.8174560070037842,1.818086862564087,1.8185248374938965,1.8188679218292236,1.8192558288574219,1.8197638988494873,1.8201830387115479,1.8206629753112793,1.821030855178833,1.8214390277862549,1.8218469619750977,1.822463035583496,1.8226768970489502,1.8230679035186768,1.823408842086792,1.823617935180664,1.8240289688110352,1.824530839920044,1.824718952178955,1.8251190185546875,1.8252978324890137,1.8256359100341797,1.8258168697357178,1.8261170387268066,1.826582908630371,1.8267438411712646,1.827049970626831,1.8276488780975342,1.828052043914795,1.8285129070281982,1.8288578987121582,1.8290619850158691,1.8293359279632568,1.8295509815216064,1.82999587059021,1.8302099704742432,1.8305020332336426,1.83091402053833,1.8312978744506836,1.8317489624023438,1.8318488597869873,1.8319480419158936,1.8322479724884033,1.8324358463287354,1.8326740264892578,1.8330199718475342,1.8332068920135498,1.8334460258483887,1.8336598873138428,1.8341598510742188,1.8344500064849854,1.8349778652191162,1.8355648517608643,1.8362269401550293,1.8363709449768066,1.8368158340454102,1.836993932723999,1.837270975112915,1.837533950805664,1.838399887084961],"env":"RockSample5","ubs":[22.613811380019875,22.613811380019875,22.613811380019868,22.613811380019868,22.59536099268724,22.58002652655014,22.577205811551934,22.577205811551934,22.577205811551934,22.577205811551934,22.564336177934734,22.55905063041663,22.539694648021175,22.520944254390457,22.435099473389197,22.37421898993481,22.336260590729665,22.328825816666267,22.320627314885037,22.309646066273018,22.309646066273018,22.309646066273018,22.309646066273018,22.309646066273018,22.309646066273018,22.309646066273018,22.309646066273018,22.309646066273018,22.309221215484527,22.30920562848288,22.306613774817457,22.297998608113524,22.29348318075316,22.293237228714656,22.293237228714656,22.292759556898474,22.2919932087933,22.29032228902044,22.287211971555443,22.28589885197544,22.28589885197544,22.284884902501105,22.28484770254161,22.28347881963406,22.27336452244429,22.267026700756354,22.267026700756354,22.265458068000157,22.26523144504501,22.26310545907705,22.259246957264615,22.259246957264615,22.259246957264615,22.259246957264615,22.259246957264615,22.259246957264615,22.259246957264615,22.259246957264615,22.259246957264615,22.259246957264615,22.259246957264615,22.259246957264615,22.25892875092911,22.258907343340333,22.258587452165415,22.256877553575453,22.251990397939558,22.251990397939558,22.243557220368785,22.238624370441315,22.237824300684245,22.23225718581073,22.22963055337822,22.229133689746096,22.226566723299825,22.226566723299825,22.226566723299825,22.225155123101082,22.223789720289197,22.222156640254504,22.22074868939466,22.220662506318682,22.220662506318682,22.21709841925047,22.21184801185491,22.205200735555835],"sim_r":null,"sim_rsigma":null,"solver":"BIB-SARSOP","env_full":"RockSample ()","final_lw":21.985770977962467,"timeout":false,"runtime":1.838399887084961,"final_ub":22.205200735555835}