{"lbs":[8.962957994409999,16.868491292902814,17.712904827028396,18.53451919573259,18.82320298468284,19.384681920202826,20.012991903940023,20.012991903940023,20.012991903940023,20.012991903940023,20.012991903940023,20.012991903940023,20.012991903940023,20.012991903940023,20.012991903940023,20.012991903940023,20.012991903940023,20.038139139159682,20.155564345185958,20.155564345185958,20.155564345185958,20.155564345185958,20.155564345185958,20.155564345185958,20.155564345185958,20.155564345185958,20.155564345185958,20.155564345185958,20.155564345185958,20.155564345185958,20.155564345185958,20.155564345185958,20.155564345185958,20.155564345185958,20.155564345185958,20.155564345185958,20.155564345185958,20.155564345185958,20.155564345185958,20.155564345185958,20.155564345185958,20.155564345185958,20.155564345185958,20.155564345185958,20.155564345185958,20.155564345185958,20.155564345185958,20.155564345185958,20.155564345185958,20.155564345185958,20.155564345185958,20.155564345185958,20.155564345185958,20.155564345185958,20.155564345185958,20.155564345185958,20.155564345185958,20.155564345185958,20.155564345185958,20.155564345185958,20.155564345185958,20.155564345185958,20.155564345185958,20.155564345185958,20.155564345185958,20.155564345185958,20.155564345185958,20.155564345185958,20.155564345185958,20.155564345185958,20.155564345185958,20.155564345185958,20.155564345185958,20.155564345185958,20.155564345185958,20.155564345185958,20.155564345185958,20.155564345185958,20.155564345185958,20.155564345185958,20.155564345185958,20.155564345185958,20.155564345185958,20.155564345185958,20.155564345185958,20.155564345185958,20.155564345185958,20.155564345185958,20.155564345185958,20.155564345185958,20.155564345185958,20.155564345185958,20.155564345185958,20.155564345185958,20.155564345185958,20.155564345185958,20.155564345185958,20.155564345185958,20.155564345185958,20.155564345185958,20.155564345185958,20.155564345185958,20.155564345185958,20.155564345185958,20.155564345185958,20.155564345185958,20.155564345185958,20.155564345185958,20.155564345185958,20.155564345185958,20.155564345185958,20.155564345185958,20.155564345185958,20.155564345185958,20.155564345185958,20.155564345185958,20.155564345185958,20.155564345185958,20.155564345185958,20.155564345185958,20.155564345185958,20.155564345185958,20.155564345185958,20.155564345185958,20.155564345185958,20.155564345185958,20.155564345185958],"times":[1.0607500076293945,1.0919239521026611,1.0922949314117432,1.092491865158081,1.0927708148956299,1.0931110382080078,1.0934770107269287,1.093832015991211,1.0942838191986084,1.0946898460388184,1.0951709747314453,1.0956029891967773,1.0958058834075928,1.0960450172424316,1.0961828231811523,1.0965590476989746,1.0966880321502686,1.0972418785095215,1.0977778434753418,1.0981018543243408,1.0985100269317627,1.0988168716430664,1.0992629528045654,1.0994980335235596,1.100010871887207,1.1002278327941895,1.1003949642181396,1.1007750034332275,1.101511001586914,1.1017780303955078,1.1023638248443604,1.1026630401611328,1.103346824645996,1.1035709381103516,1.1041820049285889,1.1044158935546875,1.1048798561096191,1.1050670146942139,1.1059238910675049,1.1061999797821045,1.1070330142974854,1.107213020324707,1.107800006866455,1.107969045639038,1.1081359386444092,1.1087818145751953,1.1090550422668457,1.1096608638763428,1.1099050045013428,1.1104798316955566,1.1112430095672607,1.1117169857025146,1.1123688220977783,1.1125929355621338,1.1133968830108643,1.1137640476226807,1.114461898803711,1.1148889064788818,1.1154699325561523,1.1158888339996338,1.1164429187774658,1.1167988777160645,1.1173629760742188,1.1176838874816895,1.1181919574737549,1.1184170246124268,1.118664026260376,1.1191999912261963,1.1193499565124512,1.1204638481140137,1.1206269264221191,1.1207778453826904,1.1217169761657715,1.1219539642333984,1.122661828994751,1.1229629516601562,1.1235909461975098,1.1237590312957764,1.1241018772125244,1.1245918273925781,1.1251559257507324,1.126004934310913,1.1264760494232178,1.127445936203003,1.127734899520874,1.1286568641662598,1.1290760040283203,1.1299679279327393,1.1302528381347656,1.130504846572876,1.1311619281768799,1.1314170360565186,1.1317570209503174,1.1325709819793701,1.1329219341278076,1.1331238746643066,1.1333110332489014,1.1340358257293701,1.134220838546753,1.1344208717346191,1.1353540420532227,1.1356940269470215,1.135977029800415,1.136847972869873,1.1371798515319824,1.1374478340148926,1.138084888458252,1.1382858753204346,1.1384568214416504,1.1386258602142334,1.1395759582519531,1.1398439407348633,1.1402149200439453,1.1407928466796875,1.1409838199615479,1.1414270401000977,1.142421007156372,1.1428568363189697,1.143082857131958,1.1436810493469238,1.143885850906372,1.1442508697509766,1.145110845565796,1.1455140113830566,1.1457209587097168,1.1464738845825195,1.1467888355255127],"env":"RockSample5","ubs":[21.11962234403778,21.11962234403778,21.11962234403778,21.11962234403778,21.11962234403778,21.11962234403778,21.088087408736044,21.06155057397946,21.06155057397946,21.03291203760503,21.00504674171271,21.00504674171271,21.005046741712707,21.000445781539117,20.970195798307984,20.838542605004182,20.744515259766075,20.72561903748809,20.676534079986784,20.675305562841174,20.675305562841174,20.674885747820195,20.674753622721397,20.658104397644298,20.63296525192352,20.62458189742106,20.623753719656698,20.620142342019673,20.618137060699333,20.6105323678907,20.610398969072662,20.610390094884053,20.610389504539814,20.608809968853635,20.608809968853635,20.608809968853635,20.608809968853635,20.60653853504886,20.600074616268074,20.586317906176227,20.582753104752655,20.575799930784093,20.575799930784093,20.575799930784093,20.572487994089908,20.572487994089908,20.572487994089908,20.572487994089908,20.572487994089908,20.572487994089904,20.572487994089904,20.572487994089904,20.572487994089904,20.575799930784093,20.575799930784093,20.575799930784093,20.57049825221895,20.57049825221895,20.57049825221895,20.56200206476765,20.54739279072925,20.54739279072925,20.544949179003908,20.54484715095179,20.544833539003452,20.544807569570562,20.544275473149053,20.535575863986512,20.53015721839968,20.527952221367983,20.525722453999517,20.517958642345064,20.517363865248072,20.50674211294153,20.501672992180627,20.500686860901958,20.498902492998827,20.495812534110804,20.485400534658158,20.483487485685572,20.463105969462003,20.453291497140555,20.453291497140555,20.45272986306031,20.45272986306031,20.452059868669373,20.44742926797477,20.44742926797477,20.444602243797956,20.44340800700229,20.43118181450162,20.428730507569178,20.422157197056407,20.422157197056407,20.422157197056407,20.41934203730651,20.418992970932564,20.417032806746445,20.41588378323304,20.41395646714131,20.41395646714131,20.41274222056168,20.41212050025217,20.41212050025217,20.41212050025217,20.41212050025217,20.41114533056062,20.40688456226658,20.406810434194956,20.406810434194956,20.399433044518105,20.399433044518105,20.396672419348867,20.391978110396625,20.38737312504397,20.384724459496425,20.384724459496425,20.384724459496425,20.380722270781437,20.377951815843442,20.377807940556654,20.371362033569092,20.371362033569092,20.368614619952016,20.36802162670841,20.365071692395293,20.35630610368303],"sim_r":null,"sim_rsigma":null,"solver":"SARSOP","env_full":"RockSample ()","final_lw":20.155564345185958,"timeout":false,"runtime":1.1467888355255127,"final_ub":20.35630610368303}