{"lbs":[9.56720690641,18.650945895636468,19.720127793326277,22.880758853906993,22.880758853906993,22.880758853906993,22.880758853906993,22.880758853906993,22.880758853906993,22.880758853906993,22.880758853906993,22.880758853906993,22.880758853906993,22.880758853906993,22.880758853906993,22.880758853906993,22.880758853906993,22.880758853906993,22.880758853906993,22.880758853906993,22.880758853906993,22.880758853906993],"times":[2.5982859134674072,2.5985848903656006,2.5988919734954834,2.599186897277832,2.599385976791382,2.5996627807617188,2.5998737812042236,2.6000709533691406,2.6003129482269287,2.6005029678344727,2.600803852081299,2.6010499000549316,2.601149797439575,2.6012887954711914,2.6015148162841797,2.60162091255188,2.601958990097046,2.6022188663482666,2.602519989013672,2.6026477813720703,2.6029458045959473,2.603393793106079],"env":"RockSample5","ubs":[23.331436603052076,23.331436603052076,23.331436603052076,23.331436603052072,23.318426397560216,23.30747242942747,23.305559304328774,23.305559304328774,23.305559304328774,23.30555930432877,23.296342997157268,23.292692211097325,23.279291106418068,23.266136196921757,23.204159287629523,23.161231410006614,23.134438395040483,23.12785014406978,23.121588133502105,23.11368133584769,23.111543505229037,23.105868435679824],"sim_r":null,"sim_rsigma":null,"solver":"BIB-SARSOP","env_full":"RockSample ()","final_lw":22.880758853906993,"timeout":false,"runtime":2.603393793106079,"final_ub":23.105868435679824}