{"lbs":[8.999861529759999,16.974005719885813,17.831249345192468,18.666204636241147,18.978994583634353,19.553504507830645,20.17087979670368,20.17087979670368,20.17087979670368,20.17087979670368,20.17087979670368,20.17087979670368,20.17087979670368,20.17087979670368,20.17087979670368,20.17087979670368,20.17087979670368,20.19687516004493,20.314406380771246,20.314406380771246,20.314406380771246,20.314406380771246,20.314406380771246,20.314406380771246,20.314406380771246,20.314406380771246,20.314406380771246,20.314406380771246,20.314406380771246,20.314406380771246,20.314406380771246,20.314406380771246,20.314406380771246,20.314406380771246,20.314406380771246,20.314406380771246,20.314406380771246,20.314406380771246,20.314406380771246,20.314406380771246,20.314406380771246,20.314406380771246,20.314406380771246,20.314406380771246,20.314406380771246,20.314406380771246,20.314406380771246,20.314406380771246,20.314406380771246,20.314406380771246,20.314406380771246,20.314406380771246,20.314406380771246,20.314406380771246,20.314406380771246,20.314406380771246,20.314406380771246,20.314406380771246,20.314406380771246,20.314406380771246,20.314406380771246,20.314406380771246,20.314406380771246,20.314406380771246,20.314406380771246,20.314406380771246,20.314406380771246,20.314406380771246,20.314406380771246,20.314406380771246,20.314406380771246,20.314406380771246,20.314406380771246,20.314406380771246,20.314406380771246,20.314406380771246,20.314406380771246,20.314406380771246,20.314406380771246,20.314406380771246,20.314406380771246,20.314406380771246,20.314406380771246,20.314406380771246,20.314406380771246,20.314406380771246,20.314406380771246,20.314406380771246,20.314406380771246,20.314406380771246,20.314406380771246,20.314406380771246,20.314406380771246,20.314406380771246,20.314406380771246,20.314406380771246,20.314406380771246,20.314406380771246,20.314406380771246,20.314406380771246,20.314406380771246,20.314406380771246,20.314406380771246,20.314406380771246,20.314406380771246,20.314406380771246,20.314406380771246,20.314406380771246,20.314406380771246,20.314406380771246,20.314406380771246,20.314406380771246,20.314406380771246,20.314406380771246,20.314406380771246,20.314406380771246,20.314406380771246,20.314406380771246,20.314406380771246,20.314406380771246,20.314406380771246,20.314406380771246,20.314406380771246,20.314406380771246,20.314406380771246],"times":[1.0927062034606934,1.1228601932525635,1.123216152191162,1.123406171798706,1.1236851215362549,1.1240081787109375,1.1243581771850586,1.124709129333496,1.1251521110534668,1.1255509853363037,1.1260261535644531,1.1264522075653076,1.126650094985962,1.1268839836120605,1.1270191669464111,1.127385139465332,1.1275122165679932,1.1280601024627686,1.1286330223083496,1.1289501190185547,1.12941312789917,1.1299591064453125,1.1302671432495117,1.1306960582733154,1.1309340000152588,1.13139009475708,1.131697177886963,1.1321961879730225,1.13236403465271,1.1325361728668213,1.1329500675201416,1.133213996887207,1.1337871551513672,1.133970022201538,1.134498119354248,1.1351420879364014,1.135364055633545,1.135977029800415,1.1362130641937256,1.136672019958496,1.1368441581726074,1.1376969814300537,1.1379501819610596,1.1384811401367188,1.138808012008667,1.1392459869384766,1.1399900913238525,1.1401770114898682,1.1408600807189941,1.1411499977111816,1.1416771411895752,1.1420390605926514,1.142549991607666,1.1428720951080322,1.143571138381958,1.1438231468200684,1.1444671154022217,1.1448371410369873,1.1453461647033691,1.1458280086517334,1.146428108215332,1.1473631858825684,1.148435115814209,1.1486802101135254,1.1494200229644775,1.1497480869293213,1.1503322124481201,1.1505460739135742,1.1507761478424072,1.151557207107544,1.15171217918396,1.1527671813964844,1.1529340744018555,1.153088092803955,1.1536991596221924,1.1539630889892578,1.1546170711517334,1.15494704246521,1.1555101871490479,1.156158208847046,1.1567370891571045,1.1569111347198486,1.157081127166748,1.1577889919281006,1.157973051071167,1.1582250595092773,1.1588830947875977,1.1591291427612305,1.1600651741027832,1.1603260040283203,1.1605491638183594,1.1610760688781738,1.161250114440918,1.1615631580352783,1.1617531776428223,1.162743091583252,1.1630291938781738,1.1633729934692383,1.1638991832733154,1.1640591621398926,1.1643280982971191,1.1645190715789795,1.1650311946868896,1.1654431819915771,1.1663382053375244,1.166499137878418,1.1666831970214844,1.1676020622253418,1.1679580211639404,1.1681740283966064,1.1692781448364258,1.1694769859313965,1.1696701049804688,1.1707839965820312,1.1712331771850586,1.1722869873046875,1.1725671291351318,1.1737229824066162,1.17423415184021,1.175037145614624,1.175652027130127,1.1766271591186523,1.176941156387329,1.1772170066833496,1.1783740520477295],"env":"RockSample5","ubs":[21.25080944588884,21.25080944588884,21.25080944588884,21.25080944588884,21.25080944588884,21.250809445888834,21.220284011160757,21.194572038147406,21.194572038147406,21.166823692078438,21.139796803007258,21.139796803007258,21.139796803007258,21.135558467639783,21.106308917668063,20.978209689074195,20.88723798553289,20.868786787438157,20.820823840103394,20.820823840103394,20.82030203157843,20.819633509757516,20.81922488589693,20.81909872595248,20.817207128457,20.80275365606048,20.77821301945093,20.77022933123416,20.76949175660418,20.76592980938924,20.76397891962489,20.756569067081305,20.756560415842305,20.756559839738028,20.756559801374028,20.75655979881929,20.755081622884454,20.755081622884454,20.755081622884454,20.755081622884454,20.752864468863887,20.746600518916075,20.736764616893794,20.736764616893794,20.736764616893794,20.73328629103664,20.72664175429768,20.716782086129065,20.716782086129065,20.716782086129065,20.716782086129065,20.714850227884142,20.714850227884142,20.714850227884142,20.714850227884142,20.714850227884142,20.714850227884142,20.714850227884142,20.714850227884142,20.714850227884142,20.714850227884142,20.70659071901367,20.69552174470686,20.69552174470686,20.69518030463481,20.69313247793189,20.69243854619456,20.69231532436106,20.69227135974537,20.679920130203655,20.679621044137736,20.677480959375327,20.675299921961784,20.667757603824278,20.6623410265614,20.6623410265614,20.66090152467413,20.65993470377778,20.656894922733976,20.646269237159647,20.64120215170431,20.636866244735376,20.634338389392035,20.632289041652,20.62345821475868,20.62248849553431,20.612942763615678,20.60793612376171,20.603059656543948,20.59066422343974,20.57223276012941,20.5719128508711,20.569006470266896,20.567149273884876,20.566670492581117,20.566670492581117,20.56579002930581,20.565712271901187,20.564688802435253,20.564688802435253,20.561182794119148,20.560282970975923,20.55771795635348,20.55434320436971,20.55434320436971,20.547340018963148,20.541414961297807,20.540518916377152,20.540340112728583,20.536021671345722,20.534897068850093,20.53213595032592,20.529525250671874,20.527609846443177,20.527609846443177,20.527609846443177,20.524891783748632,20.520479947884397,20.520479947884397,20.520479947884397,20.520479947884397,20.520479947884397,20.520080526995933,20.519817221208672,20.516846485845964],"sim_r":null,"sim_rsigma":null,"solver":"SARSOP","env_full":"RockSample ()","final_lw":20.314406380771246,"timeout":false,"runtime":1.1783740520477295,"final_ub":20.516846485845964}