{"lbs":[9.801495006249999,14.703106312390702,17.032241711959788,19.34973143453103,19.34973143453103,19.34973143453103,20.461510601175192,21.567730871986132,21.567730871986132,22.79205607084213,24.010259643703847],"times":[6.54842209815979,6.582334041595459,6.582587957382202,6.582632064819336,6.582771062850952,6.582920074462891,6.583233118057251,6.583280086517334,6.5833539962768555,6.583693027496338,6.583751916885376],"env":"RockSample5","ubs":[24.22588392598486,24.22588392598486,24.22588392598486,24.22588392598486,24.22588392598486,24.22588392598486,24.21978862127785,24.21978862127785,24.21457352693188,24.213723793094374,24.213723793094374],"sim_r":null,"sim_rsigma":null,"solver":"TIB-SARSOP","env_full":"RockSample ()","final_lw":24.010259643703847,"timeout":false,"runtime":6.583751916885376,"final_ub":24.213723793094374}