{"lbs":[9.186091504809996,17.513091716805693,18.436840849278695,21.130900692937388,21.130900692937388,21.130900692937388,21.130900692937388,21.130900692937388,21.130900692937388,21.130900692937388,21.130900692937388,21.130900692937388,21.130900692937388,21.130900692937388,21.130900692937388,21.130900692937388,21.130900692937388,21.130900692937388,21.130900692937388,21.130900692937388,21.130900692937388,21.130900692937388,21.130900692937388,21.130900692937388,21.130900692937388,21.130900692937388,21.130900692937388,21.130900692937388,21.130900692937388,21.130900692937388,21.130900692937388,21.130900692937388,21.130900692937388,21.130900692937388,21.130900692937388,21.130900692937388,21.130900692937388,21.130900692937388,21.130900692937388,21.130900692937388,21.130900692937388,21.130900692937388,21.130900692937388,21.130900692937388,21.130900692937388,21.130900692937388,21.130900692937388,21.130900692937388,21.130900692937388,21.130900692937388,21.130900692937388,21.130900692937388,21.130900692937388,21.130900692937388,21.130900692937388,21.130900692937388,21.130900692937388,21.130900692937388,21.130900692937388,21.130900692937388,21.130900692937388,21.130900692937388,21.130900692937388,21.130900692937388,21.130900692937388,21.130900692937388,21.130900692937388,21.130900692937388,21.130900692937388,21.130900692937388,21.130900692937388,21.130900692937388,21.130900692937388,21.130900692937388,21.130900692937388,21.130900692937388,21.130900692937388,21.130900692937388,21.130900692937388,21.130900692937388,21.130900692937388,21.130900692937388,21.130900692937388,21.130900692937388,21.130900692937388,21.130900692937388,21.130900692937388,21.130900692937388,21.130900692937388,21.130900692937388,21.130900692937388,21.130900692937388,21.130900692937388,21.130900692937388,21.130900692937388,21.130900692937388,21.130900692937388,21.130900692937388,21.130900692937388,21.130900692937388,21.130900692937388,21.130900692937388,21.130900692937388,21.130900692937388,21.130900692937388],"times":[1.4151520729064941,1.4154291152954102,1.415722131729126,1.4160151481628418,1.4162020683288574,1.4164690971374512,1.4167611598968506,1.417013168334961,1.417229175567627,1.417428970336914,1.4177031517028809,1.4179799556732178,1.4180819988250732,1.4182350635528564,1.4185171127319336,1.4186251163482666,1.4189701080322266,1.419368028640747,1.4197649955749512,1.4200751781463623,1.4203510284423828,1.420539140701294,1.4208130836486816,1.4213199615478516,1.4215099811553955,1.4217870235443115,1.4219300746917725,1.422438144683838,1.4228320121765137,1.4232001304626465,1.4235131740570068,1.4239380359649658,1.4244279861450195,1.4249300956726074,1.425455093383789,1.4256911277770996,1.4261400699615479,1.4267230033874512,1.426928997039795,1.4272639751434326,1.4279820919036865,1.4283101558685303,1.4287760257720947,1.4290311336517334,1.4295589923858643,1.4297399520874023,1.4303309917449951,1.4305119514465332,1.4308791160583496,1.4310760498046875,1.4313721656799316,1.4315061569213867,1.4318749904632568,1.432070016860962,1.4323639869689941,1.4324569702148438,1.4330179691314697,1.4331891536712646,1.433485984802246,1.433699131011963,1.434192180633545,1.4346251487731934,1.43501615524292,1.4352660179138184,1.4356210231781006,1.4360320568084717,1.4362411499023438,1.43672513961792,1.436964988708496,1.4371941089630127,1.437298059463501,1.4374890327453613,1.4377479553222656,1.4378831386566162,1.438493013381958,1.4387261867523193,1.4389891624450684,1.4400501251220703,1.4402010440826416,1.441019058227539,1.4412360191345215,1.4413909912109375,1.441810131072998,1.4421360492706299,1.442831039428711,1.4431121349334717,1.4434821605682373,1.4437041282653809,1.4441380500793457,1.4443550109863281,1.444808006286621,1.4454360008239746,1.445768117904663,1.4464750289916992,1.4467689990997314,1.4475431442260742,1.447679042816162,1.4478380680084229,1.4483120441436768,1.4485671520233154,1.4491331577301025,1.4493451118469238,1.4495141506195068,1.449887990951538,1.4500529766082764],"env":"RockSample5","ubs":[21.920534373306833,21.920534373306833,21.92053437330683,21.92053437330683,21.896927266400905,21.87755117540612,21.873815908740006,21.873815908740006,21.873815908740006,21.873815908740006,21.857588935218477,21.850704551079108,21.825408689607784,21.801295199407658,21.69413190208487,21.616178718073428,21.567641569118578,21.560599099013807,21.560599099013807,21.560599099013807,21.550292116346665,21.5365397038603,21.535986292274863,21.535420858657382,21.535420858657382,21.535420858657382,21.535420858657382,21.535420858657382,21.535420858657382,21.535420858657382,21.535420858657382,21.53494816328296,21.53261665176673,21.527490356950114,21.522061725567017,21.516747095442966,21.516235935208563,21.515924431736224,21.515924431736224,21.515320499792026,21.51531945025168,21.514893967246348,21.514348854125565,21.512483093032593,21.506433733403277,21.506433733403277,21.499406148938554,21.490040769986386,21.490040769986386,21.48868695228819,21.48862507358907,21.488413252656034,21.488413252656034,21.484052612328778,21.476821888715868,21.47677288511811,21.47676960511322,21.474992044427673,21.474992044427673,21.47499204442767,21.47499204442767,21.47499204442767,21.47499204442767,21.47499204442767,21.47499204442767,21.47499204442767,21.47499204442767,21.47499204442767,21.47499204442767,21.460203151467393,21.460203151467393,21.45466255241648,21.4433271354297,21.442322451811847,21.432251818068423,21.432251818068423,21.43143727135614,21.42249884434023,21.4207880119503,21.41623959882203,21.415184709452213,21.3952385537831,21.392036033576307,21.385731296543028,21.385731296543028,21.385731296543028,21.385597229185123,21.381671235727712,21.377696436189517,21.37338773483004,21.369169516199115,21.369169516199115,21.369169516199115,21.36749882933467,21.36749882933467,21.362465242500384,21.352699904264732,21.352623121836345,21.34956528892011,21.34956528892011,21.34956528892011,21.34956528892011,21.34557114524648,21.34252901894454,21.341918251521527],"sim_r":null,"sim_rsigma":null,"solver":"BIB-SARSOP","env_full":"RockSample ()","final_lw":21.130900692937388,"timeout":false,"runtime":1.4500529766082764,"final_ub":21.341918251521527}