{"lbs":[0.01575207734665665,0.31432000988841,0.46694020551420373,0.4993675832113495,0.5314659447879543,0.5401997349201187,0.5481485564191189,0.5525169391484394],"times":[0.40823793411254883,0.4085249900817871,0.40871095657348633,0.4102768898010254,0.4104640483856201,0.4160768985748291,0.4167158603668213,0.41725707054138184],"env":"FrozenLake4","ubs":[0.5574267329229887,0.5574267329229887,0.5574262071193984,0.5574261279390361,0.5574261203034837,0.5574258964277596,0.5574258552466096,0.557410423465147],"sim_r":null,"sim_rsigma":null,"solver":"EBIB-SARSOP","env_full":"Frozen Lake (4)","final_lw":0.5525169391484394,"timeout":false,"runtime":0.41725707054138184,"final_ub":0.557410423465147}