{"lbs":[-41.66666666666663,-16.30415160385645,-13.709461880921722,-11.139088442516826,-8.749595305390951,-6.508831726064635,5.156315948264901,7.520484843710689,15.076665556606503,17.295257751596132,20.260232380249352,22.992815152722358,25.287888241066796,26.87387070262123,29.994629380907575,31.483842645002227,32.5063105404614,34.14363024300746,35.04269129855486,36.55702104050255,37.13512525672213,37.55094491702711,38.880490831496274,39.67816517679458,39.98629695126033,40.303761227061486,40.58417258349013,40.956037024617856,41.29343560961796,41.414545378730665,41.7841270092005,41.86760425832085,41.97064496130233,42.14128896940103,42.244587880122836,42.39237662628005,42.465054734182914,42.52440875381832,42.533257055792475,42.55065754699557,42.623002900382716,42.65561464865807,42.704087583663025,42.733285822493485,42.74986780216895,42.761983594805145,42.76765102300148,42.771431326448194,42.78354773713369,42.79395558943907,42.81527350472055,42.82563927841244,42.829355979897386,42.838281941094934,42.8407515409476,42.84507994484537,42.846973144305935,42.851853933892016,42.854940202979634,42.856050104480104,42.85721330352316,42.859545132187705,42.86137658544285],"times":[0.011188030242919922,0.01225590705871582,0.012588977813720703,0.013012886047363281,0.013243913650512695,0.013475894927978516,0.014016866683959961,0.014489889144897461,0.014986038208007812,0.015488862991333008,0.015945911407470703,0.016849040985107422,0.017487049102783203,0.018172025680541992,0.01886296272277832,0.019475936889648438,0.020144939422607422,0.020838022232055664,0.021432876586914062,0.02234506607055664,0.022816896438598633,0.023411035537719727,0.024303913116455078,0.025124073028564453,0.025665998458862305,0.026427030563354492,0.02720499038696289,0.027940988540649414,0.028774023056030273,0.02925586700439453,0.030225038528442383,0.03056192398071289,0.03125190734863281,0.03221297264099121,0.03303790092468262,0.033943891525268555,0.03489184379577637,0.03576207160949707,0.03603696823120117,0.036392927169799805,0.037507057189941406,0.03795599937438965,0.0391230583190918,0.03976798057556152,0.04025602340698242,0.04102492332458496,0.04131889343261719,0.04153800010681152,0.04203486442565918,0.042669057846069336,0.049150943756103516,0.04988503456115723,0.050195932388305664,0.05124807357788086,0.05153703689575195,0.05200791358947754,0.052255868911743164,0.05333995819091797,0.05403900146484375,0.05462002754211426,0.055333852767944336,0.05621194839477539,0.06336498260498047],"env":"Tiger","ubs":[90.6583241224098,90.6583241224098,80.02992775037663,79.9048298478555,79.88963627725752,79.67585882566758,79.64804950736254,75.70440081158367,74.9089239121183,71.89572067507366,70.62362959054576,68.64236703202101,66.11980714371809,64.4718366432678,63.90187464410409,62.00314657133255,60.346183616230405,59.6670459853308,58.246674183866894,57.449443826441325,55.90812179640321,55.17550957105197,54.94633542318944,53.48579734359192,52.17543797826571,51.59751286363594,51.09708735873183,50.607133372501,50.130687848425936,49.31069606051197,49.13005453737908,48.196922658263844,48.02890080956227,47.73188058422795,47.243135144105125,46.98659862177,46.39885320820331,46.12238220520793,45.85484983450195,45.823268611338705,45.78696160619819,45.32188788461205,45.1907751055615,44.86530651168441,44.66719827481333,44.554766497587174,44.453348324926736,44.41690252298891,44.39221507953191,44.30153856271057,44.23255556829281,43.94747746262121,43.846581158050014,43.82005441166068,43.69963564376434,43.664330191132755,43.5978966709271,43.578870590817246,43.476506907832615,43.41203859683587,43.379582907782854,43.34906299354061,43.26921573734772],"sim_r":null,"sim_rsigma":null,"solver":"EBIB-SARSOP","env_full":"Tiger","final_lw":42.86137658544285,"timeout":false,"runtime":0.06336498260498047,"final_ub":43.26921573734772}