{"lbs":[9.56720690641,14.354926808472072,16.38046031537611,18.383712953704205,18.402597829896383,18.44741953240372,18.510425338737544,18.510425338737544,18.513094592844677,18.513094592844677,18.513094592844677,18.513094592844677,18.513094592844677,18.513094592844677,18.513094592844677,18.513094592844677,18.513094592844677,18.513094592844677,18.515734485156635,19.9753460432637,20.828236419539717,20.828236419539717,21.962130483888956,22.046118322975587,22.153211920504475,22.18740909828206,22.18753022293546,22.196019667739005,22.204535520931923,22.210319263734327,22.216039385365903,22.238764795505176,22.264538998880084,22.335453904763906,22.335453904763906,22.335453904763906,22.335453904763906,22.335453904763906,22.335453904763906,22.335453904763906,22.335453904763906,22.335453904763906,22.335453904763906,22.335453904763906,22.335453904763906,22.335453904763906,22.335453904763906,22.335453904763906,22.335453904763906,22.335453904763906,22.335453904763906,22.486960568733856,22.636800659400137,22.636800659400137,22.636800659400137,22.636800659400137,22.636800659400137,22.636800659400137,22.636800659400137,22.636800659400137,22.636800659400137,22.636800659400137,22.636800659400137,22.636800659400137,22.636800659400137,22.636800659400137,22.636800659400137,22.636800659400137,22.636800659400137,22.636800659400137,22.636800659400137,22.636800659400137,22.636800659400137,22.636800659400137,22.698466668732728,22.698466668732728,22.759454351962653,22.759454351962653,22.759454351962653,22.759454351962653,22.759454351962653,22.759454351962653,22.759454351962653,22.759454351962653,22.759454351962653,22.759454351962653,22.820442035192585],"times":[3.0206968784332275,3.0542330741882324,3.054425001144409,3.054466962814331,3.054626941680908,3.0547728538513184,3.0548160076141357,3.0548739433288574,3.0550448894500732,3.0552079677581787,3.0553910732269287,3.0554358959198,3.0555949211120605,3.0557780265808105,3.0559380054473877,3.0559918880462646,3.056123971939087,3.0562188625335693,3.0563130378723145,3.0567219257354736,3.0571298599243164,3.057231903076172,3.0573618412017822,3.057760000228882,3.057806968688965,3.058377981185913,3.058624029159546,3.059023857116699,3.0597119331359863,3.0600249767303467,3.060555934906006,3.060760021209717,3.060863971710205,3.060965061187744,3.061471939086914,3.061929941177368,3.0629429817199707,3.0634708404541016,3.064586877822876,3.065037965774536,3.065999984741211,3.0663390159606934,3.0666089057922363,3.067456007003784,3.0677120685577393,3.0679759979248047,3.06830096244812,3.068959951400757,3.0693280696868896,3.0695788860321045,3.0701980590820312,3.0708420276641846,3.0709688663482666,3.0718259811401367,3.0723319053649902,3.073525905609131,3.074043035507202,3.0755319595336914,3.075808048248291,3.0764999389648438,3.077862024307251,3.0781688690185547,3.078847885131836,3.080029010772705,3.0804078578948975,3.0808520317077637,3.0819809436798096,3.082366943359375,3.08278489112854,3.0830650329589844,3.084127902984619,3.084388017654419,3.084670066833496,3.0849609375,3.086632013320923,3.086951971054077,3.0871129035949707,3.0873348712921143,3.0875868797302246,3.0878448486328125,3.088118076324463,3.089452028274536,3.089895009994507,3.090350866317749,3.0919599533081055,3.0922610759735107,3.092911958694458],"env":"RockSample5","ubs":[23.331436603051984,23.331436603051984,23.331436603051984,23.331436603051984,23.331436603051984,23.331436603051984,23.31842639756013,23.307472429427385,23.305559304328682,23.305559304328682,23.305559304328682,23.296342997157183,23.292692211097243,23.292692211097243,23.292692211097243,23.292692211097243,23.27929110641798,23.266136196921668,23.216884842835334,23.16181899585397,23.15046782939251,23.149700290100583,23.1410471313967,23.13800736400367,23.137801822051628,23.137787923786203,23.137786984018042,23.136916877763277,23.1368580432161,23.136812907576257,23.135908678715648,23.13502822202329,23.129185800418412,23.129185800418412,23.129185800418412,23.129185800418412,23.129185800418412,23.129185800418412,23.121907993208858,23.114469235941478,23.11393437927523,23.113894934068547,23.113894934068547,23.113894934068547,23.113773872469885,23.113575389159855,23.113575389159855,23.113575389159855,23.111820849293935,23.111506053175752,23.111381389131815,23.110793803284373,23.109120955856717,23.10359315198107,23.10298447391152,23.10298447391152,23.100067172090874,23.096579977979474,23.096569883151233,23.09638203427398,23.087380402663776,23.078282022676547,23.078282022676547,23.078282022676547,23.078282022676547,23.078282022676547,23.078282022676547,23.078282022676547,23.078282022676547,23.078282022676547,23.078282022676547,23.074790800418416,23.074790800418416,23.05324931579436,23.05324931579436,23.04480765736031,23.044339319719732,23.0365148455653,23.0365148455653,23.0365148455653,23.0365148455653,23.03552733360192,23.03552733360192,23.03552733360192,23.03552733360192,23.033090359790226,23.03068019269046],"sim_r":null,"sim_rsigma":null,"solver":"TIB-SARSOP","env_full":"RockSample ()","final_lw":22.820442035192585,"timeout":false,"runtime":3.092911958694458,"final_ub":23.03068019269046}