{"lbs":[-23.255813953488353,-20.63648581348835,-16.575154368974857,-13.281916058784319,-10.125946468413392,-6.476438678606988,-3.5563070088170967,-1.514933033501211,0.5694412456363271,2.862717250335657,4.488913789874074,5.2097333559179955,7.1543342319164065,8.498269901641937,10.130183641133911,11.108697693948939,11.347081014463361,12.119251328262271,12.351516248916345,13.10386786596283,13.882572226192828,14.561220272905949,15.207198851758402,15.794346079166361,16.34093512110251,16.8434692649206,17.36280002750015,17.868637557638472,18.315467669214833,18.81252491617753,19.131452768052476,19.418202378076874,19.68667187400434,19.93277545698522,20.18749638308911,20.435411573367297,20.66349882094603,20.886453178605297,21.045363010877935,21.185831290647165,21.363592359997774,21.398959849539132,21.51718228711966,21.650266911294317,21.683673109675826,21.776031041026478,21.868683720085947,21.976072172275476,22.071265492116964,22.152324283326596,22.209934234930984,22.263136734440057,22.328506153434386,22.385859645611518,22.436499086922517,22.482477662425048,22.51472111490407,22.541865506227182,22.57484828771164,22.607694762863265,22.63182179534465,22.65198564924898,22.671214205198225,22.695685461713957,22.715145413871376,22.73407970715091,22.750536356114047,22.765664635916075,22.779175759061115,22.791421413474893,22.80243691932023,22.810224488536207,22.820752334672648,22.828380218889727,22.834091659294494,22.83945722705883,22.846211403064967,22.85159552511775,22.85682750424168,22.861377737209562,22.865559301836644,22.869294495238634,22.872679556206407,22.875724700466037,22.87847442428015],"times":[0.009633064270019531,0.03777885437011719,0.03781485557556152,0.0378720760345459,0.03790998458862305,0.03859591484069824,0.038717031478881836,0.03879094123840332,0.03886604309082031,0.03986787796020508,0.040014028549194336,0.040075063705444336,0.040158987045288086,0.04027295112609863,0.0415339469909668,0.04165387153625488,0.04170393943786621,0.04183506965637207,0.04188799858093262,0.04209589958190918,0.042311906814575195,0.042449951171875,0.04257607460021973,0.042710065841674805,0.042849063873291016,0.04297685623168945,0.04309391975402832,0.04322695732116699,0.04333090782165527,0.04494905471801758,0.045104026794433594,0.04525899887084961,0.04543185234069824,0.045610904693603516,0.04573988914489746,0.04588484764099121,0.045996904373168945,0.04800891876220703,0.04817485809326172,0.048338890075683594,0.0485079288482666,0.05083107948303223,0.051071882247924805,0.0512700080871582,0.053884029388427734,0.05421090126037598,0.05440497398376465,0.057218074798583984,0.060111045837402344,0.06148099899291992,0.06165790557861328,0.06183195114135742,0.06495404243469238,0.06641697883605957,0.06784605979919434,0.06930208206176758,0.06954193115234375,0.0730888843536377,0.07334303855895996,0.07370591163635254,0.0739140510559082,0.07408785820007324,0.07451200485229492,0.07605600357055664,0.07770299911499023,0.07927799224853516,0.08080387115478516,0.08237886428833008,0.08390092849731445,0.08547806739807129,0.08699393272399902,0.08719587326049805,0.09097695350646973,0.09259486198425293,0.09276604652404785,0.09325885772705078,0.09491896629333496,0.09649801254272461,0.09816193580627441,0.09973788261413574,0.10138201713562012,0.10295295715332031,0.10461688041687012,0.10618305206298828,0.10782790184020996],"env":"Tiger","ubs":[49.98348051919325,49.98348051919325,45.149179197894995,44.01207953976781,43.19582430141739,42.96772959002291,40.316939298949876,40.12377735333131,40.10122168855288,39.656980065166366,38.37145257587986,38.16980546971574,37.195485312660054,36.764844640353516,36.477427678772386,35.40056371850022,34.40739163122877,34.40739163122877,33.99524289177677,33.99524289177677,33.81003357731072,33.753821936929036,33.36707527094683,33.04487550359875,32.981210454619855,32.855817696490014,32.579033985732835,32.282219254916896,31.459416797495575,31.41571546316352,30.273722873482775,30.197252829431235,30.18832336522598,30.09081241868578,29.925536499901824,29.511917676305508,29.252114061376382,29.18596944941847,28.294956738437712,28.286502777690608,28.285515602374836,27.846307845469532,27.581907319097716,27.581907319097716,27.3177109170146,26.901387386011827,26.820897846802765,26.75351182582299,26.510162584206274,26.087460451333122,25.83461853260335,25.622516822491512,25.48962666909552,25.291202386526187,25.057771446012204,24.867275279197685,24.685386084650215,24.685386084650215,24.588447334583808,24.588447334583808,24.39797425488762,24.323481600576493,24.309148173629765,24.190676632175908,24.068951302951685,23.964221439148375,23.866666457312284,23.77899458500179,23.69893480408212,23.626348479491455,23.560326558374186,23.500361579875612,23.500361579875612,23.403650890602513,23.360440795317338,23.360440795317338,23.315161249887467,23.27902534424696,23.244158750209102,23.213303127732942,23.184929638695138,23.15928447458482,23.13592605602784,23.11472377752274,23.095448864729057],"sim_r":null,"sim_rsigma":null,"solver":"ETIB-SARSOP","env_full":"Tiger","final_lw":22.87847442428015,"timeout":false,"runtime":0.10782790184020996,"final_ub":23.095448864729057}