{"lbs":[9.52857108736,18.533466128791595,19.523038302624037,22.698465846760506,22.698465846760506,22.698465846760506,22.698465846760506,22.698465846760506,22.698465846760506,22.698465846760506,22.698465846760506,22.698465846760506,22.698465846760506,22.698465846760506,22.698465846760506,22.698465846760506,22.698465846760506,22.698465846760506,22.698465846760506,22.698465846760506,22.698465846760506,22.698465846760506,22.698465846760506,22.698465846760506,22.698465846760506,22.698465846760506,22.698465846760506,22.698465846760506,22.698465846760506,22.698465846760506,22.698465846760506],"times":[2.383837938308716,2.3841090202331543,2.384403944015503,2.384639024734497,2.3848040103912354,2.3850669860839844,2.3853049278259277,2.385490894317627,2.38570499420166,2.385862112045288,2.3861069679260254,2.3863399028778076,2.3865349292755127,2.386634111404419,2.386768102645874,2.387026071548462,2.387129068374634,2.3874480724334717,2.3877570629119873,2.387878894805908,2.38818097114563,2.3886220455169678,2.388904094696045,2.3894600868225098,2.389871120452881,2.390333890914917,2.390829086303711,2.3911099433898926,2.3915579319000244,2.391727924346924,2.3920600414276123],"env":"RockSample5","ubs":[23.185924664556083,23.185924664556083,23.185924664556083,23.185924664556083,23.171803322204614,23.15994497494775,23.157851435961362,23.157851435961362,23.157851435961362,23.157851435961362,23.1478794975219,23.143899549718114,23.130115086109782,23.129303989608403,23.11501113297736,23.047117632435928,23.001416919723567,22.97236010653711,22.957867372286493,22.95069118466988,22.947971901436716,22.94333935974278,22.941430874114488,22.939299525601754,22.93719375327117,22.93719375327117,22.93719375327117,22.934790353723486,22.93062817831042,22.92657248336847,22.92431042804273],"sim_r":null,"sim_rsigma":null,"solver":"BIB-SARSOP","env_full":"RockSample ()","final_lw":22.698465846760506,"timeout":false,"runtime":2.3920600414276123,"final_ub":22.92431042804273}