{"lbs":[-66.66666666666661,-48.94568102041611,-45.43952302897917,-36.302013008948755,-27.550061847759892,-22.9505405643947,-21.08686335631282,-14.42705085529231,-7.376410051932401,-2.8127688210891293,0.6961907250870855,6.331065075671125,11.223430294978849,14.662551887115125,17.282859430544555,20.712015369516795,28.28246761030753,29.99715096192459,32.00482614092091,33.824419467609346,36.4032514163338,38.55355435394856,40.88222757877378,42.90918321516307,43.8814963368779,45.22553047667563,48.28862934666597,51.24538209928346,52.08025643845479,54.71698819874925,56.14362563024656,56.86800509180635,57.786275298301234,59.19090318824516,59.69136342748781,59.931429884185896,61.08800639512276,61.500396511280904,62.149661477945,63.03817667727918,63.73065868587503,63.876276573300956,64.73955732422243,65.3938751458488,65.84943233909178,66.16533040900887,66.53144909288119,67.24966166773889,67.35940285027935,67.63596159923559,67.96037766182228,67.97415925550295,68.46147802846534,68.60918333189156,68.6815792454856,68.81571080215735,68.99198975213766,69.05341056595054,69.11836170776374,69.16507160565105,69.18568885189327,69.18823928127954,69.2308616967296,69.27157023596476,69.35644514887579,69.39497514575508,69.43145515258598,69.51265889145779,69.54068980068651,69.55579932856612,69.59615617004454,69.63127518163978,69.71314718184647,69.72005341651581,69.74390759695672,69.79847552617287,69.81885292793312,69.83642936719062,69.8396374429478,69.84958657432512,69.87671719825966,69.8807282150447,69.89974346914231,69.90299995723706,69.91436809108637,69.91683399286967,69.92027984740682,69.92109319738586,69.92461826088915,69.92695392226793,69.92983103939629,69.93089456471135,69.93318376125563,69.93441770906396,69.94215675942374,69.94609569615196,69.94805436492965,69.95035256574225,69.95454538075039,69.95521593564239,69.95537415118085,69.95588400582824,69.95609217270348,69.9573517077142,69.95829981187069,69.9585196350125,69.95915108548127,69.96082236011057,69.96223831258285,69.96313385362045],"times":[0.044909000396728516,0.04530191421508789,0.04565596580505371,0.04617190361022949,0.046823978424072266,0.04769706726074219,0.048742055892944336,0.0499269962310791,0.0512239933013916,0.052774906158447266,0.054472923278808594,0.05609703063964844,0.05786705017089844,0.06030607223510742,0.06299400329589844,0.06559610366821289,0.06782102584838867,0.07096195220947266,0.07476496696472168,0.0786130428314209,0.08194804191589355,0.0857090950012207,0.08865094184875488,0.09406089782714844,0.10010099411010742,0.10638809204101562,0.10992598533630371,0.11293411254882812,0.1209869384765625,0.12445497512817383,0.13280010223388672,0.1436159610748291,0.1553630828857422,0.16741204261779785,0.18166899681091309,0.18216609954833984,0.1858980655670166,0.18781304359436035,0.2016279697418213,0.20551395416259766,0.20885205268859863,0.20938611030578613,0.21293210983276367,0.21612811088562012,0.21863198280334473,0.2363429069519043,0.23957490921020508,0.2439570426940918,0.2449169158935547,0.24881911277770996,0.2526578903198242,0.25298500061035156,0.25894999504089355,0.26263904571533203,0.2658379077911377,0.2684309482574463,0.2736470699310303,0.2753410339355469,0.277332067489624,0.27838802337646484,0.27905893325805664,0.2794170379638672,0.3170590400695801,0.3184530735015869,0.3227090835571289,0.32750701904296875,0.33060693740844727,0.33596110343933105,0.3395071029663086,0.3403770923614502,0.3447599411010742,0.34775304794311523,0.3540000915527344,0.35544896125793457,0.3594989776611328,0.3662259578704834,0.3692789077758789,0.3729519844055176,0.37451791763305664,0.3759119510650635,0.3826289176940918,0.38381290435791016,0.3905041217803955,0.39182090759277344,0.3966329097747803,0.39806509017944336,0.4008619785308838,0.4023289680480957,0.40364599227905273,0.4046919345855713,0.40732598304748535,0.4086489677429199,0.41078901290893555,0.4114820957183838,0.4179799556732178,0.4223010540008545,0.4249379634857178,0.42832207679748535,0.43437695503234863,0.4357419013977051,0.43683290481567383,0.43813109397888184,0.4393930435180664,0.44234609603881836,0.4446079730987549,0.4455580711364746,0.44716501235961914,0.45354390144348145,0.4976060390472412,0.5040209293365479],"env":"Tiger","ubs":[175.63230475416992,175.63230475416992,167.9554350900109,166.84627793357015,162.8219951432263,159.22204599218065,158.19165996636576,157.56358904966635,155.91022823090313,151.0629872639085,149.73287689868894,148.93411446238483,145.2830612608976,142.4900706789656,141.45551463439043,140.72333417370075,139.0341376390063,134.8028714754425,133.3020367128027,132.15197514120408,131.1894733341651,129.21591580740687,126.99458865010484,126.53845833401996,126.53845833401996,121.38003899029346,120.5484987159364,117.72130632592743,114.56140539963641,113.4064608795264,110.32352443073839,108.62075142874428,107.7588753540819,106.30262519329142,104.24799597460401,103.2805129511622,103.13042288371759,101.10626735274393,100.54151670502284,99.3263986634665,97.62656264682622,96.3504892410194,96.05409356148209,94.32133750368081,92.9127169535445,91.94545821681636,91.11392381546375,90.33514861553178,88.09716227274029,87.63883811249943,86.76139902407277,85.67945306407219,85.67511221969512,83.48154397953732,82.86421659764751,82.51577206454631,81.84707440202394,80.93510825194839,80.74494922526213,80.30037695381537,80.06411685896241,79.95897532753222,79.78838371009695,79.59954045935564,79.32844421752426,78.72400104013178,78.43505987247272,78.14977954528698,77.408578734951,77.15678115220906,77.08722717031466,76.79876714240116,76.42531588585227,75.57999197898732,75.51133454261509,75.24205137403678,74.5862447025431,74.29837721232295,74.00707710414653,73.97398680383168,73.83221418127837,73.278758581612,73.18300000870467,72.75642588453704,72.68086169984178,72.45050449703282,72.38860353619803,72.29404970691647,72.2603170701104,72.17665971377468,72.13060304250689,72.03718185235715,72.01155750290349,71.93834161685771,71.93539531536818,71.62369521289551,71.46975912707143,71.39245330075562,71.30455705278973,71.13109712054813,71.1046783650536,71.08850841045245,71.0682028114122,71.05102675762635,70.98185480999557,70.91648002810103,70.9086382328803,70.86655556970227,70.73776478218447,70.61219184724361],"sim_r":null,"sim_rsigma":null,"solver":"BIB-SARSOP","env_full":"Tiger","final_lw":69.96313385362045,"timeout":false,"runtime":0.5040209293365479,"final_ub":70.61219184724361}