{"lbs":[9.41336550625,14.127623785978827,16.032397084533308,17.908598783609477,17.908598783609477,17.908598783609477,17.9373509504425,17.9373509504425,17.96567183477303,17.96960566455822,17.96960566455822,17.96960566455822,17.96960566455822,17.96960566455822,19.665335089310606,21.339503395030118,21.339503395030118,21.339503395030118,21.339503395030118,21.339503395030118,21.339503395030118,21.41272593218024,21.41272593218024,21.41272593218024,21.41272593218024,21.41272593218024,21.484850131273106,21.48871497940416,21.48871497940416,21.48871497940416,21.540524351457012,21.59536345833816,21.59536345833816,21.59536345833816,21.59536345833816,21.59536345833816,21.59536345833816,21.59536345833816,21.59536345833816,21.59536345833816,21.59536345833816,21.59536345833816,21.59536345833816,21.59536345833816,21.59536345833816,21.610594970283277,21.706389806301896,21.706389806301896,21.706389806301896,21.706389806301896,21.83207800682407,21.955880884338413,21.955880884338413,21.955880884338413,21.955880884338413,21.955880884338413,21.955880884338413,21.955880884338413,21.955880884338413,21.955880884338413,21.955880884338413,22.008066042337386,22.059468422966376,22.059468422966376,22.059468422966376,22.059468422966376,22.110870803595365,22.16150214851492,22.16150214851492,22.16150214851492,22.16150214851492,22.16150214851492,22.16150214851492,22.16150214851492,22.16150214851492,22.16150214851492,22.16150214851492,22.16150214851492,22.16150214851492,22.16150214851492,22.16150214851492,22.16150214851492,22.16150214851492,22.16150214851492,22.16150214851492,22.16150214851492,22.16150214851492,22.16150214851492,22.16150214851492,22.16150214851492,22.16150214851492,22.16150214851492,22.16150214851492,22.16150214851492,22.16150214851492,22.16150214851492,22.16150214851492,22.16150214851492,22.16150214851492,22.16150214851492,22.16150214851492],"times":[2.0407700538635254,2.0751380920410156,2.075390100479126,2.07548189163208,2.075516939163208,2.0755789279937744,2.0757639408111572,2.0759329795837402,2.0759990215301514,2.0761709213256836,2.076345920562744,2.076504945755005,2.0766661167144775,2.076810121536255,2.0808629989624023,2.080925941467285,2.0810611248016357,2.0811729431152344,2.0813300609588623,2.0813961029052734,2.081547975540161,2.0818819999694824,2.0821878910064697,2.08229398727417,2.082425117492676,2.082782030105591,2.08286190032959,2.083451986312866,2.0836880207061768,2.0842549800872803,2.0844810009002686,2.0845749378204346,2.085155963897705,2.0857439041137695,2.086092948913574,2.086611032485962,2.086890935897827,2.087415933609009,2.088136911392212,2.0884909629821777,2.0890610218048096,2.089379072189331,2.0899178981781006,2.0902929306030273,2.090769052505493,2.0911710262298584,2.091974973678589,2.0925440788269043,2.0933220386505127,2.0936620235443115,2.09468412399292,2.0948190689086914,2.095310926437378,2.096142053604126,2.0967540740966797,2.0971810817718506,2.0979950428009033,2.0982511043548584,2.0986459255218506,2.098954916000366,2.099769115447998,2.1005821228027344,2.1007330417633057,2.1019599437713623,2.102363109588623,2.1027679443359375,2.104017972946167,2.1041789054870605,2.1049399375915527,2.1053268909454346,2.1064000129699707,2.106800079345703,2.1071770191192627,2.107538938522339,2.1088099479675293,2.10917592048645,2.109492063522339,2.109873056411743,2.111013889312744,2.111330032348633,2.11157488822937,2.112014055252075,2.1133999824523926,2.1137819290161133,2.1140270233154297,2.114197015762329,2.1143460273742676,2.1145639419555664,2.1155691146850586,2.1159989833831787,2.1164400577545166,2.1176819801330566,2.1181020736694336,2.1184210777282715,2.119739055633545,2.1202759742736816,2.1208949089050293,2.122180938720703,2.1225650310516357,2.1228179931640625,2.123167037963867],"env":"RockSample5","ubs":[22.755362661780783,22.755362661780783,22.755362661780783,22.755362661780783,22.755362661780783,22.75536266178078,22.75536266178078,22.75536266178078,22.737977352361426,22.72085282258336,22.72085282258336,22.72085282258336,22.703728292805295,22.703728292805295,22.703728292805295,22.703728292805295,22.686860630973896,22.685560587261897,22.66791052693768,22.58663221328129,22.530856786577125,22.526145481292065,22.518534828002675,22.51802229480433,22.515402168602414,22.503214714794296,22.48790722185407,22.48790722185407,22.48790722185407,22.48790722185407,22.48790722185407,22.486760443323494,22.485630866470878,22.477137911636127,22.468772351123903,22.467807387288296,22.467467435829512,22.467318164641284,22.466859626301268,22.466859626301268,22.464957159378724,22.464576325956642,22.463820222671394,22.461116511944784,22.453575510353353,22.45324325737375,22.453008560793812,22.45238130796851,22.45238130796851,22.44974982162207,22.44939539104633,22.448861770738034,22.445327251169502,22.445327251169502,22.445122225096803,22.44488286882818,22.4440520909193,22.432785926403653,22.420432721509293,22.420432721509293,22.420432721509293,22.420432721509293,22.420432721509293,22.420432721509293,22.420432721509293,22.420432721509293,22.420432721509293,22.420432721509293,22.420432721509293,22.420432721509293,22.420432721509293,22.420432721509293,22.420432721509293,22.420432721509293,22.42043272150929,22.420432721509293,22.420432721509293,22.42043272150929,22.42043272150929,22.42043272150929,22.42043272150929,22.42043272150929,22.42043272150929,22.42043272150929,22.420432721509293,22.420432721509293,22.404799941588173,22.390137251300565,22.389433306518317,22.389401653365873,22.389401653365873,22.389401653365873,22.388419786383064,22.388419786383064,22.388419786383064,22.388419786383064,22.388419786383064,22.388419786383064,22.388419786383064,22.388419786383064,22.382288654332648],"sim_r":null,"sim_rsigma":null,"solver":"SARSOP","env_full":"RockSample ()","final_lw":22.16150214851492,"timeout":false,"runtime":2.123167037963867,"final_ub":22.382288654332648}