{"lbs":[-90.90909090909084,-72.74520850674985,-69.04700926532414,-59.27493887356918,-49.425983301454814,-44.40700778365513,-42.313544247587274,-34.52901078461328,-26.162399212194025,-21.087330464453313,-16.727592653930174,-11.33541935250322,-6.492241464706803,-0.5801601966819003,4.4082723141755755,8.223233072013386,12.566826950680507,16.672949507650465,21.127187525250946,25.040751982209805,27.13689199476711,30.584133258103265,33.81340028819866,36.04530981426287,38.195759658096925,43.06840182984962,46.08296498847683,48.20917064315052,49.84139143783979,53.16949237482734,55.409896179346845,57.52517316465641,59.531374024344316,61.43359204631065,63.23724774617072,64.94744626301052,66.56903022599025,68.10659122405488,70.17593519032567,72.08423392032755,73.18216882762121,74.38604959094246,76.87422575997964,77.01105869358665,77.89148967471584,80.28421494393788,80.73570882126123,80.81146447320008,81.68068716331912,82.77008824280114,83.28449850882146,83.51763877008545,84.60226921078193,85.43127321278223,85.81009934688706,86.36556311937122,86.88358335295293,87.1661860653837,87.33178935023992,87.6371460333109,88.40786294837244,89.03523548021968,89.8188596268963,90.07113813725391,90.19350649703975,91.09937372092645,91.45378836900213,91.64117718255456,92.07419509009304,92.11209029689078,92.40109490407698,93.05399609157661,93.09179157585321,93.16765942097288,93.5143685151481,93.70442406696571,93.95227870477285,94.0047886512177,94.16383128443431,94.4565377984977,94.74575238655842,94.9587730371774,95.14196847204173,95.31121039014273,95.32828046790075,95.35599004175083,95.45628149775537,95.6085753793852,95.65393756347007,95.72258273231284,95.82474574181435,95.8506359271264,95.85843745513229,95.86614589522105,95.89457286144905,95.90941730787205,95.92653238094923,95.93327776378561,95.93926116119232,95.96288791448765,95.96849298137735,95.99149893766472,95.9947130281694,96.00341494842496,96.01437010795004,96.01968393710011,96.03590561885895,96.04438894242034,96.05958717733722,96.08316357608817,96.09260063800112,96.10801242730793,96.11784797894671,96.12910045610856,96.1400526613411,96.16436749781289,96.17992178804806,96.1825670802538,96.1854739930506,96.1875679258296,96.19037808650586,96.19453597610791,96.19833933951854,96.20774692412732,96.21429980887152,96.21627952599512,96.21814241312053,96.21828749370933,96.22464324412564,96.2256765510706,96.22604477854645,96.23041254272488,96.23284599715228,96.23354892502994,96.2353901341956,96.23600917687038,96.23672038572703],"times":[0.024960994720458984,0.02536606788635254,0.026005983352661133,0.02690410614013672,0.028048992156982422,0.02957296371459961,0.031408071517944336,0.03346610069274902,0.03574991226196289,0.038455963134765625,0.04142498970031738,0.044647932052612305,0.04812502861022949,0.05170106887817383,0.055567026138305664,0.06032109260559082,0.06532406806945801,0.07006311416625977,0.07544493675231934,0.0811460018157959,0.08851003646850586,0.09658598899841309,0.10474801063537598,0.11368703842163086,0.12388992309570312,0.132551908493042,0.14039301872253418,0.15407109260559082,0.16904807090759277,0.18500900268554688,0.1952040195465088,0.21434593200683594,0.2262279987335205,0.24890494346618652,0.2623291015625,0.2890350818634033,0.6652889251708984,0.6972370147705078,0.7326419353485107,0.7733581066131592,0.8173890113830566,0.8662850856781006,0.8933229446411133,0.8945090770721436,0.9529769420623779,0.9840331077575684,0.9867551326751709,0.9880750179290771,1.0553350448608398,1.130342960357666,1.2107090950012207,1.2135019302368164,1.2993860244750977,1.3896660804748535,1.488590955734253,1.5936388969421387,1.6963820457458496,1.6999421119689941,1.701751947402954,1.811216115951538,1.8440930843353271,1.9481620788574219,1.9704210758209229,1.9732840061187744,1.9750189781188965,2.002290964126587,2.1219420433044434,2.251477003097534,2.274348020553589,2.276628017425537,2.294429063796997,2.3194260597229004,2.321626901626587,2.324528932571411,2.3423190116882324,2.359661102294922,2.3742449283599854,2.376750946044922,2.389296054840088,2.407665967941284,2.4275081157684326,2.447169065475464,2.4665679931640625,2.486114025115967,2.4896039962768555,2.4927470684051514,2.5075089931488037,2.5317420959472656,2.54386305809021,2.561002016067505,2.5882561206817627,2.593126058578491,2.5959320068359375,2.599148988723755,2.6145989894866943,2.6177399158477783,2.6268160343170166,2.630350112915039,2.6334481239318848,2.6489720344543457,2.6529970169067383,2.6685280799865723,2.672111988067627,2.6748580932617188,2.6852939128875732,2.6896169185638428,2.7004549503326416,2.7039780616760254,2.7145209312438965,2.7285330295562744,2.731884002685547,2.7440409660339355,2.751657009124756,2.7611911296844482,2.770565986633301,2.7980520725250244,2.819080114364624,2.826240062713623,2.8335680961608887,2.836107015609741,2.84224796295166,2.851315975189209,2.8572399616241455,2.883953094482422,2.906783103942871,2.914048910140991,2.920387029647827,2.9233760833740234,2.955976963043213,2.9603629112243652,2.963197946548462,2.9922869205474854,3.01723313331604,3.0221590995788574,3.044935941696167,3.053518056869507,3.0648930072784424],"env":"Tiger","ubs":[240.30263633895132,240.30263633895132,232.56185003858099,231.44298591276987,227.31882920318526,223.56541722942313,222.4937818627234,221.8488418820275,220.2603497929701,215.08324617459868,213.78910938628317,212.96554950497494,210.0189306998088,208.727668063488,205.87472186931535,202.9473473853684,201.70773919195307,199.3559845029825,197.14353304947423,193.7281498217068,191.19836346193094,191.19836346193094,188.3871122102238,186.03035692723097,184.86805622253124,184.1110601132405,180.94106766976165,177.1854013651569,175.4001029560439,174.6576713105855,172.51146390541498,169.63736496034147,167.43566869238867,165.09302640324933,163.15428033556617,161.12551357497705,159.200286570121,157.37768816343322,155.53495523007143,153.81028084263338,151.7420906758992,150.36030549424703,148.78018990035633,146.496396754681,146.496396754681,145.05460618420784,141.63715806393668,141.35104557086413,141.35104557086413,140.7732080828127,138.97334452026624,138.5074899072382,138.18970043487872,136.37438722837143,135.13572128476704,134.4233272180464,133.4637110536577,132.40291182246955,132.185491374955,132.0102890106979,131.48087385344883,130.19017167185328,129.08642378820957,127.34448675736202,126.76306628541712,126.74105529172272,124.74835884990387,123.69341875578486,123.4182098937045,121.8772991063077,121.72480055346966,120.84307724815392,118.72918172481396,118.57194629489946,118.43611061014477,117.25271009450836,116.77555533457999,115.72529161406592,115.63283232107068,114.90113641884506,113.84024136298386,112.36344634689263,111.30342279909566,110.20866224410852,109.06928497333938,108.82108785930991,108.74889133869938,108.19130302225219,106.92908589696988,106.57454009318076,105.88087968015859,104.85922920990173,104.64293275543227,104.53585263332107,104.46661078344164,104.1666414152034,104.03383286069212,103.79457818543783,103.71779208562978,103.69960116330088,103.48445674205021,103.45534851083895,103.16408957688685,103.0886424303908,102.96059391565399,102.78152291419369,102.74865975468151,102.56023945051683,102.494494821707,102.25793988493686,101.84634635898108,101.675452842319,101.37905877148249,101.18554597252322,100.953533489937,100.72846628621394,100.17745619885845,99.76991972899081,99.67541931584701,99.58046285506752,99.52150026100779,99.3823684478181,99.22920352325141,99.09784712261097,98.69726163263314,98.39809268304703,98.31363209470126,98.22879258535639,98.21486279134649,97.89954676088473,97.85966487776422,97.83982575850814,97.60543831703134,97.44139885743816,97.39129910929327,97.25396565886149,97.19115838162509],"sim_r":null,"sim_rsigma":null,"solver":"BIB-SARSOP","env_full":"Tiger","final_lw":96.23672038572703,"timeout":false,"runtime":3.0648930072784424,"final_ub":97.19115838162509}