{"lbs":[-23.80952380952379,-21.18471876952379,-16.896850750081775,-13.916484110754736,-10.591477649069553,-7.110105630344764,-4.751291425798769,-2.6647948095306857,-0.688749319381084,1.3284631816867531,3.5222596586452797,5.110809786651027,5.816957780088181,7.465526284434444,8.649068262605553,10.07256091916656,10.34160812563847,11.490483464065836,12.413764762474393,13.233877951937743,13.43788110103057,14.099542125528071,14.848909917778077,15.476145502014324,16.326376185343882,16.87769620721948,17.1514483582334,17.763310542057525,17.949965027025513,18.223839344559725,18.707722098748796,19.048140558157833,19.435886030914496,19.789159795560543,20.067175533531874,20.42967221395505,20.667015116825187,20.852109125035035,21.088597831384007,21.193722638284825,21.421133789642596,21.619297692073005,21.77007507841888,21.927792213817284,21.951031308525625,22.061895125753466,22.20580331406991,22.307796099762395,22.40092980935886,22.442076850479825,22.487169621519996,22.582667642553517,22.652903103729532,22.7459267076408,22.784173963527284,22.811206804722467,22.883747548168692,22.922572829551598,22.98299403883724,23.03333304689873,23.068908672970707,23.101695901328284,23.14306572402741,23.166903896424024,23.19374948818244,23.2273916734571,23.25244238052666,23.27631497716098,23.29353588202881,23.307967989938042,23.328186934299048,23.34438521401448,23.36000444505285,23.373731830192234,23.383664252681726,23.392879685966633,23.404304436109133,23.413472709630074,23.42238703541723,23.4301664599029,23.437329010936928,23.44374431561768,23.449571451018713,23.454826567389894,23.459583157489575,23.463880495880904,23.46776661750677,23.471279167177915,23.473762799575205,23.47887950142737,23.481363776769463],"times":[0.010190963745117188,0.03872108459472656,0.039457082748413086,0.039610862731933594,0.04068589210510254,0.04200291633605957,0.04214191436767578,0.04223895072937012,0.04234790802001953,0.04248309135437012,0.04319500923156738,0.04341888427734375,0.04350090026855469,0.043695926666259766,0.04384303092956543,0.043966054916381836,0.04401993751525879,0.045799970626831055,0.04587101936340332,0.046041011810302734,0.04610300064086914,0.04623889923095703,0.04649090766906738,0.04665398597717285,0.04859304428100586,0.04887199401855469,0.04901599884033203,0.04920697212219238,0.05166006088256836,0.051779985427856445,0.051989078521728516,0.054789066314697266,0.0550689697265625,0.05627799034118652,0.056555986404418945,0.059432029724121094,0.059721946716308594,0.05997896194458008,0.060272932052612305,0.06055808067321777,0.06074690818786621,0.0637350082397461,0.06400799751281738,0.0645759105682373,0.0660240650177002,0.06629610061645508,0.06986403465270996,0.07011008262634277,0.07041001319885254,0.07428693771362305,0.07823395729064941,0.07854795455932617,0.07889008522033691,0.07930302619934082,0.07958292961120605,0.0813910961151123,0.08183407783508301,0.08210492134094238,0.08251094818115234,0.08440995216369629,0.08465290069580078,0.08505797386169434,0.0868980884552002,0.08716607093811035,0.08739399909973145,0.0917670726776123,0.09365296363830566,0.0941619873046875,0.09438490867614746,0.09630203247070312,0.0982520580291748,0.10026693344116211,0.10084700584411621,0.1027979850769043,0.10298490524291992,0.10774588584899902,0.10985493659973145,0.11053991317749023,0.11260294914245605,0.11335587501525879,0.11543989181518555,0.11628007888793945,0.11840009689331055,0.11932206153869629,0.12135195732116699,0.12227201461791992,0.12429189682006836,0.12530303001403809,0.1255018711090088,0.12809491157531738,0.12909388542175293],"env":"Tiger","ubs":[51.20764179865198,51.20764179865198,46.36716938988552,45.077837193278,44.729239988110606,44.275929824221194,42.44151043713021,41.595065995183106,41.157490813716734,41.007241373044764,40.882746674123865,39.527621708383634,39.36253292875705,38.45889481833271,38.333837837478825,38.08898086668987,37.32584439604695,37.27247194153622,36.15554929195812,35.431041536902185,35.01091450252687,35.01091450252687,34.876975165658706,34.83657802346119,34.71572694685234,33.61235328863635,33.61235328863635,33.502954600131716,33.478202816942456,32.608504904351776,32.05455226117208,31.88796391951716,31.483049815403902,31.483049815403902,30.986281855199852,30.986281855199852,30.09976174093147,30.09976174093147,29.81301577863799,29.80891258512232,29.72955291759215,29.523170074333404,28.74554007742903,28.74554007742903,28.474644795475264,28.177147868056633,28.177147868056633,27.539552336262553,27.534187509231955,27.533559744479803,27.074139877248655,26.798200820064203,26.798200820064203,26.65019288473367,26.46740788438978,26.467085944575306,26.36533886970434,26.06617670878478,25.959822977028857,25.742156074721088,25.541204030721303,25.541204030721303,25.365753093372938,25.195000320982146,25.10389656653335,25.074962972415676,24.857481608904244,24.73893239020697,24.628140122255452,24.627815142731592,24.564865616613417,24.440485880310696,24.368989918134204,24.286891530900768,24.219009722860548,24.219009722860548,24.149357381796175,24.094144634406405,24.040516316004428,23.993036396549513,23.94924264503241,23.90958436294408,23.873375562750923,23.840437159049465,23.810424660229806,23.783098175554457,23.758209170828977,23.73554354409371,23.71490132640966,23.714901326391256,23.69564944750202],"sim_r":null,"sim_rsigma":null,"solver":"ETIB-SARSOP","env_full":"Tiger","final_lw":23.481363776769463,"timeout":false,"runtime":0.12909388542175293,"final_ub":23.69564944750202}