{"lbs":[-25.641025641025617,-10.308535617111238,-7.768012302040444,-5.419474867807896,3.4980473300519486,6.488854447940746,8.730968867198271,11.265743541489199,13.783864192794868,15.450889172006843,17.26452315895894,18.605667662836176,19.318845567815075,20.519056100561027,21.55128334943152,22.31204736641768,22.561117815380804,22.778371781540685,23.464019172071303,23.96914854416612,24.313949082217903,24.46860774968711,24.537948042822546,24.750151396809144,24.852724953596514,24.994274985332346,25.089983561327028,25.15588480528747,25.210785351762162,25.28954663082785,25.306549744057406,25.338141160607414,25.345679622180214,25.37952178174222,25.394247720420196,25.419338214355882,25.43164744118834,25.438538468765792,25.454581857570346,25.460458310089678,25.469396125995694,25.473339062297878,25.47733536946497,25.480543753570842,25.480741594117806,25.48297646409752,25.48476627951851],"times":[0.009276866912841797,0.009826898574829102,0.009963035583496094,0.010133981704711914,0.01039886474609375,0.010555028915405273,0.010788917541503906,0.011213064193725586,0.011456012725830078,0.011659860610961914,0.011911869049072266,0.012197017669677734,0.012405872344970703,0.012721061706542969,0.012956857681274414,0.013236045837402344,0.013331890106201172,0.013469934463500977,0.013805866241455078,0.014063835144042969,0.014373064041137695,0.01452183723449707,0.014618873596191406,0.014948844909667969,0.015185832977294922,0.015439033508300781,0.01565694808959961,0.015858888626098633,0.016164064407348633,0.018121957778930664,0.018234968185424805,0.0184628963470459,0.01856398582458496,0.018884897232055664,0.019049882888793945,0.019350051879882812,0.019539833068847656,0.019733905792236328,0.022218942642211914,0.022415876388549805,0.025269031524658203,0.028056859970092773,0.028347015380859375,0.031394004821777344,0.03153204917907715,0.0318598747253418,0.03329586982727051],"env":"Tiger","ubs":[55.256925494907954,55.256925494907954,47.47529429243241,47.47529429243241,47.462535547867574,43.598027389466196,42.299709952652755,41.897123850772005,40.52973044060525,38.721910897082566,38.20404183941209,37.05896953787556,36.10471504435803,35.888108311252985,34.73303095504102,33.938666973368385,32.79219780129307,32.38229327244032,32.30231006432726,31.288161248274964,30.663454653363836,29.943768419631223,29.691909390300474,29.52612724279124,29.09022908288936,28.73470057323285,28.27815526495759,27.90260525200619,27.66830213893784,27.377466340590843,26.95394381746631,26.95394381746631,26.779433581304815,26.747465596355106,26.56681287307691,26.52477681447713,26.3807598669011,26.28892586838391,26.23721899190982,26.08126010677497,26.041356025604415,25.919157547289984,25.855635926751326,25.80781042066444,25.75668921909528,25.75668921909528,25.718758874107657],"sim_r":null,"sim_rsigma":null,"solver":"EBIB-SARSOP","env_full":"Tiger","final_lw":25.48476627951851,"timeout":false,"runtime":0.03329586982727051,"final_ub":25.718758874107657}