{"lbs":[-33.33333333333331,-17.16838018847339,-14.307542838525134,-7.204217762792211,-0.6561101732408567,2.5259620800169404,3.6651118893606522,6.960795994022771,11.122175696950864,12.898617821854433,15.4268845480976,18.002520783955234,20.194417731493296,21.70889968916402,23.354026963009094,24.765539381519545,25.867144440971245,26.939270840828875,27.868287887917838,28.57672472731951,29.4103668442249,29.75134702133485,30.156656208062287,30.599105524866495,30.989133935652745,31.251028673784774,31.561058760371058,31.985651669975702,32.19219210759684,32.624791576213724,32.75071568615577,32.91616973135129,32.96562984765123,32.98837830812774,33.150224709202035,33.18145294492933,33.32214830983953,33.38989290905188,33.429085747781386,33.50544943584287,33.5844090234269,33.5844090234269,33.5844090234269,33.59780293061931,33.603963263250655,33.631311078470986,33.64388930796576,33.67709569575214,33.687178799070274,33.702556180715604,33.71090402446799,33.72223774822211,33.73347972448837,33.73865030781697,33.743801482825894,33.76020265980466,33.76659178040179,33.77103324001136,33.78449710378932,33.78904050528739,33.79851212183479,33.80537537081827,33.80938490865762,33.810842930461405,33.81582604679862,33.818824525196476,33.82131395869919,33.8238382360411,33.82519196301023,33.82599943531341,33.82769251959775,33.82802620254689,33.82926544569718],"times":[0.008652210235595703,0.008802175521850586,0.008942127227783203,0.009116172790527344,0.010481119155883789,0.010911226272583008,0.01141214370727539,0.011934995651245117,0.012386083602905273,0.012873172760009766,0.013330221176147461,0.013811111450195312,0.014298200607299805,0.014819145202636719,0.015346050262451172,0.015902042388916016,0.016494035720825195,0.01712512969970703,0.017692089080810547,0.01830005645751953,0.01889204978942871,0.01945805549621582,0.019994020462036133,0.020634174346923828,0.021215200424194336,0.02177906036376953,0.02231121063232422,0.022922039031982422,0.023395061492919922,0.024135112762451172,0.024601221084594727,0.0250701904296875,0.025410175323486328,0.025632143020629883,0.026240110397338867,0.026443004608154297,0.027140140533447266,0.02753901481628418,0.0279541015625,0.02851414680480957,0.029064178466796875,0.02912616729736328,0.02919912338256836,0.029339075088500977,0.029489994049072266,0.030048131942749023,0.030193090438842773,0.030921220779418945,0.0310821533203125,0.03131914138793945,0.03146815299987793,0.031777143478393555,0.03206801414489746,0.03232407569885254,0.032485008239746094,0.03290915489196777,0.033143043518066406,0.0333712100982666,0.034046173095703125,0.03429007530212402,0.03474712371826172,0.03524208068847656,0.03577399253845215,0.03591513633728027,0.036622047424316406,0.03705406188964844,0.03742408752441406,0.041941165924072266,0.0424191951751709,0.04266619682312012,0.043340206146240234,0.0435941219329834,0.044431209564208984],"env":"Tiger","ubs":[86.7121077329174,86.7121077329174,79.26909363951604,78.19507425702527,74.5252457965203,70.23746151876944,70.11167740705879,69.55459148549329,68.64800241088119,66.69094042103502,65.33310007181896,62.87239639479748,59.79540083529477,57.32740597004769,56.277944954931684,54.78353721107757,52.7497803437606,51.32799233913767,49.84530882642151,48.79227977091332,47.62098892833818,46.602306865035374,45.94050140191389,45.53170585401918,44.917234637365866,44.10538054580544,43.77277953952903,43.203885748090315,42.28929585085763,41.906277311777174,40.80139561861144,40.5498460232412,40.03120561856588,39.989517725219116,39.92759290036858,39.338815856896886,39.268659649433424,38.52732014334478,38.18416879303843,37.92781677983896,37.69845686736258,37.65792404011114,37.65792404011114,37.095324231136566,36.9963788036911,36.89701949529387,36.69971675704025,36.629017569949895,36.354128312231694,36.28304753678162,36.15449740068987,36.100306337422964,35.99361934344476,35.891066978041316,35.87724798404409,35.82701707178292,35.58177595898099,35.50024612886391,35.485342295024665,35.21623085559136,35.13023910665663,34.990838243388524,34.82621651072127,34.747496958302165,34.7454399025183,34.63333247709741,34.550431665565505,34.472395385713746,34.35918135510216,34.2988188573143,34.27383265087898,34.18643668662097,34.16648894437489],"sim_r":null,"sim_rsigma":null,"solver":"BIB-SARSOP","env_full":"Tiger","final_lw":33.82926544569718,"timeout":false,"runtime":0.044431209564208984,"final_ub":34.16648894437489}