{"lbs":[-38.461538461538424,-21.897233993058066,-18.87521782028964,-11.278449737093453,-4.322692573973564,-0.8301517826220831,0.4696582247042868,8.750709418217536,12.719818490915635,14.708624516393629,17.514307755055775,20.10060702439589,22.40912445759726,24.523899964051264,26.373304882527993,27.633701452841795,28.5618305397361,29.862850846104017,30.98570149118033,31.977416823046177,32.65328536352829,33.85691239021556,35.0716872733711,35.4195815338794,36.480199090521836,36.738026388540135,37.155856527623015,37.155856527623015,37.155856527623015,37.35558022541238,37.59926924837448,37.729686626203836,37.7903502790138,37.96008530665739,38.03903756714627,38.185217065463746,38.3010041737323,38.39137293609104,38.47946480391554,38.5953621790192,38.68218434408173,38.81887956833964,38.862678042132714,38.952842371330945,38.96314875714954,39.00804867257469,39.013971271655365,39.041647706103035,39.05893797074748,39.094455315069524,39.11097621037156,39.16748259703998,39.18741786493601,39.20603694248244,39.230998050190784,39.27941338053331,39.28472043209413,39.30165409885704,39.30549697897281,39.30978515745815,39.31732123965816,39.329148083199236,39.33482222623678,39.34958119522819,39.35353869733367,39.35442505863071,39.3566781820457,39.360124625885724,39.363357903760175,39.36929133642171,39.37056544569123,39.371158097710875,39.37682173540068,39.37933082054853,39.380342850848564,39.381889339811394,39.38405872462151,39.38496169948095,39.38538171830267,39.38569408629088,39.38663827345449,39.38796223422315,39.38816434031804,39.38852186034571,39.38954566055376,39.38999549694584],"times":[0.009763002395629883,0.00993204116821289,0.010092973709106445,0.01028895378112793,0.01058506965637207,0.010947942733764648,0.011371135711669922,0.011764049530029297,0.012259960174560547,0.012905120849609375,0.013518095016479492,0.014018058776855469,0.014553070068359375,0.015123128890991211,0.015685081481933594,0.01644110679626465,0.017868995666503906,0.01856207847595215,0.019236087799072266,0.019974946975708008,0.020667076110839844,0.021429061889648438,0.022171974182128906,0.02275705337524414,0.023661136627197266,0.024444103240966797,0.025179147720336914,0.02524113655090332,0.025315046310424805,0.026381969451904297,0.027240991592407227,0.028018951416015625,0.028170108795166016,0.028918027877807617,0.029088973999023438,0.02990412712097168,0.030570030212402344,0.03152298927307129,0.03226208686828613,0.032911062240600586,0.033637046813964844,0.03439903259277344,0.03461408615112305,0.03537392616271973,0.035711050033569336,0.03657793998718262,0.03699493408203125,0.037240028381347656,0.03740501403808594,0.038069963455200195,0.038459062576293945,0.03930807113647461,0.039602041244506836,0.03994107246398926,0.04050493240356445,0.046411991119384766,0.04670906066894531,0.04757213592529297,0.04812502861022949,0.04838204383850098,0.04876995086669922,0.049551963806152344,0.04989194869995117,0.05094313621520996,0.051267147064208984,0.05148506164550781,0.05184197425842285,0.05214095115661621,0.052655935287475586,0.053626060485839844,0.05381608009338379,0.05401301383972168,0.060961008071899414,0.061602115631103516,0.061994075775146484,0.062467098236083984,0.06338906288146973,0.06387710571289062,0.0643911361694336,0.06464815139770508,0.06569314002990723,0.0667879581451416,0.06710696220397949,0.06753396987915039,0.0754239559173584,0.07662796974182129],"env":"Tiger","ubs":[100.39260024294299,100.39260024294299,92.88804183337129,91.80483911184893,88.04346074559548,84.6582013452824,83.71130587687725,83.12060162416302,79.29962639343333,75.91679942821011,75.59753683118103,73.3197687472161,71.1164853963954,68.72515387442277,66.42353496913194,64.2430006412618,63.820637228311774,63.30749128281442,61.62705545856689,60.120628062631155,58.74182825883362,58.10982169729171,56.178178469652416,54.537004489897285,54.05189505038135,52.25755157999396,51.69723236296886,51.32776543859933,51.32776543859933,50.577927093482344,50.28187020863395,49.541062345545825,49.22008420547965,48.95767537020032,48.29309158346874,48.086995581754536,47.6657397514676,47.36597554292442,47.144133908004406,46.740422334511884,46.31847288236712,45.93341211208218,45.26108710686489,45.112121249039305,44.618741481665296,44.484461502995764,44.226772799062715,44.11845740311819,43.93656613576266,43.7936890466828,43.49419895523854,43.466313065127416,43.08850023637133,42.94455418204403,42.82241216145578,42.60416292010821,41.995164322508074,41.995164322508074,41.78922097633857,41.757904103864696,41.734761246778795,41.62668842818327,41.43144119438189,41.37328458558325,41.09582957324895,41.01893385474564,40.97832698846368,40.96102906836692,40.8936458641156,40.76549289806692,40.56469096114321,40.55004734607543,40.50825626701135,40.286789891167096,40.22581973275166,40.213889404666276,40.14666114289865,40.04032234385423,39.99814183832291,39.99247326789961,39.98513547381212,39.946850558522684,39.86976107367621,39.85781334077869,39.84929503696228,39.7645302526715],"sim_r":null,"sim_rsigma":null,"solver":"BIB-SARSOP","env_full":"Tiger","final_lw":39.38999549694584,"timeout":false,"runtime":0.07662796974182129,"final_ub":39.7645302526715}