{"lbs":[-83.33333333333326,-65.28132846934345,-61.63198227079436,-52.02256268873507,-42.45791832854327,-37.54841842247981,-35.51510936756644,-28.026963858217094,-20.012394606968098,-14.873144896343739,-10.826475120519314,-5.673066372374988,-1.099196539060312,8.454842594191366,13.412534238786026,16.760647973168393,22.916366139410613,25.890331486453046,29.863282836686036,31.711741693818976,34.68157398243275,36.77491759936066,43.01557231293445,45.025836942484645,47.468620579699476,49.754663581610814,51.91291477124214,53.94941271536261,55.90154195944612,57.711384869500634,59.42105208784861,61.034214230956096,62.556427302217216,63.80992562661001,65.18624483518977,66.30907229994426,67.39774771529103,68.4293586333904,69.40969189315888,70.37337000070312,71.25259150525619,72.09216420610841,72.98332940323877,73.08014763924925,73.67483214188681,75.42690901203542,75.66812167418547,76.73730481224749,77.37677906734348,77.45636698439496,77.8378739061452,78.24141933872389,78.62029962437146,78.98663460075906,79.45140383230822,80.80678633967767,81.34813721535714,81.5040741870414,82.37039292434079,82.6580278225316,83.19325952572194,83.33490885336954,83.52108890476981,84.46539601581784,84.73425967422483,85.28353839037058,85.29884243698896,85.38048721022099,85.48597723142039,85.54335433204972,86.13446508785336,86.29111142205974,86.36061030970427,86.53677985079487,86.71575165588075,86.73926922579486,86.77000801353243,87.00071876598732,87.0224664588599,87.0476178423007,87.07030333054891,87.21401069087682,87.40978628968341,87.44498915388672,87.5067158094115,87.61008157827987,87.67418064868315,87.74121326979835,87.80368507564262,87.81717133673757,87.85447710772982,87.86803302838905,87.88163891267857,87.88489063996298,87.88722434831888,87.89210777599408,87.89993959525884,87.90689192742832,87.92179602205462,87.93513817070013,87.95085640594296,87.95451127747627,87.97091877613255,87.97211025060251,87.98683038475056,87.98877178571458,87.99505431534526,87.9993628839248,87.99971878417992,88.00101465985983,88.00413024504007,88.0065110649451,88.00666793322432,88.00775352271691,88.00916841529344,88.01097091597842,88.012564182322,88.01778962113735,88.01879275650144,88.02175891254798,88.02310360124062,88.02393721941985,88.02476317104912,88.02523675738205,88.02586093646075,88.02713563766557],"times":[0.02279210090637207,0.023157119750976562,0.02370905876159668,0.024483203887939453,0.025457143783569336,0.026762008666992188,0.02834320068359375,0.030105113983154297,0.0320742130279541,0.034379005432128906,0.03685903549194336,0.03958606719970703,0.04251813888549805,0.04557013511657715,0.04889321327209473,0.05306100845336914,0.05686807632446289,0.06180906295776367,0.06587004661560059,0.07193517684936523,0.07857608795166016,0.08519411087036133,0.0902252197265625,0.09760308265686035,0.10487008094787598,0.11407017707824707,0.12236213684082031,0.13193917274475098,0.1437511444091797,0.15557599067687988,0.16872406005859375,0.18279409408569336,0.20016717910766602,0.22034120559692383,0.24196600914001465,0.2675290107727051,0.29694509506225586,0.3299851417541504,0.36640000343322754,0.4065220355987549,0.4511120319366455,0.49953699111938477,0.549828052520752,0.5510342121124268,0.6093220710754395,0.6277170181274414,0.6300661563873291,0.6948111057281494,0.7639100551605225,0.7653610706329346,0.8380579948425293,0.9093790054321289,0.979262113571167,1.0511550903320312,1.1183969974517822,1.1344830989837646,1.1499550342559814,1.1520750522613525,1.1665639877319336,1.1830801963806152,1.1959011554718018,1.1972651481628418,1.218257188796997,1.237781047821045,1.2468461990356445,1.2632031440734863,1.2677431106567383,1.2691631317138672,1.2713840007781982,1.2737340927124023,1.2960820198059082,1.3044581413269043,1.316798210144043,1.3292460441589355,1.342184066772461,1.3440070152282715,1.348473072052002,1.3655211925506592,1.367340087890625,1.369312047958374,1.373298168182373,1.3879141807556152,1.4094631671905518,1.4153611660003662,1.4267041683197021,1.444828987121582,1.4560191631317139,1.472656011581421,1.4919171333312988,1.5005860328674316,1.5164611339569092,1.523320198059082,1.5343830585479736,1.5363471508026123,1.5385851860046387,1.5403611660003662,1.54768705368042,1.5549101829528809,1.5658950805664062,1.5744922161102295,1.5878710746765137,1.5913960933685303,1.6097111701965332,1.6125450134277344,1.631972074508667,1.6352171897888184,1.6469001770019531,1.654865026473999,1.6573500633239746,1.6593902111053467,1.6694819927215576,1.6761271953582764,1.6789700984954834,1.681584119796753,1.686967134475708,1.6931991577148438,1.6996591091156006,1.8216280937194824,1.8269760608673096,1.846959114074707,1.8548991680145264,1.8617920875549316,1.8684329986572266,1.8715720176696777,1.8813660144805908,1.9031951427459717],"env":"Tiger","ubs":[220.09302217075907,220.09302217075907,212.36828177402293,211.25185833642604,207.15289129844075,203.43835603921661,202.37718779431063,201.7365367610932,200.13156281860392,195.0382650542607,193.73493598600936,192.91768965363497,190.0278156769063,188.72800273713,183.77614461507125,180.8314122391159,179.57274625025548,176.3725903193283,174.08401765862277,170.99134923880123,170.99134923880123,168.38566870464382,167.77802399621987,163.27258282205935,161.80573930547126,159.56491779768317,157.1308653529964,154.7686583430041,152.73444043423805,150.7234405080814,148.56436699204733,146.69483930132452,144.7947165120869,142.8899295145127,141.3415613343492,139.81662514370416,138.27321449423573,137.12556652947447,135.58920639090186,134.40314062181085,133.42112214660787,132.04195887006622,130.82808239405685,129.79680968670414,129.6981530171645,128.78096985283278,126.45235891051655,126.16451660874404,124.50807389850127,123.37198852880385,123.37198852880385,122.65867845349894,122.05926002138851,121.31439897037633,120.56803476277437,119.70072531117543,117.18611242051121,116.34040099532919,116.20138281866096,114.20992537677162,113.6136887202496,112.34077980779142,112.10957203082476,111.75045324978208,109.09189866485049,108.35445936474741,106.58873595599454,106.41635376196996,106.31387677630671,106.00169376963584,105.97038905199167,103.65920048140418,103.10791235370914,102.81705097777902,102.14816619366289,101.28383720284688,101.17754775060604,101.0843565909928,99.93561749732007,99.80898458021252,99.75540808379509,99.69954035545122,98.74643113769824,97.47225226151072,97.20398224370827,96.77183990455168,95.8840079687443,95.24109282280776,94.55035402180752,93.70761322981744,93.55808177440613,93.08860348954676,92.87125416257516,92.72760977848166,92.71138117056667,92.62784232504748,92.58305277371934,92.41358840771308,92.28884003952696,92.07283212444642,91.80679615197084,91.44799210324712,91.40232816333915,90.95713430793211,90.93838892437978,90.49154985036104,90.43268599031279,90.26407253146238,90.1280853421803,90.10326767721565,90.0618747799557,89.95113124738455,89.85616040642996,89.83800089460345,89.80818031620578,89.74791502820452,89.67498432552969,89.60982970528207,89.36262107222845,89.30739233073152,89.13060052803397,89.05222197899442,88.99611379482913,88.93714204398657,88.91567577530486,88.86400567797472],"sim_r":null,"sim_rsigma":null,"solver":"BIB-SARSOP","env_full":"Tiger","final_lw":88.02713563766557,"timeout":false,"runtime":1.9031951427459717,"final_ub":88.86400567797472}