{"lbs":[-21.739130434782588,-19.13619867478259,-15.123511883221692,-12.330836367371734,-9.427662286065225,-8.201440835542678,-6.02243019128694,-3.266358060352827,-1.1053407939490048,0.8250873529701069,2.450666036570745,4.013400043613595,5.414546021172536,6.717062092001868,7.030794468327814,8.043095787913863,9.198246580774077,10.487304274034233,11.409804171137118,12.19679962341692,12.395169104765262,13.035235935247245,13.74955331847097,14.344755288049452,14.920240803977336,15.43471482846983,15.999647065186506,16.41430689642452,16.533437609939185,16.870919372005723,17.25381145521976,17.57038922333379,18.012867579413275,18.142909649337863,18.43083155256457,18.55736262266353,18.82877588149171,19.01452264272164,19.234328194337458,19.45684591873566,19.618283600494095,19.680099663389974,19.802194136691924,19.882961699114244,20.022268241376985,20.066029218352156,20.128193511772537,20.2377073287789,20.34352852312992,20.427521155751755,20.460071200129455,20.520835523190804,20.583425964190887,20.658496410782604,20.70912872491969,20.750404720273604,20.79957303148015,20.842802666698244,20.878829064637056,20.914535208881134,20.95432288935345,20.98597410918488,21.00821119866403,21.017630207454246,21.036155312802165,21.059243386743354,21.06255640929328,21.077405127261585,21.087255146424255,21.106345682019736,21.121520474149452,21.133502138795947,21.145886399565605,21.147694629059977,21.156691283455004,21.167350368781015,21.176810455954687,21.18355009262603,21.19192376912615,21.19489642757854,21.197321606423603,21.204448839685664,21.20800020273147,21.21151125009083,21.216235184394563,21.218311179502372,21.222247037541493,21.223734776382223,21.226162132547735,21.22899303660535,21.23130384827141,21.233563442923188,21.235571968136803,21.237447649590095,21.239154615335114,21.240729056802437,21.242171114392896,21.243496754608024,21.24471305583807,21.245830145464048,21.246855584788616,21.247797147336627,21.248210929391515,21.249257196225123,21.249716991956475,21.25056069294432,21.25113353173463,21.252394329199852,21.25291584396321,21.253520922298033,21.25400940318174,21.254472230946263,21.254875013266204,21.2552409582271,21.255566145444583,21.25585841062883,21.256119562349966,21.256353609875763],"times":[0.004230022430419922,0.032063961029052734,0.0321040153503418,0.03214097023010254,0.032180070877075195,0.03278517723083496,0.032839059829711914,0.03293800354003906,0.03301501274108887,0.03310513496398926,0.033187150955200195,0.03322005271911621,0.033251047134399414,0.033312082290649414,0.033341169357299805,0.03345799446105957,0.03357696533203125,0.03459596633911133,0.03466606140136719,0.0347750186920166,0.034815073013305664,0.034928083419799805,0.0350341796875,0.03513908386230469,0.03530097007751465,0.03546714782714844,0.03555107116699219,0.03561210632324219,0.03568005561828613,0.03580212593078613,0.0359339714050293,0.036010026931762695,0.036128997802734375,0.03748011589050293,0.03764200210571289,0.037748098373413086,0.03791499137878418,0.03805708885192871,0.03818511962890625,0.039901018142700195,0.040026187896728516,0.04185199737548828,0.042092084884643555,0.04411602020263672,0.04443812370300293,0.04698514938354492,0.04725313186645508,0.047528982162475586,0.04774212837219238,0.04790997505187988,0.048951148986816406,0.049201011657714844,0.04945111274719238,0.04970502853393555,0.04995918273925781,0.05103611946105957,0.05128812789916992,0.05249500274658203,0.05271005630493164,0.05291318893432617,0.05321311950683594,0.055811166763305664,0.05610203742980957,0.05734705924987793,0.057624101638793945,0.058068037033081055,0.059197187423706055,0.05947613716125488,0.06068706512451172,0.06100010871887207,0.06224703788757324,0.06252717971801758,0.06296515464782715,0.06409597396850586,0.06438612937927246,0.06559300422668457,0.06594014167785645,0.06622600555419922,0.06656908988952637,0.06684708595275879,0.06977510452270508,0.07130813598632812,0.07172203063964844,0.07482719421386719,0.07516312599182129,0.07548904418945312,0.07582712173461914,0.07913517951965332,0.07950901985168457,0.07989716529846191,0.08027911186218262,0.08063006401062012,0.08098816871643066,0.08139514923095703,0.08180499076843262,0.08218717575073242,0.08256816864013672,0.08292317390441895,0.08327603340148926,0.08357810974121094,0.08388519287109375,0.084136962890625,0.0843350887298584,0.0845940113067627,0.0847930908203125,0.08495402336120605,0.08510708808898926,0.08870601654052734,0.0891730785369873,0.09078502655029297,0.09131598472595215,0.09282302856445312,0.09341216087341309,0.09486818313598633,0.09550905227661133,0.09697103500366211,0.09765911102294922,0.09911799430847168],"env":"Tiger","ubs":[55.782612592255035,55.782612592255035,50.1457230178094,48.867825419134704,48.48348432828378,48.29059849982136,44.60414227424454,44.136624531844795,43.85744892130373,43.69644332103517,43.67737406691097,43.66653261849774,42.23885240047832,40.995031771533334,40.49819179253433,40.49819179253433,40.29620590112724,40.25108667487748,38.830673292023306,38.177870026928375,37.34684961431839,37.34684961431839,37.11386108338661,36.75298145156991,36.69224346132063,36.24992905680422,35.80654567355084,35.442414638379006,34.48109160049795,33.78197484057091,33.7008494785635,33.49875862314718,33.313564358249536,33.17450826398365,31.708555039492623,31.708555039492623,31.05759858378641,30.873263554108092,30.28087895624268,30.26365377208124,29.452768200306977,29.197743424802418,28.59361021903488,28.59361021903488,28.234176535811223,28.234176535811223,27.66135683283101,27.66135683283101,27.594886954789324,27.320334323544813,27.30945040802202,26.55115046300468,26.55115046300468,26.49667300660708,26.01805264816761,25.9774589090489,25.675516244810904,25.675516244810904,25.43038687904,25.186307372703652,25.031884363197015,24.676576459959065,24.33790224391602,24.33790224391602,24.066361262452908,24.066361262452908,23.849966569955043,23.647114610664453,23.647114610664453,23.49162015644677,23.342942784508857,23.100179841211578,23.100179841211578,22.941612595342633,22.800881901717116,22.675914081368894,22.52705711606415,22.408164072640744,22.40779811480254,22.313755717582747,22.313721524921306,22.21872385426017,22.121942358919135,22.121942358919135,22.0648961081596,22.0648961081596,22.049532901248924,22.018300769779735,21.941689090346067,21.941689090346067,21.94107652366101,21.923532777342444,21.904863583663975,21.89350019521417,21.8826172704941,21.876644749446186,21.871274989038724,21.868379363739283,21.865886891901113,21.864540442897532,21.863418554131137,21.8628077125121,21.862311628284203,21.854048712870892,21.85281707837344,21.844687739380237,21.836967343392054,21.829625733769916,21.738082463233887,21.703726137869864,21.655294189351757,21.618648477287028,21.582707684866698,21.55143206283698,21.522733103705615,21.49702224956377,21.47373963753384,21.45275754084526],"sim_r":null,"sim_rsigma":null,"solver":"TIB-SARSOP","env_full":"Tiger","final_lw":21.256353609875763,"timeout":false,"runtime":0.09911799430847168,"final_ub":21.45275754084526}