{"lbs":[-31.24999999999997,-28.57011135999997,-24.067257165680445,-20.862225484909626,-17.265158506979365,-13.351751632514562,-10.704517562965261,-7.766302451117433,-5.3955124383145545,-3.3257652151728947,-1.2949180420446942,0.5804587638067319,2.9220920250775975,4.707482864745499,6.946890888899995,7.138764666264712,8.533894349430986,8.883432543265041,10.031812702393278,11.344443238501942,12.4699684504073,13.585041119637452,14.609762145775456,15.588381116052288,16.50459398678353,17.474713136809118,18.337413267082965,19.159882445260145,19.930582282795058,20.80610091227239,21.454418028904847,22.0212331338048,22.643358544835777,23.252074282973403,23.807916705595048,24.441042845061865,24.858003480418922,25.240252068201336,25.55422061393231,25.967842337850175,26.328947926547244,26.655935818320266,27.04009983771948,27.305439234419165,27.548228554875728,27.75974018226733,28.019919329476295,28.255558980869097,28.447016873105394,28.529400471233153,28.693104120011377,28.912587354489844,29.062552963759217,29.24351711357184,29.332428771945985,29.51031170302553,29.652919417128686,29.769153011827193,29.828662480505606,29.956669582733944,30.071463929835417,30.188729493581764,30.26518543034001,30.370396175273676,30.409354439324098,30.43870860181626,30.530774555354682,30.602927239446796,30.663793791285016,30.764186839294076,30.829753303758153,30.88481661167866,30.92357318874904,30.970447210106755,30.99728443767376,31.042707753608717,31.080212778864624,31.110278464809234,31.145306692779222,31.17755745713133,31.199939394198704,31.22168445904567,31.24946775657072,31.272351948540756,31.295085849772203,31.315443271743153,31.330532685174056,31.3634702978633,31.375585214725646,31.38946856712493,31.400776627717566,31.414341485774568,31.425711475594827,31.436824867136817,31.446847559143016,31.454233640567047,31.467535280465704,31.481896980517494,31.487182878437856,31.494039265022245,31.499677856542473,31.505253578236825,31.510254482329184,31.51395613723874,31.520602962075372,31.527679493130375,31.528993422996194,31.535249964382537,31.53624448489,31.541488363894086,31.542313973236148,31.542691559620263,31.545750887200747,31.547126618106734,31.547755798557876,31.548043549627785,31.54817515047152,31.548235337153276,31.548262863091246,31.551938683729436],"times":[0.00991201400756836,0.038649797439575195,0.03997397422790527,0.04017186164855957,0.0419309139251709,0.044264793395996094,0.0444338321685791,0.04460000991821289,0.04477095603942871,0.04495382308959961,0.04502391815185547,0.04514789581298828,0.04634881019592285,0.04656386375427246,0.0494379997253418,0.049507856369018555,0.049844980239868164,0.04992079734802246,0.050131797790527344,0.05055689811706543,0.05103182792663574,0.051283836364746094,0.05153298377990723,0.05178499221801758,0.05205798149108887,0.05221891403198242,0.05236697196960449,0.052559852600097656,0.05274200439453125,0.056329965591430664,0.05646991729736328,0.05674481391906738,0.05696702003479004,0.05719494819641113,0.05738496780395508,0.06143498420715332,0.06165480613708496,0.06202292442321777,0.06223797798156738,0.0625619888305664,0.06291794776916504,0.0632469654083252,0.06521201133728027,0.06539797782897949,0.06576085090637207,0.07064080238342285,0.07107400894165039,0.07367086410522461,0.07410883903503418,0.07957291603088379,0.08003592491149902,0.08617186546325684,0.08665299415588379,0.087493896484375,0.08790278434753418,0.09402084350585938,0.0944528579711914,0.09494900703430176,0.09527778625488281,0.09574198722839355,0.09613180160522461,0.1029658317565918,0.10350298881530762,0.10399389266967773,0.10448479652404785,0.11197495460510254,0.11251997947692871,0.12057995796203613,0.12118697166442871,0.1220238208770752,0.13001585006713867,0.1306459903717041,0.13117289543151855,0.13210701942443848,0.1327228546142578,0.13644695281982422,0.1371779441833496,0.13758087158203125,0.13839292526245117,0.14200091361999512,0.14262986183166504,0.1433429718017578,0.14697790145874023,0.14790081977844238,0.15152692794799805,0.1525440216064453,0.1529848575592041,0.16224884986877441,0.16592693328857422,0.16649198532104492,0.1676628589630127,0.1714918613433838,0.17281889915466309,0.17665386199951172,0.1780397891998291,0.17842388153076172,0.17930293083190918,0.18880581855773926,0.19268798828125,0.19428300857543945,0.19833087921142578,0.20002484321594238,0.20406198501586914,0.2046809196472168,0.2051868438720703,0.2064659595489502,0.20704984664916992,0.21748089790344238,0.21811890602111816,0.22884202003479004,0.22951483726501465,0.2304079532623291,0.23536300659179688,0.23627185821533203,0.23703789710998535,0.23769497871398926,0.23835396766662598,0.23900699615478516,0.23966693878173828,0.24120688438415527],"env":"Tiger","ubs":[67.65677250362906,67.65677250362906,62.75396685671104,61.44556029022065,61.08162960876754,60.56715614900891,58.59708107392805,57.71302333730945,57.31240143367807,57.158920037636804,57.10533935201495,55.825512976903376,54.66144808263124,54.132957194489165,53.93074660733291,51.71583496239358,51.71583496239358,51.09106937594592,51.09106937594592,50.68287303761812,50.5777899669217,50.52538560184584,50.0745011557521,49.558866317524206,49.47114976859662,49.4318942823047,48.788327591177676,47.86419194188114,47.37070038212485,47.19097648845974,46.32583159992821,45.58271245866845,45.396043559993984,45.284961262181746,45.00860681127987,44.86026760166767,43.54565496454691,43.17305757202402,43.128543152884774,42.84225476733503,42.758219151870016,42.302032136201554,41.962335745208094,41.33671287676006,40.76890193689749,40.64766799479592,40.38089317866499,40.38089317866499,39.90454112761261,39.90454112761261,39.30525365474978,39.30525365474978,38.747014003484765,38.747014003484765,38.333538379642015,38.15048140190298,37.55716549084994,37.24648200755051,37.209364477817985,36.963971915598634,36.893769021396814,36.7696236179366,36.255652505624155,36.245466805595186,36.0173278022083,36.016969345391345,35.83623182156714,35.67772727545011,35.318782805752775,35.318782805752775,35.25449528801261,34.871512076168344,34.70128856561182,34.69911822116407,34.46917292314643,34.28891196410981,34.09261676525989,33.9244668940267,33.85343280512795,33.715799975840135,33.56105272061188,33.56105272061188,33.424441724172226,33.2973310203886,33.17910280285123,33.06891475381319,32.96631904086179,32.96631849606021,32.79801210664026,32.73202597584835,32.73202597584835,32.64270701646308,32.57339824386216,32.503126619291166,32.44003307876821,32.38029834721108,32.380298346674806,32.35544234791637,32.25636209969055,32.217241790485495,32.16989446352222,32.13029145520582,32.09155398021807,32.056237668097125,32.056237668097125,32.04379813282026,31.98755389591418,31.98708112232731,31.93443854090717,31.93443854090717,31.889334935858066,31.889334935858066,31.887215721092666,31.86853269802163,31.86838005947156,31.868190949295375,31.86780895571897,31.867605695515824,31.867513226712777,31.8671304350184],"sim_r":null,"sim_rsigma":null,"solver":"ETIB-SARSOP","env_full":"Tiger","final_lw":31.551938683729436,"timeout":false,"runtime":0.24120688438415527,"final_ub":31.8671304350184}