{"lbs":[9.64483090561,14.47001630403594,16.557752956779108,18.626699979647587,18.653341070034084,18.679742390607103,18.700672512326612,18.721414262950642,18.721414262950642,18.732791237717727,18.73621819148909,18.73621819148909,18.73621819148909,18.750888884670697,18.750888884670697,18.750888884670697,18.750888884670697,18.750888884670697,18.750888884670697,18.750888884670697,19.47525743946597,20.399752999982436,22.201016516218754,22.31285839094681,22.48854890132133,22.53691010309254,22.58483605404781,22.58483605404781,22.58483605404781,22.58483605404781,22.58483605404781,22.58483605404781,22.58483605404781,22.607734136480985,22.695381990989816,22.9741408440679,23.250390867468276],"times":[3.6859140396118164,3.719593048095703,3.7198169231414795,3.719864845275879,3.720019817352295,3.72006893157959,3.7202229499816895,3.720266819000244,3.720329999923706,3.720486879348755,3.7206568717956543,3.7208619117736816,3.720911979675293,3.7212040424346924,3.721331834793091,3.7215428352355957,3.721642017364502,3.7218029499053955,3.721923828125,3.7219879627227783,3.722334861755371,3.7227790355682373,3.7229678630828857,3.723451852798462,3.7241108417510986,3.724745035171509,3.725127935409546,3.7256438732147217,3.725903034210205,3.726130962371826,3.726654052734375,3.7268028259277344,3.7271029949188232,3.7378358840942383,3.737952947616577,3.739055871963501,3.7391698360443115],"env":"RockSample5","ubs":[23.625487201000148,23.625487201000148,23.625487201000148,23.625487201000148,23.625487201000148,23.625487201000148,23.625487201000148,23.61473442014426,23.60563303840342,23.60407841431607,23.60407841431607,23.60407841431607,23.596412375869285,23.593422408487882,23.582862306712148,23.582862306712148,23.582862306712148,23.58241824485815,23.571567810089338,23.514273167711657,23.48412930765295,23.475305782372157,23.474707949733187,23.467519845500618,23.464212318308682,23.46398821879668,23.463596309719517,23.46356975615613,23.463194622213837,23.4630097946387,23.4624754119018,23.462439205121438,23.46243675195285,23.446301330962164,23.446301330962164,23.446301330962164,23.446301330962164],"sim_r":null,"sim_rsigma":null,"solver":"TIB-SARSOP","env_full":"RockSample ()","final_lw":23.250390867468276,"timeout":false,"runtime":3.7391698360443115,"final_ub":23.446301330962164}