{"lbs":[9.840957442559999,19.497176530981513,20.678756138373245,24.2046085921039],"times":[7.039585113525391,7.0398640632629395,7.040158033370972,7.040431976318359],"env":"RockSample5","ubs":[24.37858445657725,24.37858445657725,24.37858445657725,24.37858445657725],"sim_r":null,"sim_rsigma":null,"solver":"EBIB-SARSOP","env_full":"RockSample ()","final_lw":24.2046085921039,"timeout":false,"runtime":7.040431976318359,"final_ub":24.37858445657725}