{"lbs":[0.018288843441564832,0.384962728384392,0.5354084325256775,0.5713874393330893,0.5921747624314876,0.5993817849750209,0.6029008496880698,0.6037324071777214,0.6060667139951122,0.6094830379191231],"times":[1.483731985092163,1.4841511249542236,1.4850821495056152,1.4913411140441895,1.491793155670166,1.4925379753112793,1.493178129196167,1.500291109085083,1.5005650520324707,1.5017681121826172],"env":"FrozenLake4","ubs":[0.6178865391052119,0.6178865391052119,0.6178865391052119,0.6178859850371862,0.6178859307232134,0.6173062899178,0.6150058652807672,0.61500485911107,0.6145223333951626,0.6145223333951626],"sim_r":null,"sim_rsigma":null,"solver":"EBIB-SARSOP","env_full":"Frozen Lake (4)","final_lw":0.6094830379191231,"timeout":false,"runtime":1.5017681121826172,"final_ub":0.6145223333951626}