{"lbs":[-20.833333333333314,-6.270808922159867,-3.972298003267638,-1.918835355703831,2.792130840371086,6.471243788833819,8.883087369352175,10.128271070730346,11.370561069334528,13.158688752022076,14.523761478314192,15.380849982952698,16.20027894390294,16.878411828959106,17.346184439154214,17.815105929146803,18.206582453583124,18.59865747679369,18.789769814931752,19.155071726019067,19.316605322796676,19.38895833881908,19.535808776424872,19.716186539062903,19.762764478051132,19.807082841046906,19.846799733368094,19.883518709979423,19.916917155346354,19.968524661510774,20.017100708094766,20.05897227624257,20.09428357357755,20.129500652864223,20.174985090027132,20.19424084811369,20.20265459932022,20.20817616717872,20.214265167002548,20.229332653478693,20.231241139621858,20.246046647272095,20.248593886002826,20.252999991694093,20.25931272432456,20.26324604426598,20.2662925128403,20.26840259774694,20.2685299347589,20.27058340019812,20.271721331733133,20.271788675035474,20.272916735822708,20.273426308709134,20.273903645006484],"times":[0.005663156509399414,0.00575709342956543,0.0058231353759765625,0.005892038345336914,0.005988121032714844,0.006592988967895508,0.0067331790924072266,0.0068721771240234375,0.006997108459472656,0.0071489810943603516,0.007308006286621094,0.007449150085449219,0.0076291561126708984,0.007775068283081055,0.007946968078613281,0.008095026016235352,0.00825810432434082,0.008394002914428711,0.008455991744995117,0.008625984191894531,0.008771181106567383,0.008928060531616211,0.009134054183959961,0.009339094161987305,0.009443998336791992,0.009549140930175781,0.009667158126831055,0.00975799560546875,0.009849071502685547,0.009997129440307617,0.010094165802001953,0.010198116302490234,0.010296106338500977,0.010482072830200195,0.011675119400024414,0.011842012405395508,0.01194310188293457,0.012041091918945312,0.01212310791015625,0.012310028076171875,0.012408018112182617,0.013810157775878906,0.013888120651245117,0.014046192169189453,0.014235973358154297,0.015842199325561523,0.016134023666381836,0.017814159393310547,0.017960071563720703,0.01996302604675293,0.020931005477905273,0.0211181640625,0.02326512336730957,0.02367401123046875,0.024646997451782227],"env":"Tiger","ubs":[53.365239463736785,53.365239463736785,46.191707160928274,45.15742453890326,44.08820579870905,41.7264242827259,37.82263087921428,37.03796987930567,36.94729935044087,36.56814100910125,34.259862230078454,32.39137853800414,31.72542745899489,30.883557788475585,30.56969991439961,29.750809516400075,29.33306145653773,28.43118329701573,27.7446606056277,27.594617765394478,26.5513446972385,25.670855750483376,25.153198491676605,25.005632185581966,24.540269396372636,24.30762838954434,24.228247461993664,24.1653096112045,24.081178768444218,23.903680254285987,23.63206187530307,23.3970595286302,23.115126958171224,22.93493109155275,22.638059477305397,22.094884264077862,21.934753195055258,21.857365215313564,21.829918996157225,21.782263795207044,21.55416171661148,21.53542136638483,21.300765468121604,21.300765468121604,21.23671742652983,21.07874682587713,20.93144421025872,20.824807340544446,20.716800331971314,20.716800331971314,20.63562155772832,20.570732497418426,20.570732497418426,20.496349035614465,20.476096823021464],"sim_r":null,"sim_rsigma":null,"solver":"BIB-SARSOP","env_full":"Tiger","final_lw":20.273903645006484,"timeout":false,"runtime":0.024646997451782227,"final_ub":20.476096823021464}