{"lbs":[-20.833333333333314,-18.241303893333317,-14.338591897673101,-10.675577464350862,-7.763813543065081,-4.345469940456807,-1.7809805264492389,0.07133048825338367,2.010726244478227,3.9971275310192387,5.471573712009757,6.138390805267807,7.88648592357865,9.055134109753443,10.43301495241754,11.27467763001914,11.477596026405742,12.130644368494504,12.872418931902704,13.481883012790107,13.638023718795765,14.140528326585468,14.694625283015675,15.31733379973503,15.759142450236572,15.952189540332995,16.413042800523122,16.77523779680284,17.12649080644158,17.29770493633029,17.696580381434053,17.917178981580122,18.133529696774914,18.21149894091708,18.311834816913922,18.550777844362283,18.59080939511589,18.713184939808713,18.863105629629622,19.027701444913866,19.16175996053301,19.26230779392887,19.338406932406482,19.44733516798167,19.515240382139016,19.58666795611055,19.611799951113856,19.648527542493277,19.71335984395482,19.73505190153005,19.774373048937214,19.830477716027502,19.878314921065066,19.91293759227213,19.92714682550183,19.956047415247674,19.991078737900168,20.021812239306158,20.04959004771017,20.068789932588835,20.07690911549591,20.093549884174536,20.113470200701588,20.127044847711932,20.138476465558675,20.15458143307178,20.167186997850862,20.17922161438608,20.18962383529189,20.19904356181977,20.207367434596044,20.21481542436095,20.22143695841565,20.227343224869813,20.232602547788815,20.23728987909473,20.241465553944987,20.24518628087586],"times":[0.008108139038085938,0.036479949951171875,0.036514997482299805,0.0365750789642334,0.036620140075683594,0.03721308708190918,0.037312984466552734,0.037384986877441406,0.037457942962646484,0.038320064544677734,0.038481950759887695,0.03855395317077637,0.03864407539367676,0.038754940032958984,0.039843082427978516,0.03993391990661621,0.03997802734375,0.040075063705444336,0.040194034576416016,0.04036307334899902,0.04040813446044922,0.040563106536865234,0.04068708419799805,0.04205513000488281,0.04220294952392578,0.04232001304626465,0.042465925216674805,0.04412412643432617,0.044302940368652344,0.04444313049316406,0.046285152435302734,0.046417951583862305,0.04659914970397949,0.04876208305358887,0.048985958099365234,0.04935097694396973,0.05151796340942383,0.051751136779785156,0.05193495750427246,0.05305314064025879,0.05335092544555664,0.05356001853942871,0.056115150451660156,0.05640602111816406,0.05659794807434082,0.05676603317260742,0.059522151947021484,0.06223297119140625,0.0624699592590332,0.06380701065063477,0.0639960765838623,0.06541109085083008,0.06669306755065918,0.06689310073852539,0.06821393966674805,0.06951713562011719,0.07082104682922363,0.07206892967224121,0.07335495948791504,0.07352304458618164,0.07486605644226074,0.07614994049072266,0.07738995552062988,0.07753992080688477,0.07886505126953125,0.08179402351379395,0.08323502540588379,0.08455014228820801,0.085906982421875,0.08719801902770996,0.08850812911987305,0.08979511260986328,0.09110212326049805,0.09238600730895996,0.09369707107543945,0.09498000144958496,0.09628701210021973,0.0975799560546875],"env":"Tiger","ubs":[44.63609443522596,44.63609443522596,39.831632483645336,38.701195851339634,37.890956634236844,37.6667042428965,35.119069495428974,34.93597994075729,34.914823254298256,34.45633909877206,33.227078548940504,33.03236471684801,32.12909723896735,31.70929321740815,31.44214367029095,30.463225028992994,29.509637935048552,29.509637935048552,29.3994473608558,29.139740682789338,28.818693616863094,28.818693616863094,28.76578961180929,28.4235568388439,27.585754617563513,27.585754617563513,27.006299625173266,26.874748333671732,26.173148125036114,26.173148125036114,26.121043017084475,25.275434059877536,25.213666029668254,25.206528501529778,24.81280077440902,24.81280077440902,24.40630192892956,24.20262319561779,24.20262319561779,24.102267963767037,23.726867790305626,23.429255120918675,23.377904222247906,23.204362148960875,22.871398821951615,22.85232859235915,22.81164979124765,22.57405977745176,22.354389789278187,22.354389789278187,22.16301832143796,22.05263576429042,21.859380132622523,21.703787809335324,21.703787809335324,21.588905528479586,21.475609930300447,21.34567984489403,21.24032005547658,21.141054144227873,21.141054144227873,21.07437520884777,21.005361855562107,20.926388863265622,20.926388863265622,20.89366708056349,20.806135099428882,20.7622813722043,20.708824490685647,20.66647918864599,20.626133762681263,20.59081411432799,20.558704098139557,20.530006038836596,20.50415993387019,20.48096264399922,20.460110315444297,20.441379016312787],"sim_r":null,"sim_rsigma":null,"solver":"ETIB-SARSOP","env_full":"Tiger","final_lw":20.24518628087586,"timeout":false,"runtime":0.0975799560546875,"final_ub":20.441379016312787}