{"lbs":[-23.255813953488353,-20.63648581348835,-16.575154368974857,-13.718657106232271,-10.739886921055904,-9.479357820793556,-7.22897771407054,-4.35486182716189,-1.9358067927054843,-0.012441947556466937,1.7357779965872968,3.363225903506766,4.859507180923866,6.405797150892684,6.761080469771944,7.9119127982859645,9.10322477208516,10.498086947064463,11.486919263322491,12.344310254589736,12.559895130261387,13.258216811234886,14.04335310858753,14.700903109576313,15.340380864093701,15.915294757426818,16.55047000301412,17.019714804461145,17.15685334341532,17.42563572343952,17.928206115309212,18.354810166427917,18.7079857603542,19.002125337732455,19.356797594947057,19.630776406442656,19.90942906589878,20.150996721815822,20.381586919776122,20.495732317548455,20.73035552679761,20.814808441488104,20.919147272864066,21.098128667776198,21.22371174312969,21.3992974622652,21.516188805381482,21.621847861604465,21.668681754804652,21.78808765939627,21.84101491033928,21.964417752773187,22.03715375212448,22.107918573477736,22.164661762352665,22.24004337767574,22.303129895938014,22.351529664210254,22.37298309810609,22.423707699050595,22.464269398381894,22.505118764880713,22.536804259580236,22.560842058386214,22.596843508802515,22.625558333180187,22.648274960893858,22.656494401326597,22.67407472581315,22.699290945186497,22.717657359515925,22.732078365921662,22.748378565016672,22.762166582367705,22.776131554100736,22.788563063783336,22.799904749438603,22.810078773877947,22.819279620183124,22.825756926338705,22.83136343614312,22.839609481669058,22.843013541757813,22.84540004866379,22.851674553727513,22.855008926317147,22.858230656426777,22.863003439135888,22.866816680225167,22.869825868777703,22.872436181139438,22.875734203574904,22.877638298338063,22.879380983536315,22.88192998152357,22.88340821050729,22.884063442730856,22.886004326104846,22.88752317360864,22.888972776782374,22.88961532047572,22.889900131108963,22.89152500044493,22.892245231721503,22.892860853933485,22.893133731488504,22.893254685798766,22.894586488661382,22.895076856471132,22.896600745381022,22.896855041580086],"times":[0.004746913909912109,0.032835960388183594,0.03287506103515625,0.032907962799072266,0.032943010330200195,0.03357696533203125,0.0336301326751709,0.033720970153808594,0.03379511833190918,0.033869028091430664,0.03395700454711914,0.03398895263671875,0.03401899337768555,0.03409409523010254,0.034124135971069336,0.03423905372619629,0.03435492515563965,0.035459041595458984,0.03552603721618652,0.03563404083251953,0.035675048828125,0.03578305244445801,0.035887956619262695,0.03599190711975098,0.03615403175354004,0.03631997108459473,0.03640294075012207,0.036492109298706055,0.03794503211975098,0.03809714317321777,0.03825092315673828,0.03843092918395996,0.03859901428222656,0.04035496711730957,0.04046297073364258,0.040611982345581055,0.0408170223236084,0.0409390926361084,0.041152000427246094,0.0412750244140625,0.04149007797241211,0.0436100959777832,0.04373812675476074,0.04397296905517578,0.04420208930969238,0.046452999114990234,0.046623945236206055,0.04688405990600586,0.04710698127746582,0.047334909439086914,0.047560930252075195,0.05017805099487305,0.05040097236633301,0.050660133361816406,0.053501129150390625,0.05375313758850098,0.05509805679321289,0.05537891387939453,0.05565500259399414,0.05589795112609863,0.05720090866088867,0.057398080825805664,0.057626962661743164,0.058934926986694336,0.05923104286193848,0.060549020767211914,0.06080293655395508,0.06094813346862793,0.06118607521057129,0.06429600715637207,0.06566190719604492,0.06594014167785645,0.06630992889404297,0.0666799545288086,0.06809496879577637,0.0685429573059082,0.06998896598815918,0.0704641342163086,0.07187604904174805,0.07214593887329102,0.07241702079772949,0.07279491424560547,0.07306098937988281,0.07451105117797852,0.07512593269348145,0.07543301582336426,0.07693600654602051,0.07752013206481934,0.07895612716674805,0.07923293113708496,0.07986211776733398,0.08129000663757324,0.08157610893249512,0.0818319320678711,0.08318114280700684,0.08346199989318848,0.08372712135314941,0.08400297164916992,0.0854189395904541,0.08576798439025879,0.08610296249389648,0.08641695976257324,0.0868990421295166,0.08717012405395508,0.08776092529296875,0.08803510665893555,0.08830595016479492,0.09171009063720703,0.09202098846435547,0.09584808349609375,0.0961599349975586],"env":"Tiger","ubs":[59.82859409455244,59.82859409455244,54.166612370032524,52.8830657447417,52.49361831009452,52.298261543152506,48.566023043686116,48.108454330392654,47.79860198709015,47.63463081836221,47.6150473445265,47.6040776305163,46.178432608754136,44.91957082150809,44.41626626078639,44.41626626078639,44.21049677911485,44.16430201735315,42.67744423082624,42.052794531288825,41.17209242209274,41.17209242209274,40.92935462816567,40.59111347691086,40.532149208481954,40.08753435900306,39.63596830014247,39.23616229054607,38.24172001236681,37.40299195575416,37.188931285465685,37.16393526098574,36.35990551611185,36.28039882836006,35.59259665747293,34.96631208701187,34.364689098843826,34.2213054153618,33.54103845970903,33.35498542155845,33.22500822268377,33.029680479999385,31.88580012123034,31.88580012123034,31.883118423055656,31.529692129360527,30.6759969327933,30.288872510995432,30.177937632733546,29.988110622231098,29.90778562355173,29.843821595165437,29.029757761293276,28.75688780447198,28.694896593028737,28.45925733647141,28.146529967633477,27.551787722636718,27.551787722636718,27.37309406205489,27.315166468441447,26.816675329146776,26.571750245695064,26.51901067491501,26.28550890086941,25.95626145766985,25.68351620985527,25.68351620985527,25.533041852752955,25.485579714516994,25.1222772531065,24.924718220629348,24.924718220629348,24.656882745615626,24.504095885933758,24.35488905279324,24.223628303141247,24.10254194283017,23.993264668617947,23.89365814589995,23.89365814589995,23.84477830800977,23.79682579064894,23.7968153647545,23.743771914936993,23.655438578085086,23.655437822600163,23.609176412483897,23.535630126565568,23.48161986658534,23.48161986658534,23.425567281456587,23.379232999434436,23.379232999434436,23.343697566089183,23.300166818484385,23.300166818484385,23.283436763991574,23.27651678942222,23.233909213511406,23.233909213511406,23.22939761222697,23.227251378513273,23.223562836164714,23.223117981344643,23.204443494296033,23.20419740557369,23.20236828141877,23.154222480432303,23.154222480432303,23.114920274975674],"sim_r":null,"sim_rsigma":null,"solver":"TIB-SARSOP","env_full":"Tiger","final_lw":22.896855041580086,"timeout":false,"runtime":0.0961599349975586,"final_ub":23.114920274975674}