{"lbs":[-26.315789473684188,-23.669019633684186,-19.296208745186178,-16.22777317088177,-12.796792129714397,-9.148505747689832,-6.67911974610346,-4.070789378626028,-1.9100695038449627,-0.04704386702294694,2.5896872529557644,4.2881066949076025,6.015041219566209,7.518457187601083,9.171880507318612,9.343243048722975,10.467188501568419,11.549296493617721,12.541187406073444,12.78590706095149,13.583735070962064,14.498464105060094,15.26846801092395,16.02596157796794,16.712758566355802,17.36214386578895,17.962921272946097,18.591346971559275,19.144024148532253,19.5929638734623,20.12126976354991,20.318005240620213,20.662527536836407,21.067846949223235,21.44477372610924,21.837989429465186,22.26385470979816,22.53826172817291,22.7861163378574,22.99883920635822,23.259436872853176,23.49137579986607,23.688424138636265,23.8865408218968,24.073491318088493,24.243678410108345,24.308294222158604,24.43388940391966,24.557658567440583,24.690948679395404,24.827661654221597,24.94902899824775,25.040392180356967,25.13407264238058,25.233382215177294,25.32105368108065,25.386589475815967,25.45248558839809,25.523901047557562,25.585468574028496,25.628804250826285,25.67904079499942,25.68644546442413,25.720650069732436,25.755862495924298,25.79782372349627,25.835531279010667,25.869125745295538,25.90005639915482,25.92815481084311,25.953864346941252,25.97215475311075,25.98685614011899,26.006025100725402,26.01236134257759,26.02222298724037,26.03844922921855,26.043672130135192,26.054337268190466,26.06163984670569,26.076956885495665,26.088991414013528,26.100933259676808,26.111425222515837,26.121195354257303,26.130024456922705,26.138125021142294,26.145500078245213,26.15224092796297,26.158389875430355,26.164004557124038,26.16912876749968,26.17380656876602,26.17807628682017,26.18197378362938,26.185531387111666,26.18806718589211,26.19046086930276,26.193471449620304],"times":[0.009688854217529297,0.03807687759399414,0.03900599479675293,0.03917694091796875,0.04055190086364746,0.042192935943603516,0.042340993881225586,0.04248690605163574,0.042636871337890625,0.04279899597167969,0.0447080135345459,0.04489898681640625,0.0450739860534668,0.04520702362060547,0.04752683639526367,0.047595977783203125,0.04774880409240723,0.047833919525146484,0.04804396629333496,0.04811882972717285,0.04832601547241211,0.04870295524597168,0.04907798767089844,0.04927802085876465,0.04948091506958008,0.04971885681152344,0.04995584487915039,0.05014300346374512,0.0503849983215332,0.053337812423706055,0.05359697341918945,0.056955814361572266,0.057263851165771484,0.05756402015686035,0.05781197547912598,0.058058977127075195,0.061621904373168945,0.06176590919494629,0.062074899673461914,0.06375384330749512,0.06406402587890625,0.06585192680358887,0.06609487533569336,0.06634187698364258,0.06656599044799805,0.06677603721618652,0.07090401649475098,0.07120394706726074,0.0715029239654541,0.07173299789428711,0.07569503784179688,0.08019590377807617,0.08046388626098633,0.08075881004333496,0.08111095428466797,0.08318090438842773,0.08344793319702148,0.08371496200561523,0.08412885665893555,0.08619284629821777,0.08649086952209473,0.08695483207702637,0.09191083908081055,0.09216785430908203,0.09242701530456543,0.09293699264526367,0.09509587287902832,0.09568595886230469,0.09783601760864258,0.09850692749023438,0.10065603256225586,0.10091686248779297,0.10119295120239258,0.10144591331481934,0.1068718433380127,0.10920500755310059,0.10957789421081543,0.10981583595275879,0.11004495620727539,0.11610889434814453,0.12240886688232422,0.12523603439331055,0.12615585327148438,0.1287379264831543,0.12971901893615723,0.1322939395904541,0.13337302207946777,0.13596081733703613,0.13706684112548828,0.13964390754699707,0.1408848762512207,0.1434628963470459,0.1448068618774414,0.14738798141479492,0.14879703521728516,0.15136098861694336,0.15160083770751953,0.1578819751739502,0.16045093536376953],"env":"Tiger","ubs":[56.748516065866774,56.748516065866774,51.883245347838454,50.58630419540188,50.23164124470142,49.75426481961009,47.86664373956381,47.005548227076304,46.575386889816805,46.4230261870495,46.366280714369694,44.683214007836156,43.754749711427166,43.37225633482562,43.21757105095108,42.10801618397534,42.10801618397534,41.03401441676445,40.430364511361354,40.058971032811286,40.058971032811286,39.8756854031361,39.83359382537022,39.820575791126615,39.64420685719355,39.42953532985152,39.26169032001118,39.0771508194202,38.57302408002487,38.291796358605566,37.85961793228697,37.85961793228697,36.634526623068,36.634526623068,36.54533508870044,36.33404822436839,36.12740696035512,35.03831724652541,34.570325581009996,34.51510532095009,34.130802281792526,34.130802281792526,33.70501816823793,33.40088440387497,33.129811058933036,33.06194000800493,33.04714677389575,32.25988311659991,32.25988311659991,32.206089552938224,32.02260084824918,31.34235380269728,31.013290408507032,30.765800123384167,30.64462392597983,30.386504889994647,30.003001578964252,29.809583028979276,29.552266898103863,29.274190968556955,29.029383319874903,29.029383319874903,28.828337332402675,28.6517255124239,28.536250430655024,28.43618116119642,28.282104630825216,28.104747441992544,27.956509612270075,27.814186440261484,27.68591121315292,27.56700056590741,27.56700056590741,27.543100360458496,27.526250164986784,27.433146845515054,27.34520876297661,27.34520876297661,27.282128746325398,27.26430950011762,27.219617866737472,27.110271324789295,27.05000216641247,26.978165406049335,26.918883808519517,26.86165362552761,26.8101897326258,26.76243670332289,26.718743443878683,26.678515007945308,26.641579288419326,26.607624855768577,26.576428240061958,26.547758427256824,26.5214136295095,26.49720412123267,26.474957314674725,26.474957314674725,26.453197998948788],"sim_r":null,"sim_rsigma":null,"solver":"ETIB-SARSOP","env_full":"Tiger","final_lw":26.193471449620304,"timeout":false,"runtime":0.16045093536376953,"final_ub":26.453197998948788}