{"lbs":[9.451650624159997,14.18409222281381,16.118605652898637,18.02603589496227,18.04481935765149,18.080049861566074,18.133307632637422,18.133307632637422,18.13615075480607,18.13615075480607,18.13615075480607,18.13615075480607,18.13615075480607,18.13615075480607,19.849226987234267,21.541123470866758,21.541123470866758,21.541123470866758,21.541123470866758,21.541123470866758,21.541123470866758,21.541123470866758,21.541123470866758,21.541123470866758,21.564970905389202,21.61097312719484,21.67984488833433,21.67984488833433,21.74023619258889,21.75076727795127,22.338852067076456,22.338852067076456,22.338852067076456,22.338852067076456,22.338852067076456,22.338852067076456,22.338852067076456,22.338852067076456,22.338852067076456,22.338852067076456,22.338852067076456,22.338852067076456,22.338852067076456,22.338852067076456,22.338852067076456,22.338852067076456,22.338852067076456,22.338852067076456,22.338852067076456,22.338852067076456,22.338852067076456,22.338852067076456,22.338852067076456,22.338852067076456,22.338852067076456,22.338852067076456,22.338852067076456,22.338852067076456,22.338852067076456,22.338852067076456,22.338852067076456,22.338852067076456,22.338852067076456,22.338852067076456,22.338852067076456,22.338852067076456,22.338852067076456,22.338852067076456,22.338852067076456,22.338852067076456,22.338852067076456,22.338852067076456,22.338852067076456,22.338852067076456,22.338852067076456,22.338852067076456,22.338852067076456,22.338852067076456,22.338852067076456,22.338852067076456,22.338852067076456,22.338852067076456,22.338852067076456,22.338852067076456,22.338852067076456,22.338852067076456],"times":[2.4040639400482178,2.4377498626708984,2.437971830368042,2.4380128383636475,2.4381659030914307,2.438314914703369,2.4383578300476074,2.438416004180908,2.43859601020813,2.4387619495391846,2.4389429092407227,2.4389889240264893,2.4391489028930664,2.4393348693847656,2.439663887023926,2.4397218227386475,2.439844846725464,2.4399490356445312,2.440068006515503,2.4401888847351074,2.440297842025757,2.440539836883545,2.4406349658966064,2.4408178329467773,2.440910816192627,2.441210985183716,2.441283941268921,2.4417519569396973,2.442425012588501,2.4430689811706543,2.4438178539276123,2.444157838821411,2.4447319507598877,2.4450910091400146,2.4457318782806396,2.4459428787231445,2.4461610317230225,2.4468069076538086,2.4471359252929688,2.44775390625,2.4479260444641113,2.448058843612671,2.4486730098724365,2.4488680362701416,2.4495370388031006,2.449887990951538,2.4504599571228027,2.450747013092041,2.450917959213257,2.451447010040283,2.451647996902466,2.451859951019287,2.4519670009613037,2.452406883239746,2.452631950378418,2.452859878540039,2.4534718990325928,2.4537618160247803,2.4546279907226562,2.4551899433135986,2.4560179710388184,2.456317901611328,2.456544876098633,2.4571518898010254,2.457443952560425,2.4577219486236572,2.4583098888397217,2.458585023880005,2.458861827850342,2.4593589305877686,2.459712028503418,2.459980010986328,2.460563898086548,2.4609880447387695,2.461544990539551,2.461724042892456,2.461930990219116,2.462064027786255,2.4625120162963867,2.4626338481903076,2.4627528190612793,2.4628639221191406,2.463012933731079,2.463176965713501,2.4636878967285156,2.4639580249786377],"env":"RockSample5","ubs":[22.89789427940262,22.89789427940262,22.89789427940262,22.897894279402617,22.897894279402617,22.897894279402617,22.88158545625063,22.867961167233,22.86550495662277,22.86550495662277,22.86550495662277,22.854059642826332,22.84942445699491,22.84942445699491,22.84942445699491,22.84942445699491,22.833569084361834,22.832445990638686,22.815905602046406,22.73929651393341,22.685487843355077,22.67225184752106,22.671359575305374,22.66060417800583,22.656884188775088,22.646343759490986,22.646343759490986,22.646343759490986,22.637980341769584,22.629181779853862,22.628436106010927,22.626794462238674,22.626794462238674,22.626794462238674,22.626794462238674,22.626774919467216,22.626774919467216,22.626516572322778,22.626516572322778,22.624207885218965,22.621300678428213,22.62080526151654,22.62053162872536,22.619385058785248,22.6174238758145,22.61325711342994,22.61325711342994,22.613249079750716,22.613249079750716,22.61074045441329,22.60791961290554,22.606797496521434,22.59930926883306,22.590819469577596,22.59047475928425,22.590291636480025,22.590291636480025,22.590291636480025,22.590291636480025,22.590291636480025,22.590291636480025,22.590291636480025,22.590291636480025,22.587290678870918,22.58381129123413,22.58363750236169,22.583362059585916,22.583362059585916,22.583362059585916,22.583362059585916,22.583362059585916,22.583362059585916,22.583362059585916,22.58363750236169,22.58363750236169,22.58363750236169,22.58363750236169,22.58233494973879,22.58226570964605,22.577323759490984,22.577323759490984,22.567728662169706,22.565445621492948,22.565445621492948,22.56473297265057,22.551871189912184],"sim_r":null,"sim_rsigma":null,"solver":"TIB-SARSOP","env_full":"RockSample ()","final_lw":22.338852067076456,"timeout":false,"runtime":2.4639580249786377,"final_ub":22.551871189912184}