{"lbs":[0.009545040181197695,0.2686253250746124,0.35804885358787253,0.36471559303904993,0.3769396311465207,0.40253485272458134,0.4076145688705743,0.41431621386541834,0.41700257574402977,0.4184044030143949],"times":[0.15061306953430176,0.15089893341064453,0.15108203887939453,0.15121197700500488,0.15140199661254883,0.15227508544921875,0.15403389930725098,0.15447092056274414,0.15484404563903809,0.15532612800598145],"env":"FrozenLake4","ubs":[0.42195342890865495,0.42195342890865495,0.42195342890865495,0.42195342890865495,0.4219508354834831,0.4219499763301972,0.42194980241166397,0.4219497864500471,0.42194978498514735,0.4219491938191048],"sim_r":null,"sim_rsigma":null,"solver":"BIB-SARSOP","env_full":"Frozen Lake (4)","final_lw":0.4184044030143949,"timeout":false,"runtime":0.15532612800598145,"final_ub":0.4219491938191048}