{"lbs":[9.26138694321,17.734196679125738,18.59169792700147,21.468147760723447,21.468147760723447,21.468147760723447,21.468147760723447,21.468147760723447,21.468147760723447,21.468147760723447,21.468147760723447,21.468147760723447,21.468147760723447,21.468147760723447,21.468147760723447,21.468147760723447,21.468147760723447,21.468147760723447,21.468147760723447,21.468147760723447,21.468147760723447,21.468147760723447,21.468147760723447,21.468147760723447,21.468147760723447,21.468147760723447,21.468147760723447,21.468147760723447,21.468147760723447,21.468147760723447,21.468147760723447,21.468147760723447,21.468147760723447,21.468147760723447,21.468147760723447,21.468147760723447,21.468147760723447,21.468147760723447,21.468147760723447,21.468147760723447,21.468147760723447,21.468147760723447,21.468147760723447,21.468147760723447,21.468147760723447,21.468147760723447,21.468147760723447,21.468147760723447,21.468147760723447,21.468147760723447,21.468147760723447,21.468147760723447,21.468147760723447,21.468147760723447,21.468147760723447,21.468147760723447,21.468147760723447,21.468147760723447,21.468147760723447,21.468147760723447,21.468147760723447,21.468147760723447,21.468147760723447,21.468147760723447,21.468147760723447,21.468147760723447,21.468147760723447,21.468147760723447,21.468147760723447,21.468147760723447,21.468147760723447,21.468147760723447,21.468147760723447,21.468147760723447,21.468147760723447,21.468147760723447,21.468147760723447,21.468147760723447,21.468147760723447,21.468147760723447,21.468147760723447,21.468147760723447,21.468147760723447,21.468147760723447,21.468147760723447,21.468147760723447,21.468147760723447,21.468147760723447,21.468147760723447,21.468147760723447,21.468147760723447,21.468147760723447],"times":[1.537891149520874,1.5381700992584229,1.5384700298309326,1.5387380123138428,1.538926124572754,1.5392000675201416,1.5394439697265625,1.5395970344543457,1.5397701263427734,1.5399439334869385,1.5401930809020996,1.5404019355773926,1.5404980182647705,1.5406301021575928,1.5408411026000977,1.5409409999847412,1.5412590503692627,1.5415079593658447,1.5417239665985107,1.5419590473175049,1.5421769618988037,1.5425889492034912,1.5431079864501953,1.543342113494873,1.543468952178955,1.5438649654388428,1.544327974319458,1.5447180271148682,1.5451619625091553,1.5455970764160156,1.54591703414917,1.5462651252746582,1.5465950965881348,1.5468981266021729,1.547450065612793,1.5477941036224365,1.5479891300201416,1.5482919216156006,1.5487029552459717,1.548828125,1.5494160652160645,1.5497519969940186,1.5499351024627686,1.5502500534057617,1.5505809783935547,1.5507500171661377,1.551429033279419,1.5519959926605225,1.5521581172943115,1.5524120330810547,1.5591621398925781,1.5595440864562988,1.5599501132965088,1.560344934463501,1.560547113418579,1.5609629154205322,1.5613501071929932,1.5617201328277588,1.5619220733642578,1.5622429847717285,1.5624589920043945,1.562690019607544,1.5631380081176758,1.563236951828003,1.5633389949798584,1.5638189315795898,1.5639469623565674,1.5640790462493896,1.5646100044250488,1.5650241374969482,1.565519094467163,1.5657129287719727,1.5659780502319336,1.5667901039123535,1.5669350624084473,1.5670781135559082,1.5674221515655518,1.5683691501617432,1.5685830116271973,1.568748950958252,1.569148063659668,1.5693180561065674,1.5698740482330322,1.5701379776000977,1.5708119869232178,1.5713961124420166,1.5721080303192139,1.5723330974578857,1.572782039642334,1.5732080936431885,1.573970079421997,1.5741291046142578],"env":"RockSample5","ubs":[22.19497488660498,22.19497488660498,22.19497488660498,22.19497488660498,22.173397012700672,22.15559843742853,22.15222911840054,22.15222911840054,22.15222911840054,22.15222911840054,22.137311242092053,22.13106122410041,22.10814245636448,22.086146662374357,21.982949985136937,21.9157903822798,21.871564153626977,21.84984254130111,21.84045438038718,21.840404558510524,21.8404027362094,21.84040266955632,21.84040266955632,21.84040266955632,21.840402667118397,21.840098912914677,21.840098912914677,21.840098912914677,21.840098912914677,21.837771956312473,21.833804244265195,21.833084451664867,21.83257334804669,21.832303691450896,21.828416181877323,21.82313049267482,21.822844601066812,21.822844601066812,21.822289361254768,21.821898861528837,21.821398567694303,21.819594355262254,21.808216229521037,21.80045732890539,21.79686845468346,21.79318339794155,21.788690115453115,21.783754449258637,21.783754449258637,21.783754449258637,21.783754449258637,21.783754449258637,21.783754449258637,21.783754449258637,21.783754449258637,21.783754449258637,21.783754449258637,21.783754449258637,21.783754449258637,21.783754449258637,21.783754449258637,21.783148298346532,21.783107643380415,21.77327036375949,21.77327036375949,21.766952737642853,21.75776252084097,21.756837362066435,21.750097620314385,21.74919203799702,21.74805991389875,21.74805991389875,21.745835361593187,21.73863695351006,21.736379904166483,21.731871170273685,21.730365320955784,21.718044020321976,21.707186935152777,21.704709227417496,21.699036544591575,21.696512634852887,21.6947058313295,21.6947058313295,21.6947058313295,21.6947058313295,21.69207128529556,21.689486795636263,21.689486795636263,21.689486795636263,21.683827402646124,21.67401561517902],"sim_r":null,"sim_rsigma":null,"solver":"BIB-SARSOP","env_full":"RockSample ()","final_lw":21.468147760723447,"timeout":false,"runtime":1.5741291046142578,"final_ub":21.67401561517902}