{"lbs":[0.01950671283656223,0.40328018748570843,0.5969053387897076,0.6315798974589607,0.6439988113886338,0.6470664319575274,0.648332274551224,0.6553276505889364,0.6561236137830248,0.6561236137830248,0.6561236137830248,0.6607505827492328,0.6607505827492328,0.6607505827492328,0.6624871183460912,0.6654014527353573,0.666299146135202],"times":[1.3149099349975586,1.3153460025787354,1.3173370361328125,1.329859972000122,1.3305039405822754,1.3323390483856201,1.3481240272521973,1.348949909210205,1.3530519008636475,1.3535709381103516,1.3543450832366943,1.3583300113677979,1.3588230609893799,1.363110065460205,1.636955976486206,1.6394529342651367,1.6493868827819824],"env":"FrozenLake4","ubs":[0.6780678129191231,0.6780678129191231,0.6780678129191231,0.6780677878169109,0.6780677795822432,0.6780677795822432,0.6780677726097201,0.6778971511787814,0.6771599841259063,0.6768850406919157,0.6753555538193852,0.6744513441894026,0.6743459940842674,0.6743459940842674,0.6728028844080637,0.6721338178834062,0.6716815004981483],"sim_r":null,"sim_rsigma":null,"solver":"EBIB-SARSOP","env_full":"Frozen Lake (4)","final_lw":0.666299146135202,"timeout":false,"runtime":1.6493868827819824,"final_ub":0.6716815004981483}