{"lbs":[0.011420783863105896,0.28317940071552966,0.39396070690034685,0.41499801981242246,0.4489199445957909,0.45601362046517935,0.4579723674729362,0.4612108819116853],"times":[0.1872410774230957,0.18752789497375488,0.18770289421081543,0.18795990943908691,0.18856096267700195,0.19161200523376465,0.19189906120300293,0.19235992431640625],"env":"FrozenLake4","ubs":[0.4632470719064807,0.4632470719064807,0.4632455572396878,0.46324499066904423,0.4632449377991647,0.46324471920929067,0.4632444196733998,0.4632443917220284],"sim_r":null,"sim_rsigma":null,"solver":"BIB-SARSOP","env_full":"Frozen Lake (4)","final_lw":0.4612108819116853,"timeout":false,"runtime":0.19235992431640625,"final_ub":0.4632443917220284}