{"lbs":[9.72292630401,14.586073789512346,16.737254140342472,18.873376228716786,18.9096264786511,18.945622976835875,18.9609749414168,18.976219442245657,18.976219442245657,18.997491352631506,19.01861435964465,19.01861435964465,19.01861435964465,19.01861435964465,20.089842058357082,21.153571163178526,21.153571163178526,21.153571163178526,21.153571163178526,21.153571163178526,21.153571163178526,22.394554347263444,23.62685064905977],"times":[4.814563035964966,4.848720073699951,4.848941087722778,4.8489830493927,4.84914493560791,4.8491950035095215,4.8493499755859375,4.849394083023071,4.849456071853638,4.849636077880859,4.8498780727386475,4.850042104721069,4.850099086761475,4.850280046463013,4.850743055343628,4.850804090499878,4.851038932800293,4.851150989532471,4.851348876953125,4.851464033126831,4.851531982421875,4.8520519733428955,4.852243900299072],"env":"RockSample5","ubs":[23.92361820582353,23.92361820582353,23.92361820582353,23.92361820582353,23.92361820582353,23.92361820582353,23.92361820582353,23.915170198231134,23.90798121452381,23.90678132669189,23.90678132669189,23.90678132669189,23.900719089056594,23.898392455152635,23.898392455152635,23.898392455152635,23.890062305714157,23.890062305714157,23.889798726762187,23.88129116624618,23.835882962785448,23.812218080970908,23.81112096664939],"sim_r":null,"sim_rsigma":null,"solver":"ETIB-SARSOP","env_full":"RockSample ()","final_lw":23.62685064905977,"timeout":false,"runtime":4.852243900299072,"final_ub":23.81112096664939}