{"lbs":[9.036878906249997,17.08028084046314,17.500104279075334,20.474716382739196,20.474716382739196,20.474716382739196,20.474716382739196,20.474716382739196,20.474716382739196,20.474716382739196,20.474716382739196,20.474716382739196,20.474716382739196,20.474716382739196,20.474716382739196,20.474716382739196,20.474716382739196,20.474716382739196,20.474716382739196,20.474716382739196,20.474716382739196,20.474716382739196,20.474716382739196,20.474716382739196,20.474716382739196,20.474716382739196,20.474716382739196,20.474716382739196,20.474716382739196,20.474716382739196,20.474716382739196,20.474716382739196,20.474716382739196,20.474716382739196,20.474716382739196,20.474716382739196,20.474716382739196,20.474716382739196,20.474716382739196,20.474716382739196,20.474716382739196,20.474716382739196,20.474716382739196,20.474716382739196,20.474716382739196,20.474716382739196,20.474716382739196,20.474716382739196,20.474716382739196,20.474716382739196,20.474716382739196,20.474716382739196,20.474716382739196,20.474716382739196,20.474716382739196,20.474716382739196,20.474716382739196,20.474716382739196,20.474716382739196,20.474716382739196,20.474716382739196,20.474716382739196,20.474716382739196,20.474716382739196,20.474716382739196,20.474716382739196,20.474716382739196,20.474716382739196,20.474716382739196,20.474716382739196,20.474716382739196,20.474716382739196,20.474716382739196,20.474716382739196,20.474716382739196,20.474716382739196,20.474716382739196,20.474716382739196,20.474716382739196,20.474716382739196,20.474716382739196,20.474716382739196,20.474716382739196,20.474716382739196,20.474716382739196,20.474716382739196,20.474716382739196,20.474716382739196,20.474716382739196,20.474716382739196,20.474716382739196,20.474716382739196,20.474716382739196,20.474716382739196,20.474716382739196,20.474716382739196,20.474716382739196,20.474716382739196,20.474716382739196,20.474716382739196,20.474716382739196,20.474716382739196,20.474716382739196,20.474716382739196,20.474716382739196,20.474716382739196,20.474716382739196,20.474716382739196,20.474716382739196,20.474716382739196,20.474716382739196,20.474716382739196,20.474716382739196,20.474716382739196,20.474716382739196,20.474716382739196,20.474716382739196,20.474716382739196,20.474716382739196,20.474716382739196],"times":[1.1257379055023193,1.1569349765777588,1.1572539806365967,1.1575689315795898,1.1576440334320068,1.1579248905181885,1.1581270694732666,1.1584320068359375,1.1586530208587646,1.1589810848236084,1.1591739654541016,1.1593880653381348,1.159627914428711,1.1598539352416992,1.1599578857421875,1.160111904144287,1.1603939533233643,1.1605041027069092,1.1608660221099854,1.1612460613250732,1.1615281105041504,1.1619598865509033,1.1622469425201416,1.16257905960083,1.1628589630126953,1.1630170345306396,1.1635189056396484,1.1637189388275146,1.164005994796753,1.1641600131988525,1.1645610332489014,1.1651909351348877,1.1655199527740479,1.165827989578247,1.1660010814666748,1.166234016418457,1.166368007659912,1.1668939590454102,1.1673059463500977,1.167794942855835,1.1681790351867676,1.1686720848083496,1.1690950393676758,1.1693150997161865,1.169572114944458,1.1697649955749512,1.170295000076294,1.1704521179199219,1.170699119567871,1.1710560321807861,1.1712698936462402,1.1715729236602783,1.1718099117279053,1.1721088886260986,1.1723439693450928,1.1726479530334473,1.1727569103240967,1.1730248928070068,1.1732430458068848,1.1735470294952393,1.1737940311431885,1.1742799282073975,1.1746790409088135,1.175036907196045,1.1754510402679443,1.1755759716033936,1.1763920783996582,1.1766788959503174,1.1769540309906006,1.1770849227905273,1.177220106124878,1.177685022354126,1.178589105606079,1.1788060665130615,1.1789560317993164,1.1792869567871094,1.1795070171356201,1.1802430152893066,1.1805949211120605,1.181344985961914,1.1816339492797852,1.18212890625,1.182452917098999,1.1829400062561035,1.1831860542297363,1.1839420795440674,1.184689998626709,1.1850669384002686,1.185586929321289,1.1857619285583496,1.1859049797058105,1.186065912246704,1.186600923538208,1.1868689060211182,1.187021017074585,1.1874289512634277,1.187572956085205,1.1882829666137695,1.1886188983917236,1.1893088817596436,1.1895499229431152,1.1901168823242188,1.1904830932617188,1.1908879280090332,1.1910490989685059,1.1912190914154053,1.1914129257202148,1.1918590068817139,1.1920011043548584,1.1921370029449463,1.1928379535675049,1.1930150985717773,1.193692922592163,1.193871021270752,1.1940529346466064,1.194242000579834,1.1943449974060059,1.195133924484253,1.1961181163787842,1.1962790489196777],"env":"RockSample5","ubs":[21.38290766925116,21.38290766925116,21.38290766925116,21.382907669251157,21.382907669251157,21.382907669251157,21.355373428833673,21.32852754442663,21.32852754442663,21.328527544426628,21.301681660019586,21.275506922722712,21.275506922722712,21.275506922722712,21.27161466134683,21.2433744147648,21.118924307632522,21.032290426277363,20.97688040642408,20.965583930766176,20.965583930766176,20.964587249793144,20.96411290799015,20.96411290799015,20.948856933437515,20.923195947431886,20.907799727062063,20.901055660008208,20.901055660008208,20.901055660008208,20.8988947839668,20.889736258205076,20.878699841447027,20.878119016211443,20.878119016211443,20.878119016211443,20.8779785804443,20.8779785804443,20.8750986054495,20.8750986054495,20.8750986054495,20.8750986054495,20.8750986054495,20.8750986054495,20.8750986054495,20.8750986054495,20.87201346585595,20.865494249654645,20.865494249654645,20.865494249654645,20.865494249654645,20.865494249654645,20.865494249654645,20.865494249654645,20.865494249654645,20.86527795828842,20.865232859921278,20.86499485387893,20.864892231802806,20.864817711383722,20.861247289513564,20.859707815551722,20.8474801499501,20.841058904907612,20.841058904907612,20.831502730644807,20.828175342157202,20.82608481612288,20.82601098366507,20.81868053028209,20.805112685162065,20.80200840297941,20.79794059831609,20.77432493301135,20.770566003120724,20.757418866244947,20.75254594174531,20.74884447736882,20.74884447736882,20.74884447736882,20.74884447736882,20.748765812949433,20.748765812949433,20.748765812949433,20.748765812949433,20.74884447736882,20.74653425288702,20.74653425288702,20.74653425288702,20.745411139669375,20.732634117619522,20.723346118520027,20.716829016863958,20.716049368158657,20.716049368158657,20.714964197997084,20.711703562540414,20.706706244574963,20.704902057523334,20.70423233072647,20.704170537911402,20.704170537911402,20.704170537911402,20.69814550612459,20.696665926053118,20.692036565912346,20.689798786135476,20.687677882853116,20.686888324837575,20.703444166153925,20.703444166153925,20.685490910557128,20.684050625072118,20.68403486746293,20.68403486746293,20.68403486746293,20.68403486746293,20.683609450422537,20.67971616441384,20.672207328576242],"sim_r":null,"sim_rsigma":null,"solver":"SARSOP","env_full":"RockSample ()","final_lw":20.474716382739196,"timeout":false,"runtime":1.1962790489196777,"final_ub":20.672207328576242}