{"lbs":[-23.80952380952379,-8.780828289741418,-6.325072183031463,-4.107053090815793,3.1459183204673793,6.08916619443953,8.29878012869418,11.229207867943886,13.110908186216157,14.111507105293988,16.335446440422547,17.507944192625757,18.52793522977511,19.44330577626811,20.140911748190717,20.635351580656426,21.07781506402643,21.471216407412356,21.6665557016344,21.86523591582681,22.28497122133045,22.43380705683596,22.724766982285256,22.856683143993457,22.93442283912684,23.010408218963363,23.080228883065548,23.198522116763478,23.220739416126246,23.291147164339982,23.311177146205765,23.342287140664276,23.377420093653868,23.41325035932515,23.431280085510284,23.432738859733874,23.449506714408507,23.459771867416613,23.469644850059687,23.470867810951084,23.476740730752077,23.482301614794444,23.48676057172144,23.49031974029655,23.493159426466764,23.495424973682383],"times":[0.010219097137451172,0.01064610481262207,0.010750055313110352,0.010882139205932617,0.011836051940917969,0.01200103759765625,0.012186050415039062,0.01241302490234375,0.012568950653076172,0.012747049331665039,0.012977123260498047,0.013255119323730469,0.013496160507202148,0.013714075088500977,0.013964176177978516,0.014143943786621094,0.014404058456420898,0.014590024948120117,0.014677047729492188,0.014845132827758789,0.015134096145629883,0.015300989151000977,0.016968965530395508,0.01725316047668457,0.017444133758544922,0.017614126205444336,0.017718076705932617,0.019644975662231445,0.019757986068725586,0.02013111114501953,0.02022695541381836,0.020431041717529297,0.020702123641967773,0.022901058197021484,0.025196075439453125,0.02528214454650879,0.025567054748535156,0.025782108306884766,0.02615213394165039,0.026237964630126953,0.026515960693359375,0.027573108673095703,0.028630971908569336,0.029653072357177734,0.030677080154418945,0.031701087951660156],"env":"Tiger","ubs":[51.207705214302486,51.207705214302486,43.57888210940055,43.57888210940055,43.484699292406475,40.42952785337057,39.326709049378415,38.44408229368239,37.0088247895748,35.794124930485,35.55050630411016,34.022320916481235,32.96949709876222,32.085706199244285,31.12905456661896,30.334019922735607,29.74471031685973,29.05586858991593,28.433689123156142,28.295030331327183,28.124218498864458,27.523831159887017,27.108583639760088,26.38098022535414,26.291071129467316,26.00587262039786,25.942579219564927,25.79167361160387,25.283243797454467,25.274574573494327,25.09813476462889,25.04229416270755,24.889575539058356,24.74649313002397,24.441846988973264,24.292301719536255,24.292301719536255,24.183368578074553,24.12905095449492,24.038234803831354,24.01948981122546,23.945970085573087,23.86916251584954,23.81137836437745,23.762528905184496,23.721409548920516],"sim_r":null,"sim_rsigma":null,"solver":"EBIB-SARSOP","env_full":"Tiger","final_lw":23.495424973682383,"timeout":false,"runtime":0.031701087951660156,"final_ub":23.721409548920516}