{"lbs":[-22.222222222222204,-7.444428358633563,-5.068453021225575,-2.932411278747204,3.021660410267196,5.958534120643181,8.090788730366587,10.388928044054069,12.626212362931955,13.783150407511904,14.977816633308262,16.422896120571867,17.407228007112703,18.4663521081059,18.863397437804863,19.178137019008922,19.836158339653473,20.114525567859417,20.417777586869647,20.634837026403396,20.74218919789857,20.81820105584805,20.96813071822585,21.034208420840372,21.09379189069363,21.246580874803882,21.342109285431277,21.44931975015052,21.462276220365837,21.5619280349782,21.607838940978862,21.64526288173032,21.647568014786344,21.681242743259475,21.71071700780658,21.715716361778775,21.73471750676739,21.739663388655615,21.744069993394206,21.754059936085504,21.759302737484553,21.76334214337787,21.768861962963662,21.77168690772058,21.7739950416409],"times":[0.04351377487182617,0.04383087158203125,0.04392385482788086,0.04403400421142578,0.04485487937927246,0.04499077796936035,0.04514884948730469,0.045326948165893555,0.04553699493408203,0.04569387435913086,0.045883893966674805,0.04611682891845703,0.046269893646240234,0.04648780822753906,0.046643972396850586,0.04671478271484375,0.04693198204040527,0.047116994857788086,0.04733586311340332,0.047537803649902344,0.04764389991760254,0.047746896743774414,0.04793977737426758,0.04802894592285156,0.04811882972717285,0.048340797424316406,0.04854083061218262,0.048741817474365234,0.04880499839782715,0.049138784408569336,0.05065178871154785,0.05140995979309082,0.051486968994140625,0.05180096626281738,0.05354785919189453,0.053639888763427734,0.05579400062561035,0.05592989921569824,0.056012868881225586,0.05624794960021973,0.056436777114868164,0.05668377876281738,0.058435916900634766,0.05926394462585449,0.06013679504394531],"env":"Tiger","ubs":[47.70130386215072,47.70130386215072,40.12147041182649,40.12147041182649,40.02856278526511,36.99857368197473,36.01947929909828,35.18764866760862,33.72400939135879,32.32139688421245,32.062977730466336,31.465144391438926,30.204697017062507,29.36238703757438,28.499832336330506,28.08597749771759,27.795538458642827,26.973018221274742,26.40727519174567,25.89727487292452,25.416119935284392,25.238988301570956,25.133660194124815,24.934704420589156,24.780096743591294,24.64088405643414,24.388063601635537,24.102289894412145,23.768383743820877,23.68461387411525,23.277678749924192,22.99422123472236,22.789303419203183,22.789303419203183,22.633525493210094,22.435472819540436,22.435472819540436,22.29138935377339,22.257536875205442,22.24855385183588,22.172450321847368,22.135540146501178,22.10195046544034,22.025291946858882,21.983487600174122],"sim_r":null,"sim_rsigma":null,"solver":"EBIB-SARSOP","env_full":"Tiger","final_lw":21.7739950416409,"timeout":false,"runtime":0.06013679504394531,"final_ub":21.983487600174122}