{"lbs":[0.015589033066879587,0.36722871135970747,0.480014544720281,0.480014544720281,0.5051409761184441,0.5312783827435614,0.5360269311896818,0.536698826119466,0.5367861594640028,0.5413101237538633,0.5427367833994982,0.5427367833994982,0.5427367833994982,0.5429276591356961,0.5429511845615542,0.5442520264606325,0.547438339609991,0.547869948033876,0.5479114843453178,0.5479154816379394,0.5482184592651427,0.5482487740465745,0.5496406500379749,0.5497745987550708],"times":[0.2756049633026123,0.306689977645874,0.3071010112762451,0.3071889877319336,0.30879998207092285,0.3092670440673828,0.3096630573272705,0.30979204177856445,0.3102531433105469,0.31078505516052246,0.31146812438964844,0.31152915954589844,0.3115811347961426,0.3121681213378906,0.3124821186065674,0.3132150173187256,0.31413793563842773,0.3143630027770996,0.31447696685791016,0.3151991367340088,0.3154430389404297,0.3163571357727051,0.3166470527648926,0.3176569938659668],"env":"FrozenLake4","ubs":[0.5947059917821133,0.5947059917821133,0.5900965583579789,0.5784411298532289,0.5760471467357327,0.5735965779382531,0.5723228601270207,0.5692611137491769,0.5667843126856821,0.5657467908235392,0.5657467908235392,0.5649116989124182,0.5623228601270207,0.5596936195071199,0.5591110859069959,0.559026696758445,0.559018575475906,0.5590030816837324,0.5590015906215993,0.5583311697256262,0.5580025167034288,0.5559405459231098,0.5556921054847994,0.5550576778581638],"sim_r":null,"sim_rsigma":null,"solver":"SARSOP","env_full":"Frozen Lake (4)","final_lw":0.5497745987550708,"timeout":false,"runtime":0.3176569938659668,"final_ub":0.5550576778581638}