{"lbs":[9.186091504809996,17.513091716805693,18.436840849278695,21.130900692937388,21.130900692937388,21.130900692937388,21.130900692937388,21.130900692937388,21.130900692937388,21.130900692937388,21.130900692937388,21.130900692937388,21.130900692937388,21.130900692937388,21.130900692937388,21.130900692937388,21.130900692937388,21.130900692937388,21.130900692937388,21.130900692937388,21.130900692937388,21.130900692937388,21.130900692937388,21.130900692937388,21.130900692937388,21.130900692937388,21.130900692937388,21.130900692937388,21.130900692937388,21.130900692937388,21.130900692937388,21.130900692937388,21.130900692937388,21.130900692937388,21.130900692937388,21.130900692937388,21.130900692937388,21.130900692937388,21.130900692937388,21.130900692937388,21.130900692937388,21.130900692937388,21.130900692937388,21.130900692937388,21.130900692937388,21.130900692937388,21.130900692937388,21.130900692937388,21.130900692937388,21.130900692937388,21.130900692937388,21.130900692937388,21.130900692937388,21.130900692937388,21.130900692937388,21.130900692937388,21.130900692937388,21.130900692937388,21.130900692937388,21.130900692937388,21.130900692937388,21.130900692937388,21.130900692937388,21.130900692937388,21.130900692937388,21.130900692937388,21.130900692937388,21.130900692937388,21.130900692937388,21.130900692937388,21.130900692937388,21.130900692937388,21.130900692937388,21.130900692937388,21.130900692937388,21.130900692937388,21.130900692937388,21.130900692937388,21.130900692937388,21.130900692937388,21.130900692937388,21.130900692937388,21.130900692937388,21.130900692937388,21.130900692937388,21.130900692937388,21.130900692937388,21.130900692937388,21.130900692937388,21.130900692937388,21.130900692937388,21.130900692937388,21.130900692937388,21.130900692937388,21.130900692937388,21.130900692937388,21.130900692937388],"times":[1.329529047012329,1.3609158992767334,1.3612580299377441,1.361569881439209,1.3618359565734863,1.3621289730072021,1.3624629974365234,1.3627009391784668,1.3630549907684326,1.363271951675415,1.363529920578003,1.3637418746948242,1.3640038967132568,1.3641130924224854,1.36427903175354,1.364574909210205,1.3646888732910156,1.3650689125061035,1.3654758930206299,1.3658850193023682,1.3662919998168945,1.3666040897369385,1.3667750358581543,1.3671329021453857,1.367440938949585,1.3677399158477783,1.3680450916290283,1.3682410717010498,1.3684818744659424,1.3689520359039307,1.3691120147705078,1.3694899082183838,1.3696770668029785,1.3699519634246826,1.3701140880584717,1.370331048965454,1.37044095993042,1.3705270290374756,1.3708469867706299,1.3710570335388184,1.3715019226074219,1.3716769218444824,1.3720390796661377,1.372251033782959,1.3726749420166016,1.3730928897857666,1.3733010292053223,1.3738110065460205,1.3740439414978027,1.374648094177246,1.374803066253662,1.3753008842468262,1.3754589557647705,1.3759310245513916,1.3760850429534912,1.3764660358428955,1.376682996749878,1.3769779205322266,1.3774030208587646,1.3775959014892578,1.3779211044311523,1.378350019454956,1.3785901069641113,1.3789889812469482,1.3791639804840088,1.3794209957122803,1.379546880722046,1.3796679973602295,1.3802809715270996,1.3804888725280762,1.3808438777923584,1.3812739849090576,1.38173508644104,1.3823919296264648,1.382530927658081,1.3826680183410645,1.3830299377441406,1.383802890777588,1.384070873260498,1.384411096572876,1.3846120834350586,1.3847661018371582,1.3851909637451172,1.3854730129241943,1.3857829570770264,1.3859269618988037,1.3861639499664307,1.3867878913879395,1.387139081954956,1.3874969482421875,1.3877339363098145,1.3882339000701904,1.3884549140930176,1.388956069946289,1.3896520137786865,1.389894962310791,1.3900399208068848],"env":"RockSample5","ubs":[21.920534373306836,21.920534373306836,21.920534373306836,21.920534373306836,21.920534373306836,21.920534373306833,21.89692726640091,21.873815908740006,21.873815908740006,21.85070455107911,21.82807853192909,21.82807853192909,21.828078531929087,21.825408689607784,21.801295199407658,21.692408500418942,21.6171562934853,21.57073212263721,21.559587539570508,21.559152929759133,21.558596123711347,21.55824804593646,21.55815070690133,21.55656321643081,21.544361681274005,21.522211239556853,21.509099407829762,21.50320618405108,21.50129107398292,21.493376511535462,21.48375326214267,21.483399155875286,21.483375327606687,21.483324901397978,21.48325107077509,21.48313123603648,21.48313123603648,21.483131236036478,21.483131236036478,21.48229590233619,21.481664136499912,21.481664136499912,21.481664136499912,21.481664136499912,21.48151338222825,21.48151338222825,21.480680593589398,21.480680593589398,21.483399155875286,21.480680593589398,21.480680593589398,21.480680593589398,21.480680593589398,21.478058780392242,21.472483882758574,21.472483882758574,21.472483882758574,21.472483882758574,21.472483882758574,21.472483882758574,21.472483882758574,21.472483882758574,21.471788433028614,21.470831599792643,21.450333010010702,21.444527883708005,21.44272985376456,21.434463433090123,21.428647305590538,21.428647305590538,21.428647305590538,21.428647305590538,21.428647305590538,21.424566614074266,21.422665144860815,21.41643516799852,21.409197504893207,21.405231758313427,21.387920246287685,21.38760267111303,21.38437825945961,21.379640459858205,21.378721704610268,21.378721704610268,21.362001652453284,21.35279621657578,21.345632721391596,21.345632721391596,21.345632721391596,21.3455136095365,21.343664468722586,21.34366446872258,21.34366446872258,21.34366446872258,21.34366446872258,21.34366446872258,21.32995216661928],"sim_r":null,"sim_rsigma":null,"solver":"SARSOP","env_full":"RockSample ()","final_lw":21.130900692937388,"timeout":false,"runtime":1.3900399208068848,"final_ub":21.32995216661928}