{"lbs":[0.011644226597194104,0.2869214588085284,0.40074610902539853,0.4239939473954228,0.45999619396934227,0.4671531515748223,0.4703126472426022],"times":[0.3016488552093506,0.30193185806274414,0.3021259307861328,0.3024790287017822,0.30325794219970703,0.30354905128479004,0.3038320541381836],"env":"FrozenLake4","ubs":[0.47413846495047773,0.47413846495047773,0.4741368976170259,0.4741363138382621,0.47413625913679086,0.47413603415565847,0.47413572502134826],"sim_r":null,"sim_rsigma":null,"solver":"EBIB-SARSOP","env_full":"Frozen Lake (4)","final_lw":0.4703126472426022,"timeout":false,"runtime":0.3038320541381836,"final_ub":0.47413572502134826}