{"lbs":[0.013889731069815508,0.3042887404759747,0.4433880082609479,0.4719129639574545,0.5025449010902762,0.5102009992019719,0.5177729580608368,0.5218190192909283],"times":[0.3177039623260498,0.31798601150512695,0.3181600570678711,0.3194770812988281,0.3196580410003662,0.32379889488220215,0.3241159915924072,0.32451701164245605],"env":"FrozenLake4","ubs":[0.52614751521203,0.52614751521203,0.5261466379744109,0.5261463592094194,0.5261463326004926,0.5261462577932577,0.5261461102327493,0.5261458575505781],"sim_r":null,"sim_rsigma":null,"solver":"EBIB-SARSOP","env_full":"Frozen Lake (4)","final_lw":0.5218190192909283,"timeout":false,"runtime":0.32451701164245605,"final_ub":0.5261458575505781}