{"lbs":[0.014314198346957978,0.3641847778408537,0.47492712498401785,0.47492712498401785,0.4992262969149138,0.525186768158449,0.529901034967775,0.530567100215574,0.5343209429772622,0.5350336810882838,0.5356983629024871,0.5356983629024871,0.5356983629024871,0.5358162121595681,0.5394802719063705,0.5411265259036673,0.5412846321375676,0.5412998166602714,0.5417760823787593,0.541833761681657,0.5418393012019073,0.541840979814338,0.5433178269665259,0.543459663367022],"times":[0.261638879776001,0.29221582412719727,0.29260683059692383,0.2926900386810303,0.2941739559173584,0.29463696479797363,0.29501891136169434,0.295137882232666,0.29567885398864746,0.2957639694213867,0.296375036239624,0.2964298725128174,0.2964799404144287,0.29703283309936523,0.2977569103240967,0.2980368137359619,0.29853081703186035,0.29867982864379883,0.2993199825286865,0.299530029296875,0.29969000816345215,0.3004758358001709,0.30076098442077637,0.3015308380126953],"env":"FrozenLake4","ubs":[0.5885666949234144,0.5885666949234144,0.5834463367273396,0.5712856507916418,0.5690889390048908,0.5669953610249461,0.5652594538044485,0.5621734099927924,0.5615889707026449,0.5581905378489668,0.5581905378489668,0.5579308133198755,0.5552594538044485,0.5530929621443306,0.5526033909736573,0.5525563725584256,0.5525518569098268,0.5525514232269353,0.5504939087913829,0.5500480899565088,0.5498441803305388,0.5490825028825431,0.5490093513804376,0.548391535411308],"sim_r":null,"sim_rsigma":null,"solver":"SARSOP","env_full":"Frozen Lake (4)","final_lw":0.543459663367022,"timeout":false,"runtime":0.3015308380126953,"final_ub":0.548391535411308}