{"lbs":[9.56720690641,18.650945895636468,19.720127793326277,22.880758853906993,22.880758853906993,22.880758853906993,22.880758853906993,22.880758853906993,22.880758853906993,22.880758853906993,22.880758853906993,22.880758853906993,22.880758853906993,22.880758853906993,22.880758853906993,22.880758853906993,22.880758853906993,22.880758853906993,22.880758853906993,22.880758853906993,22.880758853906993,22.880758853906993],"times":[2.556532144546509,2.5568180084228516,2.557126045227051,2.557420015335083,2.557615041732788,2.5578911304473877,2.5581002235412598,2.5582971572875977,2.5585381984710693,2.5587241649627686,2.5590271949768066,2.559270143508911,2.5593700408935547,2.5595102310180664,2.5597310066223145,2.559835195541382,2.560169219970703,2.560425043106079,2.5607471466064453,2.5608720779418945,2.5611751079559326,2.561641216278076],"env":"RockSample5","ubs":[23.331436603052076,23.331436603052076,23.331436603052076,23.331436603052072,23.318426397560216,23.30747242942747,23.305559304328774,23.305559304328774,23.305559304328774,23.30555930432877,23.296342997157268,23.292692211097325,23.279291106418068,23.266136196921757,23.204159287629523,23.161231410006614,23.134438395040483,23.12785014406978,23.121588133502105,23.11368133584769,23.111543505229037,23.105868435679824],"sim_r":null,"sim_rsigma":null,"solver":"EBIB-SARSOP","env_full":"RockSample ()","final_lw":22.880758853906993,"timeout":false,"runtime":2.561641216278076,"final_ub":23.105868435679824}