{"lbs":[9.840957442559999,14.761990425564179,17.010704402890298,19.25042352430711,19.301620331759807,19.352612351982692,19.390609027584766,19.428453716484434,19.428453716484434,19.428453716484434,19.44299918463397,19.457486470910904,20.33877908514327,21.248649214398736,21.44813672206425,21.6468262796991,21.688684556020437,21.730375399236497,21.730375399236497,21.730375399236497,21.730375399236497,21.730375399236497,21.730375399236497,24.2046085921039],"times":[8.288512945175171,8.322813034057617,8.322998046875,8.323039054870605,8.323199033737183,8.323247909545898,8.323401927947998,8.323446989059448,8.323511838912964,8.323669910430908,8.323936939239502,8.324195861816406,8.32449984550476,8.324556827545166,8.325093030929565,8.325160026550293,8.325549840927124,8.325620889663696,8.32577896118164,8.326104879379272,8.326175928115845,8.326303005218506,8.326432943344116,8.327119827270508],"env":"RockSample5","ubs":[24.378584456577165,24.378584456577165,24.378584456577165,24.378584456577165,24.378584456577165,24.378584456577165,24.378584456577165,24.37368365977077,24.3694791039917,24.368802466151596,24.368802466151596,24.368802466151593,24.36525039965648,24.363921272532426,24.35905960368774,24.35905960368774,24.35905960368774,24.359059603687736,24.359059603687733,24.359059603687733,24.359059603687733,24.358976080423854,24.354055601702573,24.32996667536265],"sim_r":null,"sim_rsigma":null,"solver":"ETIB-SARSOP","env_full":"RockSample ()","final_lw":24.2046085921039,"timeout":false,"runtime":8.327119827270508,"final_ub":24.32996667536265}