{"lbs":[-58.82352941176465,-28.773160885992034,-25.89154165156176,-17.78191661692601,-10.308082190298155,-6.827643409344704,-5.4320714204533065,3.1161812386322953,7.270335417015893,9.348512695900471,17.709635702838725,20.952689020775097,24.266379800951217,27.934992586739867,30.868001368860682,32.895284762106215,34.97291949658785,36.6900864840166,38.234114330101015,42.007220684784265,44.35867086961616,45.64546443276083,48.60771785240526,49.679914028967744,51.166638747702464,52.01014878261185,53.677633233882034,53.677633233882034,53.677633233882034,54.196635818333846,55.773360055079706,56.1642638947856,56.80591720908332,57.03778352509312,57.148389664602746,57.67402867719992,57.93820978143605,58.36418659957619,58.48186533080833,58.69714177740488,58.890613024861246,59.092462962652704,59.176333872538706,59.50454601868401,59.69093386990581,60.13607701366255,60.1775831434339,60.450013048155526,60.50889840951449,60.75907007692709,60.84215588076141,60.87531231609527,60.909982166854945,60.95533940818825,60.972157262951384,60.986809778833006,61.10442713467073,61.178126181364334,61.23573402184084,61.24932689882769,61.2558110474277,61.27466551640416,61.281643940868726,61.28712736791296,61.30649631426032,61.3233167833889,61.325908176283065,61.339044286854616,61.369890195558625,61.371333276680986,61.3878828045804,61.40421186929264,61.41552067177465,61.42079192414761,61.43091434814339,61.43220080693064,61.43607299004624,61.44112859626324,61.446330513075026,61.448775706700474,61.450564621799,61.454157228869065,61.45509967537714],"times":[0.015450000762939453,0.015704870223999023,0.016005992889404297,0.016427040100097656,0.016946077346801758,0.017644882202148438,0.018486976623535156,0.019316911697387695,0.02029895782470703,0.0215609073638916,0.022742033004760742,0.024018049240112305,0.06111788749694824,0.06251287460327148,0.06415700912475586,0.06661486625671387,0.06914901733398438,0.0716700553894043,0.07496786117553711,0.07663607597351074,0.0783989429473877,0.08255887031555176,0.0847768783569336,0.0865938663482666,0.08844804763793945,0.08985304832458496,0.09198188781738281,0.09208297729492188,0.09220504760742188,0.09370708465576172,0.0961449146270752,0.09806489944458008,0.0995168685913086,0.1014399528503418,0.10169100761413574,0.10333490371704102,0.10442686080932617,0.10589599609375,0.10618805885314941,0.10750102996826172,0.1085519790649414,0.1097409725189209,0.11007905006408691,0.11144089698791504,0.11252999305725098,0.11503386497497559,0.11539006233215332,0.11766600608825684,0.11829185485839844,0.12092185020446777,0.12208890914916992,0.122467041015625,0.12287306785583496,0.12411189079284668,0.12436389923095703,0.12485694885253906,0.12768292427062988,0.12993502616882324,0.13228893280029297,0.13275694847106934,0.13305091857910156,0.133591890335083,0.1339249610900879,0.13432002067565918,0.13515305519104004,0.13631701469421387,0.13670802116394043,0.13729286193847656,0.13949990272521973,0.1398310661315918,0.14121699333190918,0.14359307289123535,0.14571189880371094,0.14664387702941895,0.16347789764404297,0.164031982421875,0.16479706764221191,0.16596603393554688,0.16849303245544434,0.16949796676635742,0.1710660457611084,0.17398405075073242,0.17526006698608398],"env":"Tiger","ubs":[128.55835405785143,128.55835405785143,118.77241540602432,117.94228348308076,115.57502671415469,113.08443985130165,112.2647003752341,112.0430747325737,109.59259050702968,107.64364702738825,107.075137971665,103.59088030199935,101.9228807282829,99.78486155477583,96.85885096877274,94.71601629836232,93.95497957081474,92.91801639671502,91.7271249517657,91.27257109009818,89.07810448499878,87.53547002660042,86.49060261210462,83.78328127790232,82.32768459094663,80.97858359183206,79.98001803666865,79.15451168899436,79.15451168899436,78.25626964840785,77.61065259686666,75.85775145615662,75.42548384643712,74.49301949155026,74.23436395008557,74.02995792695089,73.30423846674259,72.89530412350092,72.18759267582305,72.06596673901385,71.57217626743602,71.22249012919329,70.7732479830442,70.74886607233647,70.14086315451668,69.76247657450875,68.53005562976466,68.44862736419117,67.57947856538343,67.43066101943387,66.60113826994595,66.37563106279342,66.24190531398557,66.09165783942157,65.87539122179177,65.81127070725094,65.76035898220002,65.25529788832478,64.76957365597814,64.35585319242817,64.27567700426671,64.24145866851264,64.1114645287995,64.07447636494453,64.03552339021257,63.88126235337362,63.74012717868417,63.72831132030465,63.640912605650925,63.32496445695835,63.30821745737866,63.16614843049419,62.93220017365587,62.74326734063641,62.66150848531391,62.46634250369344,62.46634250369344,62.413373609495515,62.33777534213403,62.21251677796104,62.156946091128916,62.12052100661981,62.03242365676488],"sim_r":null,"sim_rsigma":null,"solver":"EBIB-SARSOP","env_full":"Tiger","final_lw":61.45509967537714,"timeout":false,"runtime":0.17526006698608398,"final_ub":62.03242365676488}