{"lbs":[-45.45454545454542,-28.479748296087323,-25.288833948309783,-17.164381630707318,-9.420233753803618,-5.589872465017106,-4.115657945618797,7.32711074043851,10.358069126310205,12.27801930240405,16.238032212206143,19.04505610857288,21.642377036323907,24.244766852025734,26.66672378470693,28.341950641564594,30.019398866933066,32.61837385999526,33.900294493182585,35.11122071324594,35.91305698110153,37.859066969365216,38.69074608031424,39.89614480089245,39.89614480089245,39.89614480089245,40.89887194441577,41.23112125383584,42.25885327963711,42.58051785602912,43.37009571422924,43.70672316037255,43.86507392748203,44.57652595830523,44.67659499040579,45.03735120799794,45.2101630735299,45.29145439955254,45.40902364014019,45.5276611923482,45.825214817891435,45.90389633066796,45.940908398603135,46.03465876571633,46.141496191988,46.204643389974294,46.284772680539206,46.318476691671094,46.34280632178708,46.40564011801928,46.51081479063478,46.59573267262399,46.64813565015811,46.67328940158611,46.701599687460075,46.71902446396599,46.74595771800445,46.77818241693594,46.783031879440784,46.834324050701895,46.865162680707215,46.87661123243592,46.88581004311585,46.90540473475532,46.910253739280506,46.914709339381496,46.92695987948614,46.93389844417786,46.942476699560885,46.94696886179911,46.95135122528487,46.95246484206635,46.95320231078983,46.95543187161827,46.95587837690894,46.95823693220182,46.95859186881373,46.95995018141821,46.96133566696115,46.96226808938031,46.963634811207605,46.96517486396128,46.96653841601308,46.96806836066216,46.96843688765922,46.96963827567638,46.969951966312024,46.97030198411771],"times":[0.012007951736450195,0.01217508316040039,0.012368917465209961,0.012607097625732422,0.012962102890014648,0.013387918472290039,0.013883113861083984,0.014372110366821289,0.01494598388671875,0.015737056732177734,0.016475915908813477,0.0171658992767334,0.018073081970214844,0.018806934356689453,0.01976609230041504,0.02121901512145996,0.022383928298950195,0.023257970809936523,0.024127960205078125,0.025088071823120117,0.027386903762817383,0.028326034545898438,0.02912592887878418,0.029870033264160156,0.029935121536254883,0.0300140380859375,0.031141042709350586,0.03130197525024414,0.03239798545837402,0.033204078674316406,0.03414011001586914,0.0350949764251709,0.03530311584472656,0.03648209571838379,0.036669015884399414,0.03767991065979004,0.038784027099609375,0.03896808624267578,0.04003500938415527,0.041040897369384766,0.0424649715423584,0.04275989532470703,0.042968034744262695,0.044053077697753906,0.04491305351257324,0.04517507553100586,0.04615497589111328,0.04640007019042969,0.04661393165588379,0.047482967376708984,0.04857897758483887,0.049755096435546875,0.05089211463928223,0.051589012145996094,0.05238604545593262,0.05330705642700195,0.05386996269226074,0.05469989776611328,0.054997920989990234,0.05624890327453613,0.057084083557128906,0.05768394470214844,0.05819296836853027,0.05956912040710449,0.060266971588134766,0.0606389045715332,0.061463117599487305,0.06255102157592773,0.06383395195007324,0.0647439956665039,0.06620597839355469,0.06659698486328125,0.0671229362487793,0.06776094436645508,0.0682380199432373,0.06885790824890137,0.06928491592407227,0.0699911117553711,0.07070398330688477,0.07171797752380371,0.07239508628845215,0.07318711280822754,0.07408905029296875,0.07522201538085938,0.07560205459594727,0.0767819881439209,0.07715010643005371,0.07755494117736816],"env":"Tiger","ubs":[119.04689324336883,119.04689324336883,111.4802438142031,110.3877254190212,106.53268973405821,102.99603395927225,102.0105114883574,101.40446208266917,97.29245956941983,94.94350451998636,94.39279709895456,92.44441402098431,90.07784670057276,88.63777077097046,85.81050909694264,83.08318411003015,82.39866062616122,81.16411273630227,79.20574426252524,77.29051122407915,76.20999350316677,75.0239398666092,72.59582586171976,71.44344713813685,69.97145345751838,69.97145345751838,69.66744705418617,68.04424616975365,67.59620576336039,65.73670102841379,65.0748455982255,63.35463867592559,62.59529282024758,62.2678778315405,60.63841805348364,60.42949224020161,59.306435095643,58.87809194391783,58.71627295690066,58.236233815057666,57.93032952667703,56.712536430163205,56.38540787987542,56.07717781250612,55.720431730725785,55.23097790927432,55.022628348877525,54.49539123736829,54.36419703807206,54.31645930936999,53.941709864868734,53.305075384844,52.75011278172936,52.34564567531255,52.16687654692012,51.901868987548596,51.7907872515769,51.51359621761456,51.162063274557326,51.13240853101506,50.53968381377801,50.17712442540386,49.95071537346962,49.80868602247639,49.41571633973163,49.35044300734255,49.2543251312446,49.02011715026947,48.81365690567578,48.5713054735035,48.443747307655215,48.314081396242706,48.289371172760035,48.283811191671774,48.20915258666628,48.183296348840706,48.08919421612643,48.07191821535663,48.01202646250003,47.960627116141715,47.88709422053037,47.81307142842344,47.73369472085575,47.64732796208278,47.56042806460515,47.53324566272188,47.447865492176305,47.42577595303664],"sim_r":null,"sim_rsigma":null,"solver":"BIB-SARSOP","env_full":"Tiger","final_lw":46.97030198411771,"timeout":false,"runtime":0.07755494117736816,"final_ub":47.42577595303664}