{"lbs":[0.016765749274501706,0.3885749744697323,0.5418756274854646,0.5501731634059209,0.5632209225177772,0.5645279416567027,0.5652097217485684,0.5652097217485684,0.5797108780235095,0.5839732824859525,0.585087940211775,0.585087940211775,0.585087940211775,0.5856423448153011,0.5856423448153011,0.5881737901360624,0.5898469705473512,0.5900339819428658,0.5932704031329329,0.5937328029863552,0.5938342244770732,0.5940516063029957,0.5940728258995039,0.5940748972376854,0.5940953526247434,0.5940993263685191,0.5940999072471383,0.5953994445260797,0.5955263169158591,0.5958472414198513,0.5958472414198513,0.5958472414198513,0.5958472414198513,0.5960392454846364,0.5960589072632272,0.5962193643248603,0.5970625234968824,0.5973631337625727,0.5973924776532918,0.5974086305300682,0.5974634703332857,0.5974634703332857,0.5976926769715468,0.5978201804829119,0.59786053842804,0.5978691838621629,0.5978708137085214,0.5978709728049957,0.5978710367489087,0.5979299541675908,0.5979414554739307,0.5979432001221675,0.5979588463402368,0.5979603736364258,0.5979620333496803],"times":[0.4410221576690674,0.47184109687805176,0.47238612174987793,0.47247815132141113,0.47742199897766113,0.4781830310821533,0.4790151119232178,0.48006606101989746,0.4810011386871338,0.48123717308044434,0.4822831153869629,0.48265814781188965,0.48369407653808594,0.4958510398864746,0.496204137802124,0.49819302558898926,0.5006020069122314,0.5015561580657959,0.5038881301879883,0.5046200752258301,0.5077791213989258,0.5084290504455566,0.5086309909820557,0.5088341236114502,0.5119609832763672,0.5127930641174316,0.5163881778717041,0.5176911354064941,0.5215489864349365,0.5222530364990234,0.523198127746582,0.5281620025634766,0.5288181304931641,0.5296061038970947,0.5301361083984375,0.5346109867095947,0.5353100299835205,0.5357861518859863,0.5410211086273193,0.5423870086669922,0.5432031154632568,0.5501620769500732,0.551767110824585,0.5523200035095215,0.5587329864501953,0.5594489574432373,0.5601081848144531,0.5603940486907959,0.5609030723571777,0.5666849613189697,0.5674550533294678,0.5698549747467041,0.5762510299682617,0.57688307762146,0.5773780345916748],"env":"FrozenLake4","ubs":[0.6467505148178245,0.6467505148178245,0.6440418455263547,0.6360489382523531,0.6339574145596686,0.6313222913876738,0.6271602660595013,0.6256695294418674,0.6250972840203781,0.6250972840203781,0.6250972840203781,0.6216038572616823,0.6213222913876738,0.6175961166121334,0.6149338192022711,0.6139226676014559,0.6116523399499452,0.6102010107159888,0.6098991932281591,0.6097648444827634,0.6097517301105908,0.6096232509705911,0.609378456799289,0.6089678925042864,0.6088909719575927,0.6080978595164337,0.6079817623193625,0.6079704295611287,0.6077098319654836,0.6076843938875433,0.607489202701236,0.6070380688612022,0.6069405966337464,0.6067724887972108,0.6067560790516121,0.6063878778582923,0.6062070796455551,0.6061348499462754,0.6060993048008656,0.6058283445861796,0.6057618746004432,0.6056956059191823,0.6053721715061187,0.6052794039411684,0.6051859651578383,0.6051010575177616,0.6050419787470318,0.6050312539180013,0.6047619267867881,0.6047619267867881,0.6043321762292949,0.6042902263864756,0.6042579502193178,0.6040098577735131,0.6038920236229631],"sim_r":null,"sim_rsigma":null,"solver":"SARSOP","env_full":"Frozen Lake (4)","final_lw":0.5979620333496803,"timeout":false,"runtime":0.5773780345916748,"final_ub":0.6038920236229631}