{"lbs":[9.49005240561,14.24079829312888,16.205350254226783,18.144363039830417,18.144363039830417,18.16318165411974,18.201564085533338,18.201564085533338,18.258021517642124,18.260807899954028,18.260807899954028,18.260807899954028,18.260807899954028,18.26409720994302,18.26409720994302,18.26409720994302,18.26409720994302,18.26409720994302,18.270093918244008,18.859047612852315,18.91804563062501,21.583141432798612,21.637653313087178,21.74013983572773,21.746137930575294,21.752787961478443,21.752810458814597,21.76925399809294,21.798684138171986,21.806916999405523,21.844360273918277,21.88944261989986,21.88944261989986,21.88944261989986,21.88944261989986,21.88944261989986,21.96052191523839,21.986341725490195,22.01182587820872,22.01182587820872,22.01182587820872,22.145776155524093,22.277985079234366,22.39869471660672,22.51783512869324,22.51783512869324,22.51783512869324,22.51783512869324,22.51783512869324,22.51783512869324,22.51783512869324,22.51783512869324,22.51783512869324,22.51783512869324,22.51783512869324,22.51783512869324,22.51783512869324,22.51783512869324,22.51783512869324,22.51783512869324,22.51783512869324,22.51783512869324,22.51783512869324,22.51783512869324,22.51783512869324,22.51783512869324,22.51783512869324,22.51783512869324,22.51783512869324,22.51783512869324,22.51783512869324,22.51783512869324,22.51783512869324,22.51783512869324,22.51783512869324,22.51783512869324,22.51783512869324,22.51783512869324,22.51783512869324,22.51783512869324,22.51783512869324,22.51783512869324,22.51783512869324,22.51783512869324,22.51783512869324,22.51783512869324],"times":[2.3381640911102295,2.3723459243774414,2.3725740909576416,2.372659921646118,2.3727169036865234,2.37290096282959,2.373065948486328,2.3731091022491455,2.3731839656829834,2.373368978500366,2.3735549449920654,2.373764991760254,2.3739418983459473,2.3741469383239746,2.3743839263916016,2.37444806098938,2.374622106552124,2.3747410774230957,2.3748579025268555,2.3752429485321045,2.3753468990325928,2.3758389949798584,2.376235008239746,2.3763771057128906,2.37675404548645,2.3773880004882812,2.377821922302246,2.378340005874634,2.378495931625366,2.378643035888672,2.378753900527954,2.378864049911499,2.379626989364624,2.3799819946289062,2.3803389072418213,2.3812639713287354,2.3820419311523438,2.3831560611724854,2.3832929134368896,2.3835010528564453,2.3840599060058594,2.38531494140625,2.3854589462280273,2.3861660957336426,2.3863298892974854,2.3873350620269775,2.3875720500946045,2.387739896774292,2.388106107711792,2.38846492767334,2.3895509243011475,2.3899059295654297,2.3901829719543457,2.390505075454712,2.3916571140289307,2.392012119293213,2.3924460411071777,2.3926849365234375,2.3928720951080322,2.3938190937042236,2.393970012664795,2.39426589012146,2.394644021987915,2.3949499130249023,2.396440029144287,2.3967831134796143,2.397130012512207,2.398590087890625,2.3991761207580566,2.3995630741119385,2.3999099731445312,2.4011120796203613,2.401595115661621,2.4018828868865967,2.402229070663452,2.403414011001587,2.403778076171875,2.4041240215301514,2.404517889022827,2.405700922012329,2.405937910079956,2.4062929153442383,2.406662940979004,2.4069440364837646,2.40802001953125,2.4084770679473877],"env":"RockSample5","ubs":[23.041412758508997,23.041412758508997,23.041412758508994,23.041412758508994,23.04141275850899,23.04141275850899,23.04141275850899,23.04141275850899,23.026191900706944,23.011168914056327,23.011168914056324,23.011168914056324,22.996145927405703,22.996145927405703,22.996145927405703,22.9961459274057,22.9803580460026,22.96493671084348,22.907928087982874,22.84425724604863,22.83358130641193,22.830973493834676,22.816801020865867,22.81584464937151,22.815712223739336,22.815636281285265,22.81463742129609,22.813589200543074,22.813518465643796,22.813292092810862,22.806029392648377,22.806029392648377,22.806029392648377,22.806029392648377,22.806029392648377,22.805023348174203,22.797223923899654,22.787816789710497,22.787561885325037,22.78660346793736,22.78660346793736,22.7863824509527,22.78586289107519,22.785131941712223,22.783762263249237,22.782410390606273,22.782106960752838,22.782092978609313,22.781778438873225,22.77856494343761,22.77476948708214,22.77476948708214,22.77476948708214,22.771485602072147,22.768244407567288,22.768244407567288,22.768244407567288,22.767975123614363,22.767243996385652,22.767243996385652,22.76062230449093,22.753099288754566,22.749886814528303,22.746716102466976,22.746716102466976,22.746716102466976,22.746716102466976,22.746716102466976,22.746716102466976,22.746716102466976,22.746716102466976,22.746716102466976,22.746716102466976,22.746716102466976,22.746716102466976,22.746716102466976,22.746716102466976,22.746716102466976,22.746716102466976,22.746716102466976,22.746716102466976,22.746716102466976,22.746716102466976,22.746716102466976,22.743581516869185,22.740276156168683],"sim_r":null,"sim_rsigma":null,"solver":"SARSOP","env_full":"RockSample ()","final_lw":22.51783512869324,"timeout":false,"runtime":2.4084770679473877,"final_ub":22.740276156168683}