{"lbs":[9.07401035776,17.18732180443369,18.02649953332104,18.845536996715094,19.751898587961673,20.636507501018333,20.636507501018333,20.636507501018333,20.636507501018333,20.636507501018333,20.636507501018333,20.636507501018333,20.636507501018333,20.636507501018333,20.636507501018333,20.636507501018333,20.636507501018333,20.636507501018333,20.636507501018333,20.636507501018333,20.636507501018333,20.636507501018333,20.636507501018333,20.636507501018333,20.636507501018333,20.636507501018333,20.636507501018333,20.636507501018333,20.636507501018333,20.636507501018333,20.636507501018333,20.636507501018333,20.636507501018333,20.636507501018333,20.636507501018333,20.636507501018333,20.636507501018333,20.636507501018333,20.636507501018333,20.636507501018333,20.636507501018333,20.636507501018333,20.636507501018333,20.636507501018333,20.636507501018333,20.636507501018333,20.636507501018333,20.636507501018333,20.636507501018333,20.636507501018333,20.636507501018333,20.636507501018333,20.636507501018333,20.636507501018333,20.636507501018333,20.636507501018333,20.636507501018333,20.636507501018333,20.636507501018333,20.636507501018333,20.636507501018333,20.636507501018333,20.636507501018333,20.636507501018333,20.636507501018333,20.636507501018333,20.636507501018333,20.636507501018333,20.636507501018333,20.636507501018333,20.636507501018333,20.636507501018333,20.636507501018333,20.636507501018333,20.636507501018333,20.636507501018333,20.636507501018333,20.636507501018333,20.636507501018333,20.636507501018333,20.636507501018333,20.636507501018333,20.636507501018333,20.636507501018333,20.636507501018333,20.636507501018333,20.636507501018333,20.636507501018333,20.636507501018333,20.636507501018333,20.636507501018333,20.636507501018333,20.636507501018333,20.636507501018333,20.636507501018333,20.636507501018333,20.636507501018333,20.636507501018333,20.636507501018333,20.636507501018333,20.636507501018333,20.636507501018333,20.636507501018333,20.636507501018333,20.636507501018333,20.636507501018333,20.636507501018333,20.636507501018333,20.636507501018333,20.636507501018333,20.636507501018333,20.636507501018333,20.636507501018333,20.636507501018333,20.636507501018333,20.636507501018333,20.636507501018333,20.636507501018333,20.636507501018333,20.636507501018333,20.636507501018333,20.636507501018333,20.636507501018333],"times":[1.2283289432525635,1.2286059856414795,1.2288780212402344,1.2291040420532227,1.2292919158935547,1.2293291091918945,1.2296321392059326,1.229882001876831,1.2300870418548584,1.2304041385650635,1.230715036392212,1.2309260368347168,1.23117995262146,1.2314379215240479,1.2315850257873535,1.2317640781402588,1.231868028640747,1.2321200370788574,1.2322261333465576,1.232583999633789,1.2327990531921387,1.2330739498138428,1.2332501411437988,1.2337050437927246,1.2342889308929443,1.234471082687378,1.2347180843353271,1.2351970672607422,1.2356879711151123,1.2361690998077393,1.2366459369659424,1.237044095993042,1.2374420166015625,1.2376909255981445,1.2381269931793213,1.2383790016174316,1.2389819622039795,1.2395200729370117,1.2397351264953613,1.2403860092163086,1.2406010627746582,1.2410080432891846,1.2414250373840332,1.241650104522705,1.2420399188995361,1.2426531314849854,1.242948055267334,1.2432680130004883,1.2434790134429932,1.2437999248504639,1.2441730499267578,1.2443571090698242,1.244858980178833,1.245110034942627,1.2456810474395752,1.2461719512939453,1.246366024017334,1.2467420101165771,1.2469279766082764,1.2473819255828857,1.247534990310669,1.2478389739990234,1.2482340335845947,1.2486469745635986,1.2490770816802979,1.2491750717163086,1.2492730617523193,1.2498140335083008,1.2503080368041992,1.2505629062652588,1.2509050369262695,1.2517449855804443,1.2518870830535889,1.2520771026611328,1.252357006072998,1.2524900436401367,1.2526271343231201,1.2534711360931396,1.2538530826568604,1.2542619705200195,1.2546501159667969,1.2553620338439941,1.2556030750274658,1.256127119064331,1.2562849521636963,1.2568869590759277,1.2572519779205322,1.2578890323638916,1.258117914199829,1.2586560249328613,1.2590839862823486,1.259587049484253,1.259972095489502,1.2605059146881104,1.2607269287109375,1.2608981132507324,1.2613680362701416,1.261523962020874,1.261686086654663,1.2622389793395996,1.2625370025634766,1.2634060382843018,1.2638931274414062,1.264409065246582,1.2645540237426758,1.2648611068725586,1.2653019428253174,1.2656099796295166,1.265800952911377,1.2668509483337402,1.2670481204986572,1.2671949863433838,1.2673609256744385,1.267888069152832,1.2681910991668701,1.2683660984039307,1.2687981128692627,1.2689530849456787,1.2698719501495361,1.270064115524292,1.2702510356903076,1.2712371349334717,1.271569013595581],"env":"RockSample5","ubs":[21.515923115714628,21.515923115714628,21.515923115714628,21.515923115714628,21.489354413387105,21.489354413387105,21.46770618994867,21.463423359915446,21.463423359915446,21.463423359915446,21.44531330388485,21.43749230644378,21.41218359825544,21.41218359825544,21.41218359825544,21.408621037553413,21.38139900648013,21.26089108263261,21.17474781663671,21.120165824329536,21.100134151374295,21.086188322805015,21.086145940105325,21.086144397803086,21.086144397803086,21.086144397803086,21.08614434167886,21.085421733657313,21.085421733657313,21.085421733657313,21.085421733657313,21.082243224706996,21.08192143085803,21.081906767756152,21.081538211523707,21.075862972282618,21.07501057747009,21.066674604643957,21.057706757828626,21.052167737624636,21.04676165390554,21.046237849871375,21.041482830475175,21.031595552499866,21.031113146592965,21.026020815631924,21.025996947581177,21.025996947581177,21.025996947581177,21.020651572851246,21.015411191897307,21.015411191897307,21.015411191897307,21.015411191897307,21.015411191897307,21.015411191897307,21.015411191897307,21.015411191897307,21.015411191897307,21.015411191897307,21.015411191897307,21.014831984393584,21.014793334542023,21.014726213840802,21.006037401159197,20.999540960937477,20.999540960937477,20.996888581398803,20.996888581398803,20.99537939775056,20.995355529699818,20.980696750342226,20.978202562976605,20.97171093278005,20.966562243008383,20.958445715940577,20.957327280993212,20.949590362339574,20.945144982571705,20.935326687440018,20.92379928779881,20.92379928779881,20.92379928779881,20.92379928779881,20.923671920112874,20.92135182024076,20.92135182024076,20.92135182024076,20.9186334829609,20.911001192635545,20.911001192635545,20.911001192635545,20.911001192635545,20.911001192635545,20.90613588091496,20.899744893606623,20.891892771734838,20.881310994174584,20.878424128440216,20.87761908211856,20.87761908211856,20.87761908211856,20.87761908211856,20.87517479231424,20.873724916406424,20.86992421067138,20.869337024913403,20.867560564385393,20.866562716461658,20.86591149011653,20.86591149011653,20.862518722395436,20.855366543069366,20.855290965838112,20.855290965838112,20.852521623583232,20.850704159653212,20.86268189002618,20.86268189002618,20.846725082997107,20.843476238704067,20.84340508432715,20.84065046829729],"sim_r":null,"sim_rsigma":null,"solver":"EBIB-SARSOP","env_full":"RockSample ()","final_lw":20.636507501018333,"timeout":false,"runtime":1.271569013595581,"final_ub":20.84065046829729}