{"lbs":[9.92023968016,19.74680204323311,20.962199483724042,24.598673487262683],"times":[13.834914922714233,13.835154056549072,13.83542799949646,13.835689067840576],"env":"RockSample5","ubs":[24.687155528598034,24.687155528598034,24.687155528598034,24.687155528598034],"sim_r":null,"sim_rsigma":null,"solver":"BIB-SARSOP","env_full":"RockSample ()","final_lw":24.598673487262683,"timeout":false,"runtime":13.835689067840576,"final_ub":24.687155528598034}