{"lbs":[-20.408163265306104,-5.957437902730362,-3.6838059478774623,-1.6522267179101977,3.840851040561288,6.549457791819158,8.484639901797243,10.536698481984885,12.501055784635756,13.503881550049865,14.603098513028902,15.830413875306672,16.97025963410489,17.051718126366254,17.814695579053527,18.1281826372565,18.38000969646673,18.68709609498096,18.816878082600624,19.035519561944128,19.212205731873727,19.27588906757898,19.450288752714552,19.513630944477367,19.571244111685587,19.62088296508712,19.653242415051782,19.683614323789886,19.716816997493822,19.719386592916095,19.7448440108879,19.764742239786273,19.767241826366025,19.77545011989481,19.779026415276718,19.786992665381135,19.79329713724461,19.79815471613657,19.801887731475237,19.802100400622507,19.806260193296282,19.80809976836933],"times":[0.007239103317260742,0.007618904113769531,0.007725954055786133,0.00785207748413086,0.008662939071655273,0.008790969848632812,0.00893712043762207,0.009105920791625977,0.009301900863647461,0.009454011917114258,0.009618043899536133,0.009833097457885742,0.010184049606323242,0.010221004486083984,0.010478019714355469,0.01060795783996582,0.010751008987426758,0.010915040969848633,0.010983943939208984,0.011122941970825195,0.012283086776733398,0.012404918670654297,0.01270604133605957,0.012883901596069336,0.013116121292114258,0.013303995132446289,0.013426065444946289,0.013588905334472656,0.013852119445800781,0.013958930969238281,0.014204025268554688,0.01453089714050293,0.014621973037719727,0.01474308967590332,0.014800071716308594,0.016309022903442383,0.017024993896484375,0.01785898208618164,0.018665075302124023,0.018783092498779297,0.020882129669189453,0.021765947341918945],"env":"Tiger","ubs":[43.69776534643462,43.69776534643462,36.18172014401024,36.18172014401024,36.09047552335922,33.09341076304992,32.16080886789138,31.377949553303186,30.273089267321474,28.72544112493497,28.493711305668725,28.061717763055796,26.7965668621906,25.55347361200674,25.55347361200674,25.01902129864642,24.47537281221893,24.13112343275786,23.588296830860017,23.565888257409473,23.142906756119945,22.52514899980403,22.49102823597856,21.991585885655503,21.797841387672165,21.475417863459473,21.302035824389954,21.15708383781333,20.92070710142813,20.732899343260193,20.710396254618026,20.606172333722718,20.45310712143999,20.453103843270522,20.390071425533378,20.360636620165046,20.251259554230742,20.171640250115374,20.10613741211555,20.052567566222322,20.052567566222322,20.001984132837897],"sim_r":null,"sim_rsigma":null,"solver":"EBIB-SARSOP","env_full":"Tiger","final_lw":19.80809976836933,"timeout":false,"runtime":0.021765947341918945,"final_ub":20.001984132837897}