{"lbs":[9.37519681536,14.071392116983723,15.946721380291034,17.792045375385428,17.810754480825064,17.83981438152686,17.88681908357003,17.88681908357003,17.889772111143373,17.889772111143373,17.889772111143373,17.889772111143373,17.889772111143373,17.889772111143373,17.889772111143373,17.889772111143373,17.889772111143373,17.889772111143373,17.892677890275536,18.43488938158062,19.3263103072804,19.377511663068415,21.01870692631769,21.03862321307855,21.091793077186622,21.212123512398286,21.250104200950258,21.287477198485398,21.34415472193266,21.399925405004772,21.42730549363194,21.45424750084107,21.45424750084107,21.45424750084107,21.45424750084107,21.45424750084107,21.45424750084107,21.45424750084107,21.45424750084107,21.58225306143788,21.708210533065134,21.708210533065134,21.708210533065134,21.708210533065134,21.708210533065134,21.708210533065134,21.708210533065134,21.708210533065134,21.708210533065134,21.708210533065134,21.708210533065134,21.708210533065134,21.708210533065134,21.708210533065134,21.708210533065134,21.708210533065134,21.708210533065134,21.708210533065134,21.713391145571816,21.71848886827839,21.723586590984958,21.728602750128225,21.728602750128225,21.728602750128225,21.728602750128225,21.728602750128225,21.728602750128225,21.728602750128225,21.728602750128225,21.728602750128225,21.728602750128225,21.728602750128225,21.728602750128225,21.728602750128225,21.728602750128225,21.728602750128225,21.728602750128225,21.728602750128225,21.728602750128225,21.756830135057065,21.784605881827048,21.784605881827048,21.784605881827048,21.784605881827048,21.784605881827048,21.784605881827048,21.784605881827048,21.784605881827048,21.784605881827048,21.784605881827048,21.784605881827048,21.839712963418698,21.839712963418698,21.839712963418698,21.87681878543428,21.913330914297617,21.949843043160946,21.985770977962467],"times":[2.0503220558166504,2.0840301513671875,2.084217071533203,2.084259033203125,2.084390163421631,2.0845019817352295,2.0845561027526855,2.0845980644226074,2.0847690105438232,2.0849339962005615,2.0850701332092285,2.085114002227783,2.085263967514038,2.085433006286621,2.085577964782715,2.0856289863586426,2.085747003555298,2.0858449935913086,2.085932970046997,2.086318016052246,2.086717128753662,2.0868680477142334,2.0870730876922607,2.08746600151062,2.087568998336792,2.0879571437835693,2.0886640548706055,2.088752031326294,2.089531183242798,2.0897061824798584,2.0901551246643066,2.0905539989471436,2.09106707572937,2.09181809425354,2.0922160148620605,2.0930261611938477,2.093325138092041,2.093635082244873,2.094316005706787,2.0947999954223633,2.0949161052703857,2.0959560871124268,2.0963611602783203,2.096687078475952,2.097588062286377,2.0979361534118652,2.098410129547119,2.0995681285858154,2.0999560356140137,2.101149082183838,2.101708173751831,2.1029131412506104,2.103285074234009,2.103656053543091,2.104729175567627,2.105084180831909,2.1057260036468506,2.107009172439575,2.107583999633789,2.1078381538391113,2.1089940071105957,2.1094090938568115,2.1098430156707764,2.111147165298462,2.111682176589966,2.112150192260742,2.1134769916534424,2.1139321327209473,2.114351987838745,2.1147871017456055,2.1164910793304443,2.1167640686035156,2.117063045501709,2.117603063583374,2.1180641651153564,2.119758129119873,2.120577096939087,2.1212880611419678,2.1229591369628906,2.1236519813537598,2.1238250732421875,2.1241061687469482,2.124567985534668,2.126361131668091,2.127124071121216,2.1276180744171143,2.1279280185699463,2.129610061645508,2.1298840045928955,2.130167007446289,2.130465030670166,2.131296157836914,2.133010149002075,2.1337480545043945,2.1346261501312256,2.1360340118408203,2.1366679668426514,2.136850118637085],"env":"RockSample5","ubs":[22.61381138001979,22.61381138001979,22.61381138001979,22.61381138001979,22.61381138001979,22.61381138001979,22.595360992687162,22.58002652655005,22.577205811551856,22.577205811551856,22.577205811551856,22.564336177934653,22.55905063041655,22.55905063041655,22.55905063041655,22.55905063041655,22.539694648021097,22.520944254390376,22.45296417162626,22.375039698713714,22.35952846342505,22.358484932516276,22.346379457634136,22.342238548551386,22.34195996554121,22.330710397939477,22.330710397939477,22.330710397939477,22.330710397939477,22.320546928462303,22.310546074496763,22.309493564417885,22.308457894500265,22.30838881694589,22.30838881694589,22.30838881694589,22.30838881694589,22.308039556588454,22.308039556588454,22.308039556588454,22.307791632432096,22.307136030557018,22.304815909757565,22.302687761942444,22.300008601802823,22.29299521190869,22.29299521190869,22.29299521190869,22.29299521190869,22.292331130124,22.290158303829564,22.28986594653429,22.288916768776403,22.2867071547319,22.28051970646994,22.278300588564846,22.27782614562813,22.276750870319667,22.27670147189862,22.2697975546527,22.25924695726454,22.25924695726454,22.25924695726454,22.25924695726454,22.25924695726454,22.25924695726454,22.25924695726454,22.25924695726454,22.25924695726454,22.25924695726454,22.25924695726454,22.251990397939473,22.251990397939473,22.226566723299754,22.226566723299754,22.226566723299754,22.225459752353753,22.225459752353753,22.225459752353753,22.225459752353753,22.216634721415645,22.21389870251899,22.206861631561676,22.206861631561676,22.206861631561676,22.206861631561676,22.205327522286282,22.198440286843493,22.198440286843493,22.198440286843493,22.198440286843493,22.198389061243486,22.190052052050387,22.190052052050387,22.190052052050387,22.190052052050387,22.190052052050387,22.190052052050387],"sim_r":null,"sim_rsigma":null,"solver":"TIB-SARSOP","env_full":"RockSample ()","final_lw":21.985770977962467,"timeout":false,"runtime":2.136850118637085,"final_ub":22.190052052050387}