{"lbs":[0.010670303797648537,0.27040886412880066,0.39208935252995786,0.39208935252995786,0.40416858713167836,0.41450666735948505,0.4184653066028801,0.42318818834580046],"times":[0.2496318817138672,0.24991297721862793,0.25017595291137695,0.25028300285339355,0.2506568431854248,0.25090694427490234,0.2511169910430908,0.2512929439544678],"env":"FrozenLake4","ubs":[0.42692046290974345,0.42692046290974345,0.42692046290974345,0.42692046290974345,0.42691922263302173,0.42691872227935235,0.426918451604456,0.4269184267110001],"sim_r":null,"sim_rsigma":null,"solver":"EBIB-SARSOP","env_full":"Frozen Lake (4)","final_lw":0.42318818834580046,"timeout":false,"runtime":0.2512929439544678,"final_ub":0.4269184267110001}