{"lbs":[9.56720690641,14.354926808472072,16.38046031537611,18.383712953704205,18.402597829896383,18.44741953240372,18.44741953240372,18.44741953240372,18.510425338737544,18.510425338737544,18.513094592844677,18.513094592844677,18.513094592844677,18.513094592844677,18.51677372751168,18.51677372751168,18.51677372751168,18.51677372751168,18.51677372751168,18.523052284009296,19.161800099076032,21.965749135421596,22.049962422708703,22.156754867850083,22.16865485276655,22.19191710206851,22.19191710206851,22.19191710206851,22.213293008950558,22.23443378085691,22.258110629196015,22.404430935397784,22.64391204073172,22.880758853906993,22.880758853906993,22.880758853906993,22.880758853906993,22.880758853906993,22.880758853906993,22.880758853906993,22.880758853906993,22.880758853906993,22.880758853906993,22.880758853906993,22.880758853906993,22.880758853906993,22.880758853906993],"times":[2.832287073135376,2.866547107696533,2.866791009902954,2.8668360710144043,2.8670120239257812,2.867171049118042,2.8672139644622803,2.867255926132202,2.8673830032348633,2.8674590587615967,2.867671012878418,2.867871046066284,2.868093967437744,2.8682780265808105,2.868544101715088,2.868752956390381,2.868864059448242,2.869040012359619,2.869152069091797,2.8692729473114014,2.869684934616089,2.87021803855896,2.8703389167785645,2.8703930377960205,2.8710291385650635,2.8713459968566895,2.8720180988311768,2.872436046600342,2.8729820251464844,2.873152017593384,2.8733789920806885,2.8744540214538574,2.8752920627593994,2.875817060470581,2.8762221336364746,2.876690149307251,2.8775439262390137,2.8779101371765137,2.8782730102539062,2.879142999649048,2.8794240951538086,2.8797099590301514,2.880007028579712,2.8809211254119873,2.8811280727386475,2.8815560340881348,2.8818860054016113],"env":"RockSample5","ubs":[23.331436603052076,23.331436603052076,23.331436603052076,23.331436603052076,23.331436603052076,23.331436603052076,23.331436603052076,23.331436603052076,23.331436603052072,23.331436603052072,23.305559304328774,23.305559304328774,23.305559304328774,23.292692211097332,23.292692211097332,23.292692211097332,23.29269221109733,23.279291106418068,23.266136196921757,23.21015022957835,23.162102155086355,23.152227061376422,23.15155933066702,23.141322576189598,23.1406303908261,23.13707343659666,23.13683292368198,23.136360839442684,23.136328918212037,23.136326759773176,23.1361286701191,23.115790654650176,23.115790654650176,23.115790654650176,23.115790654650176,23.114752328871596,23.114752328871596,23.114752328871596,23.11471794452064,23.114241298930715,23.11270898612416,23.11270898612416,23.11270898612416,23.111945212747642,23.111945212747642,23.11076710710784,23.1088465887607],"sim_r":null,"sim_rsigma":null,"solver":"SARSOP","env_full":"RockSample ()","final_lw":22.880758853906993,"timeout":false,"runtime":2.8818860054016113,"final_ub":23.1088465887607}