{"lbs":[9.92023968016,14.88049880159888,17.195842340436577,19.5065551921966,19.568080012441186,19.629481783045286,19.67805759744427,22.06767714356182,22.06767714356182,23.33444208034904,24.598673487262683],"times":[22.3315110206604,22.36560082435608,22.36580181121826,22.365844011306763,22.366009950637817,22.366060972213745,22.36621904373169,22.36658501625061,22.3666410446167,22.36700987815857,22.36706781387329],"env":"RockSample5","ubs":[24.687155528598037,24.687155528598037,24.687155528598037,24.687155528598037,24.687155528598037,24.687155528598034,24.687155528598034,24.684680428797837,24.68254522696587,24.682210279197236,24.682210279197236],"sim_r":null,"sim_rsigma":null,"solver":"TIB-SARSOP","env_full":"RockSample ()","final_lw":24.598673487262683,"timeout":false,"runtime":22.36706781387329,"final_ub":24.682210279197236}