{"lbs":[-22.222222222222204,-19.613830722222204,-15.584984473274247,-12.34424309669068,-9.23552541930634,-5.6759923063128275,-2.9545869022386695,-1.0191470311201551,1.0461429532996769,3.2259441031972296,4.8052489262734035,5.5012875405267065,7.363520386692467,8.638105755066514,10.155563545869954,11.08988642725297,11.315693807344477,12.045237421322376,12.264974722895463,12.974906989282943,13.70616318950007,14.341330516615187,14.94354708972418,15.488892714347651,15.99465169779923,16.457899440825038,16.934625121619792,17.39706718539043,17.803677694550487,18.25379161004896,18.54128328248445,18.7988220170832,19.0390303693246,19.2583997953598,19.52255862486642,19.72369032661505,19.92120265091869,20.032607304047232,20.206786165876203,20.26100549200053,20.342913217072443,20.48130154222938,20.52847620186484,20.61468452691623,20.737038153659242,20.764676439374192,20.84351320094335,20.925468959814246,21.021096994356263,21.099042033254044,21.168776458077843,21.23180478617622,21.27588495735091,21.316512374606233,21.366162249447576,21.40951623140937,21.447600262016188,21.482016329249326,21.5127805379977,21.54044595117646,21.559854230000216,21.5820213262878,21.585235133068757,21.600728601220727,21.619432392735874,21.63600839708426,21.651075252577954,21.66451968127034,21.674011035090626,21.684796759972812,21.686361218682443,21.693915622246102,21.703027353776328,21.711104274421523,21.71844497273763,21.724995599710653,21.730892361448333,21.736176484190725,21.740922592802207,21.745180410497987,21.749002495084035,21.75243237099035],"times":[0.008973121643066406,0.03724813461303711,0.03728508949279785,0.037342071533203125,0.03737998008728027,0.03797197341918945,0.038073062896728516,0.038143157958984375,0.03821897506713867,0.039134979248046875,0.03928112983703613,0.03934001922607422,0.03942298889160156,0.03953099250793457,0.04074907302856445,0.040817975997924805,0.040862083435058594,0.04095816612243652,0.04100513458251953,0.04119515419006348,0.041398048400878906,0.041500091552734375,0.04162001609802246,0.04174613952636719,0.04187798500061035,0.04200005531311035,0.04211115837097168,0.04224205017089844,0.04233813285827637,0.04381108283996582,0.0439610481262207,0.04410910606384277,0.044274091720581055,0.04443216323852539,0.044569969177246094,0.04467606544494629,0.044825077056884766,0.044927120208740234,0.04506206512451172,0.046952009201049805,0.04893302917480469,0.04915213584899902,0.05009603500366211,0.05024909973144531,0.05043506622314453,0.05138111114501953,0.05164003372192383,0.05179905891418457,0.05410003662109375,0.056481122970581055,0.05766606330871582,0.05879712104797363,0.058953046798706055,0.05910515785217285,0.060240983963012695,0.061331987380981445,0.06248211860656738,0.06357407569885254,0.06473112106323242,0.06581997871398926,0.06598114967346191,0.06628918647766113,0.0674581527709961,0.06859016418457031,0.06969499588012695,0.07086396217346191,0.07196807861328125,0.07312917709350586,0.07325196266174316,0.07344198226928711,0.07623505592346191,0.07750606536865234,0.07873702049255371,0.07986307144165039,0.08103013038635254,0.08215498924255371,0.08333110809326172,0.08445215225219727,0.0856161117553711,0.08674001693725586,0.08791708946228027,0.08903217315673828],"env":"Tiger","ubs":[47.701283632313185,47.701283632313185,42.87901374642692,41.744590259634094,40.930759108041975,40.70420984862891,38.09508424364823,37.90600802036297,37.884021634438895,37.43401832501097,36.17131711551922,35.97248626845178,35.00549337884902,34.56713515993991,34.2806565981827,33.23577323329055,32.258439082260665,32.258439082260665,32.1447915519263,32.11395998653482,32.01434353181382,31.71070689332204,31.53697645061052,31.20155279855322,30.916693368802633,30.773011464555214,30.46902943781018,30.152516754835084,29.3290616755513,29.28508210004488,28.235174752757217,28.165736957855028,28.15766250973083,28.07365642976052,27.91834174122772,27.493180032714093,27.203313416113986,26.878729934546186,26.77688992119124,26.73527134558728,26.331156435683443,25.921980719925905,25.921980719925905,25.593831420282775,25.593831420282775,25.351873293989627,25.09579832195068,24.905531250197264,24.72459076447152,24.501527385309217,24.218658131083114,23.995692498998956,23.780645124477054,23.730718985698868,23.690518536940672,23.506234632503748,23.34264671227586,23.19340594051033,23.058918513106885,22.937056140588243,22.826906536478603,22.826906536478603,22.73812436932274,22.670687157247055,22.59629599067683,22.514431131083562,22.44629228337454,22.382254994027967,22.32530249214581,22.32530249214581,22.28375947164384,22.25709050845633,22.219518162630905,22.17468066100379,22.138525389158495,22.104032816190575,22.073556991550625,22.04569481938338,22.020610800741878,21.997871852499046,21.97732238244057,21.95872579501618],"sim_r":null,"sim_rsigma":null,"solver":"ETIB-SARSOP","env_full":"Tiger","final_lw":21.75243237099035,"timeout":false,"runtime":0.08903217315673828,"final_ub":21.95872579501618}