{"lbs":[-22.222222222222204,-7.408169520108192,-5.03248657410785,-2.900579812776531,2.0769757460100187,5.994222436441961,8.59239365095593,9.946897972264996,11.311622213813934,14.103021975866628,15.485517766310345,16.363351337659928,17.118419679088625,18.347498862407807,18.859041234425447,19.276567756424498,19.715504829026894,20.08522409822801,20.35200182480702,20.465189617403933,20.76283384188199,20.90139656602853,20.962464578417848,21.155029903017777,21.240431970240216,21.338179887489467,21.39507579965032,21.47716231052739,21.502288499752012,21.581727590320437,21.589452559833234,21.617512708073676,21.633284092677783,21.640234931125374,21.67328735847282,21.68177356450257,21.697322116613677,21.710435232550275,21.720189682427502,21.723272683569817,21.72893046507446,21.7314239890229,21.736375225212708,21.73855735720271,21.742800166164354,21.753445586991084,21.75926825277586,21.765619520183414,21.770155312857806,21.771401832357533,21.774457961307267,21.775642882256772,21.777567647480318,21.778567798690357,21.7793930332215,21.779975720951935,21.780232525816018,21.78063473219565,21.780811994473986,21.78104163976218,21.781254235238784,21.781347931312382,21.781555199903575,21.78166925167747],"times":[0.005911111831665039,0.006005048751831055,0.006070137023925781,0.006139993667602539,0.0062410831451416016,0.006905078887939453,0.0070531368255615234,0.007208108901977539,0.0073511600494384766,0.007537126541137695,0.007714986801147461,0.007877111434936523,0.008048057556152344,0.008265018463134766,0.008418083190917969,0.008587121963500977,0.008744955062866211,0.008953094482421875,0.009098052978515625,0.009176015853881836,0.009435176849365234,0.009629964828491211,0.009736061096191406,0.009966135025024414,0.010171175003051758,0.010333061218261719,0.010444164276123047,0.010626077651977539,0.010755062103271484,0.010975122451782227,0.011099100112915039,0.011337041854858398,0.011497020721435547,0.011633157730102539,0.011845111846923828,0.011953115463256836,0.012068986892700195,0.01217508316040039,0.012288093566894531,0.01236414909362793,0.012473106384277344,0.01256418228149414,0.012647151947021484,0.012701988220214844,0.012797117233276367,0.01298213005065918,0.013144969940185547,0.013453960418701172,0.013756036758422852,0.013955116271972656,0.014223098754882812,0.014350175857543945,0.014594078063964844,0.014806032180786133,0.016371965408325195,0.016546010971069336,0.016711950302124023,0.016957998275756836,0.017084121704101562,0.01722407341003418,0.017353057861328125,0.017416000366210938,0.017615079879760742,0.017709016799926758],"env":"Tiger","ubs":[57.069566424386466,57.069566424386466,49.85211813409424,48.81139188575434,47.723239822398064,45.324403311586266,41.2854042217442,40.483800314494545,40.3905872570471,40.03082216924085,37.671073171416175,35.362055701858836,34.57797617345523,34.34885981804324,33.32972649557691,32.23548220354517,31.564875111706492,30.832732294812722,29.579580658499324,28.93928397283037,28.83225402256174,28.270318535379296,27.78242614169745,27.62880987893074,26.95181725681832,26.43835143190852,26.015414681806632,25.725561691008394,25.313360014024923,25.276400583756892,24.789571861901877,24.69853082894018,24.508225623743527,24.40710571928944,24.327686044963073,24.054302781123084,23.99719253536759,23.92554406631585,23.723955613256603,23.64289252308106,23.546186348157875,23.515091825572554,23.428677515123077,23.38523603201817,23.34197179784151,23.302164239551615,23.08057670102385,22.92835761702503,22.739628968868026,22.587452808233945,22.514265739841473,22.393495241404935,22.358197904183783,22.268723374374172,22.214591452257352,22.128835646109447,22.100343959761545,22.078966223135275,22.048707307463577,22.039869106873795,22.02936374497699,22.01448015617777,22.013253164832555,21.98881619928119],"sim_r":null,"sim_rsigma":null,"solver":"BIB-SARSOP","env_full":"Tiger","final_lw":21.78166925167747,"timeout":false,"runtime":0.017709016799926758,"final_ub":21.98881619928119}