{"lbs":[9.64483090561,18.888434782648233,19.988804851983357,23.250390867468276,23.250390867468276,23.250390867468276,23.250390867468276,23.250390867468276,23.250390867468276,23.250390867468276,23.250390867468276,23.250390867468276,23.250390867468276,23.250390867468276,23.250390867468276,23.250390867468276,23.250390867468276],"times":[3.3370680809020996,3.3373398780822754,3.337631940841675,3.337904930114746,3.338088035583496,3.3383500576019287,3.338550090789795,3.338737964630127,3.33896803855896,3.3391430377960205,3.339432954788208,3.3396670818328857,3.339763879776001,3.339900016784668,3.3401660919189453,3.340269088745117,3.3405909538269043],"env":"RockSample5","ubs":[23.625487201000233,23.625487201000233,23.625487201000233,23.625487201000233,23.614734420144345,23.605633038403504,23.604078414316156,23.604078414316156,23.604078414316156,23.604078414316156,23.59641237586937,23.593422408487967,23.58241824485824,23.571567810089427,23.51987411458717,23.48438844702615,23.46223681920511],"sim_r":null,"sim_rsigma":null,"solver":"EBIB-SARSOP","env_full":"RockSample ()","final_lw":23.250390867468276,"timeout":false,"runtime":3.3405909538269043,"final_ub":23.46223681920511}