{"lbs":[9.880538920810002,19.621545684999155,22.014733269435304,24.40074129111815],"times":[9.199213981628418,9.209336996078491,9.209662199020386,9.209711074829102],"env":"RockSample5","ubs":[24.532339332120436,24.532339332120436,24.532339332120436,24.532339332120436],"sim_r":null,"sim_rsigma":null,"solver":"EBIB-SARSOP","env_full":"RockSample ()","final_lw":24.40074129111815,"timeout":false,"runtime":9.209711074829102,"final_ub":24.532339332120436}