{"lbs":[9.337144315209999,14.015396352525691,15.861575388087504,17.676369380044765,17.704753303318082,17.704753303318082,17.704753303318082,17.704753303318082,17.73265469989575,17.73265469989575,17.73265469989575,17.73265469989575,19.371052432356773,20.981597403365953,20.981597403365953,20.981597403365953,21.0550817805943,21.0550817805943,21.0550817805943,21.127316923409758,21.127316923409758,21.127316923409758,21.127316923409758,21.127316923409758,21.127316923409758,21.127316923409758,21.127316923409758,21.127316923409758,21.127316923409758,21.127316923409758,21.127316923409758,21.189444716698546,21.250516337501423,21.250516337501423,21.250516337501423,21.250516337501423,21.250516337501423,21.431878154264428,21.610156820142468,21.610156820142468,21.610156820142468,21.610156820142468,21.610156820142468,21.610156820142468,21.610156820142468,21.610156820142468,21.610156820142468,21.610156820142468,21.610156820142468,21.610156820142468,21.610156820142468,21.610156820142468,21.610156820142468,21.610156820142468,21.610156820142468,21.610156820142468,21.610156820142468,21.610156820142468,21.610156820142468,21.610156820142468,21.610156820142468,21.610156820142468,21.610156820142468,21.66139604943128,21.711764211822178,21.711764211822178,21.711764211822178,21.711764211822178,21.711764211822178,21.711764211822178,21.762132374213078,21.81164427784333,21.81164427784333,21.81164427784333,21.81164427784333,21.81164427784333,21.81164427784333,21.81164427784333,21.81164427784333,21.81164427784333,21.81164427784333,21.81164427784333,21.81164427784333,21.81164427784333,21.81164427784333,21.81164427784333,21.81164427784333,21.81164427784333,21.81164427784333,21.81164427784333,21.81164427784333,21.81164427784333,21.81164427784333,21.81164427784333,21.81164427784333,21.81164427784333,21.81164427784333,21.81164427784333,21.81164427784333,21.81164427784333,21.81164427784333,21.81164427784333,21.81164427784333,21.81164427784333,21.81164427784333,21.81164427784333,21.81164427784333,21.81164427784333,21.81164427784333,21.81164427784333,21.81164427784333,21.81164427784333,21.81164427784333,21.81164427784333,21.81164427784333],"times":[1.7982420921325684,1.8327441215515137,1.8329951763153076,1.8330471515655518,1.833225965499878,1.8333861827850342,1.8334271907806396,1.833489179611206,1.8335630893707275,1.8337371349334717,1.833899974822998,1.8340401649475098,1.834355115890503,1.8344111442565918,1.8346071243286133,1.8348660469055176,1.8352580070495605,1.8353750705718994,1.8354930877685547,1.8356261253356934,1.8357491493225098,1.8358440399169922,1.836014986038208,1.8363101482391357,1.8367030620574951,1.8368661403656006,1.8370931148529053,1.8371751308441162,1.837813138961792,1.8381199836730957,1.8387739658355713,1.839487075805664,1.8395941257476807,1.8399481773376465,1.8405351638793945,1.8409411907196045,1.8414771556854248,1.84228515625,1.8423991203308105,1.842872142791748,1.8434991836547852,1.8438291549682617,1.8446300029754639,1.845116138458252,1.8458549976348877,1.8463051319122314,1.847053050994873,1.8473820686340332,1.8477661609649658,1.848371982574463,1.8486261367797852,1.849107027053833,1.849809169769287,1.8500230312347412,1.8509190082550049,1.8510949611663818,1.8517391681671143,1.8527710437774658,1.8532111644744873,1.8535921573638916,1.8541591167449951,1.8548259735107422,1.8554601669311523,1.8562901020050049,1.8567759990692139,1.8571879863739014,1.857867956161499,1.8587040901184082,1.8591251373291016,1.8595471382141113,1.8605430126190186,1.8606750965118408,1.861241102218628,1.8622021675109863,1.8626141548156738,1.8630070686340332,1.8639180660247803,1.8642830848693848,1.8645870685577393,1.864936113357544,1.8657090663909912,1.8660500049591064,1.8662910461425781,1.866530179977417,1.8673300743103027,1.8675050735473633,1.8677351474761963,1.8680269718170166,1.8689789772033691,1.8691630363464355,1.869373083114624,1.8695909976959229,1.8707270622253418,1.8711161613464355,1.8714289665222168,1.8723690509796143,1.872873067855835,1.8731861114501953,1.8739759922027588,1.8742961883544922,1.8745391368865967,1.874711036682129,1.8749241828918457,1.876033067703247,1.8762640953063965,1.876465082168579,1.8771741390228271,1.878359079360962,1.878829002380371,1.8792080879211426,1.8802611827850342,1.8806991577148438,1.880932092666626,1.8820500373840332,1.8824701309204102],"env":"RockSample5","ubs":[22.473233948112174,22.473233948112174,22.473233948112174,22.473233948112174,22.473233948112174,22.473233948112174,22.473233948112174,22.473233948112174,22.45372982078074,22.43455726361394,22.43455726361394,22.43455726361394,22.415384706447142,22.415384706447142,22.396538082752173,22.396538082752173,22.396538082752173,22.394841033169147,22.374999601499326,22.28340639209941,22.2211479388611,22.20749112125639,22.206573281511123,22.191465865105425,22.18591364511321,22.185540494623048,22.172197940187736,22.162354043667236,22.152677493387586,22.152677493387586,22.152677493387586,22.152677493387586,22.15267581959563,22.15267417425814,22.151926477629083,22.151919144540884,22.151919144540884,22.151919144540884,22.148896619003384,22.145183282187958,22.142888710544664,22.142888710544664,22.14091777938642,22.140016323509435,22.13427616988305,22.134036616802874,22.131959192634216,22.130788015715538,22.128320262762205,22.121815810382188,22.121660511292486,22.121310175367345,22.12131017536734,22.120262345059942,22.120125335547876,22.120046310899383,22.119765657688905,22.1183248002692,22.117440593509357,22.117440593509357,22.112703750791994,22.10374659621483,22.101530428353286,22.101530428353286,22.101530428353286,22.09935193534539,22.09935193534539,22.099351935345386,22.099351935345386,22.099351935345386,22.099351935345386,22.099351935345386,22.099351935345382,22.099351935345382,22.099351935345382,22.099351935345382,22.099351935345382,22.099351935345382,22.099351935345382,22.099351935345382,22.099351935345382,22.099351935345382,22.099351935345382,22.098679588775127,22.09860195299934,22.09752519324725,22.097452826981176,22.08870102697263,22.07823118404221,22.078097970792886,22.078097970792886,22.076595576371524,22.07035586132281,22.062614419089645,22.062614419089645,22.062614419089645,22.062614419089645,22.062614419089645,22.062614419089645,22.062614419089645,22.062614419089645,22.062614419089645,22.050063669230006,22.047928243103907,22.043739451213867,22.034105664182853,22.03349173210993,22.03349173210993,22.03349173210993,22.03349173210993,22.03349173210993,22.03349173210993,22.032485934213106,22.03024362255113,22.026773731235785],"sim_r":null,"sim_rsigma":null,"solver":"SARSOP","env_full":"RockSample ()","final_lw":21.81164427784333,"timeout":false,"runtime":1.8824701309204102,"final_ub":22.026773731235785}