{"lbs":[-24.390243902439003,-9.276827641969017,-6.793885421019533,-4.54782528255597,2.8551366059432057,5.86196925489929,8.128406235621677,11.148035219914778,13.09426932563422,14.132575784679744,16.465865286963066,17.69265266292436,18.764524782972554,19.731108326080125,20.471076347683507,20.997501615343936,21.563150421506794,21.97142910776426,22.17477976072952,22.659950328350035,22.734459813620813,23.16558706110925,23.38456738937643,23.569166247169747,23.636549703830518,23.730732143973583,23.78025210054971,23.86682212568502,23.909690932835815,23.94751277101107,24.005483907909696,24.016687924039747,24.04477062568931,24.062083806329923,24.076338158214966,24.08780080394604,24.08857500161018,24.100411187756194,24.106956921766887,24.112350990153992,24.112687824834694,24.119598405800012,24.12317283633076,24.124744880281327],"times":[0.008543014526367188,0.008854150772094727,0.008954048156738281,0.009078025817871094,0.009979009628295898,0.010148048400878906,0.010339021682739258,0.01055598258972168,0.01070404052734375,0.01085805892944336,0.011101961135864258,0.011350154876708984,0.011580944061279297,0.011785030364990234,0.012026071548461914,0.01217794418334961,0.012456178665161133,0.012643098831176758,0.012727022171020508,0.013024091720581055,0.013108968734741211,0.01345205307006836,0.013641119003295898,0.013918161392211914,0.014091968536376953,0.014400005340576172,0.014562129974365234,0.014837026596069336,0.015089035034179688,0.015247106552124023,0.017017126083374023,0.017095088958740234,0.01740407943725586,0.019418001174926758,0.02043294906616211,0.0214231014251709,0.021531105041503906,0.023962974548339844,0.0264589786529541,0.0277249813079834,0.02781510353088379,0.028248071670532227,0.030972957611083984,0.03121805191040039],"env":"Tiger","ubs":[52.49151894512047,52.49151894512047,44.738946382234644,44.73894638223463,44.726346515995324,41.683795751439895,40.56001656277121,39.65140360950108,38.195192807699414,36.96935594702434,36.72099122416313,35.224076801209605,34.07862578550476,33.069438822071476,32.189066772577476,31.383448214167558,30.78334318253507,30.057668798849875,29.41930596040723,29.336539303999565,28.742488479246028,28.698435797667884,27.991000958333967,27.506916758804678,27.132808390432064,26.888124590277897,26.643321892252438,26.492271116598243,26.242349827969115,25.96588993068949,25.784466913582285,25.38994818656907,25.38994818656907,25.164612857840993,24.989535352944166,24.856564951560905,24.744087718937884,24.744087718937884,24.6077338221329,24.533785334098788,24.4715059357749,24.4715059357749,24.422953316860443,24.359309487100596],"sim_r":null,"sim_rsigma":null,"solver":"EBIB-SARSOP","env_full":"Tiger","final_lw":24.124744880281327,"timeout":false,"runtime":0.03121805191040039,"final_ub":24.359309487100596}