{"lbs":[0.013750948331100285,0.30231570470942504,0.4388082099575463,0.46652625234776973,0.49686999448056196,0.5043762401299315,0.5118803911122275,0.5158667481310256],"times":[0.3123738765716553,0.3126718997955322,0.3128669261932373,0.3138909339904785,0.3140530586242676,0.31775403022766113,0.31804990768432617,0.31844186782836914],"env":"FrozenLake4","ubs":[0.5201181028102683,0.5201181028102683,0.520116959289299,0.5201165482881865,0.520116509137207,0.5201163136791398,0.5201161083507507,0.5201157915839894],"sim_r":null,"sim_rsigma":null,"solver":"EBIB-SARSOP","env_full":"Frozen Lake (4)","final_lw":0.5158667481310256,"timeout":false,"runtime":0.31844186782836914,"final_ub":0.5201157915839894}