{"lbs":[0.011757495264079425,0.2888082887098219,0.40417790011772525,0.42814856116028965,0.4651782676762779,0.47253132908522827,0.4757547419831601],"times":[0.19562697410583496,0.19591999053955078,0.19609808921813965,0.19644594192504883,0.1972360610961914,0.1975231170654297,0.19780707359313965],"env":"FrozenLake4","ubs":[0.4796727590198395,0.4796727590198395,0.4796711095243744,0.4796705102990126,0.47967045403408815,0.47967024201742015,0.4796699290535288],"sim_r":null,"sim_rsigma":null,"solver":"BIB-SARSOP","env_full":"Frozen Lake (4)","final_lw":0.4757547419831601,"timeout":false,"runtime":0.19780707359313965,"final_ub":0.4796699290535288}