{"lbs":[0.013613498031447832,0.34968822024199103,0.4524240215497152,0.4731876840836998,0.4731876840836998,0.4878538125337316,0.49050732565430166,0.4908792888095237,0.500498324980432,0.5023225981673233,0.5027818172262023,0.5027818172262023,0.505221716897424,0.5098542599812359,0.5107047508303523,0.5107047508303523,0.5108245866721642,0.5108396846787743,0.51084147224529,0.5110694687229852,0.5111127972154818,0.5111169161302996,0.5111193662228974,0.5125724139379773,0.513158838910945,0.5138215389512348],"times":[0.21611404418945312,0.2467179298400879,0.2470550537109375,0.2472379207611084,0.24731802940368652,0.24826598167419434,0.24844813346862793,0.24872303009033203,0.24909090995788574,0.24935007095336914,0.2499251365661621,0.24997806549072266,0.2504451274871826,0.250777006149292,0.2509620189666748,0.251007080078125,0.2513620853424072,0.2514810562133789,0.2516019344329834,0.2521181106567383,0.25230908393859863,0.2528510093688965,0.2530539035797119,0.2537651062011719,0.25487303733825684,0.2551250457763672],"env":"FrozenLake4","ubs":[0.5598938272295051,0.5598938272295051,0.5519359775872966,0.5373810850660017,0.5368487790709648,0.5365052837128552,0.5361464815487674,0.5322494029555176,0.5286313279696764,0.5276913058420124,0.527000925917751,0.5258467811708044,0.5227277616370757,0.5223215086715995,0.522282889249069,0.5222494029555176,0.5219004407930667,0.5286313281476134,0.5219004407930667,0.5219004407930667,0.5202182479517757,0.5198416161524121,0.5191531353765658,0.5189703508796619,0.518307964411628,0.5182449962980106],"sim_r":null,"sim_rsigma":null,"solver":"SARSOP","env_full":"Frozen Lake (4)","final_lw":0.5138215389512348,"timeout":false,"runtime":0.2551250457763672,"final_ub":0.5182449962980106}