{"lbs":[0.01575207734665665,0.3702134152114279,0.485144121139737,0.485144121139737,0.5098604815157887,0.5360559751736688,0.5408274419578385,0.541504092606718,0.5461445391944892,0.547031017987044,0.547031017987044,0.5491906344246943,0.5491906344246943,0.5504371632762454,0.5536691435368118,0.5540809341969585,0.5544166377875557,0.5544872089722138,0.5544949453859366,0.5544956914268793,0.5544957633693979,0.5544957703069876,0.5558843042362789],"times":[0.28626394271850586,0.31660914421081543,0.3169999122619629,0.31708312034606934,0.31891298294067383,0.3193809986114502,0.3198869228363037,0.3200209140777588,0.32051801681518555,0.32061195373535156,0.3207831382751465,0.3215649127960205,0.3216240406036377,0.3221890926361084,0.3230011463165283,0.32332301139831543,0.3239619731903076,0.3242790699005127,0.32512402534484863,0.32534313201904297,0.32545900344848633,0.3261590003967285,0.32644009590148926],"env":"FrozenLake4","ubs":[0.601418680295384,0.601418680295384,0.5970726882120001,0.5859062853772025,0.583543639859327,0.5807731440500672,0.5799633294991268,0.5766821398241836,0.5736298726584548,0.5736298726584548,0.5727761974137829,0.572203067309909,0.5699633294991268,0.5667077891536983,0.5661778662924274,0.5658329488531185,0.5657996876366442,0.5655402877205268,0.5631752057238838,0.5619594909719366,0.5618422566806911,0.5618309514966239,0.56138786197889],"sim_r":null,"sim_rsigma":null,"solver":"SARSOP","env_full":"Frozen Lake (4)","final_lw":0.5558843042362789,"timeout":false,"runtime":0.32644009590148926,"final_ub":0.56138786197889}