{"lbs":[9.762151372959998,14.64446772932807,16.827841123832734,18.99811427797037,19.026677791962165,19.055069924870015,19.13126446071631,19.16562342528657,19.17947884436113,19.193251130921247,19.193251130921247,19.193251130921247,19.193251130921247,20.30103295919949,21.402168096508067,21.47191736393399,21.54124813575536,22.68288840210935,23.81767882686522],"times":[5.092092037200928,5.125555992126465,5.125809907913208,5.125891923904419,5.126039981842041,5.126102924346924,5.12627100944519,5.126317977905273,5.126540899276733,5.126756906509399,5.126932859420776,5.127171993255615,5.1273908615112305,5.1278159618377686,5.127878904342651,5.1283118724823,5.128381013870239,5.128947019577026,5.129020929336548],"env":"RockSample5","ubs":[24.07423080642659,24.07423080642659,24.07423080642659,24.074230806426588,24.074230806426588,24.074230806426588,24.074230806426588,24.073696717682715,24.073165833471307,24.066422238366638,24.059719104832595,24.059188220621188,24.059188220621188,24.059188220621188,24.05248508708715,24.04529447344817,24.04529447344817,24.04529447344817,24.04529447344817],"sim_r":null,"sim_rsigma":null,"solver":"SARSOP","env_full":"RockSample ()","final_lw":23.81767882686522,"timeout":false,"runtime":5.129020929336548,"final_ub":24.04529447344817}