{"lbs":[0.015916780060162086,0.36442145940852944,0.4958532375841268,0.524044185071522,0.5420425583246687,0.5495515386985639,0.5551746804250488,0.558997029497547],"times":[1.1653590202331543,1.1656770706176758,1.1663410663604736,1.169395923614502,1.1696979999542236,1.1770880222320557,1.1773779392242432,1.1781558990478516],"env":"FrozenLake4","ubs":[0.5639223414356451,0.5639223414356451,0.5639223414356451,0.5639218056329985,0.5639217426120531,0.5639214991503316,0.5639214645084655,0.563767857930703],"sim_r":null,"sim_rsigma":null,"solver":"EBIB-SARSOP","env_full":"Frozen Lake (4)","final_lw":0.558997029497547,"timeout":false,"runtime":1.1781558990478516,"final_ub":0.563767857930703}