{"lbs":[9.880538920810002,14.821120958091504,17.102987362374627,19.378008167444904,19.472796762543865,19.567300991857532,20.65831284526908,21.746051663120397,21.746051663120397,21.746051663120397,21.780135046958332,21.81411618064475,21.862933715742393,21.862933715742393,21.91160479823474,21.91160479823474,21.91160479823474,22.924440170662876,23.934237036973734,23.934237036973734,23.934237036973734,23.934237036973734,23.934237036973734,23.946316892405967,24.40074129111815],"times":[11.862836837768555,11.897645950317383,11.897871017456055,11.897922039031982,11.898059844970703,11.898108959197998,11.898319959640503,11.898366928100586,11.89843487739563,11.89862585067749,11.899034023284912,11.899090051651001,11.899422883987427,11.899482011795044,11.89954686164856,11.899797916412354,11.899932861328125,11.900471925735474,11.900544881820679,11.90067982673645,11.900935888290405,11.901067972183228,11.901145935058594,11.901553869247437,11.902318000793457],"env":"RockSample5","ubs":[24.532339332120436,24.532339332120436,24.532339332120436,24.532339332120436,24.532339332120436,24.532339332120436,24.532339332120436,24.528645245631417,24.525467247327235,24.52496224140187,24.524962241401866,24.524962241401866,24.524962241401866,24.522275716358582,24.521279237172315,24.517607281955456,24.517607281955456,24.517607281955453,24.517607281955453,24.51760728195545,24.517560787540685,24.51385558544538,24.493658725568224,24.483322557637432,24.482841438080435],"sim_r":null,"sim_rsigma":null,"solver":"ETIB-SARSOP","env_full":"RockSample ()","final_lw":24.40074129111815,"timeout":false,"runtime":11.902318000793457,"final_ub":24.482841438080435}