{"lbs":[-29.411764705882327,-26.74293854588233,-22.283786328024526,-19.124895768750633,-15.584162450877542,-11.761154609013914,-9.174860217648927,-6.350055278177619,-4.05188578419409,-2.0539312410114765,0.4581069941338276,2.393426479507932,3.9732132627191317,5.922062399185132,7.9876198503163875,8.177166566549044,9.411211534379941,10.685190160109265,11.815482279225861,12.101536137300984,13.038933163723058,14.109320341732637,15.02237944178485,15.924370636681044,16.74978214514752,17.62879810865431,18.403902828688054,19.04097722481379,19.82055844292418,20.441898760562943,21.27131208323302,21.774855704308667,22.36880082007804,22.751201768028054,23.195204493177236,23.615732966092516,24.055663228195833,24.340862368763567,24.74190191276755,24.88191099380912,25.12965633396273,25.419690416110686,25.664250759931235,26.00189795347673,26.238428646651826,26.470772249837573,26.731286260306057,26.95638645235249,27.1166800868005,27.254382513979266,27.422471510711347,27.58988228210896,27.753681074672286,27.86177990070258,27.956875843114958,28.074879451195706,28.19584501250379,28.289715472991347,28.37738259422656,28.4466448870532,28.54286059717989,28.62023938338954,28.686298850356213,28.74071088247293,28.809115489616552,28.87045530223351,28.925861992331633,28.96608733128975,29.000486248408453,29.04234048546534,29.08532975632473,29.11734779318811,29.14230963473618,29.178388079144973,29.208991246087695,29.232735467114683,29.282356935077004,29.300599631608765,29.321390374102975,29.336795767272697,29.356624639100772,29.37365691385218,29.386748482041632,29.40399732522265,29.41696533044238,29.42961554636484,29.441431888040512,29.452300283625405,29.462332988106663,29.469534190658695,29.47622222818387,29.484992567444714,29.49213972505546,29.497842399795346,29.507517736307577,29.517934202789156,29.52174442809089,29.52666988563416,29.53069733792119,29.534663276716685,29.538201848968995,29.541517723284258,29.54386948885505,29.549104285717952,29.55100664114562,29.55347176320155,29.55548629151007],"times":[0.009909868240356445,0.03848981857299805,0.039671897888183594,0.03986787796020508,0.04144883155822754,0.0434880256652832,0.043649911880493164,0.043807029724121094,0.04396796226501465,0.04414081573486328,0.045176029205322266,0.04534482955932617,0.04548788070678711,0.0456538200378418,0.048175811767578125,0.04824399948120117,0.048564910888671875,0.048767805099487305,0.04916882514953613,0.04925394058227539,0.04965782165527344,0.04989480972290039,0.05008697509765625,0.05034494400024414,0.05059194564819336,0.050740957260131836,0.05100297927856445,0.054231882095336914,0.0544438362121582,0.05466103553771973,0.0583188533782959,0.05850791931152344,0.058856964111328125,0.05915498733520508,0.0594630241394043,0.05974602699279785,0.05998992919921875,0.0601959228515625,0.06040787696838379,0.06466484069824219,0.06488394737243652,0.0652778148651123,0.06567001342773438,0.07036995887756348,0.07065391540527344,0.0709378719329834,0.07605600357055664,0.08152580261230469,0.08201003074645996,0.08798384666442871,0.08851885795593262,0.08888792991638184,0.09499192237854004,0.09548282623291016,0.09840703010559082,0.09891700744628906,0.10563087463378906,0.10601282119750977,0.10639286041259766,0.10943102836608887,0.11248588562011719,0.11531686782836914,0.11567902565002441,0.11619997024536133,0.11912202835083008,0.12195086479187012,0.12509489059448242,0.12562203407287598,0.12867403030395508,0.12913084030151367,0.12969398498535156,0.1301569938659668,0.13050198554992676,0.13093900680541992,0.13400888442993164,0.13447189331054688,0.14171886444091797,0.1447129249572754,0.14521002769470215,0.1456890106201172,0.1487739086151123,0.15188884735107422,0.15237998962402344,0.16020894050598145,0.16341900825500488,0.16676688194274902,0.1700439453125,0.1733238697052002,0.17661285400390625,0.17704081535339355,0.18047189712524414,0.1837759017944336,0.1870708465576172,0.18758583068847656,0.18813681602478027,0.19148802757263184,0.1946399211883545,0.19797587394714355,0.2012648582458496,0.20456790924072266,0.20786094665527344,0.2111678123474121,0.21169281005859375,0.2200319766998291,0.22336101531982422,0.2268669605255127,0.23034191131591797],"env":"Tiger","ubs":[63.59306295969152,63.59306295969152,58.70280639013201,57.39822716468737,57.03740780652289,56.535430589268316,54.5931920787402,53.716920381802865,53.306315833711935,53.153206656825475,53.098541637693046,51.666860456297414,50.4893322770871,50.349233047673195,50.049923320940906,48.64505699478754,48.64505699478754,47.535712134727675,46.996019811339124,46.802479513442556,46.802479513442556,46.73094487344524,46.17192316821505,45.894148060202916,45.833570111260414,45.606456267767484,44.891117863849736,44.59572749358403,44.100122158316935,43.84776977309952,43.176196092203995,42.07857296311347,42.07736948095157,41.277543595862724,41.18238239960041,41.143582014082334,40.72448404311774,40.716136902339514,40.53091542681149,40.46931805797391,39.403199455149306,39.403199455149306,39.33394385965027,38.95298564517764,38.08284638981593,37.87632036762892,37.688044629649625,37.16258421263195,36.58415349343095,36.58415349343095,36.24834898915326,36.24834898915326,35.91105504275197,35.319077366151085,35.319077366151085,35.16025528057138,35.16025528057138,34.654901895715085,34.38922293970957,34.28151036527543,33.95135830782078,33.628282389894224,33.33568938919231,33.24649005170723,33.201065395787744,32.91460548856212,32.681351580579104,32.45177451690018,32.45177451690018,32.31351480410525,32.31351480410525,32.07775342611683,32.058907805582066,31.95723020810169,31.812689676363377,31.630919426356854,31.630919426356854,31.360428842837944,31.25435604945556,31.25435604945556,31.15119411876351,31.028824793827837,30.92670069776648,30.92670069776648,30.753666739799918,30.671981849092845,30.59099948232461,30.518066236638568,30.449555476707964,30.386395225613935,30.386395225613935,30.32644514419316,30.272665586642553,30.222057420581656,30.222057420581656,30.197864160767214,30.116065908706332,30.08395248816478,30.044467551995638,30.011847200046372,29.97996066782965,29.95106919685265,29.924003372989922,29.924003372989922,29.879725320666388,29.862527604505598,29.84009816924666],"sim_r":null,"sim_rsigma":null,"solver":"ETIB-SARSOP","env_full":"Tiger","final_lw":29.55548629151007,"timeout":false,"runtime":0.23034191131591797,"final_ub":29.84009816924666}