{"lbs":[9.64483090561,14.47001630403594,16.557752956779108,18.626699979647587,18.653341070034084,18.679742390607103,18.68984599801488,18.71547644086506,18.750888884670697,18.750888884670697,18.750888884670697,18.750888884670697,18.750888884670697,18.750888884670697,18.76537882015472,18.779738346219386,18.779738346219386,18.779738346219386,18.779738346219386,18.779738346219386,19.471084735553628,20.49165192093099,22.35565475978012,22.470650732053585,22.604803369740768,22.638484477096426,22.649370092062796,22.70386434598425,22.731433044829846,22.739211989800197,22.820417759015378,22.900892676307627,22.900892676307627,22.900892676307627,22.900892676307627,22.900892676307627,22.900892676307627,22.900892676307627,22.900892676307627,22.900892676307627,22.913031620024377,22.92506131324767,22.92506131324767,22.92506131324767,22.92506131324767,22.92506131324767,22.92506131324767,23.135902831316827,23.135902831316827,23.135902831316827,23.135902831316827,23.135902831316827,23.135902831316827,23.135902831316827,23.135902831316827,23.135902831316827,23.135902831316827,23.135902831316827,23.135902831316827,23.135902831316827,23.135902831316827,23.135902831316827,23.135902831316827,23.1934056119052],"times":[3.6746468544006348,3.7074289321899414,3.707650899887085,3.707690954208374,3.707838773727417,3.707887887954712,3.7080368995666504,3.7081987857818604,3.7082438468933105,3.7083168029785156,3.708486795425415,3.7086689472198486,3.708716869354248,3.7088828086853027,3.709124803543091,3.70933198928833,3.7094287872314453,3.7096009254455566,3.7097249031066895,3.709786891937256,3.7101268768310547,3.7105789184570312,3.7107598781585693,3.7111098766326904,3.711155891418457,3.7118608951568604,3.712223768234253,3.712533950805664,3.7127199172973633,3.713296890258789,3.7138309478759766,3.7141997814178467,3.7148678302764893,3.715552806854248,3.715857982635498,3.7160568237304688,3.716981887817383,3.717613935470581,3.718411922454834,3.7186598777770996,3.7190349102020264,3.7197117805480957,3.720118999481201,3.720500946044922,3.7213668823242188,3.7216148376464844,3.721996784210205,3.723148822784424,3.723625898361206,3.7239818572998047,3.7249948978424072,3.725512981414795,3.726102828979492,3.7272298336029053,3.727595806121826,3.727904796600342,3.7281649112701416,3.7284438610076904,3.729534864425659,3.729820966720581,3.7304158210754395,3.7307279109954834,3.731787919998169,3.732668876647949],"env":"RockSample5","ubs":[23.625487201000148,23.625487201000148,23.625487201000148,23.625487201000148,23.625487201000148,23.625487201000148,23.625487201000148,23.61473442014426,23.61473442014426,23.60563303840342,23.60407841431607,23.60407841431607,23.596412375869285,23.593422408487882,23.593422408487882,23.593422408487882,23.582862306712144,23.58241824485815,23.571567810089338,23.518292040711298,23.484315249111226,23.47531838072363,23.474708803326898,23.467519903335344,23.464754464197576,23.464567093535056,23.464282102030115,23.463616221600926,23.463571105273658,23.454302907104456,23.454302907104456,23.453392792438898,23.45249086880533,23.449382110471245,23.446301330962164,23.446301330962164,23.446301330962164,23.445433418881272,23.445168066090893,23.445167833799495,23.445167833799495,23.445167833799495,23.444044538111292,23.44234621522158,23.442111021126703,23.442051948328018,23.442049215203,23.44158387341747,23.438220940199727,23.438220940199727,23.437179355689974,23.4352310506652,23.4352310506652,23.43468302936423,23.434651131890845,23.43323880861685,23.431168805634467,23.43082004687666,23.430622518337252,23.430609134910082,23.4232017389392,23.415211545951735,23.415211545951735,23.415211545951735],"sim_r":null,"sim_rsigma":null,"solver":"ETIB-SARSOP","env_full":"RockSample ()","final_lw":23.1934056119052,"timeout":false,"runtime":3.732668876647949,"final_ub":23.415211545951735}