{"lbs":[9.880538920810002,14.821120958091504,17.102987362374627,19.378008167444904,19.472796762543865,19.567300991857532,20.65831284526908,21.746051663120397,21.746051663120397,21.746051663120397,21.780135046958332,21.81411618064475,21.862933715742393,21.862933715742393,21.91160479823474,21.91160479823474,21.91160479823474,22.924440170662876,23.934237036973734,23.934237036973734,23.934237036973734,23.934237036973734,23.934237036973734,23.946316892405967,24.40074129111815],"times":[12.38858699798584,12.422391891479492,12.422616958618164,12.422657012939453,12.422790050506592,12.422838926315308,12.423053979873657,12.423099994659424,12.423166990280151,12.423354864120483,12.423752069473267,12.42380690574646,12.424116849899292,12.424174070358276,12.424236059188843,12.424476861953735,12.424602031707764,12.4251229763031,12.425193071365356,12.425312995910645,12.425557851791382,12.425687074661255,12.425761938095093,12.426167011260986,12.426919937133789],"env":"RockSample5","ubs":[24.532339332120436,24.532339332120436,24.532339332120436,24.532339332120436,24.532339332120436,24.532339332120436,24.532339332120436,24.528645245631417,24.525467247327235,24.52496224140187,24.524962241401866,24.524962241401866,24.524962241401866,24.522275716358582,24.521279237172315,24.517607281955456,24.517607281955456,24.517607281955453,24.517607281955453,24.51760728195545,24.517560787540685,24.51385558544538,24.493658725568224,24.483322557637432,24.482841438080435],"sim_r":null,"sim_rsigma":null,"solver":"TIB-SARSOP","env_full":"RockSample ()","final_lw":24.40074129111815,"timeout":false,"runtime":12.426919937133789,"final_ub":24.482841438080435}