{"lbs":[9.683819560960002,20.91803543612407,22.054814362350513,23.18249905716715,23.18249905716715,23.18249905716715,23.18249905716715,23.18249905716715,23.25026935758204,23.317497495593614,23.317497495593614,23.317497495593614,23.317497495593614,23.317497495593614,23.317497495593614,23.317497495593614,23.317497495593614,23.317497495593614,23.317497495593614,23.317497495593614,23.317497495593614,23.317497495593614,23.317497495593614,23.317497495593614,23.317497495593614,23.317497495593614,23.317497495593614,23.317497495593614,23.317497495593614,23.317497495593614,23.317497495593614,23.317497495593614,23.317497495593614,23.377870109929706],"times":[3.559515953063965,3.5599138736724854,3.56016206741333,3.560206890106201,3.560359001159668,3.5606930255889893,3.5609610080718994,3.561246871948242,3.561487913131714,3.5617458820343018,3.5621559619903564,3.562474012374878,3.5626590251922607,3.563157081604004,3.5632729530334473,3.5633890628814697,3.5637459754943848,3.564401865005493,3.5650179386138916,3.5652239322662354,3.5656399726867676,3.565850019454956,3.5662410259246826,3.5665130615234375,3.566899061203003,3.56715989112854,3.567903995513916,3.568187952041626,3.5689539909362793,3.569643974304199,3.570504903793335,3.5709760189056396,3.5715038776397705,3.5719430446624756],"env":"RockSample5","ubs":[23.77403927370881,23.77403927370881,23.77403927370881,23.77403927370881,23.77403927370881,23.764432924704337,23.756280161373688,23.7549034264919,23.7549034264919,23.7549034264919,23.748032481273853,23.745373928279463,23.73592066605272,23.73592066605272,23.73557308269421,23.725889263133247,23.679498122612173,23.64779172487338,23.627993124616594,23.622537759040164,23.618147438358086,23.6120378583484,23.61192004921093,23.61192004921093,23.61192004921093,23.61192004921093,23.61192004921093,23.61192004921093,23.61192004921093,23.61192004921093,23.61189931161401,23.610608954636543,23.607441373978546,23.607441373978546],"sim_r":null,"sim_rsigma":null,"solver":"BIB-SARSOP","env_full":"RockSample ()","final_lw":23.377870109929706,"timeout":false,"runtime":3.5719430446624756,"final_ub":23.607441373978546}