{"lbs":[0.016592505399496117,0.38546006086419626,0.5239770678621698,0.5239770678621698,0.5537454639737871,0.5567790809879183,0.5570876284793961,0.5736911680498826,0.5769230350085655,0.57741046422441,0.57741046422441,0.57741046422441,0.5774579480675869,0.5776878474043102,0.5777431097334269,0.5777565100796674,0.5784069465494017,0.5820584378611514,0.582414154825119,0.5859707935378893,0.5863172702557072,0.5863510229434793,0.5864695790994312,0.5871561920017474,0.5873000713569146,0.5885039117671919,0.5886286864563848,0.5886415722746426,0.5886428275711112,0.588643021036331,0.5886430468170658,0.5886430500040292,0.5888222466248875,0.5888397033739375,0.588841403956314,0.5888499282186123,0.588851572894412,0.5889923163635307,0.5898129397112228,0.5898928822938226,0.5899957538245585,0.5900150380165053,0.5902839251545519,0.5903110216559709,0.5903567820313373,0.5903797232537985,0.5907606623931205,0.590801418938068,0.5908057445581995,0.5909524420353265],"times":[0.3935520648956299,0.4239308834075928,0.4244210720062256,0.42450904846191406,0.42813706398010254,0.4287400245666504,0.42949509620666504,0.4301629066467285,0.4303610324859619,0.43102407455444336,0.4313390254974365,0.4321010112762451,0.43227601051330566,0.4330620765686035,0.4333219528198242,0.43424296379089355,0.435776948928833,0.4370748996734619,0.43872809410095215,0.4391450881958008,0.43988800048828125,0.4418950080871582,0.4421350955963135,0.44405508041381836,0.4446840286254883,0.4469640254974365,0.4476299285888672,0.4481809139251709,0.45042896270751953,0.4513390064239502,0.45420098304748535,0.45496201515197754,0.45569896697998047,0.4596738815307617,0.45996594429016113,0.46033501625061035,0.4606039524078369,0.46387290954589844,0.4645109176635742,0.46518397331237793,0.46900200843811035,0.4697098731994629,0.4703938961029053,0.4746739864349365,0.4760708808898926,0.47646093368530273,0.4813680648803711,0.48195791244506836,0.482558012008667,0.4835069179534912],"env":"FrozenLake4","ubs":[0.6382402644637327,0.6382402644637327,0.6352511581118188,0.6267017035817912,0.6245565003024917,0.6217546784674962,0.6172512030563636,0.6166900338564958,0.6166900338564958,0.6166900338564958,0.6158256897837688,0.6120152499166669,0.6117546784674962,0.6085118953027293,0.6084914249713389,0.606931171838673,0.606931171838673,0.6041144400304927,0.6036624926820363,0.6036184653723865,0.602984128105887,0.6020061251725328,0.6012493540182017,0.6007783393012033,0.6005781921697262,0.6005586944566339,0.59997559731218,0.599765098675138,0.5996698146509617,0.5995894919897079,0.5986898425934791,0.5986022015382116,0.5983823357676998,0.5983609171259204,0.5983485834753935,0.5979924748386878,0.5979924748386878,0.5979924748386878,0.5979461217123947,0.5979416061345257,0.5978169553429764,0.5978048122492811,0.597777205984327,0.5976138746699398,0.5974391453088983,0.5974221237162066,0.5972395704580998,0.5971994202246985,0.5968149231779223,0.5967441951854638],"sim_r":null,"sim_rsigma":null,"solver":"SARSOP","env_full":"Frozen Lake (4)","final_lw":0.5909524420353265,"timeout":false,"runtime":0.4835069179534912,"final_ub":0.5967441951854638}