{"lbs":[0.019298329860490647,0.4242724295856371,0.6120701091649268,0.618982391175243,0.618982391175243,0.618982391175243,0.6212470268856147,0.6212470268856147,0.6309552445908396,0.637347898472176,0.637347898472176,0.637347898472176,0.6392802978756423,0.6392802978756423,0.6422740729094559,0.6422740729094559,0.6422740729094559,0.6461962669969805,0.6461962669969805,0.6471970569279422,0.6474435201819779,0.6475290193828039,0.6475290193828039,0.6503122409963141,0.6512332896946993,0.6514834429661128,0.6514834429661128,0.6514834429661128,0.6514834429661128,0.6514834429661128,0.6514834429661128,0.6514834429661128,0.6514834429661128,0.6514834429661128,0.6541200624919595,0.6541200624919595,0.6543082501541985,0.6546703385200333,0.6547595095579617,0.6548083909159654,0.6563921169297731,0.6563921169297731,0.6571919491055708,0.6571919491055708,0.6571919491055708,0.6571919491055708,0.6571919491055708,0.6571919491055708,0.6571919491055708,0.6576440839970206,0.6577903897661778,0.6578264203004938,0.6578264203004938,0.6578264203004938,0.657838288889338,0.6578415083031315,0.6578481455090989,0.6578481455090989,0.6578481455090989,0.6578481455090989,0.6578681961360987,0.6578731344618659,0.6578753173479313,0.6578759377567709,0.6578759377567709,0.6579963599736641,0.6579963599736641,0.6583529225485374,0.6586019345147596,0.6586747079744742,0.6586747079744742,0.6587579693037581,0.6587841961895954,0.6587916397539747,0.6587916397539747,0.6587916397539747,0.6587935349401478,0.6587941088792123,0.6587942779070391,0.6587943243012596,0.6587943243012596,0.6587943243012596,0.658813098512293,0.6588177221476832,0.6588177221476832,0.6588177221476832,0.6588177221476832,0.6588177221476832,0.6588177221476832,0.6588188608277513,0.6588191412502912,0.6588357081255809],"times":[0.9357681274414062,0.9679090976715088,0.969620943069458,0.9705979824066162,0.9715299606323242,0.972283124923706,0.9730570316314697,0.9740710258483887,0.9746789932250977,0.9754869937896729,1.005033016204834,1.0058789253234863,1.008415937423706,1.0124919414520264,1.016010046005249,1.0174579620361328,1.0210390090942383,1.022132158279419,1.0255661010742188,1.026196002960205,1.0269811153411865,1.0308289527893066,1.0360701084136963,1.0372631549835205,1.0410470962524414,1.0421481132507324,1.0527360439300537,1.0535681247711182,1.0543849468231201,1.0574381351470947,1.073578119277954,1.0746021270751953,1.0764570236206055,1.0817770957946777,1.091961145401001,1.1056859493255615,1.1070020198822021,1.1085901260375977,1.1097841262817383,1.1204030513763428,1.1230370998382568,1.1237001419067383,1.1352601051330566,1.1363270282745361,1.1371181011199951,1.1381559371948242,1.1394109725952148,1.1410329341888428,1.1537971496582031,1.1548140048980713,1.1567051410675049,1.157655954360962,1.1588599681854248,1.1595771312713623,1.1745059490203857,1.1755940914154053,1.1773409843444824,1.2006549835205078,1.274712085723877,1.2777719497680664,1.2940809726715088,1.2959449291229248,1.2975080013275146,1.2982361316680908,1.3205690383911133,1.3215861320495605,1.3226020336151123,1.3249931335449219,1.3276801109313965,1.3442420959472656,1.3500521183013916,1.3521859645843506,1.37233304977417,1.37422513961792,1.3752310276031494,1.3761920928955078,1.3773820400238037,1.3794021606445312,1.4011049270629883,1.4035120010375977,1.409656047821045,1.41099214553833,1.4357409477233887,1.437690019607544,1.438992977142334,1.4402899742126465,1.4413981437683105,1.4424359798431396,1.4444401264190674,1.475283145904541,1.4767260551452637,1.4798221588134766],"env":"FrozenLake4","ubs":[0.7226080342089537,0.7226080342089537,0.7167133528374379,0.7154005985975109,0.7121060002895385,0.7054005985975109,0.7042201820159392,0.701105389572821,0.6991837705986458,0.6991837705986458,0.6975591865458692,0.6975170656515038,0.6956878517456525,0.6955134091107246,0.6955134091107246,0.692035842065171,0.6915091489093711,0.6911672054988522,0.6903565663736585,0.6884123157651703,0.6884123157651703,0.6884123157651703,0.6850289315288712,0.6844240435491766,0.6844240435491766,0.6844240435491766,0.6844240435491766,0.6836790383214087,0.6836790383214087,0.6807215588847092,0.6807215588847092,0.6805294217859644,0.6805294217859644,0.6805294217859644,0.6793994653884766,0.6773179510902857,0.6759017303044473,0.6756341174990514,0.6755826245308946,0.6755826245308946,0.6755826245308946,0.675139222591651,0.6751168490224804,0.6749231263037038,0.6749231263037038,0.6749231263037038,0.6749231263037038,0.6749231263037038,0.6743675981641719,0.6743404596297515,0.6741574614932082,0.6736396391759606,0.672996655947326,0.6729041891440074,0.6722929248632964,0.6722929248632964,0.6722929248632964,0.6717412647773678,0.6715485106721852,0.6707946871719371,0.6707568765670361,0.6706597590256009,0.6702014742957615,0.6696449652903873,0.6694609414750935,0.669335598220262,0.6691802263359836,0.6691380332174456,0.6689314602389798,0.6688536236462778,0.6688027511835428,0.6685857585577987,0.6685549969707247,0.6684703499890489,0.6681907681188243,0.6680064151513949,0.6675799578978999,0.6674677543863592,0.6674049677179729,0.6666283528557954,0.6665953275640122,0.6665953275640122,0.6665529819899064,0.6662593541141762,0.6659895191775244,0.6659895191775244,0.6659895191775244,0.6659895191775244,0.6659895191775244,0.6657798888876012,0.6656517035611165,0.6651768492674294],"sim_r":null,"sim_rsigma":null,"solver":"SARSOP","env_full":"Frozen Lake (4)","final_lw":0.6588357081255809,"timeout":false,"runtime":1.4798221588134766,"final_ub":0.6651768492674294}