{"lbs":[-30.303030303030276,-27.62867576303028,-23.147717122700477,-19.9658329350331,-16.397055982755514,-12.52910654084963,-9.912554121764948,-7.0314864881080705,-4.697341219580961,-2.6638631448109384,-0.08062521984466198,1.895532851214871,3.512756252312425,5.151517579712291,7.284048773019102,7.513752637214861,8.853092737302969,10.161655738079709,11.356742266878287,11.655236996585822,12.634659927858408,13.762473286976768,14.723478225401317,15.676083639689184,16.548785485022243,17.480462365604037,18.303349136441998,19.26249833525773,19.99742908926222,20.2847413873937,20.861809890234955,21.449949130381356,21.696599102035066,22.182751548268214,22.69624206147765,23.20648176454136,23.72901613207177,24.27721399613854,24.6556490030557,25.000895956163873,25.33093105502983,25.675609833016388,26.01999860195261,26.297531347304158,26.592651582114748,26.86620902942267,27.09409786597569,27.30853520774655,27.588202789046427,27.757813388807232,27.899037742624557,28.087376023022088,28.17326768044169,28.393625398842005,28.523104872655708,28.678615970946403,28.74953679464266,28.887483723820072,28.98020608731514,29.10828235166867,29.21386277716946,29.296758136765284,29.371381410825663,29.456094409560446,29.52499486114574,29.60762335475592,29.66226473438646,29.726094663379534,29.791866455170553,29.85003465124053,29.9029759592624,29.952047680042064,29.987265332383537,30.01764057842469,30.054783591080668,30.08109191964799,30.11002889863953,30.144143600596134,30.175355172818293,30.20346630682522,30.22968393552155,30.253781505489364,30.27610193290564,30.292141378089894,30.307210198699217,30.327095978414246,30.340526094791016,30.369198807332626,30.37920498213812,30.393398246757457,30.404528929190118,30.415565419379273,30.425456141289963,30.434736659658874,30.441339236821655,30.453462283626855,30.455690262725177,30.45911546787169,30.466260351785746,30.472116305557833,30.47792189832402,30.483106302860506,30.4879802433718,30.49144184211756,30.497805671003967,30.501823433580235,30.50524939470192,30.508391800548928,30.510685774248323,30.51557116175362,30.51742414466713],"times":[0.009594917297363281,0.03725790977478027,0.03847098350524902,0.03865790367126465,0.0402679443359375,0.04234004020690918,0.04250288009643555,0.04266190528869629,0.04282402992248535,0.04299592971801758,0.04404592514038086,0.04420900344848633,0.044352054595947266,0.04450201988220215,0.04717206954956055,0.04723787307739258,0.04754304885864258,0.04773592948913574,0.048135995864868164,0.04821205139160156,0.0486149787902832,0.048851966857910156,0.0490870475769043,0.049324989318847656,0.04961705207824707,0.04976797103881836,0.05004000663757324,0.05033588409423828,0.050527095794677734,0.0540010929107666,0.054112911224365234,0.05428004264831543,0.055828094482421875,0.056092023849487305,0.05640101432800293,0.05661797523498535,0.05687403678894043,0.06074810028076172,0.06096196174621582,0.06129288673400879,0.061682939529418945,0.06194901466369629,0.06218600273132324,0.06237506866455078,0.06258797645568848,0.06282210350036621,0.0630500316619873,0.0634000301361084,0.06788086891174316,0.06825590133666992,0.06847310066223145,0.06882810592651367,0.06914806365966797,0.07390189170837402,0.0741419792175293,0.07477998733520508,0.07516288757324219,0.07550692558288574,0.07581901550292969,0.08090400695800781,0.08666706085205078,0.0870969295501709,0.08961200714111328,0.08999300003051758,0.09250187873840332,0.09501910209655762,0.0953359603881836,0.09565210342407227,0.09832906723022461,0.10081195831298828,0.10343694686889648,0.1059420108795166,0.10625410079956055,0.11265206336975098,0.11314010620117188,0.1134340763092041,0.1137230396270752,0.11637592315673828,0.11904406547546387,0.12185406684875488,0.12452387809753418,0.12734293937683105,0.13002610206604004,0.13030791282653809,0.1307070255279541,0.1372668743133545,0.13770008087158203,0.14489507675170898,0.14531588554382324,0.1526329517364502,0.15323495864868164,0.15650391578674316,0.15717387199401855,0.16037392616271973,0.1608889102935791,0.1614389419555664,0.1617419719696045,0.16251397132873535,0.16573810577392578,0.16659092903137207,0.16980195045471191,0.17073893547058105,0.17394399642944336,0.1744389533996582,0.1748180389404297,0.18268990516662598,0.18369793891906738,0.18680906295776367,0.18729710578918457,0.1948249340057373,0.1959700584411621],"env":"Tiger","ubs":[65.56349153052443,65.56349153052443,60.66695628393199,59.36046241122243,58.99808940758619,58.48987605226954,56.53375532608507,55.65360465391652,55.247977582573114,55.09468221296175,55.040556077515504,53.59533821089433,52.412581569949964,52.2715687725604,52.11374388691932,49.89710750626581,49.89710750626581,49.20792365141436,48.691036529611154,48.565663563476576,48.565663563476576,48.49888712855466,48.04251853398671,47.545553222879825,47.460984510696164,47.42368959882938,46.7622391420727,46.18430653331538,45.6917738414007,45.65845840213301,44.93060273319672,44.299687504385204,44.137689610084685,43.26513425002936,43.26513425002936,43.16110484284682,43.049808403993595,42.37744306951964,41.617679972422195,41.09852721571815,40.95003428291767,40.87043499504814,40.33082204768852,39.759719180604534,39.65038135845364,39.58656914258886,38.70895830504138,38.488901993618384,38.4465223228838,37.509237050307476,37.509237050307476,37.23870518696038,37.14736728449445,36.99002583796931,36.3901174609656,36.386454750765935,36.04091807085817,35.960262165686174,35.6642769802483,35.532180898478764,35.059351015155094,34.785270035152735,34.785270035152735,34.460598622355064,34.460598622355064,34.18959866705475,33.92968736934866,33.80692959960028,33.679284363082715,33.47083010937746,33.258732152645834,33.069194683161975,32.88994520134678,32.88994520134678,32.78611699212394,32.78611699212394,32.663203900921175,32.59547232797339,32.44280789993413,32.31196992266757,32.18584252012322,32.07050103048985,31.962545707092772,31.862539551208446,31.821639850767593,31.804840512441224,31.676621115983522,31.676621115983522,31.528553931718136,31.478681043802805,31.394638708987284,31.34304254417558,31.28320430568864,31.232780368099615,31.183580429085417,31.183580429085417,31.153191119449513,31.130174253117087,31.083782915644427,31.04793104469308,31.011630049137178,30.97912164852719,30.94840756451514,30.92007231579453,30.92007231579453,30.90514397805468,30.87180519764953,30.852118519205327,30.829175699778517,30.829175699778517,30.793344633597066],"sim_r":null,"sim_rsigma":null,"solver":"ETIB-SARSOP","env_full":"Tiger","final_lw":30.51742414466713,"timeout":false,"runtime":0.1959700584411621,"final_ub":30.793344633597066}