{"lbs":[9.26138694321,13.904109095671764,15.692860014771142,15.692860014771142,17.44762466640763,17.44762466640763,17.44762466640763,17.466212075942565,17.48634280533042,17.524325299613672,17.52743446790109,17.52743446790109,17.52743446790109,17.52743446790109,17.529757097709492,17.529757097709492,17.529757097709492,17.529757097709492,17.529757097709492,17.535085691641495,18.13017331631143,18.17929981563266,20.707437554815947,20.738477761475792,20.936577484414155,20.936577484414155,20.936577484414155,20.936577484414155,20.936577484414155,20.936577484414155,20.936577484414155,20.936577484414155,20.936577484414155,20.95847306827322,20.97995263603896,21.004210523691256,21.028007511478158,21.084032708281832,21.138993426346232,21.14522899365951,21.151346085193836,21.151346085193836,21.151346085193836,21.151561483805203,21.311266163704495,21.468147760723447,21.468147760723447,21.468147760723447,21.468147760723447,21.468147760723447,21.468147760723447,21.468147760723447,21.468147760723447,21.468147760723447,21.468147760723447,21.468147760723447,21.468147760723447,21.468147760723447,21.468147760723447,21.468147760723447,21.468147760723447,21.468147760723447,21.468147760723447,21.468147760723447,21.468147760723447,21.468147760723447,21.468147760723447,21.468147760723447,21.468147760723447,21.468147760723447,21.468147760723447,21.468147760723447,21.468147760723447,21.468147760723447,21.468147760723447,21.468147760723447,21.468147760723447,21.468147760723447,21.468147760723447,21.468147760723447,21.468147760723447,21.468147760723447,21.468147760723447,21.468147760723447,21.468147760723447,21.468147760723447,21.468147760723447,21.468147760723447,21.468147760723447,21.468147760723447,21.468147760723447,21.468147760723447,21.468147760723447,21.468147760723447,21.468147760723447,21.468147760723447,21.468147760723447,21.468147760723447,21.468147760723447,21.468147760723447,21.468147760723447,21.468147760723447,21.468147760723447,21.468147760723447,21.468147760723447,21.468147760723447,21.468147760723447,21.468147760723447,21.468147760723447,21.468147760723447,21.468147760723447,21.468147760723447,21.468147760723447,21.468147760723447,21.468147760723447,21.468147760723447,21.468147760723447,21.468147760723447,21.468147760723447,21.468147760723447,21.468147760723447,21.468147760723447,21.468147760723447,21.468147760723447,21.468147760723447,21.468147760723447,21.468147760723447,21.468147760723447,21.468147760723447],"times":[1.5610530376434326,1.594130039215088,1.5943419933319092,1.5944039821624756,1.5944828987121582,1.594538927078247,1.594571828842163,1.5947308540344238,1.5948829650878906,1.5949478149414062,1.5951800346374512,1.5953559875488281,1.5955078601837158,1.5956649780273438,1.5958490371704102,1.59602689743042,1.5961198806762695,1.5962769985198975,1.5963759422302246,1.5964758396148682,1.5969200134277344,1.5970659255981445,1.5975940227508545,1.5976998805999756,1.5980758666992188,1.5986099243164062,1.5991668701171875,1.5994679927825928,1.5998280048370361,1.600188970565796,1.6006288528442383,1.600942850112915,1.6013219356536865,1.6017558574676514,1.6020479202270508,1.602888822555542,1.6029980182647705,1.6034088134765625,1.603799819946289,1.6041209697723389,1.6043589115142822,1.6050188541412354,1.6055488586425781,1.606281042098999,1.6068389415740967,1.606968879699707,1.6077048778533936,1.608125925064087,1.6084568500518799,1.6095759868621826,1.6097829341888428,1.6101739406585693,1.6104109287261963,1.6112618446350098,1.6115379333496094,1.611785888671875,1.6119518280029297,1.6130008697509766,1.6132779121398926,1.613616943359375,1.6149308681488037,1.615293025970459,1.6156389713287354,1.6161048412322998,1.617089033126831,1.61757493019104,1.6179039478302002,1.618135929107666,1.6190929412841797,1.6194229125976562,1.6199619770050049,1.6209230422973633,1.621250867843628,1.6216299533843994,1.6225769519805908,1.6229119300842285,1.6232218742370605,1.6235148906707764,1.6243469715118408,1.6245918273925781,1.6247448921203613,1.6249580383300781,1.6251518726348877,1.6252799034118652,1.6260709762573242,1.6262688636779785,1.6264488697052002,1.6266469955444336,1.6269960403442383,1.6280269622802734,1.6284048557281494,1.628692865371704,1.6299159526824951,1.6303598880767822,1.630713939666748,1.6316368579864502,1.6321439743041992,1.6324429512023926,1.6333448886871338,1.6335499286651611,1.634321928024292,1.6345398426055908,1.6353650093078613,1.6358489990234375,1.6363019943237305,1.6373770236968994,1.637840986251831,1.6382339000701904,1.639143943786621,1.6394009590148926,1.63969087600708,1.6401138305664062,1.6413049697875977,1.6415419578552246,1.6419689655303955,1.6425409317016602,1.643507957458496,1.6439259052276611,1.6444988250732422,1.6456208229064941,1.6458590030670166,1.6461060047149658,1.6463358402252197,1.646596908569336,1.6480119228363037,1.6482548713684082,1.648810863494873,1.6492748260498047,1.6504859924316406],"env":"RockSample5","ubs":[22.19497488660499,22.19497488660499,22.19497488660499,22.19497488660499,22.194974886604985,22.194974886604985,22.194974886604985,22.19497488660498,22.19497488660498,22.173397012700676,22.152229118400548,22.152229118400548,22.152229118400545,22.131061224100414,22.131061224100414,22.131061224100414,22.131061224100414,22.10814245636448,22.086146662374357,21.997082693394105,21.918395427450395,21.903584343836478,21.899949948068983,21.87886635509746,21.844884050462788,21.844884050462788,21.844884050462788,21.844168363180422,21.844168363180422,21.844168363180422,21.843625817887315,21.84360799672973,21.842757004232233,21.842757004232233,21.842757004232233,21.84067037188006,21.840632652180815,21.840595649155865,21.840070062855684,21.839554462695208,21.83883125890746,21.838073119772705,21.838073119772705,21.83592434747103,21.833518586615646,21.833518586615646,21.829002838217754,21.829002838217754,21.826437858826274,21.825752612665813,21.825752612665813,21.82269633980293,21.81650966485799,21.81503142879633,21.808385603248375,21.80041589880934,21.798428309594343,21.798337277625702,21.79734594804335,21.79734594804335,21.79734594804335,21.79734594804335,21.79734594804335,21.79734594804335,21.79734594804335,21.794549138684836,21.7887938470027,21.78762240883387,21.787554913528325,21.787551024619468,21.786068485020486,21.786068485020486,21.786068485020486,21.786068485020486,21.786068485020486,21.786068485020486,21.786068485020486,21.786068485020486,21.786068485020486,21.786068485020486,21.78579378849598,21.785775364407733,21.78537907084455,21.76234743368277,21.75992462081036,21.75992462081036,21.747428488744074,21.744740004008225,21.743039645025405,21.743039645025405,21.743039645025405,21.743039645025405,21.743039645025405,21.743039645025405,21.743039645025405,21.743039645025405,21.743039645025405,21.743039645025405,21.737066882220233,21.726308688717502,21.725364743245493,21.724152930280308,21.72061040028034,21.719632898897224,21.719632898897224,21.719632898897224,21.714195921017705,21.708862245717896,21.708862245717896,21.707197771882726,21.707197771882726,21.706562537334193,21.70639668166438,21.7057282207511,21.703712022764996,21.703712022764996,21.703712022764996,21.703712022764996,21.703712022764996,21.703712022764996,21.703712022764993,21.703348866337606,21.700925040638506,21.698683101911527,21.689616347983023,21.6858350868968,21.684918021582398,21.684918021582398,21.682687952745137],"sim_r":null,"sim_rsigma":null,"solver":"SARSOP","env_full":"RockSample ()","final_lw":21.468147760723447,"timeout":false,"runtime":1.6504859924316406,"final_ub":21.682687952745137}