{"lbs":[-20.408163265306104,-17.821576405306104,-13.857037420336518,-11.12706381345043,-8.288199392653027,-6.973904279018708,-4.816142753568153,-2.0503126951801045,0.04079470656248163,1.828749308602393,3.362942067433191,4.81037815424455,6.109452734587379,7.3060879890239505,7.593871103985203,8.51883616217653,9.56858746494347,10.731481194679489,11.558689461303668,12.260064532065517,12.436327200177214,13.002853867625532,13.63206607585548,14.153041039051075,14.654169447175775,15.099492650332184,15.585578783321221,16.064294935976267,16.39745706736128,16.69175051791514,16.99665199328959,17.37146114751861,17.472869136849297,17.70250988955753,17.765606729814078,17.93181535418097,18.14024234303976,18.241523928924337,18.41717878692225,18.54007249509682,18.677301621122897,18.72294550156621,18.81335643485741,18.90269599974045,19.008264436866874,19.028917471278294,19.099085684931993,19.18013790312455,19.211444469857454,19.233868587991495,19.305974023288062,19.342057108845765,19.377110598564965,19.423929071981533,19.460992503166135,19.497287741928595,19.52930461724982,19.534023233512425,19.55870049877252,19.587061395946208,19.60667040802336,19.626920054451503,19.641107817336007,19.661913412366935,19.678036698258126,19.693471898250255,19.70675963276385,19.716280660567534,19.720199212448968,19.72783133788166,19.737964919118795,19.74549834162275,19.753226664963684,19.75998195611291,19.76474643810399,19.768969632867783,19.773818516900903,19.77754804135565,19.78189342700639,19.78536304415649,19.78863455477689,19.791457358150552,19.794005273564537,19.79625211000213,19.79782783309081,19.799254749395892,19.80104407065155,19.80244586826487,19.80354050261259,19.80488295810008,19.805867223594817],"times":[0.004002094268798828,0.03193092346191406,0.03197002410888672,0.03200507164001465,0.03204011917114258,0.03259396553039551,0.03266596794128418,0.032753944396972656,0.03282308578491211,0.03290104866027832,0.03297710418701172,0.03300595283508301,0.0330350399017334,0.03309202194213867,0.03311896324157715,0.033239126205444336,0.03334999084472656,0.034265995025634766,0.03432798385620117,0.03443098068237305,0.03446793556213379,0.034570932388305664,0.034670114517211914,0.034768104553222656,0.03490400314331055,0.03503894805908203,0.035115957260131836,0.03628897666931152,0.03643012046813965,0.036570072174072266,0.0366818904876709,0.03681802749633789,0.0382540225982666,0.038355112075805664,0.040064096450805664,0.0403900146484375,0.04071307182312012,0.04088711738586426,0.04103708267211914,0.04116010665893555,0.04128289222717285,0.04205894470214844,0.042233943939208984,0.04241204261779785,0.04257392883300781,0.04339599609375,0.04367995262145996,0.04389691352844238,0.04407095909118652,0.046005964279174805,0.048089027404785156,0.04838895797729492,0.04936099052429199,0.04955410957336426,0.05173897743225098,0.0520319938659668,0.05237293243408203,0.053369998931884766,0.05359005928039551,0.05595993995666504,0.05612611770629883,0.05634307861328125,0.05902695655822754,0.061747074127197266,0.06300592422485352,0.06333208084106445,0.06466293334960938,0.06494808197021484,0.06618309020996094,0.06641292572021484,0.06674909591674805,0.06700992584228516,0.06741809844970703,0.06873202323913574,0.06896805763244629,0.06940889358520508,0.06959700584411621,0.0709071159362793,0.07141304016113281,0.07270693778991699,0.07326889038085938,0.07456207275390625,0.07517504692077637,0.07646608352661133,0.07670402526855469,0.07704496383666992,0.07834196090698242,0.07900595664978027,0.07914996147155762,0.08207297325134277,0.08340096473693848],"env":"Tiger","ubs":[52.23069908105449,52.23069908105449,46.6188935510683,45.34665355367915,44.96736924522622,44.77693011542592,41.16372165268744,40.68679259880271,40.413575825839324,40.2521315756082,40.23314408272232,40.22231272609015,38.79270289829224,37.5636698160219,37.07321401246031,37.07321401246031,36.874937810311316,36.830870406722696,35.475428890038415,34.795120702755796,34.012845345615546,34.012845345615546,33.58309615888214,33.541039200527734,33.335666437403205,32.91580877924697,32.46811749870483,32.14148240989047,30.235649004413013,30.221148009505498,30.219475883432843,29.70175169007466,29.543908590606524,28.450414057891308,28.450414057891308,27.741206863447974,27.741206863447974,27.22413424520799,26.9199229429323,26.68101483377081,26.30921947642856,26.249718901010205,25.491883815844442,25.491883815844442,25.40449699771492,24.91582513591149,24.623025176942527,24.623025176942527,24.35253118883918,24.351765934678877,24.17613227852091,23.521294889690758,23.520384095057555,23.3733168862189,23.3733168862189,22.87322948351995,22.87322948351995,22.70071970268357,22.55406212354118,22.375948310692266,22.063157286538136,21.962720617143646,21.91938923940498,21.83011554643369,21.537343556849237,21.392870700984815,21.21997269294106,21.077734120820864,21.077734120820864,20.949343433177866,20.949343433177866,20.778685675905518,20.69104333129351,20.593181675221057,20.51535471979301,20.51535471979301,20.440389598793345,20.440365731000547,20.37527811605863,20.317292378465254,20.26516201868162,20.218490287352648,20.17662654133077,20.139107737766615,20.105469832636,20.105469832636,20.076184615259464,20.048405680563278,20.024426646404184,20.024426645037984,19.98847579157772],"sim_r":null,"sim_rsigma":null,"solver":"TIB-SARSOP","env_full":"Tiger","final_lw":19.805867223594817,"timeout":false,"runtime":0.08340096473693848,"final_ub":19.98847579157772}