{"lbs":[9.880538920810002,19.621545684999155,22.014733269435304,24.40074129111815],"times":[9.501766204833984,9.533812046051025,9.534150123596191,9.53419804573059],"env":"RockSample5","ubs":[24.532339332120436,24.532339332120436,24.532339332120436,24.532339332120436],"sim_r":null,"sim_rsigma":null,"solver":"SARSOP","env_full":"RockSample ()","final_lw":24.40074129111815,"timeout":false,"runtime":9.53419804573059,"final_ub":24.532339332120436}