{"lbs":[0.016421003483682514,0.373061566014297,0.5124788359937572,0.5430984253375601,0.5609395053342568,0.5688488497216018,0.5744809179015609,0.5784460651697207],"times":[0.4918959140777588,0.492232084274292,0.49307990074157715,0.49684691429138184,0.4971940517425537,0.4995739459991455,0.5000870227813721,0.5005478858947754],"env":"FrozenLake4","ubs":[0.5847854631382173,0.5847854631382173,0.5847854631382173,0.5847854324716405,0.5847854293903687,0.5847854136064221,0.584049467709528,0.5836775972953215],"sim_r":null,"sim_rsigma":null,"solver":"EBIB-SARSOP","env_full":"Frozen Lake (4)","final_lw":0.5784460651697207,"timeout":false,"runtime":0.5005478858947754,"final_ub":0.5836775972953215}