{"lbs":[9.11125611841,17.29513379234034,18.19180340952787,20.79979299453671,20.79979299453671,20.79979299453671,20.79979299453671,20.79979299453671,20.79979299453671,20.79979299453671,20.79979299453671,20.79979299453671,20.79979299453671,20.79979299453671,20.79979299453671,20.79979299453671,20.79979299453671,20.79979299453671,20.79979299453671,20.79979299453671,20.79979299453671,20.79979299453671,20.79979299453671,20.79979299453671,20.79979299453671,20.79979299453671,20.79979299453671,20.79979299453671,20.79979299453671,20.79979299453671,20.79979299453671,20.79979299453671,20.79979299453671,20.79979299453671,20.79979299453671,20.79979299453671,20.79979299453671,20.79979299453671,20.79979299453671,20.79979299453671,20.79979299453671,20.79979299453671,20.79979299453671,20.79979299453671,20.79979299453671,20.79979299453671,20.79979299453671,20.79979299453671,20.79979299453671,20.79979299453671,20.79979299453671,20.79979299453671,20.79979299453671,20.79979299453671,20.79979299453671,20.79979299453671,20.79979299453671,20.79979299453671,20.79979299453671,20.79979299453671,20.79979299453671,20.79979299453671,20.79979299453671,20.79979299453671,20.79979299453671,20.79979299453671,20.79979299453671,20.79979299453671,20.79979299453671,20.79979299453671,20.79979299453671,20.79979299453671,20.79979299453671,20.79979299453671,20.79979299453671,20.79979299453671,20.79979299453671,20.79979299453671,20.79979299453671,20.79979299453671,20.79979299453671,20.79979299453671,20.79979299453671,20.79979299453671,20.79979299453671,20.79979299453671,20.79979299453671,20.79979299453671,20.79979299453671,20.79979299453671,20.79979299453671,20.79979299453671,20.79979299453671,20.79979299453671,20.79979299453671,20.79979299453671,20.79979299453671,20.79979299453671,20.79979299453671,20.79979299453671,20.79979299453671,20.79979299453671,20.79979299453671,20.79979299453671,20.79979299453671,20.79979299453671,20.79979299453671,20.79979299453671,20.79979299453671],"times":[1.2514290809631348,1.2517008781433105,1.2519960403442383,1.2523179054260254,1.2525050640106201,1.252769947052002,1.2530639171600342,1.253316879272461,1.2535359859466553,1.2537338733673096,1.2540099620819092,1.254288911819458,1.2543909549713135,1.2545430660247803,1.2548260688781738,1.254931926727295,1.2552769184112549,1.2556068897247314,1.2558979988098145,1.2562029361724854,1.2565078735351562,1.2569119930267334,1.2574670314788818,1.2577810287475586,1.25791597366333,1.2584009170532227,1.2588939666748047,1.2593519687652588,1.259795904159546,1.2601380348205566,1.2604949474334717,1.2608249187469482,1.2613708972930908,1.261897087097168,1.2623660564422607,1.262911081314087,1.2631549835205078,1.2635529041290283,1.2641639709472656,1.2644140720367432,1.2647700309753418,1.2649948596954346,1.2654879093170166,1.265815019607544,1.2663040161132812,1.2665650844573975,1.2669000625610352,1.2671658992767334,1.2674779891967773,1.2677109241485596,1.2681200504302979,1.268306016921997,1.2686450481414795,1.2688350677490234,1.2691700458526611,1.2693369388580322,1.2696359157562256,1.2698020935058594,1.2703580856323242,1.2707200050354004,1.2709240913391113,1.271254062652588,1.2717249393463135,1.2719628810882568,1.2724149227142334,1.2726619243621826,1.273076057434082,1.2732460498809814,1.2735838890075684,1.2737879753112793,1.2742290496826172,1.2743289470672607,1.2744300365447998,1.2749528884887695,1.2755329608917236,1.2756669521331787,1.2758018970489502,1.2762959003448486,1.2768449783325195,1.276979923248291,1.2771179676055908,1.2776529788970947,1.2777979373931885,1.278536081314087,1.2789809703826904,1.2792890071868896,1.2796728610992432,1.2799348831176758,1.2806239128112793,1.2808659076690674,1.2812590599060059,1.2814209461212158,1.2821218967437744,1.282742977142334,1.2828738689422607,1.2830390930175781,1.2831950187683105,1.2835230827331543,1.2839128971099854,1.284363031387329,1.2845299243927002,1.2846720218658447,1.2851109504699707,1.2853400707244873,1.2854740619659424,1.285810947418213,1.2864410877227783,1.286647081375122,1.2868568897247314],"env":"RockSample5","ubs":[21.64986192436588,21.64986192436588,21.64986192436588,21.64986192436588,21.62426954483628,21.603366388378355,21.599265790035858,21.599265790035858,21.599265790035858,21.599265790035858,21.581772949491373,21.574262035235442,21.54658431633926,21.52038945499883,21.402795151181717,21.320722203110137,21.26818454254682,21.248043456919532,21.23579771527367,21.23579771527367,21.23579771527367,21.23579771527367,21.23579771527367,21.23579771527367,21.23579771527367,21.23579771527367,21.23519365878856,21.23519365878856,21.23519365878856,21.235159403467875,21.23502579266338,21.23502579266338,21.23499613445324,21.231651027477824,21.22622646451509,21.22034341927653,21.21459568407846,21.213885957991657,21.213549636564842,21.213549636564842,21.21299980787459,21.212896455287122,21.212437073404903,21.211848530294354,21.209942015591196,21.207826401842,21.19357068594408,21.185539160576887,21.185477194063132,21.18469185634044,21.184544636248575,21.184537921033233,21.18415772552194,21.18415772552194,21.179042622291725,21.1721433360925,21.171360425220143,21.171308128949327,21.16931018650557,21.16931018650557,21.16931018650557,21.16931018650557,21.16931018650557,21.16931018650557,21.16931018650557,21.16931018650557,21.16931018650557,21.16931018650557,21.16931018650557,21.16931018650557,21.16931018650557,21.151915100105466,21.151915100105466,21.147588310648928,21.133715580059018,21.13127891223285,21.130197673572496,21.123598050790562,21.123598050790562,21.12002488047851,21.10363444293224,21.09890988125259,21.093711382100167,21.087369732003648,21.074789539613995,21.074789539613995,21.074789539613995,21.074789539613995,21.074789539613995,21.074789539613995,21.07401490348534,21.063985487466603,21.0620126506052,21.049529630043608,21.040809074447132,21.037356460291786,21.0354480136313,21.032617008606515,21.032617008606515,21.032289091629373,21.02649406357001,21.023848643242694,21.015602325168906,21.015602325168906,21.012682406472898,21.010858395337916,21.009829645906898,21.00885557158878,21.00585872463755],"sim_r":null,"sim_rsigma":null,"solver":"EBIB-SARSOP","env_full":"RockSample ()","final_lw":20.79979299453671,"timeout":false,"runtime":1.2868568897247314,"final_ub":21.00585872463755}