{"lbs":[9.96005996001,14.940124850099966,17.289272713150417,19.63607142833782,19.705351619931463,19.774562531333515,19.83371446722725,19.839006051357014,23.98792930092793,24.053840700651836,24.176765045465572,24.299566465934493,24.365040992376944,24.430450044292957,24.555035349857906,24.560030349857907,24.560030349857907,24.560030349857907,24.679285330150076],"times":[31.664082050323486,31.698223114013672,31.698475122451782,31.698559999465942,31.698709964752197,31.698764085769653,31.69896101951599,31.699038982391357,31.69943594932556,31.6997230052948,31.700221061706543,31.700289964675903,31.70069408416748,31.700767040252686,31.701120138168335,31.701197147369385,31.701662063598633,31.702358961105347,31.703223943710327],"env":"RockSample5","ubs":[24.84304006428941,24.84304006428941,24.843040064289408,24.843040064289408,24.843040064289408,24.843040064289408,24.843040064289408,24.843040064289408,24.843040064289404,24.84170511684816,24.84055378307688,24.84055378307688,24.84055378307688,24.84055378307688,24.84055378307688,24.839311264351863,24.838069988145573,24.83806998814557,24.83806998814557],"sim_r":null,"sim_rsigma":null,"solver":"SARSOP","env_full":"RockSample ()","final_lw":24.679285330150076,"timeout":false,"runtime":31.703223943710327,"final_ub":24.83806998814557}