{"lbs":[0.008857506748021169,0.2547154508528647,0.31108465916001665,0.35881212692931364,0.36062156888096536,0.36821008825911433,0.374828421133826,0.3759326000769253,0.38081441945581057,0.38081441945581057,0.38229678412090295,0.38229678412090295,0.38229678412090295,0.38229678412090295,0.38229678412090295,0.38467230879927733,0.38467230879927733,0.38496644013357717,0.3855433701307945,0.3855433701307945,0.3855433701307945,0.3855433701307945,0.3861030190156812,0.3861030190156812,0.38613954817123497],"times":[0.10807299613952637,0.13767004013061523,0.13784408569335938,0.13807106018066406,0.1381700038909912,0.13837409019470215,0.13858819007873535,0.1386880874633789,0.13875317573547363,0.1389000415802002,0.13917303085327148,0.13924813270568848,0.13937616348266602,0.13964104652404785,0.13971209526062012,0.14005398750305176,0.1400911808013916,0.1403660774230957,0.1406571865081787,0.14080810546875,0.14116120338439941,0.14129304885864258,0.14162111282348633,0.14166808128356934,0.14180707931518555],"env":"FrozenLake4","ubs":[0.4353366579607934,0.4353366579607934,0.4279213025381508,0.417338262790359,0.4058560015843497,0.4040698250627537,0.4032121193515565,0.4031347114111209,0.40312711737712464,0.39854773068056537,0.3975001838000619,0.3975001838000619,0.39611959614286724,0.3960628991844313,0.39562988632366225,0.39484699448670935,0.3928948149801134,0.3914641988768753,0.3904779991148806,0.390419992627161,0.39016953927926856,0.3901469358646213,0.39014484342679057,0.39011333235717754,0.389746977124813],"sim_r":null,"sim_rsigma":null,"solver":"SARSOP","env_full":"Frozen Lake (4)","final_lw":0.38613954817123497,"timeout":false,"runtime":0.14180707931518555,"final_ub":0.389746977124813}