{"lbs":[9.683819560960002,19.008455191863224,20.124693375392493,23.437759743351112,23.437759743351112,23.437759743351112,23.437759743351112,23.437759743351112,23.437759743351112,23.437759743351112,23.437759743351112,23.437759743351112,23.437759743351112,23.437759743351112,23.437759743351112,23.437759743351112,23.437759743351112,23.437759743351112],"times":[3.509446144104004,3.5396549701690674,3.539997100830078,3.5403571128845215,3.5404341220855713,3.5407180786132812,3.541008949279785,3.5412421226501465,3.541508913040161,3.5417211055755615,3.541930913925171,3.5421619415283203,3.5423989295959473,3.542612075805664,3.542717933654785,3.5428659915924072,3.5431430339813232,3.543255090713501],"env":"RockSample5","ubs":[23.774039273708812,23.774039273708812,23.774039273708812,23.77403927370881,23.77403927370881,23.77403927370881,23.77403927370881,23.7549034264919,23.7549034264919,23.7549034264919,23.7549034264919,23.745373928279463,23.735920666052724,23.73592066605272,23.73557308269421,23.725889263133247,23.678543432278957,23.64774750958182],"sim_r":null,"sim_rsigma":null,"solver":"SARSOP","env_full":"RockSample ()","final_lw":23.437759743351112,"timeout":false,"runtime":3.543255090713501,"final_ub":23.64774750958182}