{"lbs":[9.683819560960002,14.52792360845443,16.647225847433972,18.749573668501675,18.780984293276088,18.780984293276088,18.8121436330523,18.82484814899659,18.82484814899659,18.82484814899659,18.837451028813323,18.860922971991435,18.884207139624127,18.884207139624127,18.884207139624127,19.94232877456063,20.99198543641764,20.99198543641764,20.99198543641764,20.99198543641764,20.99198543641764,20.99198543641764,22.21978378327179,23.437759743351112],"times":[3.822248935699463,3.856663942337036,3.8568549156188965,3.856895923614502,3.8570539951324463,3.8571219444274902,3.8572230339050293,3.8573830127716064,3.8574230670928955,3.8574650287628174,3.8575439453125,3.8577420711517334,3.858006000518799,3.8581929206848145,3.858383893966675,3.85888409614563,3.858947992324829,3.8592169284820557,3.859328031539917,3.8595399856567383,3.8596580028533936,3.859734058380127,3.8602750301361084,3.860466957092285],"env":"RockSample5","ubs":[23.774039273708812,23.774039273708812,23.774039273708812,23.774039273708812,23.774039273708812,23.77403927370881,23.77403927370881,23.77403927370881,23.77403927370881,23.77403927370881,23.764432924704337,23.7549034264919,23.7549034264919,23.7549034264919,23.745373928279463,23.745373928279463,23.745373928279463,23.735920666052724,23.73592066605272,23.73557308269421,23.725889263133247,23.674478682580638,23.648000602590578,23.646774303354007],"sim_r":null,"sim_rsigma":null,"solver":"SARSOP","env_full":"RockSample ()","final_lw":23.437759743351112,"timeout":false,"runtime":3.860466957092285,"final_ub":23.646774303354007}