{"lbs":[-27.027027027027003,-11.517043338555023,-8.908653115046992,-0.7698994558777071,4.315014624881258,6.7956712408962066,7.651909093542185,9.847429393046149,12.799709202850465,14.288300666076957,15.866821264897347,18.539924506099258,19.0834026117276,20.099948102006746,21.11112445577377,22.00126216640008,23.297618382650043,23.90971530267476,24.509939868956987,24.791798346388347,25.06536074436962,25.13140521312456,25.327742367467394,25.73325895526318,25.875818932583257,25.921350718884298,26.006161866290128,26.07948359255339,26.187061976273913,26.37638324138902,26.455284741627985,26.472620305506354,26.55692716201743,26.56536932099081,26.624740072745396,26.651510525006124,26.758665042915993,26.767913079021987,26.816754710606553,26.839204464603533,26.859647509659347,26.86483309959074,26.87858472886804,26.892727623527538,26.90556132138184,26.917476733124424,26.920944800368268,26.936536639845485,26.938721508256627,26.954596358238003,26.96418727769324,26.97118409464734,26.974524086439352,26.979047018755615,26.97933397158234,26.98305497201734,26.984787577062345,26.985921076018585,26.98656946470841,26.98840555472605,26.98926677722981,26.990047099464185,26.991147631380194,26.991669790655568],"times":[0.007934808731079102,0.008081912994384766,0.008198022842407227,0.008332967758178711,0.009308815002441406,0.009598016738891602,0.009908914566040039,0.010233879089355469,0.010521888732910156,0.01081395149230957,0.011085987091064453,0.011420011520385742,0.011664867401123047,0.011956930160522461,0.012285947799682617,0.012549877166748047,0.012890815734863281,0.013226985931396484,0.013559818267822266,0.013907909393310547,0.014269828796386719,0.01444387435913086,0.014746904373168945,0.015141010284423828,0.01547694206237793,0.015671968460083008,0.01581883430480957,0.015908002853393555,0.016145944595336914,0.0164949893951416,0.01678180694580078,0.016917943954467773,0.017309904098510742,0.01753401756286621,0.01792287826538086,0.018047809600830078,0.01862192153930664,0.018834829330444336,0.019232988357543945,0.01944899559020996,0.019600868225097656,0.01979804039001465,0.020135879516601562,0.02030491828918457,0.020460844039916992,0.02069687843322754,0.020830869674682617,0.02111983299255371,0.021200895309448242,0.021582841873168945,0.02400803565979004,0.02687692642211914,0.027225017547607422,0.030345916748046875,0.030510902404785156,0.03092789649963379,0.03126788139343262,0.0314939022064209,0.03163480758666992,0.03223681449890137,0.032483816146850586,0.03286004066467285,0.0363469123840332,0.04006195068359375],"env":"Tiger","ubs":[69.88848502301542,69.88848502301542,62.55172997604098,61.493466715639,57.564390841327665,53.41335325617945,53.27053779162803,52.53619818501002,52.2160182572694,49.62103123158189,49.103062809546294,48.468371291894556,45.37865713850761,45.12860535910012,44.49384243190201,42.83878743333254,41.95354712724152,40.22633673924996,38.96001098936485,37.78547802594893,37.15776573191507,36.77297294844239,36.578108136614986,36.172800560026836,34.97717798033543,34.57154451851784,34.38521511948764,34.20604817756577,33.98149295167906,33.56765616573523,32.71470201104168,32.37431970497224,32.189787046818765,31.431180748069288,31.421020737852917,31.1067161186581,31.049846680708303,30.244249312975608,30.151790944400595,29.808362584160655,29.714626219815216,29.52976127387896,29.44787387261305,29.303860415024147,29.174360615084694,29.062607527018788,28.826925427123953,28.78195463508611,28.554361494224047,28.547886146131354,28.338782463695125,28.090773713074697,27.874516024070022,27.762876794464155,27.639852679461267,27.639852679461267,27.56231523509858,27.512554129891463,27.483117135554018,27.472427011418795,27.394450323680708,27.361966719189397,27.31462207907817,27.246322335137577],"sim_r":null,"sim_rsigma":null,"solver":"BIB-SARSOP","env_full":"Tiger","final_lw":26.991669790655568,"timeout":false,"runtime":0.04006195068359375,"final_ub":27.246322335137577}