{"lbs":[-27.777777777777754,-9.563461875220217,-7.173990834986139,-4.865476188152656,3.4789281164251524,6.184436639246302,9.523197552946161,11.302665552773373,13.79154974936389,16.145042542564312,17.6904834638242,18.932884783559864,20.328732369983268,21.112256364643144,22.117592857094657,23.039413033601512,23.80907053797987,24.44582554368519,24.981630766716037,25.488117377694707,25.77901812046639,25.950257294496062,26.345392101161103,26.508878409715606,26.81713594456098,27.033184424755873,27.157100493417396,27.25349005767697,27.3913833110549,27.48860209468146,27.552623271404187,27.615840228528143,27.646268664831254,27.682281199343848,27.719364227762163,27.740065740693204,27.75656350305821,27.76378104507279,27.76821831819983,27.77897406933726,27.781244757105778,27.785569272507495,27.791631634965114,27.795422571418236,27.797625705086425,27.80019086193622],"times":[0.008636951446533203,0.00896906852722168,0.009087085723876953,0.009238958358764648,0.00948190689086914,0.009654998779296875,0.009891986846923828,0.010067939758300781,0.010318994522094727,0.010551929473876953,0.010729074478149414,0.010942935943603516,0.011199951171875,0.011389017105102539,0.011575937271118164,0.011832952499389648,0.012119054794311523,0.012437105178833008,0.012721061706542969,0.01298213005065918,0.013180017471313477,0.013247013092041016,0.013598918914794922,0.013708114624023438,0.013957023620605469,0.01417398452758789,0.014513015747070312,0.014760017395019531,0.015057086944580078,0.015355110168457031,0.015599966049194336,0.01587200164794922,0.016058921813964844,0.016366958618164062,0.01855301856994629,0.020893096923828125,0.023643016815185547,0.024118900299072266,0.024320125579833984,0.027585983276367188,0.02772808074951172,0.027975082397460938,0.03174901008605957,0.032134056091308594,0.032507896423339844,0.03292107582092285],"env":"Tiger","ubs":[59.98086495834692,59.98086495834692,51.49295637190096,51.37759103948629,51.36392195038745,48.87958359034033,47.61827034811188,45.37443628772567,44.94602687390028,43.3098179543849,41.87305793417465,40.91076743748518,39.934886992777464,38.55294629080058,38.28621080093626,37.35184203877287,36.59845899755368,35.61219792165002,34.766190077318214,34.045770998661624,33.3886035823661,32.992807745331675,32.78590951546789,32.27508178864936,31.968782895987125,31.491694845473862,31.052653483115233,30.795106801765918,30.451353738276012,30.15149790195416,29.835850840630847,29.616092779383827,29.388582358490577,29.24190268851803,29.066154021301177,28.81717598675332,28.622695142662074,28.463388250067695,28.414914768239292,28.369981102932268,28.25646758215604,28.25646758215604,28.215171975589676,28.12851622001545,28.08495185204972,28.06062532395894],"sim_r":null,"sim_rsigma":null,"solver":"EBIB-SARSOP","env_full":"Tiger","final_lw":27.80019086193622,"timeout":false,"runtime":0.03292107582092285,"final_ub":28.06062532395894}