{"lbs":[0.015589033066879587,0.3122914385903291,0.46214143457534257,0.49369996669047983,0.5254913393257999,0.534059918118615,0.5419373242953329,0.5462337588220761],"times":[0.3858001232147217,0.3860950469970703,0.3862900733947754,0.3877871036529541,0.38797593116760254,0.39350199699401855,0.39385390281677246,0.39429306983947754],"env":"FrozenLake4","ubs":[0.5510054830127612,0.5510054830127612,0.5510043936617276,0.5510041589943276,0.5510041364108522,0.5510037632471637,0.5510036377646323,0.550951892593676],"sim_r":null,"sim_rsigma":null,"solver":"EBIB-SARSOP","env_full":"Frozen Lake (4)","final_lw":0.5462337588220761,"timeout":false,"runtime":0.39429306983947754,"final_ub":0.550951892593676}