{"lbs":[-22.222222222222204,-19.613830722222204,-15.584984473274247,-12.77116035496713,-9.842989869786717,-8.609268008312823,-6.404596869703083,-3.6098963685714125,-1.4216173874154774,0.5380384707866177,2.192909338885643,3.7859204770747694,5.217342238018763,6.550284462506086,6.871733518142244,7.910278430463325,9.0971218746635,10.424955402181478,11.377065739300324,12.191013186372196,12.39637601482708,13.059866906874039,13.801518914534215,14.420800070679237,15.020596905074544,15.55787466349336,16.1490227493115,16.583871499152664,16.710655588066818,16.95818104173128,17.421011656204577,17.81162207313161,18.13393518027095,18.400937258864474,18.722367411550465,18.943480981214222,19.18259339014146,19.4254853317261,19.691481230135505,19.928161385041406,19.998904796967,20.083855674970067,20.2477861950887,20.303405565517096,20.404857704929803,20.523460716387458,20.62044445254345,20.70616493307238,20.81639307283826,20.847984109666882,20.854563000239363,20.91876528678153,20.959985859445652,21.04327744465185,21.097690171615685,21.106617923689342,21.165421738638706,21.222507091905896,21.26966997344177,21.290394414005604,21.328944891119377,21.374420399307915,21.406916426720663,21.434228240857095,21.4674478976616,21.49644957353293,21.51950086789372,21.54084011802204,21.564542579481948,21.58305805109751,21.60201186603932,21.616566713538674,21.622781089315623,21.636320912332835,21.65113481683872,21.664598309209183,21.676673470194356,21.68517237497408,21.692267901245533,21.700857635762915,21.709367787809516,21.716980260623288,21.72359944467073,21.729672852773067,21.7350662162929,21.73993336574375,21.744289283690275,21.748204252512352,21.750951989613625,21.75408916167997,21.75547179083796,21.758758925725797,21.760888084619953,21.76312637704755,21.76508450625162,21.766875508011587,21.76846850934067,21.76990491414711,21.77119097870036,21.77234660894806,21.77338311142954],"times":[0.004393100738525391,0.03220391273498535,0.032243967056274414,0.03227710723876953,0.03231096267700195,0.03290510177612305,0.03295493125915527,0.0330500602722168,0.033123016357421875,0.03319907188415527,0.03327798843383789,0.03330802917480469,0.03333687782287598,0.03340411186218262,0.0334320068359375,0.033544063568115234,0.03365802764892578,0.03469395637512207,0.03476095199584961,0.034867048263549805,0.03490591049194336,0.03501605987548828,0.03511810302734375,0.035221099853515625,0.0353848934173584,0.035552978515625,0.03563404083251953,0.03569293022155762,0.03705406188964844,0.03720402717590332,0.03735804557800293,0.03753089904785156,0.03769993782043457,0.03933906555175781,0.039431095123291016,0.039541006088256836,0.03974199295043945,0.039906978607177734,0.04008007049560547,0.04020190238952637,0.04222393035888672,0.0423738956451416,0.04265093803405762,0.044812917709350586,0.045079946517944336,0.04533696174621582,0.04558897018432617,0.04578208923339844,0.045931100845336914,0.04604697227478027,0.04702401161193848,0.047322988510131836,0.04845309257507324,0.048922061920166016,0.049241065979003906,0.05020403861999512,0.05045199394226074,0.050611019134521484,0.05078887939453125,0.05320405960083008,0.0558319091796875,0.056082963943481445,0.056324005126953125,0.0593419075012207,0.05960702896118164,0.061044931411743164,0.06125998497009277,0.06424593925476074,0.0644979476928711,0.06597399711608887,0.06619906425476074,0.06645393371582031,0.06782388687133789,0.06817793846130371,0.06960606575012207,0.07001709938049316,0.07144308090209961,0.07163405418395996,0.07305097579956055,0.07324504852294922,0.07359790802001953,0.07503294944763184,0.07548809051513672,0.07691407203674316,0.07742595672607422,0.07885503768920898,0.07942509651184082,0.08084988594055176,0.08100295066833496,0.08119797706604004,0.08133506774902344,0.08475399017333984,0.08621788024902344,0.08696508407592773,0.08843398094177246,0.08911490440368652,0.09053301811218262,0.09123992919921875,0.09264206886291504,0.09340190887451172,0.09480500221252441],"env":"Tiger","ubs":[57.069564787099345,57.069564787099345,51.42448442606031,50.14473282868934,49.75870537637724,49.56500327880937,45.88204831158354,45.41804656073731,45.1127312355225,44.94851191908952,44.92899106454697,44.91802770781236,43.490954371296525,42.24209068341683,41.74308961453179,41.74308961453179,41.53984232929628,41.49436608318451,40.05206105487369,39.40849637574324,38.56111616002961,38.56111616002961,38.32492156486488,37.97149081784083,37.91133167663041,37.46824075450263,37.02215048484416,36.64637714120395,35.67422458669574,34.86750651655632,34.660653770172175,34.6366002734795,33.829503474232006,33.74977368978881,33.08532345624148,32.505376787696676,31.95160394948121,31.819771431504197,31.33573153526351,31.31964940426113,30.897221381650393,29.905806620247112,29.583954959161495,29.546529022108288,29.036147434206192,29.036147434206192,28.976798636323625,28.926015716368646,28.50510867050515,28.482061467851693,28.19076964508609,27.716431719783547,27.716431719783547,27.47471971853568,27.47471971853568,27.107008527124194,26.795373903526684,26.795373903526684,26.705738277184413,26.699529015565446,26.042173478985905,25.753546701660284,25.40997662554331,25.336462760297536,25.142628609843165,25.142628609843165,24.921536475483183,24.921536475483183,24.546492855800814,24.546492855800814,24.30690702059172,24.108177343591507,24.06293634460025,23.901484026126887,23.73511748154835,23.533724354967852,23.373293603710486,23.218716917634893,23.218716917634893,23.12631182028274,23.12631182028274,22.956844795870015,22.859677619037456,22.75087703617975,22.66090386987782,22.576096241053335,22.500764972189835,22.43206110027228,22.37014032213971,22.37014032213971,22.317917248829378,22.316534603480086,22.232096456256738,22.190603659286396,22.151084388977505,22.11614205750665,22.08420690113183,22.055451811654514,22.029386711705357,22.00583066190703,21.98451350217969],"sim_r":null,"sim_rsigma":null,"solver":"TIB-SARSOP","env_full":"Tiger","final_lw":21.77338311142954,"timeout":false,"runtime":0.09480500221252441,"final_ub":21.98451350217969}