{"lbs":[0.008857506748021169,0.2547154508528647,0.33464195607744446,0.3680614683007489,0.37751366250489937,0.38157223692624004,0.3841540291582974],"times":[0.12383484840393066,0.12410688400268555,0.12427902221679688,0.12462091445922852,0.12480592727661133,0.12513303756713867,0.1252610683441162],"env":"FrozenLake4","ubs":[0.38625819463535965,0.38625819463535965,0.38625819463535965,0.38625819463535965,0.38625676014856913,0.38625662033843333,0.38625659574057114],"sim_r":null,"sim_rsigma":null,"solver":"BIB-SARSOP","env_full":"Frozen Lake (4)","final_lw":0.3841540291582974,"timeout":false,"runtime":0.1252610683441162,"final_ub":0.38625659574057114}