{"lbs":[9.683819560960002,20.91803543612407,22.054814362350513,23.18249905716715,23.18249905716715,23.18249905716715,23.18249905716715,23.18249905716715,23.25026935758204,23.317497495593614,23.317497495593614,23.317497495593614,23.317497495593614,23.317497495593614,23.317497495593614,23.317497495593614,23.317497495593614,23.317497495593614,23.317497495593614,23.317497495593614,23.317497495593614,23.317497495593614,23.317497495593614,23.317497495593614,23.317497495593614,23.317497495593614,23.317497495593614,23.317497495593614,23.317497495593614,23.317497495593614,23.317497495593614,23.317497495593614,23.317497495593614,23.377870109929706],"times":[3.484822988510132,3.4852190017700195,3.4854700565338135,3.48551607131958,3.4856669902801514,3.486001968383789,3.48628306388855,3.4865710735321045,3.486804962158203,3.487071990966797,3.4874839782714844,3.487802028656006,3.487987995147705,3.4884870052337646,3.4886019229888916,3.4887189865112305,3.489078998565674,3.4897520542144775,3.4903650283813477,3.490570068359375,3.4909889698028564,3.4912009239196777,3.4915928840637207,3.4918670654296875,3.4922549724578857,3.492518901824951,3.493259906768799,3.4935450553894043,3.4943079948425293,3.4949951171875,3.4958579540252686,3.496324062347412,3.49685001373291,3.4972879886627197],"env":"RockSample5","ubs":[23.77403927370881,23.77403927370881,23.77403927370881,23.77403927370881,23.77403927370881,23.764432924704337,23.756280161373688,23.7549034264919,23.7549034264919,23.7549034264919,23.748032481273853,23.745373928279463,23.73592066605272,23.73592066605272,23.73557308269421,23.725889263133247,23.679498122612173,23.64779172487338,23.627993124616594,23.622537759040164,23.618147438358086,23.6120378583484,23.61192004921093,23.61192004921093,23.61192004921093,23.61192004921093,23.61192004921093,23.61192004921093,23.61192004921093,23.61192004921093,23.61189931161401,23.610608954636543,23.607441373978546,23.607441373978546],"sim_r":null,"sim_rsigma":null,"solver":"EBIB-SARSOP","env_full":"RockSample ()","final_lw":23.377870109929706,"timeout":false,"runtime":3.4972879886627197,"final_ub":23.607441373978546}