{"lbs":[0.008940844970084691,0.25641978444596103,0.3374920360217868,0.3718688704860695,0.38145849560699047,0.38556075062562317,0.3881884123567143],"times":[0.2395648956298828,0.23984193801879883,0.24001598358154297,0.24036192893981934,0.24054384231567383,0.2408599853515625,0.24098587036132812],"env":"FrozenLake4","ubs":[0.39034491325339515,0.39034491325339515,0.39034491325339515,0.39034491325339515,0.390343413685567,0.39034327230947174,0.3903432465143453],"sim_r":null,"sim_rsigma":null,"solver":"EBIB-SARSOP","env_full":"Frozen Lake (4)","final_lw":0.3881884123567143,"timeout":false,"runtime":0.24098587036132812,"final_ub":0.3903432465143453}