{"lbs":[9.49005240561,14.24079829312888,16.205350254226783,18.144363039830417,18.16318165411974,18.201564085533338,18.258021517642124,18.258021517642124,18.260807899954028,18.260807899954028,18.260807899954028,18.260807899954028,18.260807899954028,18.260807899954028,18.260807899954028,18.260807899954028,18.260807899954028,18.260807899954028,18.263558059295878,19.64934809683199,20.44993663438453,20.44993663438453,21.579915986407716,21.634227727772693,21.714829020952294,21.749740385896423,21.749740385896423,21.749740385896423,21.76625535922352,21.798684138171986,21.804139033814838,21.844360273918277,21.88944261989986,21.88944261989986,21.88944261989986,21.88944261989986,21.916250953308268,21.94271077838237,21.94271077838237,21.94271077838237,21.94271077838237,21.94271077838237,21.9519177838662,21.96100509827874,21.96100509827874,21.964622695180505,21.968193263322547,21.968193263322547,22.100698131223346,22.231480435841437,22.231480435841437,22.231480435841437,22.3290898804464,22.425430402271495,22.425430402271495,22.425430402271495,22.425430402271495,22.425430402271495,22.425430402271495,22.425430402271495,22.425430402271495,22.425430402271495,22.425430402271495,22.425430402271495,22.425430402271495,22.425430402271495,22.471935045664424,22.471935045664424,22.495035238431818,22.51783512869324,22.51783512869324,22.51783512869324,22.51783512869324,22.51783512869324,22.51783512869324,22.51783512869324,22.51783512869324,22.51783512869324,22.51783512869324,22.51783512869324,22.51783512869324,22.51783512869324,22.51783512869324,22.51783512869324,22.51783512869324,22.51783512869324,22.51783512869324,22.51783512869324,22.51783512869324,22.51783512869324],"times":[2.5056941509246826,2.5393810272216797,2.5395660400390625,2.539607048034668,2.539769172668457,2.5399181842803955,2.539961099624634,2.540019989013672,2.540192127227783,2.5403621196746826,2.5405449867248535,2.54059100151062,2.5407509803771973,2.540933132171631,2.541090965270996,2.5411829948425293,2.5413219928741455,2.54141902923584,2.5415141582489014,2.541923999786377,2.542342185974121,2.5424439907073975,2.542572021484375,2.5429210662841797,2.5429670810699463,2.5433549880981445,2.5439000129699707,2.5441861152648926,2.544625997543335,2.54475998878479,2.544948101043701,2.5453040599823,2.5453989505767822,2.546251058578491,2.546682119369507,2.547258138656616,2.5477540493011475,2.5482470989227295,2.548549175262451,2.5489389896392822,2.549575090408325,2.5502829551696777,2.551206111907959,2.551629066467285,2.5519940853118896,2.552809000015259,2.5530641078948975,2.553502082824707,2.5547170639038086,2.55485200881958,2.555211067199707,2.5557260513305664,2.557163953781128,2.557324171066284,2.557509183883667,2.5578041076660156,2.558267116546631,2.5594170093536377,2.559725046157837,2.5601041316986084,2.5603981018066406,2.5606651306152344,2.5619101524353027,2.5622899532318115,2.562697172164917,2.5631000995635986,2.5649831295013428,2.565706968307495,2.566420078277588,2.566581964492798,2.5683701038360596,2.568758964538574,2.569148063659668,2.569822072982788,2.5713131427764893,2.571719169616699,2.5721511840820312,2.5725531578063965,2.574284076690674,2.574751138687134,2.5751709938049316,2.5755300521850586,2.577155113220215,2.577566146850586,2.57784104347229,2.578205108642578,2.57873797416687,2.580322027206421,2.5807530879974365,2.580933094024658],"env":"RockSample5","ubs":[23.041412758508905,23.041412758508905,23.041412758508905,23.041412758508905,23.041412758508905,23.041412758508905,23.02619190070686,23.0134435132181,23.011168914056242,23.011168914056242,23.011168914056242,23.0004540471097,22.996145927405617,22.996145927405617,22.996145927405617,22.996145927405617,22.98035804600251,22.964936710843393,22.90009819271576,22.843204178028415,22.830455597070877,22.829595311117387,22.819528669244526,22.814978845330515,22.814671819033464,22.814651100616913,22.814649702519134,22.81411635257129,22.814080361626885,22.8140779329249,22.813848294473217,22.790471390752703,22.790471390752703,22.790471390752703,22.790471390752703,22.790471390752703,22.790471390752703,22.790471390752703,22.789953862570705,22.789953862570705,22.78896812737822,22.78896812737822,22.78896812737822,22.788299464824426,22.78615577393322,22.785636214055707,22.784270434347285,22.782409604175967,22.778564552795032,22.778564552795032,22.774769487082047,22.77143791769609,22.77136890265755,22.771208443135446,22.767693692760155,22.767682864804208,22.76320753877725,22.758779704796126,22.757933990092717,22.757933990092717,22.757933990092717,22.756288152438373,22.753828990261276,22.753753149542092,22.752179517164855,22.752179517164855,22.75024927823592,22.74671610246689,22.74671610246689,22.74671610246689,22.74671610246689,22.74671610246689,22.74671610246689,22.74671610246689,22.74671610246689,22.74671610246689,22.74671610246689,22.74671610246689,22.74671610246689,22.74671610246689,22.74671610246689,22.74671610246689,22.74671610246689,22.74671610246689,22.74671610246689,22.74671610246689,22.74671610246689,22.74671610246689,22.743505229292268,22.74187439264829],"sim_r":null,"sim_rsigma":null,"solver":"TIB-SARSOP","env_full":"RockSample ()","final_lw":22.51783512869324,"timeout":false,"runtime":2.580933094024658,"final_ub":22.74187439264829}