{"lbs":[0.009109722710526685,0.2598577042292611,0.28958940288176005,0.3535817210239053,0.35940927078004453,0.36917744933154134,0.38158427418899743,0.38271107318869396,0.3828530137708299,0.3828662044125244,0.38388223520518805,0.391999439267044,0.3938606994831066,0.3938606994831066,0.3938606994831066,0.3938606994831066,0.3938606994831066,0.3938606994831066,0.3949291288617091,0.3952202417609524,0.39526430716075583,0.39607205769996495,0.3966393094318731,0.3982914215302408,0.3982914215302408,0.3982914215302408,0.3986633916082413],"times":[0.12155914306640625,0.15166592597961426,0.1519639492034912,0.15222501754760742,0.15233302116394043,0.15255093574523926,0.15297412872314453,0.15305113792419434,0.1532740592956543,0.15335893630981445,0.15365815162658691,0.15374302864074707,0.15402007102966309,0.1540999412536621,0.15436410903930664,0.1544051170349121,0.15531301498413086,0.15536212921142578,0.15587115287780762,0.15601611137390137,0.15613698959350586,0.15679407119750977,0.15700197219848633,0.15769004821777344,0.15775799751281738,0.15787315368652344,0.1584489345550537],"env":"FrozenLake4","ubs":[0.44876138203486127,0.44876138203486127,0.4397877434477256,0.4316517609200294,0.41830272557292403,0.41813959707922277,0.4172737267059692,0.41719508757938695,0.41311354698239994,0.4108966824583599,0.40981021696847997,0.40959242185928335,0.4090676458920489,0.4090676458920489,0.40905202682193864,0.40757276920908664,0.4045795881298541,0.4044351598483552,0.40417339722264417,0.4041364509659211,0.40413309547363385,0.4035089844617277,0.4032105852240027,0.4028407595227757,0.40256882899058277,0.40228203112949906,0.4019694662254461],"sim_r":null,"sim_rsigma":null,"solver":"SARSOP","env_full":"Frozen Lake (4)","final_lw":0.3986633916082413,"timeout":false,"runtime":0.1584489345550537,"final_ub":0.4019694662254461}