{"lbs":[-19.999999999999982,-17.418849999999985,-13.544783164796861,-9.939097343628244,-7.072950175056036,-3.7410388198249915,-1.2460193953936274,0.5592337269472434,2.4351539867260756,4.317033166878336,5.735734275008277,6.3599035393900945,8.018548218895681,9.116587806986804,10.419534218120782,11.218568204228106,11.409761072006692,12.02347701080731,12.720295421358411,13.289645192716726,13.435341582698818,13.903016960952312,14.41683961541493,14.991487547033259,15.397550707461024,15.704897816435729,16.107134889487753,16.25012806255959,16.41794118188858,16.733835946430247,16.88686532520605,17.161938240974088,17.254708935926363,17.409948940551153,17.599683965973647,17.79920969996654,17.956462343307038,18.098273716489842,18.218224961906046,18.3528439552973,18.446617114078133,18.55791782029172,18.650582009039447,18.71339747623779,18.77916679585657,18.82969545009918,18.896702128881582,18.947551172707875,18.996755682065817,19.038658266026477,19.068773486029777,19.095983641341128,19.125875795593423,19.14710639309343,19.1735967711276,19.195382568716695,19.2116320385145,19.225672866001204,19.24345078181657,19.257309343398873,19.268062924660946,19.272261812973376,19.280678496039627,19.291045241684007,19.300049285885272,19.308171335797145,19.315315054865934,19.32167613021236,19.327304026541096,19.332299706133128,19.33672665265903,19.340653051803848,19.344133928225947,19.34722055224592],"times":[0.007584095001220703,0.0352170467376709,0.035250186920166016,0.03530311584472656,0.03533005714416504,0.03584718704223633,0.03594207763671875,0.03600716590881348,0.036080121994018555,0.036843061447143555,0.03699803352355957,0.03707098960876465,0.037154197692871094,0.03724098205566406,0.03817319869995117,0.038253068923950195,0.03829813003540039,0.03838300704956055,0.03849005699157715,0.03864097595214844,0.038681983947753906,0.03882002830505371,0.03892803192138672,0.04010820388793945,0.04023909568786621,0.04033708572387695,0.040444135665893555,0.04193902015686035,0.0426030158996582,0.04273414611816406,0.042838096618652344,0.04298806190490723,0.04451107978820801,0.0446469783782959,0.04481101036071777,0.04496908187866211,0.04509997367858887,0.045248985290527344,0.04539918899536133,0.04555797576904297,0.04570913314819336,0.0458981990814209,0.04665708541870117,0.0467832088470459,0.04692816734313965,0.04874610900878906,0.050595998764038086,0.05152010917663574,0.05342912673950195,0.05437302589416504,0.054514169692993164,0.056777000427246094,0.05698204040527344,0.05936598777770996,0.05964303016662598,0.0607450008392334,0.06089615821838379,0.06202507019042969,0.0631251335144043,0.06418299674987793,0.0643470287322998,0.06717419624328613,0.06837821006774902,0.06955313682556152,0.07068419456481934,0.07185220718383789,0.0729820728302002,0.07414507865905762,0.07526707649230957,0.0764319896697998,0.07755804061889648,0.07871103286743164,0.07980704307556152,0.08094620704650879],"env":"Tiger","ubs":[42.79702018346543,42.79702018346543,38.004368984516844,36.876588312204376,36.06872704647969,35.84599514822217,33.33881747436955,33.15963545316907,33.13901720196705,32.67496221187368,31.46751195000251,31.275474774235725,30.378462369602218,29.965452369146043,29.70098325885759,28.74253117178386,27.827792142285894,27.827792142285894,27.722534265585352,27.47465350733242,27.15836953501956,27.15836953501956,27.1069573972859,26.76277399758034,25.95223752537317,25.95223752537317,25.64839706834116,25.416923634801734,25.010420271934354,24.5147979565714,24.5147979565714,24.42058208803261,24.352710145508766,23.652011846618826,23.652011846618826,23.615513798965075,23.31473306703346,22.905120406716847,22.832750925674414,22.79115278338806,22.481852198120365,22.46808812880289,22.067319980593588,21.808361880009798,21.617802240318355,21.56974299203275,21.3428560115702,21.105364325877446,20.934153219163576,20.764389350067596,20.61925667437195,20.61925667437195,20.47718798875352,20.47718798875352,20.411294398984413,20.288343265096472,20.196004556335232,20.196004556335232,20.10473211598123,20.029011657764364,19.95889779774418,19.95889779774418,19.910177429447486,19.86095491715981,19.806178494670526,19.761522571667804,19.719830714895817,19.68324650662388,19.650239538865016,19.620832105642425,19.594482826696087,19.57093396713784,19.549863612260346,19.531020707213564],"sim_r":null,"sim_rsigma":null,"solver":"ETIB-SARSOP","env_full":"Tiger","final_lw":19.34722055224592,"timeout":false,"runtime":0.08094620704650879,"final_ub":19.531020707213564}