{"lbs":[-52.631578947368375,-35.34139882340759,-32.01852805512449,-23.474422685413938,-15.087508582326471,-10.977341865307364,-9.357619771728395,3.438940091902703,6.7921217312163975,8.97778779693725,13.52052513315546,15.697287308843013,19.52092355381651,22.96244442458689,25.271335474735736,26.979998248459978,29.462822210522553,31.810395535503964,33.452278243710865,37.239270951945954,38.78040930922981,40.02278459654488,40.69987542473718,40.7829551650672,42.43179696983552,43.18281481573625,43.53907469319219,44.670531512915716,45.908300166444576,46.097215186493074,46.77162727200208,47.23928913883966,47.413598710332934,48.39679653033676,48.749496163937835,49.68962892744648,50.1038874677438,50.30039903881626,51.17311735946822,51.816257141417836,52.20282967774888,52.367637765509436,52.445817677571185,52.6285947663885,52.71529862252087,52.778664424492206,53.08006416207542,53.32287830484522,53.47382631583372,53.70659636664152,53.76303133964683,53.93922660968671,54.04512308707384,54.19900601038165,54.254273284366114,54.34807455247488,54.37078471436518,54.39552831911183,54.46837925927426,54.48523464248089,54.50424039620456,54.53469639882399,54.58326113206225,54.58851504748462,54.59982378039916,54.61026094161903,54.61266724888932,54.620442758180246,54.63779986434662,54.64793982766681,54.65518227747943,54.65753547753811,54.66942847485879,54.682216597100336,54.69101994920999,54.69670355769115,54.70354748146124,54.711123317390474,54.715389861274645,54.726168117311275,54.72711764313101,54.7295608335067,54.730642576958324,54.73242258795744,54.736857212761606,54.73883453471872,54.74255405001576,54.743517728712476,54.7448835020201,54.74611751385248,54.74722548311159,54.74814164680812,54.74922313396074],"times":[0.014842033386230469,0.015038013458251953,0.015290975570678711,0.015611886978149414,0.016069889068603516,0.01664280891418457,0.01730799674987793,0.01798391342163086,0.018762826919555664,0.019800901412963867,0.020799875259399414,0.021956920623779297,0.02302694320678711,0.024209976196289062,0.025700807571411133,0.027698993682861328,0.02939581871032715,0.031039953231811523,0.03340601921081543,0.03494381904602051,0.03646397590637207,0.03970193862915039,0.039961814880371094,0.040170907974243164,0.04178285598754883,0.04588890075683594,0.046083927154541016,0.05056881904602051,0.05247783660888672,0.05270886421203613,0.05445694923400879,0.060240983963012695,0.06052684783935547,0.06218600273132324,0.06381988525390625,0.06554985046386719,0.06695890426635742,0.06721997261047363,0.06956601142883301,0.0717778205871582,0.07316303253173828,0.07487082481384277,0.07517099380493164,0.07657694816589355,0.07692599296569824,0.07729983329772949,0.0790560245513916,0.08129501342773438,0.0824120044708252,0.08489680290222168,0.08622193336486816,0.08805990219116211,0.08943986892700195,0.09134697914123535,0.09245681762695312,0.094268798828125,0.0948178768157959,0.09552788734436035,0.09717202186584473,0.09775996208190918,0.09879684448242188,0.10015583038330078,0.10224580764770508,0.10304498672485352,0.10342693328857422,0.1038358211517334,0.10456585884094238,0.10595083236694336,0.10721898078918457,0.10843682289123535,0.10927295684814453,0.1097710132598877,0.11092901229858398,0.11194300651550293,0.11308598518371582,0.11362195014953613,0.1148378849029541,0.11622095108032227,0.11679196357727051,0.16380691528320312,0.1642589569091797,0.16523194313049316,0.16574788093566895,0.16704392433166504,0.1695699691772461,0.17060494422912598,0.18663692474365234,0.18817782402038574,0.19028282165527344,0.192335844039917,0.19372081756591797,0.1951580047607422,0.19704985618591309],"env":"Tiger","ubs":[138.19311861982828,138.19311861982828,130.5794121671226,129.4798135265797,125.55305011305195,121.89910645399036,120.8835536584914,120.26551359325686,116.16998329628352,113.705532602072,113.07483166324037,111.37601477821829,109.18001411601182,106.01431500094752,102.61562782936329,101.7470410843473,100.73384527792493,98.08366916598794,95.51929907294686,94.86909649344577,91.87606351965246,89.868343479912,89.10977847562316,89.10977847562316,87.77793246235514,85.6879019266177,84.94435416719196,84.54116651473726,83.26284310075224,81.74124882658543,81.09331329295752,80.01424407564843,79.24395125264259,78.83514210292506,77.04640525422818,76.5397174250913,74.93545440535544,73.95998501249278,73.59854918582577,71.80972857312217,70.31220275717263,69.25003552669821,68.98689779084037,68.6891719054789,67.97133156048389,67.8603178941209,67.79818654276167,66.67841455950465,65.60466877805618,65.06508990208988,63.87668922140032,63.48611184886601,62.758854453807736,62.33210263590963,61.529177763718785,61.264255379172795,60.50942277822405,60.39848736887538,60.21054981956999,59.60599409976598,59.52534435741765,59.38573712271584,59.08163048705715,58.443417885719384,58.39960404314249,58.355164939100675,58.182268681437925,58.14542630602145,58.06917802751829,57.854964402794856,57.72384762509962,57.565629790779255,57.516917238064806,57.31978463276477,57.1397523618991,56.98368050964926,56.89944933712965,56.76659554950766,56.6103459885681,56.512646380494914,56.193287645978664,56.193287645978664,56.11795939704176,56.06723247879198,56.002973586735244,55.83220693869787,55.7552250632485,55.574886876807135,55.52103643739683,55.459569172354975,55.38967628425155,55.336995279852104,55.27931847748282],"sim_r":null,"sim_rsigma":null,"solver":"BIB-SARSOP","env_full":"Tiger","final_lw":54.74922313396074,"timeout":false,"runtime":0.19704985618591309,"final_ub":55.27931847748282}