{"lbs":[9.49005240561,14.24079829312888,16.205350254226783,18.144363039830417,18.16318165411974,18.201564085533338,18.258021517642124,18.258021517642124,18.260807899954028,18.260807899954028,18.260807899954028,18.260807899954028,18.260807899954028,18.260807899954028,18.260807899954028,18.260807899954028,18.260807899954028,18.260807899954028,18.263558059295878,19.64934809683199,20.44993663438453,20.44993663438453,21.579915986407716,21.634227727772693,21.714829020952294,21.749740385896423,21.749740385896423,21.749740385896423,21.76625535922352,21.798684138171986,21.804139033814838,21.844360273918277,21.88944261989986,21.88944261989986,21.88944261989986,21.88944261989986,21.916250953308268,21.94271077838237,21.94271077838237,21.94271077838237,21.94271077838237,21.94271077838237,21.9519177838662,21.96100509827874,21.96100509827874,21.964622695180505,21.968193263322547,21.968193263322547,22.100698131223346,22.231480435841437,22.231480435841437,22.231480435841437,22.3290898804464,22.425430402271495,22.425430402271495,22.425430402271495,22.425430402271495,22.425430402271495,22.425430402271495,22.425430402271495,22.425430402271495,22.425430402271495,22.425430402271495,22.425430402271495,22.425430402271495,22.425430402271495,22.471935045664424,22.471935045664424,22.471935045664424,22.495035238431818,22.51783512869324,22.51783512869324,22.51783512869324,22.51783512869324,22.51783512869324,22.51783512869324,22.51783512869324,22.51783512869324,22.51783512869324,22.51783512869324,22.51783512869324,22.51783512869324,22.51783512869324,22.51783512869324,22.51783512869324,22.51783512869324,22.51783512869324],"times":[2.6367270946502686,2.6709539890289307,2.6711840629577637,2.671225070953369,2.6713781356811523,2.671527147293091,2.671570062637329,2.671628952026367,2.6718010902404785,2.6719651222229004,2.672152042388916,2.672199010848999,2.6723599433898926,2.6725449562072754,2.6727030277252197,2.672795057296753,2.672929048538208,2.673025131225586,2.673124074935913,2.673527956008911,2.6739370822906494,2.6740400791168213,2.6741721630096436,2.67451810836792,2.6745641231536865,2.674950122833252,2.6754989624023438,2.675788164138794,2.6762290000915527,2.6763651371002197,2.676553964614868,2.6769111156463623,2.6770060062408447,2.6778640747070312,2.6782920360565186,2.6788699626922607,2.6793689727783203,2.679866075515747,2.680171012878418,2.6805620193481445,2.6811840534210205,2.681878089904785,2.6828091144561768,2.6832351684570312,2.683603048324585,2.6844310760498047,2.6846890449523926,2.685129165649414,2.6863529682159424,2.6864891052246094,2.6868510246276855,2.6873650550842285,2.6888179779052734,2.6889750957489014,2.6891679763793945,2.689465045928955,2.6899290084838867,2.691077947616577,2.6913909912109375,2.6917741298675537,2.692065954208374,2.692340135574341,2.6935880184173584,2.6939730644226074,2.6943840980529785,2.694788932800293,2.6966800689697266,2.6973979473114014,2.6981780529022217,2.6999051570892334,2.7000770568847656,2.700693130493164,2.7012250423431396,2.7026901245117188,2.7030301094055176,2.7034239768981934,2.7038819789886475,2.704303026199341,2.7056500911712646,2.706066131591797,2.7064640522003174,2.707092046737671,2.708538055419922,2.7090301513671875,2.709428071975708,2.7098629474639893,2.7100441455841064],"env":"RockSample5","ubs":[23.041412758508905,23.041412758508905,23.041412758508905,23.041412758508905,23.041412758508905,23.041412758508905,23.02619190070686,23.0134435132181,23.011168914056242,23.011168914056242,23.011168914056242,23.0004540471097,22.996145927405617,22.996145927405617,22.996145927405617,22.996145927405617,22.98035804600251,22.964936710843393,22.90009819271576,22.843204178028415,22.830455597070877,22.829595311117387,22.819528669244526,22.814978845330515,22.814671819033464,22.814651100616913,22.814649702519134,22.81411635257129,22.814080361626885,22.8140779329249,22.813848294473217,22.790471390752703,22.790471390752703,22.790471390752703,22.790471390752703,22.790471390752703,22.790471390752703,22.790471390752703,22.789953862570705,22.789953862570705,22.78896812737822,22.78896812737822,22.78896812737822,22.788299464824426,22.78615577393322,22.785636214055707,22.784270434347285,22.782409604175967,22.778564552795032,22.778564552795032,22.774769487082047,22.77143791769609,22.77136890265755,22.771208443135446,22.767693692760155,22.767682864804208,22.76320753877725,22.758779704796126,22.757933990092717,22.757933990092717,22.757933990092717,22.756288152438376,22.75382899026128,22.753753149542092,22.75217951716486,22.75217951716486,22.75024927823592,22.74671610246689,22.74671610246689,22.74671610246689,22.74671610246689,22.74671610246689,22.74671610246689,22.74671610246689,22.74671610246689,22.74671610246689,22.74671610246689,22.74671610246689,22.74671610246689,22.74671610246689,22.74671610246689,22.74671610246689,22.74671610246689,22.74671610246689,22.74671610246689,22.743505229292268,22.74187439264829],"sim_r":null,"sim_rsigma":null,"solver":"ETIB-SARSOP","env_full":"RockSample ()","final_lw":22.51783512869324,"timeout":false,"runtime":2.7100441455841064,"final_ub":22.74187439264829}