{"lbs":[-21.276595744680833,-18.679118004680834,-14.682535465648206,-11.910884128071057,-9.031488778125793,-7.677431437374921,-5.473942248747278,-2.6304943193842156,-0.48644930098832895,1.3569683830801753,2.946804745776305,4.451270508283886,5.807206172471153,7.06064560773391,7.362802496320201,8.336490661080338,9.44483331936393,10.678956201832735,11.560283764203465,12.310664372992214,12.49961070891084,13.108482516929264,13.786909451058378,14.351008948881763,14.895489039903524,15.381273084344963,15.913641070091687,16.303547230066936,16.41544204284673,16.732074311441423,17.09071505685003,17.386622413566215,17.79913617180873,17.92013886610161,18.187890435682355,18.305220252761146,18.55676797994184,18.72842978100252,18.931292076881874,19.13607108922659,19.284340714633537,19.408403658634278,19.465251487124753,19.566204512904015,19.669081127377115,19.75840009735922,19.79836296626923,19.873468231769152,19.967254294667036,19.990645431637226,20.052714902010393,20.11250168528696,20.186241948138864,20.235185325580574,20.27510916157555,20.32274373398206,20.364454506016877,20.39916766241305,20.41296766214993,20.44057888448428,20.474547498427203,20.504497119582606,20.52571784065926,20.534586867249217,20.552720915265468,20.574598154733913,20.58950532130818,20.596037701790806,20.61301074386588,20.627783611567786,20.630675965762947,20.642318701912302,20.65426804598614,20.66525650096277,20.672827763357738,20.681545379869437,20.68280187000559,20.68883284840703,20.696097971676704,20.702501047169704,20.70707071459849,20.712186154288148,20.712908371334734,20.716517638043833,20.720803931534988,20.723734926343244,20.726209404987564,20.72923507403134,20.73056093440259,20.733189507534917,20.73417253475653,20.735765112878052,20.736462987030478,20.738637300132012,20.739590092897615,20.74126621456042,20.74241821545992,20.7436575101667,20.74470538554052,20.745707632689268,20.74660600464256,20.747438863594343,20.748197495955424,20.748894893863916,20.75026520839664,20.75086002864334,20.75148262130554,20.751899627444452,20.75228917373461,20.752774634705453,20.753177046398797,20.753533014245583],"times":[0.004164934158325195,0.03213000297546387,0.03216910362243652,0.03220200538635254,0.03223705291748047,0.03282499313354492,0.032898902893066406,0.0329899787902832,0.033061981201171875,0.033141136169433594,0.033219099044799805,0.033247947692871094,0.033277034759521484,0.03334403038024902,0.0333709716796875,0.03348398208618164,0.03360295295715332,0.034584999084472656,0.0346529483795166,0.0347590446472168,0.03479790687561035,0.03490400314331055,0.035006046295166016,0.03510904312133789,0.03524303436279297,0.03537893295288086,0.03545808792114258,0.03551602363586426,0.03557991981506348,0.035700082778930664,0.03582310676574707,0.035893917083740234,0.036010026931762695,0.037333011627197266,0.03748798370361328,0.03758811950683594,0.0377500057220459,0.03788900375366211,0.03801298141479492,0.03961801528930664,0.03973793983459473,0.039942026138305664,0.04160809516906738,0.041832923889160156,0.042025089263916016,0.04222893714904785,0.0443270206451416,0.04447007179260254,0.0446629524230957,0.04554009437561035,0.04588603973388672,0.04610490798950195,0.04706311225891113,0.04727911949157715,0.04955697059631348,0.04980611801147461,0.05094003677368164,0.051132917404174805,0.053601980209350586,0.053793907165527344,0.05651593208312988,0.05682802200317383,0.05707812309265137,0.058300018310546875,0.058650970458984375,0.05992603302001953,0.06017804145812988,0.06041908264160156,0.06067204475402832,0.06090211868286133,0.0638570785522461,0.06531405448913574,0.06581497192382812,0.06712007522583008,0.06738996505737305,0.06781911849975586,0.06901812553405762,0.06949901580810547,0.07082390785217285,0.07136201858520508,0.07163810729980469,0.0720670223236084,0.07222890853881836,0.07359194755554199,0.07418513298034668,0.0744619369506836,0.0777289867401123,0.07802700996398926,0.07831501960754395,0.07862210273742676,0.08004498481750488,0.08034801483154297,0.08071613311767578,0.08109712600708008,0.08143305778503418,0.08178091049194336,0.08207392692565918,0.08236408233642578,0.08265995979309082,0.08295011520385742,0.08324193954467773,0.08353209495544434,0.08382701873779297,0.08411693572998047,0.08759903907775879,0.08907008171081543,0.09266805648803711,0.09300494194030762,0.09333610534667969,0.0937349796295166,0.09531998634338379,0.09610295295715332],"env":"Tiger","ubs":[54.54815358087355,54.54815358087355,48.91965076106746,47.64364233800079,47.26099377800056,47.06892686000894,43.40702867752639,42.93635271830483,42.65917861412724,42.49802174687103,42.47897919675944,42.4681405278194,41.03979666796137,39.800924518765385,39.30621921023975,39.30621921023975,39.10547675245402,39.06071056818689,37.662129578527086,37.000076225275905,36.18542092306588,36.18542092306588,35.76715007610907,35.726661522393805,35.52031071800252,35.09741683846502,34.64396826710025,34.29405422561715,33.34072642699,32.655944344519966,32.57664887510187,32.37777909311364,32.18165714786893,32.0420439045719,30.614672376456667,30.614672376456667,29.964174847916524,29.783874227261002,29.19992299820934,29.182921529846503,28.386930929126912,28.104669194927446,28.02142514030495,27.193199241631106,27.193199241631106,27.187278861974242,27.015803353146445,26.31599723208885,26.31599723208885,25.967248864438446,25.44304690098143,25.44304690098143,25.426722461667175,24.980313433727254,24.980313433727254,24.67192076524395,24.67192076524395,24.424406407944588,24.424406407944588,24.00790887185544,23.91654841334229,23.63925311719319,23.34439977094387,23.338230805245182,23.112305112163362,22.89127136669719,22.673397192639072,22.673397192639072,22.623406262281883,22.5924595482754,22.44908359998767,22.36373447947006,22.222483191582313,22.069133070439605,21.941570370269453,21.941570370269453,21.827115358703978,21.74475794224,21.660826609010222,21.565029595883793,21.48695027905272,21.486949908404483,21.416951972838838,21.392770516854988,21.33935308091153,21.277365043750795,21.27736501895847,21.238393822127293,21.238393822127293,21.227580481401354,21.21188846450337,21.162580751779572,21.162580751779572,21.152534142896833,21.151016178416114,21.141634021330646,21.135364605679868,21.12993073743722,21.126832202241225,21.124251592197755,21.122818900221915,21.12166738031933,21.121028273509744,21.12052890578272,21.120249646972738,21.06172731929939,21.061134324799582,21.012481928922885,21.012411306410364,21.01240312856018,20.979374315112562,20.95995961689337],"sim_r":null,"sim_rsigma":null,"solver":"TIB-SARSOP","env_full":"Tiger","final_lw":20.753533014245583,"timeout":false,"runtime":0.09610295295715332,"final_ub":20.95995961689337}