{"lbs":[-24.99999999999998,-22.36422399999998,-18.034057987306994,-15.009951410208657,-11.632421828572522,-8.0685468673568,-5.655217552865777,-3.5104981076223747,-1.4727396354176232,0.6168282438356971,2.9376220890622866,4.594185315141928,5.334781988549016,7.06388514316127,8.320717124471214,9.840058473693164,10.126133380120315,11.349533682074684,12.333732788178722,13.212994363645882,13.431958447573225,14.143980171895747,14.953284138878931,15.6334204164517,16.29930172601528,16.901063332023966,17.467786117825895,18.051561454056724,18.641829275110805,19.05286096892341,19.477055809170324,19.651178118920818,19.991215760370963,20.347812089610237,20.790626649625366,21.103573394851097,21.401096781555225,21.69742012498669,21.777456003086087,21.985310189190468,22.192822995481094,22.278038146886292,22.444473635933754,22.62933123282366,22.786383186374394,22.918009061705206,23.081597087396286,23.139778236975054,23.2425610271084,23.367714807542214,23.469617990742382,23.513151171867193,23.603051730440416,23.695550479080964,23.775274777943174,23.8421110456307,23.935919041293168,23.995402716567142,24.07506317677008,24.140061648361296,24.187519131399007,24.231711791759835,24.286829532454735,24.318865190402217,24.355018505269364,24.39861251932303,24.435279456641275,24.467944042580385,24.49171095563827,24.52054087944029,24.54615755082262,24.5689106535593,24.589737149591866,24.604422741675897,24.61824421451218,24.635620522546965,24.645675458892228,24.66197682115935,24.673289235574106,24.684437624662188,24.694602296048767,24.701849369302792,24.707973146042367,24.716588421063904,24.723527524578813,24.730248068435063,24.736184699405676,24.74165793465232,24.7465929234242,24.751092966285036,24.755172910365978,24.758882790344273,24.762251160758865,24.76531177392399,24.768091677669286],"times":[0.00958395004272461,0.03818392753601074,0.03887581825256348,0.03901481628417969,0.04006791114807129,0.041435956954956055,0.041562795639038086,0.04165387153625488,0.041754961013793945,0.04188179969787598,0.04259800910949707,0.042778968811035156,0.04285693168640137,0.0430448055267334,0.0431818962097168,0.043298959732055664,0.04334878921508789,0.04514598846435547,0.045262813568115234,0.04553985595703125,0.045599937438964844,0.04576277732849121,0.04593300819396973,0.04608893394470215,0.046263933181762695,0.046492815017700195,0.04664897918701172,0.04676985740661621,0.04698300361633301,0.047093868255615234,0.04726886749267578,0.04956197738647461,0.04977083206176758,0.04999184608459473,0.05256199836730957,0.05276179313659668,0.05296492576599121,0.053134918212890625,0.05614495277404785,0.05937981605529785,0.05966997146606445,0.06114077568054199,0.06142878532409668,0.06163978576660156,0.06197786331176758,0.06556081771850586,0.0657799243927002,0.06733083724975586,0.0676579475402832,0.0678708553314209,0.06815195083618164,0.07195591926574707,0.0735938549041748,0.07385492324829102,0.0741579532623291,0.07832980155944824,0.08234000205993652,0.08263087272644043,0.08467578887939453,0.08504080772399902,0.08533883094787598,0.09010982513427734,0.09055685997009277,0.09081387519836426,0.09112000465393066,0.09309101104736328,0.09363794326782227,0.09567785263061523,0.09594392776489258,0.09803295135498047,0.09862184524536133,0.1006619930267334,0.10131096839904785,0.1015617847442627,0.10374999046325684,0.1044769287109375,0.10470294952392578,0.10988783836364746,0.11201286315917969,0.11300897598266602,0.11517977714538574,0.115447998046875,0.11769485473632812,0.12274384498596191,0.12373781204223633,0.12602996826171875,0.1270749568939209,0.12935590744018555,0.13048696517944336,0.13277196884155273,0.13397479057312012,0.13625884056091309,0.13753795623779297,0.1399068832397461,0.1412677764892578],"env":"Tiger","ubs":[53.83960579675573,53.83960579675573,48.986754016798216,47.69362027748298,47.342001156608035,46.87672236691027,45.0158736743035,44.16216721524516,43.734223896062595,43.58362492052018,43.461170035450564,42.08091440836854,41.91232795574423,40.95101676486208,40.8182492721595,40.55717258893833,39.8054120369233,39.8054120369233,38.65256671347882,37.87419845423727,37.6594825362624,37.6594825362624,37.423906385295425,36.88620568019691,36.8090542584385,36.76716360286598,36.611211712374,36.31642326800001,36.158550828243236,34.96060584659923,34.58873428753185,34.51607068232296,33.86292868895275,33.86292868895275,33.786181892163775,32.73294980738041,32.724904146555545,32.723958749225986,32.41287816539716,31.74220282293988,31.275532339480115,31.275532339480115,30.808591960890034,30.808591960890034,30.555214054963955,30.445179739035616,30.27170318062879,30.27170318062879,29.644477419791194,29.644477419791194,29.42555675851723,29.341278404026347,29.005673004302178,28.68216812874486,28.437534575669368,28.3707760377513,28.178886756363035,27.79492610908764,27.74042739320964,27.55980912808232,27.34704221558747,27.301710657227474,27.089020952889427,26.898101088484907,26.862639819172138,26.83603913043582,26.56856339647304,26.455659398942572,26.298669027009996,26.263916329619732,26.15917707416372,26.034764414198257,25.932579134247305,25.834360341208978,25.83435638009889,25.742370951772653,25.66315620892992,25.663155882168475,25.544050934612628,25.48121717354418,25.422443386476843,25.36920384587891,25.36920384587891,25.33988997830112,25.2783665990845,25.24343725049419,25.20276658239029,25.16911881317379,25.136884739415926,25.107989507276674,25.081313654086507,25.05700900284242,25.03473440798534,25.01437374447153,24.995740784642585],"sim_r":null,"sim_rsigma":null,"solver":"ETIB-SARSOP","env_full":"Tiger","final_lw":24.768091677669286,"timeout":false,"runtime":0.1412677764892578,"final_ub":24.995740784642585}