{"lbs":[9.72292630401,14.586073789512346,16.737254140342472,18.873376228716786,18.926170155435912,18.978594524668008,18.992810040473163,19.006926047667687,19.006926047667687,19.008785497932728,19.034801340870917,19.062481507021722,19.062481507021722,19.062481507021722,20.152682072728922,21.235251234476177,21.235251234476177,21.235251234476177,21.235251234476177,21.235251234476177,21.235251234476177,21.235251234476177,22.435250940739895,23.62685064905977],"times":[4.609323024749756,4.643160104751587,4.643385171890259,4.643426179885864,4.6435511112213135,4.643599987030029,4.643795013427734,4.643840074539185,4.643901109695435,4.644057035446167,4.644265174865723,4.644531965255737,4.644582986831665,4.644782066345215,4.645224094390869,4.645287036895752,4.6455299854278564,4.6459431648254395,4.646011114120483,4.646132946014404,4.6463611125946045,4.646433115005493,4.647000074386597,4.647197961807251],"env":"RockSample5","ubs":[23.92361820582353,23.92361820582353,23.92361820582353,23.92361820582353,23.92361820582353,23.92361820582353,23.92361820582353,23.915170198231134,23.90798121452381,23.90678132669189,23.90678132669189,23.90678132669189,23.900719089056594,23.89839245515264,23.898392455152635,23.898392455152635,23.890062305714157,23.890062305714157,23.890062305714157,23.889798726762187,23.88129116624618,23.840310962346678,23.812423364976652,23.811130483706123],"sim_r":null,"sim_rsigma":null,"solver":"TIB-SARSOP","env_full":"RockSample ()","final_lw":23.62685064905977,"timeout":false,"runtime":4.647197961807251,"final_ub":23.811130483706123}