{"lbs":[-33.33333333333331,-30.642359333333307,-26.095445233792184,-22.843653102409302,-19.18925843018817,-15.1833660156041,-12.444474990098453,-11.223183936990807,-8.915279102800692,-6.3142615427994775,-4.1223321593675255,-2.089181842598894,0.4460274203805242,2.3296683234503015,2.7654569382268686,4.30369424266712,6.27110131779529,7.825002091729001,8.182148930271792,9.243728027492168,10.783288385598784,11.922112155909748,13.153995945198464,14.24436837566104,15.312456317690728,16.492274510589453,17.39803331051261,18.29833122415979,19.129000717895856,20.02064190592246,20.812793631461453,21.742921983656622,22.418785450979364,23.022511950504843,23.68164343580083,24.332156085023577,25.03938531836784,25.51767670010451,25.96396219096603,26.38920786398974,26.838143574190994,27.37927432782933,27.730943751942824,28.0581200387915,28.343700931846833,28.69473593826367,29.014837662563565,29.27566479997942,29.527126911592156,29.810496507914944,29.940828228590718,30.264327447210515,30.44846862013268,30.838063500933547,31.062373477522485,31.226449122769484,31.3681214680532,31.423769745178245,31.55460539835352,31.688578956401553,31.805819500672328,31.901052003653298,32.04735846294256,32.166473662767956,32.260506253448526,32.348581571225736,32.445589358005584,32.51553856806921,32.6007426518225,32.7218880125381,32.80021315112587,32.87345717881141,32.92282414762903,32.9849632077176,33.020729323990736,33.08076650007011,33.119790741307924,33.167153221337216,33.21566176888138,33.25903436496968,33.29876280252437,33.335874765534896,33.36266094135882,33.41197137320624,33.43884969799517,33.465207934224,33.491057397050916,33.5093893510914,33.547301343353645,33.56491075238492,33.583952767047215,33.601039500439796,33.613562279792625,33.640673053154316,33.651071683325824,33.664590835606674,33.67264156816536,33.68965273963522,33.700046094621804,33.70937171512628,33.71790451894161,33.725880443669425,33.73328272332228,33.74018022380191,33.74659471695101,33.75256597137714,33.75812183376256,33.7632925024391,33.76810407411145,33.77258177274107,33.77674863221378,33.780626293245184,33.78423479825669,33.787592843571716,33.7907178067352,33.79298171323448,33.79483578139187,33.79770513912682,33.800031182424526,33.80187105169452],"times":[0.010452985763549805,0.03889012336730957,0.03994607925415039,0.04010605812072754,0.04181098937988281,0.04406404495239258,0.04423999786376953,0.04712796211242676,0.047448158264160156,0.048937082290649414,0.0492100715637207,0.04944109916687012,0.049690961837768555,0.049868106842041016,0.04999113082885742,0.050148963928222656,0.05154013633728027,0.05193305015563965,0.05201315879821777,0.052256107330322266,0.052471160888671875,0.05272197723388672,0.053176164627075195,0.05359601974487305,0.05384707450866699,0.05400705337524414,0.054177045822143555,0.05446600914001465,0.05471205711364746,0.05486798286437988,0.05518007278442383,0.05539298057556152,0.05568695068359375,0.05596303939819336,0.05612015724182129,0.05631899833679199,0.05663704872131348,0.05678510665893555,0.05707812309265137,0.057331085205078125,0.057531118392944336,0.061422109603881836,0.06154799461364746,0.06188607215881348,0.06650114059448242,0.06694602966308594,0.06943416595458984,0.06986594200134277,0.07516908645629883,0.0756680965423584,0.07613110542297363,0.08222699165344238,0.0827181339263916,0.08342814445495605,0.08964109420776367,0.09000897407531738,0.09054994583129883,0.09079504013061523,0.09755301475524902,0.09795808792114258,0.0984499454498291,0.09886908531188965,0.10200214385986328,0.10503911972045898,0.10554909706115723,0.10862016677856445,0.1090550422668457,0.10934805870056152,0.10967111587524414,0.11026310920715332,0.1131899356842041,0.11614394187927246,0.11658310890197754,0.11724615097045898,0.11772894859313965,0.1249840259552002,0.12538814544677734,0.12573695182800293,0.12904095649719238,0.13231205940246582,0.13556694984436035,0.13877296447753906,0.13918709754943848,0.13976812362670898,0.14018511772155762,0.14060211181640625,0.14380812644958496,0.14413809776306152,0.15237116813659668,0.1559131145477295,0.16463208198547363,0.16833209991455078,0.16879796981811523,0.17809009552001953,0.18195104598999023,0.18605899810791016,0.18640613555908203,0.1870119571685791,0.19100093841552734,0.19506502151489258,0.19909310340881348,0.20322608947753906,0.2072610855102539,0.21128606796264648,0.215317964553833,0.21935796737670898,0.2233600616455078,0.22740507125854492,0.23143815994262695,0.23545503616333008,0.2394731044769287,0.24351215362548828,0.24752116203308105,0.25153613090515137,0.2555530071258545,0.255932092666626,0.2563300132751465,0.2662930488586426,0.27057600021362305,0.27099609375],"env":"Tiger","ubs":[72.2628267358202,72.2628267358202,67.34739035395177,66.03514248032538,65.66807440384568,65.14095043625026,63.142639230040075,62.90291232576487,62.09637330680156,61.82351225622597,60.28359506455347,60.06612557591674,60.04003690307981,58.86625109920533,58.52913343840361,58.474900120533505,57.547467348382625,55.935301821739856,55.630639546724645,55.630639546724645,55.388352953160215,55.24350685384705,54.402075088954405,54.28459965861293,54.225471059857426,53.990066904090284,53.60125328982922,52.6578641962456,52.15812119945567,51.98499621901703,51.67933560626824,51.49442119474578,50.47806084012534,50.417984466836735,50.12206887315761,49.659445293191766,49.5219348920843,48.242775100673725,47.90384266823129,47.82844286993796,47.54592536827173,47.06305676948082,45.98862675814314,45.52462519441879,45.46896136282699,45.27580454908161,45.27580454908161,44.68136863287756,44.68136863287756,43.8848429425681,43.8848429425681,43.848912405033516,43.007341999673585,42.94921614310445,42.60955502698192,41.851168885352294,41.58756031594142,41.54454990368332,41.250037699686395,40.761240072250686,40.44371417000375,40.355634973596956,40.13839432226689,39.652992646166965,39.31055254064333,39.31055254064333,38.91990038979195,38.91990038979195,38.790306576228424,38.75022046801071,38.592947626726314,38.1697780506105,37.93834666066921,37.93834666066921,37.66678024248679,37.43622973077662,37.194474765294714,37.12866174234088,37.02795197977579,36.82150130614265,36.62911170112352,36.448807586488314,36.2802517473927,36.2802517473927,36.15901776437995,36.09975828477829,35.98232835044985,35.82809866646902,35.79339392962527,35.59473004200579,35.58033506626563,35.404802267878964,35.32922602815245,35.32922602815245,35.1523347217685,35.07225738097027,34.990320326761776,34.990320326761776,34.92735859098473,34.85174905547961,34.788163782193806,34.725722934568125,34.66852535268198,34.61451018301426,34.564183798376845,34.51701470756477,34.47292075508824,34.43165368082974,34.39305199797866,34.35693540163042,34.323147273741725,34.29153610609475,34.261962211621494,34.234294055378115,34.20840892967553,34.18419188952578,34.18419188952578,34.17785882456849,34.14468312240716,34.129084912999105],"sim_r":null,"sim_rsigma":null,"solver":"ETIB-SARSOP","env_full":"Tiger","final_lw":33.80187105169452,"timeout":false,"runtime":0.27099609375,"final_ub":34.129084912999105}