{"lbs":[0.014314198346957978,0.31027407726992123,0.4573872033049227,0.48809045680372476,0.5195788177794688,0.5279846531016565,0.53579130869777,0.540024420430403],"times":[0.38885998725891113,0.3891448974609375,0.38933801651000977,0.3907890319824219,0.39098095893859863,0.3959660530090332,0.3962090015411377,0.3966860771179199],"env":"FrozenLake4","ubs":[0.5446514796326907,0.5446514796326907,0.5446505566413588,0.5446503420843983,0.5446503214783478,0.5446500390560777,0.5446499249442982,0.5446463067630731],"sim_r":null,"sim_rsigma":null,"solver":"EBIB-SARSOP","env_full":"Frozen Lake (4)","final_lw":0.540024420430403,"timeout":false,"runtime":0.3966860771179199,"final_ub":0.5446463067630731}