{"lbs":[9.605960099999999,14.412350996504998,16.46883219735738,18.504748586201234,18.52366457917507,18.571774500805144,18.638130156263017,18.638130156263017,18.640738991926497,18.640738991926497,18.640738991926497,18.640738991926497,18.640738991926497,18.640738991926497,18.640738991926497,18.640738991926497,18.640738991926497,18.640738991926497,18.643321739233347,20.139020370513947,21.0190077555727,21.0190077555727,22.154979005803202,22.254287967185576,22.374883680831463,22.4230551833009,22.4230551833009,22.4230551833009,22.424883984970823,22.42879711976689,22.434481636868227,22.434481636868227,22.434481636868227,22.434481636868227,22.434481636868227,22.4518885489578,22.46693624736441,22.481833468786952,22.481833468786952,22.481833468786952,22.553593779873495,22.624636487849173,22.624636487849173,22.624636487849173,22.624636487849173,22.756528579742724,22.88710175071734,22.976361626178637,23.064728902885317],"times":[3.255790948867798,3.289620876312256,3.2898049354553223,3.2898459434509277,3.2899460792541504,3.2900888919830322,3.2901430130004883,3.2901840209960938,3.290332078933716,3.2905008792877197,3.290642023086548,3.290686845779419,3.290869951248169,3.291024923324585,3.2911770343780518,3.2912659645080566,3.2913999557495117,3.291494846343994,3.2915868759155273,3.292038917541504,3.292469024658203,3.292569875717163,3.292696952819824,3.293123960494995,3.293170928955078,3.2938320636749268,3.294079065322876,3.294708013534546,3.2949469089508057,3.295475959777832,3.2957239151000977,3.296205997467041,3.296355962753296,3.2966248989105225,3.297086000442505,3.2973949909210205,3.2982850074768066,3.2985548973083496,3.2987499237060547,3.2989418506622314,3.3001649379730225,3.3002848625183105,3.300710916519165,3.3010480403900146,3.301800012588501,3.30240797996521,3.302532911300659,3.3037109375,3.3038408756256104],"env":"RockSample5","ubs":[23.477955219776256,23.477955219776256,23.477955219776256,23.477955219776256,23.477955219776256,23.477955219776256,23.466067844152505,23.456032796363758,23.454299342284994,23.454299342284994,23.454299342284994,23.445851592939427,23.442530840417483,23.442530840417483,23.442530840417483,23.442530840417483,23.43032673040452,23.41831928027952,23.3669087815447,23.32245782805272,23.31227565769867,23.31158646703357,23.303659523723443,23.300028749655386,23.299782996981076,23.299766362958742,23.299765237067845,23.299359536249966,23.299332075973147,23.299330217296088,23.299330091489622,23.298568347988066,23.297361102595247,23.297279388950088,23.28039212641181,23.28039212641181,23.28039212641181,23.28039212641181,23.279235688207336,23.279235688207336,23.279235688207336,23.279235688207336,23.278090814384903,23.277411520380262,23.277411520380262,23.27723300343901,23.27723300343901,23.276383770602582,23.27520712735103],"sim_r":null,"sim_rsigma":null,"solver":"TIB-SARSOP","env_full":"RockSample ()","final_lw":23.064728902885317,"timeout":false,"runtime":3.3038408756256104,"final_ub":23.27520712735103}