{"lbs":[9.451650624159997,14.18409222281381,16.118605652898637,18.02603589496227,18.070267444439047,18.11387975222315,18.11387975222315,18.11387975222315,18.11387975222315,18.11387975222315,18.11387975222315,18.11387975222315,18.11387975222315,18.11387975222315,18.11387975222315,18.11387975222315,18.11387975222315,18.11387975222315,18.11387975222315,18.11387975222315,18.11387975222315,18.808447487151724,19.733598099774447,19.776391722477296,21.580684386559714,21.670341912987514,21.792733260487072,21.792733260487072,21.810832586954607,21.8286785228516,21.8286785228516,21.8286785228516,21.84625026090604,21.863575994627723,21.863575994627723,21.863575994627723,21.863575994627723,21.95029866758428,22.035807223119445,22.035807223119445,22.035807223119445,22.035807223119445,22.035807223119445,22.035807223119445,22.035807223119445,22.035807223119445,22.035807223119445,22.035807223119445,22.035807223119445,22.035807223119445,22.035807223119445,22.035807223119445,22.035807223119445,22.035807223119445,22.035807223119445,22.035807223119445,22.035807223119445,22.035807223119445,22.035807223119445,22.035807223119445,22.035807223119445,22.144525328654872,22.2517213807128,22.273812241908253,22.29559383104697,22.29559383104697,22.29559383104697,22.29559383104697,22.29559383104697,22.338852067076456,22.338852067076456,22.338852067076456,22.338852067076456,22.338852067076456,22.338852067076456,22.338852067076456,22.338852067076456,22.338852067076456,22.338852067076456,22.338852067076456,22.338852067076456,22.338852067076456,22.338852067076456,22.338852067076456,22.338852067076456,22.338852067076456,22.338852067076456,22.338852067076456,22.338852067076456,22.338852067076456,22.338852067076456,22.338852067076456,22.338852067076456,22.338852067076456,22.338852067076456,22.338852067076456],"times":[2.201827049255371,2.236138105392456,2.2363619804382324,2.2364039421081543,2.236598014831543,2.23665714263916,2.236814022064209,2.2368550300598145,2.236894130706787,2.2369821071624756,2.2370450496673584,2.2372329235076904,2.237399101257324,2.237537145614624,2.2376811504364014,2.237847089767456,2.2379870414733887,2.238101005554199,2.2381889820098877,2.2383201122283936,2.238374948501587,2.238784074783325,2.2392139434814453,2.239366054534912,2.2395620346069336,2.239665985107422,2.2400081157684326,2.2405660152435303,2.2411699295043945,2.241260051727295,2.2417409420013428,2.2419450283050537,2.2427549362182617,2.2429659366607666,2.243546962738037,2.243903160095215,2.244446039199829,2.2448949813842773,2.2452549934387207,2.245882034301758,2.2467551231384277,2.247122049331665,2.247436046600342,2.24824595451355,2.2485790252685547,2.2489919662475586,2.249969005584717,2.250623941421509,2.25137996673584,2.251739978790283,2.252249002456665,2.2533700466156006,2.2538599967956543,2.2547619342803955,2.255223035812378,2.2556159496307373,2.2564821243286133,2.256895065307617,2.257301092147827,2.258108139038086,2.258491039276123,2.2596840858459473,2.259830951690674,2.26069712638855,2.2613840103149414,2.261780023574829,2.262270927429199,2.2637081146240234,2.2643940448760986,2.2659051418304443,2.266716957092285,2.2671451568603516,2.268311023712158,2.2686901092529297,2.2692251205444336,2.270411968231201,2.270735025405884,2.2711219787597656,2.2715210914611816,2.2727279663085938,2.273055076599121,2.2734200954437256,2.273775100708008,2.2749669551849365,2.2752320766448975,2.275480031967163,2.2757761478424072,2.2761759757995605,2.2771739959716797,2.2774291038513184,2.277657985687256,2.2778689861297607,2.27810001373291,2.2783429622650146,2.2796449661254883,2.2800841331481934],"env":"RockSample5","ubs":[22.8978942794027,22.8978942794027,22.8978942794027,22.8978942794027,22.8978942794027,22.8978942794027,22.8978942794027,22.8978942794027,22.8978942794027,22.897894279402696,22.897894279402696,22.88158545625071,22.88158545625071,22.88158545625071,22.86550495662285,22.86550495662285,22.86550495662285,22.865504956622846,22.832445990638767,22.815905602046488,22.762868968473022,22.68731321272586,22.674542955256264,22.673682079650817,22.66094667524522,22.655787571965995,22.62973401189636,22.62973401189636,22.62973401189636,22.629181779853944,22.628637279060122,22.628637279060122,22.628637279060122,22.627891605217187,22.627131752583605,22.62688989141315,22.6267749194673,22.6267749194673,22.6267749194673,22.62639880844532,22.623855559510133,22.621916154554103,22.617496257817365,22.61553507484662,22.615182806159957,22.615182806159957,22.615182806159957,22.61267418082253,22.60791961290562,22.606797496521516,22.602548466031397,22.597252515213412,22.597252515213412,22.597252515213412,22.59662297060022,22.59659982681015,22.595667890506043,22.595667890506043,22.595667890506043,22.595555641627605,22.595334640603497,22.5953244671244,22.593485484917586,22.589771193045905,22.589771193045905,22.589771193045905,22.589771193045905,22.589771193045905,22.587859598462103,22.58632100378858,22.582919117180857,22.582919117180857,22.582919117180857,22.58291911718085,22.582919117180857,22.58291911718085,22.58291911718085,22.58291911718085,22.58291911718085,22.58291911718085,22.58291911718085,22.58291911718085,22.58291911718085,22.58291911718085,22.58291911718085,22.582294260455747,22.582221888126746,22.580979671938344,22.57898363796975,22.578780344351642,22.576051714611765,22.566291333245786,22.566291333245786,22.56502422016976,22.562399981738512,22.551871189912262],"sim_r":null,"sim_rsigma":null,"solver":"SARSOP","env_full":"RockSample ()","final_lw":22.338852067076456,"timeout":false,"runtime":2.2800841331481934,"final_ub":22.551871189912262}