{"lbs":[9.762151372959998,14.64446772932807,16.827841123832734,18.99811427797037,19.053569894592812,19.108692777515515,19.13816401686026,19.16745842876893,19.16745842876893,19.180393585314725,19.180393585314725,19.180393585314725,19.180393585314725,19.193251130921247,19.193251130921247,19.193251130921247,19.193251130921247,19.193251130921247,19.193251130921247,19.956533206955257,21.025571926296408,23.00333009751043,23.303892920042692,23.322808316815415,23.338359307103985,23.432600907031606,23.60665719919734,23.60665719919734,23.620133889478073,23.633529719617115,23.633529719617115,23.633529719617115,23.633529719617115,23.647000107283734,23.660389672624348,23.660389672624348,23.660389672624348,23.660389672624348,23.681662231323983,23.702807154671426,23.702807154671426,23.702807154671426,23.70617107419801,23.70951481020744,23.70951481020744,23.70951481020744],"times":[5.501733064651489,5.534540891647339,5.534761905670166,5.534801959991455,5.534919023513794,5.5349650382995605,5.535125970840454,5.535168886184692,5.535227060317993,5.535444021224976,5.535633087158203,5.53580904006958,5.53585410118103,5.5360260009765625,5.536194086074829,5.536284923553467,5.536416053771973,5.536510944366455,5.536604881286621,5.536959886550903,5.537360906600952,5.537532091140747,5.537738084793091,5.538063049316406,5.538683891296387,5.539325952529907,5.539836883544922,5.540101051330566,5.5404839515686035,5.5405800342559814,5.541178941726685,5.54154896736145,5.54169487953186,5.542468070983887,5.542568922042847,5.542852878570557,5.5435240268707275,5.543823003768921,5.544872045516968,5.5449841022491455,5.545557975769043,5.546300888061523,5.546899080276489,5.547724962234497,5.548237085342407,5.548635959625244],"env":"RockSample5","ubs":[24.0742308064265,24.0742308064265,24.0742308064265,24.0742308064265,24.0742308064265,24.0742308064265,24.0742308064265,24.066953122577956,24.060743290768634,24.05971910483251,24.05971910483251,24.059719104832507,24.054479423949825,24.052485087087057,24.04529447344808,24.04529447344808,24.045102710157913,24.037781096628194,23.998494516446062,23.978114757620418,23.972004804691814,23.971589575305153,23.966683751127004,23.96439736760879,23.96424198611289,23.964231426463083,23.963982490425977,23.951975359186058,23.951975359186058,23.951975359186058,23.951975359186058,23.951975359186058,23.951975359186058,23.951975359186058,23.95137792248798,23.950784070410087,23.95076418616152,23.950617714795037,23.950617714795037,23.950617714795037,23.95045235731368,23.950334444096676,23.950330074111868,23.94926982409965,23.94809438608491,23.94638826590193],"sim_r":null,"sim_rsigma":null,"solver":"TIB-SARSOP","env_full":"RockSample ()","final_lw":23.70951481020744,"timeout":false,"runtime":5.548635959625244,"final_ub":23.94638826590193}