{"lbs":[0.013477367891959746,0.3468506580447348,0.4480572476502238,0.46848631078627234,0.46848631078627234,0.48240251884038776,0.4849560714215839,0.4853153262857813,0.49476980883393823,0.49655927079543827,0.497017422088326,0.497017422088326,0.4994690183935836,0.5040215021064992,0.5046818390698355,0.5051462701119015,0.5051462701119015,0.505228446087321,0.5052398579473837,0.5052412836065352,0.505241451399099,0.50526314326439,0.5052652011195897,0.5052674523955747,0.5066907036347784,0.5072243320543931],"times":[0.2050189971923828,0.23569893836975098,0.23604488372802734,0.23622679710388184,0.23630881309509277,0.2372288703918457,0.23740792274475098,0.23767781257629395,0.23804378509521484,0.23830389976501465,0.23880696296691895,0.23894000053405762,0.2394099235534668,0.23975801467895508,0.23994898796081543,0.24025487899780273,0.24030184745788574,0.24049782752990723,0.24089694023132324,0.2410259246826172,0.24114990234375,0.24167895317077637,0.24181795120239258,0.24202799797058105,0.24275898933410645,0.24312186241149902],"env":"FrozenLake4","ubs":[0.5543210602423607,0.5543210602423607,0.5458331358927901,0.5308362453475522,0.5308362453475522,0.5302062451358117,0.5301687126760594,0.5258717866864091,0.5221547136962985,0.5213136597866984,0.521012424709174,0.5196453926471397,0.5168356902098794,0.5164393995050985,0.5164018043570338,0.5160047120917656,0.5158717866864091,0.5156587289706591,0.5148364653770073,0.5221547143595769,0.5148364653770073,0.5148364653770073,0.5133214907718129,0.5124685660966077,0.5123777567583525,0.5117712621300207],"sim_r":null,"sim_rsigma":null,"solver":"SARSOP","env_full":"Frozen Lake (4)","final_lw":0.5072243320543931,"timeout":false,"runtime":0.24312186241149902,"final_ub":0.5117712621300207}