{"lbs":[9.92023968016,14.88049880159888,17.195842340436577,19.5065551921966,19.568080012441186,19.67805759744427,19.72659383539753,19.72659383539753,20.673127945059168,21.633769021261344,21.85094025364397,22.06767714356182,22.06767714356182,23.33444208034904,24.598673487262683],"times":[15.814731121063232,15.849030017852783,15.849215030670166,15.849256038665771,15.849415063858032,15.849515199661255,15.84983515739441,15.85007119178772,15.85037112236023,15.850429058074951,15.850864171981812,15.850929021835327,15.85132098197937,15.85183310508728,15.851906061172485],"env":"RockSample5","ubs":[24.687155528598037,24.687155528598037,24.687155528598037,24.687155528598037,24.687155528598037,24.687155528598034,24.687155528598034,24.687155528598034,24.687155528598034,24.684680428797837,24.682210279197236,24.682210279197236,24.682210279197236,24.682210279197236,24.682210279197236],"sim_r":null,"sim_rsigma":null,"solver":"SARSOP","env_full":"RockSample ()","final_lw":24.598673487262683,"timeout":false,"runtime":15.851906061172485,"final_ub":24.682210279197236}