{"lbs":[0.015589033066879587,0.3122914385903291,0.46214143457534257,0.49369996669047983,0.5254913393257999,0.534059918118615,0.5419373242953329,0.5462337588220761],"times":[0.27327585220336914,0.27356791496276855,0.27376294136047363,0.27513694763183594,0.2753279209136963,0.28046083450317383,0.28080201148986816,0.2812318801879883],"env":"FrozenLake4","ubs":[0.5510137042618171,0.5510137042618171,0.5510133099345618,0.5510132478977974,0.5510132419276211,0.5510129975616168,0.5510129577522238,0.5509571888783471],"sim_r":null,"sim_rsigma":null,"solver":"BIB-SARSOP","env_full":"Frozen Lake (4)","final_lw":0.5462337588220761,"timeout":false,"runtime":0.2812318801879883,"final_ub":0.5509571888783471}