{"lbs":[-66.66666666666661,-36.00397308476402,-32.98934619484663,-30.063108662353777,-25.646739393277404,-17.888881740961644,-12.105840469762043,-8.936553705395575,-5.30037171005273,0.2750359082164082,5.497280841007868,10.820423925876002,13.713510000766785,17.52790191636836,20.24187150303385,23.239740944718914,26.691908053878016,30.069688957541107,32.55046858712579,35.604133620473974,38.16974262134806,40.30901989146221,42.37273275181225,44.520846385642734,46.410480906022144,49.072306641707904,50.50946598134276,50.50946598134276,50.50946598134276,51.96301763335402,53.333646397458836,54.60395588279671,55.78882256468517,56.882233986382104,57.877916446116046,58.81030403626389,59.2575623147133,59.47210825006817,59.95058006416899,60.283014696323725,60.90172761881531,61.198518866888556,61.41230362197068,62.56067487356117,64.04284759925497,64.34224918775341,64.52415308224879,64.61141081020969,65.13601736974036,66.1304594001225,66.32520415571926,66.44284081620002,66.95139010069488,67.0308343034171,67.21607163256165,67.66283968934012,67.77092601330548,67.88499684425989,68.38584899280919,68.4070606743177,68.81227214173742,69.0452687174924,69.12929752885677,69.21915912857435,69.25941190941955,69.41366891282279,69.52856917321506,69.61566421555409,69.63266486598657,69.69686856385904,69.74213158102,69.76006363093508,69.78006051529255,69.82605350056258,69.8283136845692,69.85587639162335,69.87737306874271,69.8877006207133,69.89748960429881,69.91379799518282,69.92114882832514,69.92468842778247,69.92918866357809,69.93339280102776,69.93515201569824,69.93992150194555,69.94561012714925,69.94895067364469],"times":[0.016435861587524414,0.016713857650756836,0.017082929611206055,0.017641067504882812,0.018312931060791016,0.019155025482177734,0.020179033279418945,0.021451950073242188,0.022629976272583008,0.024055004119873047,0.025367021560668945,0.026927947998046875,0.029124975204467773,0.03133702278137207,0.03364086151123047,0.03582406044006348,0.03822588920593262,0.04064583778381348,0.04372000694274902,0.04683494567871094,0.049427032470703125,0.05230593681335449,0.05552506446838379,0.058281898498535156,0.06387686729431152,0.06673502922058105,0.0737450122833252,0.07389593124389648,0.07404589653015137,0.07902002334594727,0.08347702026367188,0.08648800849914551,0.08974599838256836,0.09313392639160156,0.09583091735839844,0.09865188598632812,0.09912395477294922,0.0994570255279541,0.10226106643676758,0.1026608943939209,0.10642600059509277,0.10692286491394043,0.10736703872680664,0.110198974609375,0.11457395553588867,0.11531305313110352,0.11583495140075684,0.11621594429016113,0.11870598793029785,0.12342500686645508,0.12419891357421875,0.12514686584472656,0.1279919147491455,0.12845087051391602,0.13010096549987793,0.13353300094604492,0.1342179775238037,0.13494491577148438,0.13953495025634766,0.14028596878051758,0.14540386199951172,0.14891695976257324,0.15082597732543945,0.1526508331298828,0.1537609100341797,0.15848302841186523,0.16239595413208008,0.1662459373474121,0.1669929027557373,0.17078590393066406,0.17357897758483887,0.1750500202178955,0.1765298843383789,0.18103504180908203,0.18157100677490234,0.18585586547851562,0.1900930404663086,0.19176292419433594,0.19424700736999512,0.19895386695861816,0.2009110450744629,0.2021949291229248,0.20373988151550293,0.2055220603942871,0.20638298988342285,0.2083590030670166,0.2130420207977295,0.21514892578125],"env":"Tiger","ubs":[145.89623061210781,145.89623061210781,136.05466383396342,135.20797425804176,134.78262873215084,134.1194261539702,131.04415243406748,129.62278667820573,129.44379584950914,127.87677604027112,126.11598968594134,123.53707041621115,120.35890228292851,119.76225940038327,117.81901564420895,117.3621179295524,115.60395084135124,113.35098324574848,110.71578498733768,109.73614902993783,108.80097722329519,106.67802651967384,105.4558701891082,103.6635956512734,101.11224423795977,99.64324758607461,97.58945847758764,96.48640975366791,96.48640975366791,96.4838475896162,95.08345371561035,93.69293614828814,92.3480778656427,90.95075609790572,89.73457840502539,88.53180168800782,87.43034535685084,87.0647217295762,86.87567443285099,86.68333947668398,86.45156694585944,85.78372617111546,85.67825389345887,85.60796699934404,84.57445443491625,82.81873703678818,82.63205886169695,82.52499277006807,82.35025128942121,81.75120880023627,80.5026598589337,80.23384410426999,80.12372081975471,79.33667360894914,79.2801882915057,78.8832453844469,78.15180090163982,77.97897785906173,77.72932785619736,76.78125025493097,76.69221804374567,75.74535804296431,75.10350096988911,74.8331691081438,74.59030701762583,74.49735173560158,73.85669925676291,73.36064356434298,72.92459998487695,72.83577849633883,72.5575993441081,72.32818185020022,72.2549004047932,72.12985261132278,71.82421763788625,71.80227065493531,71.58937214092984,71.37682601617179,71.2569870019953,71.17638743363969,71.00893419730458,70.92147571698104,70.87086134357214,70.81298306684856,70.74622021621833,70.72348685252447,70.65362470636829,70.56039279970534],"sim_r":null,"sim_rsigma":null,"solver":"EBIB-SARSOP","env_full":"Tiger","final_lw":69.94895067364469,"timeout":false,"runtime":0.21514892578125,"final_ub":70.56039279970534}