{"lbs":[-111.11111111111101,-78.51792834996886,-75.07056855352491,-71.70903522755012,-66.3617020051571,-56.77861160682324,-49.73261399388784,-45.68371866185707,-37.404909342122224,-29.07810685835758,-25.16343476448321,-22.446747232970715,-15.423836319849926,-8.088525260340976,-3.4764066642363867,4.703512127520498,10.149273251672081,14.78049662459591,19.39943845265431,24.352240842651042,27.860842948662736,37.495753901065704,40.07560261053375,43.643574191045296,47.38502020927065,49.12929749821846,51.844962084077075,56.04790630619803,58.22233765897717,61.060662693190594,63.877804386159305,66.54163198156262,68.88636650078851,70.57468828675914,73.81123418729035,75.52175186097234,77.53361632671036,79.46331651967839,81.30126728614013,83.02773628212385,84.66142925648845,86.24142473385645,87.72543106470545,89.14069731522548,90.4901005517001,91.75765509851661,95.55462921325363,95.69556992827054,99.05666818818611,99.91880191600882,100.74879611969635,101.4989663281724,102.20743176762716,102.88628569032537,103.9314157884701,104.01288006204533,104.54462579742227,106.33393482071139,106.59634736294635,107.71767588110637,108.52074950088209,109.81485472633693,110.12597374849702,110.65353043017109,112.30354832928765,112.39953225841317,113.66348642611979,113.83191944631952,114.9966477472002,115.09084033293527,115.1227773481049,115.2495407731502,115.31056216631885,115.35122881725229,115.40798169760774,115.93804912216015,115.97036674133682,116.00773602868227,116.55357277002699,116.60378877709607,116.61690687971148,116.95964169531831,117.10612492588255,117.14132837087128,117.39187224433076,117.40115991760406,117.44276127912752,117.47295874418955,117.55439676105843,117.70562846774259,117.70914611578573,117.77336051289149,117.84036150843767,117.8503728775371,117.92341960099469,117.96924357350986,117.97420700018458,117.97991947251049,118.01343376988659,118.01525840619647,118.03302857595855,118.05149621393542,118.05497995339441,118.0591155861911,118.07799489824467,118.07919885238938,118.07978607870399,118.08142237761211,118.09686862732909,118.09900933654767,118.10034233237124,118.1020085609382,118.10348496439744,118.10585952570267,118.10810612999485,118.1092542713032],"times":[0.024183034896850586,0.024693012237548828,0.025593996047973633,0.02693796157836914,0.02866506576538086,0.030833959579467773,0.03352689743041992,0.03678297996520996,0.040135860443115234,0.04385185241699219,0.04845905303955078,0.05322694778442383,0.05814790725708008,0.06344795227050781,0.06987285614013672,0.07608485221862793,0.08315205574035645,0.09059596061706543,0.09876585006713867,0.10703492164611816,0.11785387992858887,0.12726402282714844,0.13980603218078613,0.1531050205230713,0.16648387908935547,0.1839280128479004,0.20003294944763184,0.21624088287353516,0.23940801620483398,0.2640979290008545,0.28285884857177734,0.30280494689941406,0.33628392219543457,0.3744509220123291,0.4155609607696533,0.4626200199127197,0.49727392196655273,0.5495929718017578,0.5885539054870605,0.6526980400085449,0.7195188999176025,0.7890238761901855,0.8761579990386963,0.9699099063873291,1.0699398517608643,1.175536870956421,1.2177000045776367,1.2198939323425293,1.2654359340667725,1.3949129581451416,1.5338490009307861,1.6822130680084229,1.8348848819732666,1.9740118980407715,2.111741065979004,2.1437718868255615,2.2977678775787354,2.446225881576538,2.4503300189971924,2.6033120155334473,2.7751410007476807,2.8133859634399414,2.8392720222473145,2.866868019104004,2.9073119163513184,2.909451961517334,2.9569809436798096,2.976696014404297,3.025362014770508,3.037130832672119,3.0454978942871094,3.0575878620147705,3.0611720085144043,3.0641980171203613,3.067227840423584,3.102695941925049,3.1074299812316895,3.1096248626708984,3.1594419479370117,3.1688249111175537,3.1729910373687744,3.2154078483581543,3.2394258975982666,3.2429299354553223,3.288861036300659,3.291360855102539,3.3043949604034424,3.3140180110931396,3.3333849906921387,3.3744418621063232,3.3769030570983887,3.4032599925994873,3.434830904006958,3.4386088848114014,3.4844419956207275,3.521570920944214,3.5315868854522705,3.5359599590301514,3.5735440254211426,3.576680898666382,3.6052520275115967,3.6355040073394775,3.6430959701538086,3.6495139598846436,3.6920008659362793,3.694709062576294,3.698103904724121,3.7020888328552246,3.7493109703063965,3.7546160221099854,3.758867025375366,3.764241933822632,3.7696850299835205,3.7834060192108154,3.7931089401245117,3.798280954360962],"env":"Tiger","ubs":[244.14222358743388,244.14222358743388,234.13115741584335,233.23363563009178,232.7968484362475,232.135874482131,228.81871586250014,227.27488071600305,227.08149906213262,223.9421600339308,221.3369879643728,220.73237607364854,220.2445107552366,218.39810975581804,214.5291297433011,213.57371488515133,210.68267799909043,208.29604406486504,206.0693365885532,203.830833427079,200.99502769745993,200.0282915677365,196.52169788415284,195.24749454079728,194.7145603891236,194.7145603891236,190.50432661357087,189.41645951215563,187.28910166029453,186.0674879884246,183.869368895431,181.31776558982165,178.55566264974226,176.8706727324809,176.32519653598746,174.6154884079305,172.91907415394084,170.70286093913683,168.5546620963878,166.53125637596042,164.90829925253666,163.1861409309305,161.3027016157207,159.67249048181827,158.23340665984898,156.78610513733386,155.61056673917295,152.62186653993285,152.62186653993285,149.9181664530465,149.1148412729657,148.21234407554752,147.41842680703343,146.70570742711215,145.94999837242773,145.06395517226156,145.06395517226156,144.3475896650628,142.60356060739866,142.453740302364,141.2571957963815,140.40670378567165,139.01595612699452,138.61652848648748,137.8000605652004,135.58638675620176,135.46169845767076,133.48156571384644,133.21576097918503,131.10813234305988,130.93881022656228,130.83729048300418,130.57558931328182,130.55556631280604,130.4091787469861,130.33131985753238,129.02102044103975,128.93120391228504,128.89547162319036,127.35341626018145,127.22825911583487,127.1525539726517,126.08340627266779,125.51651313394777,125.39125714640267,124.37475211959321,124.32576682166206,124.12409190848211,124.05304638257635,123.64548913695748,122.9206250888586,122.8817164936519,122.51640286699529,122.09770489294064,122.04507012752649,121.45166477767268,121.06157208200275,121.01323087642007,120.97519405323763,120.61597859857471,120.58166646754076,120.3638008284955,120.13496704858085,120.09548886316813,120.05122796220516,119.77272472428226,119.76305790541198,119.75837707400348,119.74855030991463,119.50801695413712,119.47438457077837,119.45238075654186,119.42009407915435,119.39097756195389,119.34097697176952,119.2824872364125],"sim_r":null,"sim_rsigma":null,"solver":"EBIB-SARSOP","env_full":"Tiger","final_lw":118.1092542713032,"timeout":false,"runtime":3.798280954360962,"final_ub":119.2824872364125}