{"lbs":[9.801495006249999,19.373688717305193,19.373688717305193,20.538648969162573,21.69778441976066,22.60400816856099,23.54520466472511,23.778314929877357,24.010259643703847],"times":[5.665020942687988,5.665302991867065,5.6655778884887695,5.665910005569458,5.666196823120117,5.66641092300415,5.666455984115601,5.666743993759155,5.666790962219238],"env":"RockSample5","ubs":[24.22588392598495,24.22588392598495,24.22588392598495,24.22588392598495,24.219788621277935,24.214573526931964,24.213723793094463,24.213723793094463,24.213723793094463],"sim_r":null,"sim_rsigma":null,"solver":"BIB-SARSOP","env_full":"RockSample ()","final_lw":24.010259643703847,"timeout":false,"runtime":5.666790962219238,"final_ub":24.213723793094463}