{"lbs":[9.605960099999999,18.76926690427999,19.786231245165666,23.064728902885317,23.064728902885317,23.064728902885317,23.064728902885317,23.064728902885317,23.064728902885317,23.064728902885317,23.064728902885317,23.064728902885317,23.064728902885317,23.064728902885317,23.064728902885317,23.064728902885317,23.064728902885317,23.064728902885317,23.064728902885317],"times":[2.8630499839782715,2.8955061435699463,2.895862102508545,2.896109104156494,2.8963749408721924,2.8966569900512695,2.896907091140747,2.897156000137329,2.897331953048706,2.8975751399993896,2.8978431224823,2.8980331420898438,2.898267984390259,2.898369073867798,2.8985071182250977,2.898772954940796,2.898880958557129,2.899225950241089,2.8995749950408936],"env":"RockSample5","ubs":[23.477955219776344,23.477955219776344,23.477955219776344,23.47795521977634,23.47795521977634,23.47795521977634,23.46606784415259,23.454299342285083,23.454299342285083,23.442530840417568,23.430880023568726,23.430880023568726,23.430880023568726,23.430326730404598,23.4183192802796,23.360553027514243,23.322708007302463,23.29930765892323,23.290929301420306],"sim_r":null,"sim_rsigma":null,"solver":"SARSOP","env_full":"RockSample ()","final_lw":23.064728902885317,"timeout":false,"runtime":2.8995749950408936,"final_ub":23.290929301420306}