{"lbs":[0.00902491496440489,0.25813385341535144,0.34036347376768866,0.3757124301261627,0.38544139512214887,0.38958784201505947,0.3922621286215091],"times":[0.23871088027954102,0.23898601531982422,0.23915791511535645,0.2395009994506836,0.2396860122680664,0.2400050163269043,0.24013710021972656],"env":"FrozenLake4","ubs":[0.39447354430035025,0.39447354430035025,0.39447354430035025,0.39447354430035025,0.3944720245996516,0.3944718805621044,0.3944718543381064],"sim_r":null,"sim_rsigma":null,"solver":"EBIB-SARSOP","env_full":"Frozen Lake (4)","final_lw":0.3922621286215091,"timeout":false,"runtime":0.24013710021972656,"final_ub":0.3944718543381064}