{"lbs":[-24.99999999999998,-9.755368355366194,-7.245133424627506,-0.7989944904830224,3.7721250734644025,6.244542814314494,7.089910758574524,9.133270354831783,11.68143743711017,13.329943807001222,15.131908545326542,16.703204198846837,18.014252447131934,19.113333594733636,20.465841078869765,21.143801451297144,21.582399846297577,21.986983101295127,22.309302902133314,22.83443540883375,23.14833085518818,23.337950439549445,23.68120914216025,23.92442239465295,23.95629401292543,24.064259436808776,24.15472534712675,24.26460920696462,24.326497121749327,24.41896438404605,24.427339004740244,24.462586978826447,24.482089252009345,24.506566344315488,24.57600491886472,24.591179144047675,24.607429814990844,24.625651765293462,24.652561918465224,24.671461291811667,24.70143770394956,24.714021045714468,24.719646657163956,24.72517886197728,24.733746160432517,24.742013117128778,24.74821994210098,24.756222797287904,24.763822770568783,24.764315928921864,24.77298619710009,24.776920124345907,24.779498616261293,24.780299859915853,24.782884916725774,24.785592894308337,24.78819385294693,24.789606532856283,24.79096740709635,24.79184347577706,24.792707657890247,24.792980479538052],"times":[0.006927013397216797,0.007037162780761719,0.007116079330444336,0.007213115692138672,0.007987022399902344,0.008239984512329102,0.008484125137329102,0.00870513916015625,0.008935213088989258,0.009148120880126953,0.009374141693115234,0.009629011154174805,0.009851217269897461,0.010091066360473633,0.010346174240112305,0.010601043701171875,0.010837078094482422,0.01114201545715332,0.011435985565185547,0.011782169342041016,0.01215219497680664,0.012392997741699219,0.012701988220214844,0.013028144836425781,0.013164997100830078,0.013414144515991211,0.013646125793457031,0.013900041580200195,0.014202117919921875,0.014433145523071289,0.014594078063964844,0.014764070510864258,0.01494598388671875,0.015073060989379883,0.0153961181640625,0.015508174896240234,0.015659093856811523,0.015829086303710938,0.016172170639038086,0.016312122344970703,0.016660213470458984,0.016898155212402344,0.017016172409057617,0.017132997512817383,0.017257213592529297,0.01739811897277832,0.017531156539916992,0.01780104637145996,0.019863128662109375,0.019979000091552734,0.02035212516784668,0.020711183547973633,0.020956993103027344,0.02107405662536621,0.021396160125732422,0.021647214889526367,0.024096012115478516,0.02671504020690918,0.029494047164916992,0.030865192413330078,0.033898115158081055,0.03405308723449707],"env":"Tiger","ubs":[64.48041730296093,64.48041730296093,56.13707117176136,56.013500657328535,52.180203255786125,49.11891250881373,48.22113568741895,48.03927476779319,47.26175069115352,45.33337925081287,44.732153641445905,43.30579189830978,41.800201361530604,40.51815187701709,38.961696292195555,37.45981891970651,36.07656961179082,35.541976175578014,35.1402664933572,34.680463385755004,33.65078809777927,32.810338915775176,32.358042312910214,31.594968924419,30.642166374296394,30.42907138107762,30.2716926296521,29.938310542010356,29.435939988699438,29.11416768319384,28.602591798416142,28.539923634193123,28.50229510293594,28.373731668235045,28.218142217136048,27.90264592124126,27.868489312208062,27.730403140404803,27.636119552693067,27.432259633735395,27.317398827796914,26.938202944510984,26.76216540617584,26.701498744469014,26.656838751287896,26.58006152015966,26.39619034522972,26.28469197649848,26.05945887353776,25.842150055520143,25.842150055520143,25.71024235505709,25.621859407901358,25.54039926685718,25.509348411070285,25.45639055368872,25.362633085182345,25.254930599335147,25.185319803685214,25.102686217100683,25.05520388265122,24.999946600239284],"sim_r":null,"sim_rsigma":null,"solver":"BIB-SARSOP","env_full":"Tiger","final_lw":24.792980479538052,"timeout":false,"runtime":0.03405308723449707,"final_ub":24.999946600239284}