{"lbs":[0.00902491496440489,0.25813385341535144,0.34036347376768866,0.3757124301261627,0.38544139512214887,0.38958784201505947,0.3922621286215091],"times":[0.1262519359588623,0.12653398513793945,0.12670493125915527,0.12706804275512695,0.1272590160369873,0.12759780883789062,0.1277320384979248],"env":"FrozenLake4","ubs":[0.394473604933816,0.394473604933816,0.394473604933816,0.394473604933816,0.39447208403557527,0.3944719392347966,0.39447191299013373],"sim_r":null,"sim_rsigma":null,"solver":"BIB-SARSOP","env_full":"Frozen Lake (4)","final_lw":0.3922621286215091,"timeout":false,"runtime":0.1277320384979248,"final_ub":0.39447191299013373}