{"lbs":[0.01131059198439277,0.3221389994172358,0.39827949587593414,0.4128926283466369,0.4324422707870486,0.4435131655419064,0.44454411493871565,0.4454020340986755,0.44555287706563657,0.44557353111064146,0.44557606974321157,0.44557606974321157,0.4493612347455678,0.4497136967589857,0.4533365880869743,0.45402642074803634,0.45441050896496815,0.4547805871019971,0.45481504970331266,0.4553952157804416,0.4554790274600658,0.45548960588214615,0.45626597758883636,0.4565686085079574,0.4565686085079574,0.45731819223082004],"times":[0.14740300178527832,0.17896795272827148,0.17920708656311035,0.17953109741210938,0.17975592613220215,0.17996501922607422,0.18012595176696777,0.18024396896362305,0.18038201332092285,0.18047094345092773,0.18066906929016113,0.18071198463439941,0.18362808227539062,0.18375706672668457,0.1845541000366211,0.1848459243774414,0.18575596809387207,0.1859121322631836,0.18609404563903809,0.1870269775390625,0.1871941089630127,0.1874370574951172,0.18862509727478027,0.18890094757080078,0.18896007537841797,0.1915590763092041],"env":"FrozenLake4","ubs":[0.5064815729921868,0.5064815729921868,0.49374212898807057,0.4904462744182445,0.47910471793746023,0.47910471793746023,0.478205795268613,0.4765991992131684,0.47574436037247364,0.4752748255992149,0.47164945059135155,0.4668835840176516,0.46625528325656385,0.46617206701479086,0.46616431771031636,0.4661635960757104,0.46616352887529183,0.46571692880821247,0.4652233001839252,0.46497428534452007,0.4648144280655685,0.463095039118032,0.46273946068561117,0.46217541365711146,0.46164945059135154,0.46148777036707506],"sim_r":null,"sim_rsigma":null,"solver":"SARSOP","env_full":"Frozen Lake (4)","final_lw":0.45731819223082004,"timeout":false,"runtime":0.1915590763092041,"final_ub":0.46148777036707506}