{"lbs":[-99.99999999999991,-67.73861952549163,-64.36705941892,-61.082230909623505,-55.90036830288557,-46.653051917855436,-39.838636120606296,-35.9515588268594,-28.027347310601215,-20.147461893334654,-16.403536789046292,-13.899605986192926,-7.34964450878367,-0.5341794358820007,3.8072791794410454,11.039157520999861,16.30929529406454,20.247395297490556,22.866173792476058,27.483042592304393,31.880731306533654,35.072329336596816,37.69691859512602,42.67648255746812,47.64288561884486,48.21049882654888,49.50900006216158,51.946388282656976,54.57168533871915,57.26194126357093,59.875960189635364,62.284650952962764,64.51040958160681,70.48637571702963,72.34743450483064,74.08658730490409,75.36299698481699,78.32646898966127,80.39227330224605,82.9198438610781,84.01802362686368,85.06042128906496,86.05382300277338,87.0154752374064,87.97234269082202,88.82494037369287,89.64074575187482,90.32443760350962,91.996566665538,93.82264736781934,94.32428763843163,94.88477840588175,95.34573154632906,96.53887016396399,96.5929230247836,96.90242015299054,98.98058896983073,99.88869328039168,100.01460544549658,100.79750630438522,101.84669102939566,101.8713215911383,102.28078646581125,102.6974610614022,103.40831907883748,103.77626462630296,103.92203751291366,104.39303450859808,104.4885853409107,104.60544626824823,104.94478739346124,105.08726496154651,105.19402232808045,105.22665879065684,105.23443320410954,105.25408901895157,105.28578735131804,105.32454134895869,105.34852779664877,105.38718684277916,105.55981847401193,105.67893629680553,105.69851873939467,105.71084812270244,105.71759452575809,105.78872677426924,105.85968002744553,105.88185656676094,105.88990289690777,105.90094913415203,105.91814978393973,105.96226525470504,105.99059111427397,105.99165299889572,106.01965449890845,106.03497578627243,106.03731128652171,106.0384005751543,106.05163509111914,106.05397967510528,106.06367187591093,106.06567817582521,106.07317539645737,106.07391831798935],"times":[0.04872298240661621,0.049165964126586914,0.04991412162780762,0.05102801322937012,0.052468061447143555,0.05421805381774902,0.05636405944824219,0.058995962142944336,0.061676979064941406,0.06463909149169922,0.06838512420654297,0.07229900360107422,0.07619309425354004,0.08044004440307617,0.08558201789855957,0.09048795700073242,0.09548711776733398,0.10187292098999023,0.10937809944152832,0.11622190475463867,0.12251901626586914,0.13182497024536133,0.14207005500793457,0.15152692794799805,0.1620039939880371,0.17556190490722656,0.1906890869140625,0.2044849395751953,0.22211003303527832,0.23810911178588867,0.25298213958740234,0.26860594749450684,0.28837108612060547,0.30455994606018066,0.32468509674072266,0.34889912605285645,0.39086198806762695,0.4392549991607666,0.4911079406738281,0.5522580146789551,0.6172070503234863,0.694127082824707,0.7782571315765381,0.8670990467071533,0.9638309478759766,1.069159984588623,1.1822319030761719,1.3001611232757568,1.3327410221099854,1.3625171184539795,1.4846720695495605,1.6078851222991943,1.6419799327850342,1.670546054840088,1.6721410751342773,1.6980319023132324,1.7352499961853027,1.7639100551605225,1.7668180465698242,1.7904341220855713,1.8273930549621582,1.8289871215820312,1.8466529846191406,1.8728001117706299,1.90625,1.931765079498291,1.9463441371917725,1.9845221042633057,1.9928839206695557,2.0089190006256104,2.049960136413574,2.0723581314086914,2.0892810821533203,2.0922679901123047,2.094093084335327,2.0981390476226807,2.1023449897766113,2.11234712600708,2.370361089706421,2.375502109527588,2.4139859676361084,2.4481611251831055,2.4521799087524414,2.4559531211853027,2.4590609073638916,2.4833390712738037,2.517642021179199,2.5313470363616943,2.5348379611968994,2.5396249294281006,2.5494039058685303,2.58674693107605,2.614499092102051,2.6171600818634033,2.656014919281006,2.685835123062134,2.6913630962371826,2.694814920425415,2.733492136001587,2.7389490604400635,2.7742459774017334,2.7801260948181152,3.0008490085601807,3.0047500133514404],"env":"Tiger","ubs":[219.58097255400645,219.58097255400645,209.59842757533832,208.7094996786589,208.2746771929181,207.61336761199374,204.33661398741603,202.81356315432646,202.6230114483771,199.51419789430054,196.94420848707705,196.3441084358791,195.84630734237325,194.0216368022568,190.22465066123686,189.2584533650874,186.67008452399685,183.92940054509359,182.34857141724,182.00269751067214,178.8580345768155,176.12898213439115,175.265276623542,174.82720711208037,172.1232709116441,170.15627340686075,170.15627340686075,168.81281209117097,167.18514603800315,165.62227443745172,163.49230662935128,161.11680355177518,159.10117840529668,157.14111955704854,152.49916988199294,150.92180761327262,149.388487340505,148.95584984263263,146.99556774187278,145.31588793393223,143.6137976554651,142.39269898653748,141.38333370122183,140.29301871340846,139.16653570912814,138.08954713998867,137.01163431796124,136.20916618415492,135.55671955212472,134.04844473783538,131.91545000004214,131.34878878663602,130.67811704447553,130.0927935359295,128.5861603962743,128.5861603962743,128.20182672853298,125.69858163225084,124.48441534420132,124.31109802859086,123.11454381942389,121.404085257855,121.404085257855,120.55884685073826,119.78990598910369,118.37117823657307,117.43190599063817,117.13520341608071,115.75829876265199,115.52271149009394,115.16623419451642,113.88230376132603,113.3004006918165,112.9701728770253,112.84179848776577,112.78911772485185,112.72994950352796,112.68218207785318,112.47961638752793,112.41778422953834,112.25048454100136,111.51372274863863,110.86815041993663,110.73856437381204,110.68454850483663,110.6760790069274,110.1929484293791,109.67518633729995,109.49678576282574,109.44291629524963,109.34843966871324,109.21388706828974,108.77638088476644,108.4465978205624,108.43193540316489,108.08114613362662,107.84128415113237,107.78529201090606,107.75266255320972,107.50082070364485,107.45609787038714,107.25325258741626,107.20904293376319,107.02629196910755],"sim_r":null,"sim_rsigma":null,"solver":"EBIB-SARSOP","env_full":"Tiger","final_lw":106.07391831798935,"timeout":false,"runtime":3.0047500133514404,"final_ub":107.02629196910755}