{"lbs":[0.009368632934478774,0.26508841514267184,0.29668053992919663,0.3581445950446476,0.3702589494246094,0.38795158376908473,0.39270357154571406,0.3939773418842431,0.39417047844131037,0.4010737440035143,0.4021539687701865,0.402881296050177,0.40685867968706274,0.40685867968706274,0.40685867968706274,0.4072376960325784,0.40748173845001473,0.40764823865284916,0.40935771980210983,0.41015447929845367,0.41015447929845367,0.41022729801715874,0.4102339531820086,0.4106479070133218,0.41085303237271736,0.41146645188509784,0.4116435711662417,0.41180001778503283,0.4118223658674846,0.4119828799403538],"times":[0.1197659969329834,0.15027689933776855,0.15058207511901855,0.15091800689697266,0.1510300636291504,0.15119409561157227,0.15140199661254883,0.15154695510864258,0.15163111686706543,0.15187907218933105,0.15218901634216309,0.1522989273071289,0.15254998207092285,0.15262699127197266,0.1526639461517334,0.15475702285766602,0.15496611595153809,0.15538406372070312,0.15599298477172852,0.15620088577270508,0.15625596046447754,0.15636491775512695,0.15680289268493652,0.157027006149292,0.15749096870422363,0.15774011611938477,0.1583569049835205,0.1586589813232422,0.15946197509765625,0.15969491004943848],"env":"FrozenLake4","ubs":[0.46257722051772177,0.46257722051772177,0.4519654590666325,0.4464339728399654,0.4326638228149421,0.4326638228149421,0.42818487579290504,0.4270936173066555,0.42626305421758465,0.4253154885140451,0.4241276336629683,0.42401907133185096,0.42400914942958573,0.4229396188676922,0.4227697830456256,0.42239101249808947,0.4203622195497412,0.4201767419418698,0.41955209828558027,0.4194950098531147,0.41925647853948644,0.41871728868931485,0.41838017932634536,0.41765151067495393,0.4173304709798056,0.41698477932653455,0.4167340363641209,0.41630471248785345,0.41614088704261215,0.41595404116827495],"sim_r":null,"sim_rsigma":null,"solver":"SARSOP","env_full":"Frozen Lake (4)","final_lw":0.4119828799403538,"timeout":false,"runtime":0.15969491004943848,"final_ub":0.41595404116827495}