{"lbs":[-39.999999999999964,-14.853673817293902,-12.306622907351617,-9.792083858935438,-7.457628300804094,-5.273248189343854,6.0579408859500035,8.34182459599501,16.212257119638707,18.188725206525167,20.463324304176595,22.44930074299335,25.028272710550848,26.674435874407738,28.34227206265593,30.571138242038913,31.563610028543028,33.724236637864216,34.47839041227296,35.05923152415441,35.688500283363695,36.930160076561336,37.752357161086195,38.12930038297555,38.62683747236156,39.194142578927014,39.38623469948645,39.51028259534254,39.86328026236633,40.03580086372547,40.26474731270463,40.42843226113577,40.48429593701644,40.53510801029972,40.61459436851699,40.6907777234734,40.70603007591455,40.7375881760189,40.79434419080885,40.79734618926172,40.864229716749975,40.90308513172269,40.91846597139517,40.935394135510485,40.95173411836325,40.97739372209838,40.980661466967966,40.996697518043376,41.007633549935434,41.01593274707706,41.01706634066285,41.020231535915926,41.028203857852475,41.03538930263734,41.03888197687389,41.04279823363515,41.0452334510036,41.04717019623373,41.05064413221887,41.052529277840556],"times":[0.010929107666015625,0.011339187622070312,0.01155710220336914,0.011854171752929688,0.012027978897094727,0.012195110321044922,0.012600183486938477,0.012963056564331055,0.013396024703979492,0.01377415657043457,0.014200210571289062,0.014636039733886719,0.01519012451171875,0.01560211181640625,0.016047000885009766,0.01655101776123047,0.016950130462646484,0.017522096633911133,0.01787400245666504,0.01831507682800293,0.01876211166381836,0.01942300796508789,0.020048141479492188,0.02045607566833496,0.021121978759765625,0.02186417579650879,0.022325992584228516,0.02279520034790039,0.023670196533203125,0.024453163146972656,0.025286197662353516,0.026003122329711914,0.026479005813598633,0.026787996292114258,0.027415037155151367,0.028303146362304688,0.02850198745727539,0.028982162475585938,0.029803037643432617,0.030038118362426758,0.03091597557067871,0.0316162109375,0.03209710121154785,0.032479047775268555,0.03290104866027832,0.0386049747467041,0.03896212577819824,0.03998303413391113,0.04071807861328125,0.04137301445007324,0.041522979736328125,0.041750192642211914,0.04243206977844238,0.04324698448181152,0.04380917549133301,0.04465508460998535,0.04543018341064453,0.04573416709899902,0.052790164947509766,0.06023907661437988],"env":"Tiger","ubs":[86.98118247866822,86.98118247866822,76.38917467535362,76.26562693797274,76.25065237307216,76.03743467493781,76.00977670300675,72.08832337240602,71.31249293271836,67.38208346067509,66.52038331217852,64.73589676542682,64.31134965908888,62.76723979958501,61.59425397123577,60.31166434743646,58.42785721206296,57.47984084936055,55.600275563457636,54.6880259900628,54.346235463962856,53.56002480514313,52.23176149262106,50.83080043928441,50.2469304976953,49.6110875115305,48.643744265116354,48.12432898896235,47.86249254075061,46.82202938389035,46.397585539047235,45.7143099529589,45.13551086143072,44.95242447790003,44.85961958351619,44.50781582420925,44.09689587874119,44.0913565316947,43.94209899409644,43.69055268972829,43.63817793554779,43.2709472256295,42.989624227865264,42.85238037070427,42.76598107070457,42.66608809819402,42.37955828299704,42.33204433776654,42.18983357136915,42.076320880703065,41.98414574101535,41.972310240011524,41.94177161440568,41.84690662200221,41.7238131417469,41.66556789538815,41.58140617015988,41.52243041079305,41.4862356528909,41.40424037598278],"sim_r":null,"sim_rsigma":null,"solver":"EBIB-SARSOP","env_full":"Tiger","final_lw":41.052529277840556,"timeout":false,"runtime":0.06023907661437988,"final_ub":41.40424037598278}