{"lbs":[0.010879816619135408,0.2740063049618479,0.3088332985952072,0.3756854042487194,0.3889000732597444,0.3971176436817537,0.40385140006754455,0.40452654601154514,0.41763315120887967,0.42486569575635924,0.42553363643366254,0.426636893761788,0.42913534626497485,0.4293660836003944,0.4293873926778688,0.4299446732503284,0.4299446732503284,0.4300521597811167,0.43127185672591767,0.4337166155204546,0.43396283421185966,0.43441376837610995,0.43503856354569587,0.4357752037021891,0.43631509846629707,0.4364085365589129],"times":[0.13466501235961914,0.16588997840881348,0.16623687744140625,0.16656899452209473,0.16668391227722168,0.1668109893798828,0.16708898544311523,0.16724705696105957,0.16775989532470703,0.16797590255737305,0.16810894012451172,0.16852188110351562,0.1706678867340088,0.17079401016235352,0.1709129810333252,0.1714029312133789,0.17146801948547363,0.17175698280334473,0.17255401611328125,0.17281484603881836,0.1729588508605957,0.17353200912475586,0.17380189895629883,0.17454886436462402,0.1748650074005127,0.17502403259277344],"env":"FrozenLake4","ubs":[0.4865015692332603,0.4865015692332603,0.472974682042687,0.4721515912827568,0.45791800803316307,0.45791800803316307,0.45446935717829073,0.4531061916887423,0.4524124286240466,0.4494217192595551,0.4492954886360535,0.44796019084777017,0.4478507231218578,0.44784061354748755,0.44783966292667166,0.4455598862793553,0.4451106208953628,0.4445024672457408,0.44334444345574786,0.44334444345574786,0.44284191653108845,0.44234112946648707,0.4418617546962203,0.44148593544019804,0.4414512277426839,0.44066195546678905],"sim_r":null,"sim_rsigma":null,"solver":"SARSOP","env_full":"Frozen Lake (4)","final_lw":0.4364085365589129,"timeout":false,"runtime":0.17502403259277344,"final_ub":0.44066195546678905}