{"lbs":[-19.999999999999982,-17.418849999999985,-13.470250647262851,-10.760036135431001,-7.88141939005313,-6.686603780875133,-4.564447247279086,-2.010576832930682,0.061623230664093864,1.8685322743979422,3.3784760671399354,4.819452722968034,6.101453369132745,7.284426181001722,7.568067595600835,8.478537003094758,9.511239445549124,10.651907974847406,11.461825668905005,12.147048675817086,12.319092647351791,12.87134194792552,13.483693521604705,13.989643817228462,14.475479929736434,14.906352546684936,15.375727890109085,15.836755594953384,16.156993662760186,16.439331921661008,16.701115745951178,17.040201672665418,17.3312819153367,17.420609173864676,17.521380888600792,17.720168420853177,17.85597491002145,18.010645700490873,18.150715319456385,18.26464732551002,18.30607874166884,18.355978678719712,18.468856406654712,18.509016850723135,18.55798563747031,18.64338887196,18.6755457590233,18.713366664095304,18.79560064644699,18.839421212765856,18.895505306603074,18.914650954297414,18.949615287952987,18.95983383046042,18.999856309000343,19.04118081531393,19.070971663402624,19.09526792136883,19.12435309511205,19.14788358435685,19.174663043315665,19.19157922714191,19.199027669702968,19.214517109975233,19.224548485893163,19.242561296216213,19.256439101561128,19.269742410366774,19.281128339903812,19.29141509144192,19.30044915891357,19.30678025380783,19.31198577799872,19.319103056654782,19.324652299971106,19.3290459768834,19.332640993065723,19.337539671993316,19.34005149530642,19.343833445964265,19.346839543451154,19.349670915484687,19.3521063524848,19.353841765775343,19.355258651116934,19.35718816817424,19.35873182200277,19.359914231194224,19.360926067445785,19.36219923008491,19.363193207294888],"times":[0.003916025161743164,0.031744956970214844,0.03178596496582031,0.03181886672973633,0.03185296058654785,0.03235292434692383,0.03239893913269043,0.03248405456542969,0.03255295753479004,0.032624006271362305,0.03270292282104492,0.032731056213378906,0.03275895118713379,0.03281402587890625,0.03284001350402832,0.032956838607788086,0.0330660343170166,0.033915042877197266,0.03397798538208008,0.03407692909240723,0.03412985801696777,0.03423285484313965,0.03433084487915039,0.03442788124084473,0.03455686569213867,0.034693002700805664,0.034770965576171875,0.03587484359741211,0.03595900535583496,0.036093950271606445,0.03622794151306152,0.03635597229003906,0.03646683692932129,0.03786182403564453,0.037973880767822266,0.03815102577209473,0.03829383850097656,0.0384519100189209,0.040010929107666016,0.040168046951293945,0.0419919490814209,0.042120933532714844,0.04230999946594238,0.044200897216796875,0.044342994689941406,0.04455900192260742,0.04653596878051758,0.04674100875854492,0.04710102081298828,0.0492548942565918,0.04949593544006348,0.05207705497741699,0.05232501029968262,0.05343484878540039,0.053758859634399414,0.056318044662475586,0.05655097961425781,0.05939888954162598,0.05964303016662598,0.06096005439758301,0.061311960220336914,0.061575889587402344,0.0628499984741211,0.06301403045654297,0.06440901756286621,0.06736588478088379,0.06780600547790527,0.06918597221374512,0.06966400146484375,0.07098889350891113,0.07151985168457031,0.07172894477844238,0.07309889793395996,0.07370805740356445,0.07399582862854004,0.07420086860656738,0.07448291778564453,0.07469892501831055,0.07606983184814453,0.07673287391662598,0.07806682586669922,0.07878684997558594,0.08012104034423828,0.08028197288513184,0.08173084259033203,0.08303999900817871,0.08377289772033691,0.08392691612243652,0.08534097671508789,0.08611798286437988,0.08736586570739746],"env":"Tiger","ubs":[51.14163458223547,51.14163458223547,45.53814074155676,44.26778020528932,43.89016773565737,43.700537541834784,40.11146367726761,39.6314394507243,39.36017880896032,39.19859835929955,39.17963920417742,39.168812363155894,37.73859995862581,36.514457846852615,36.02611693515961,36.02611693515961,35.82906365425313,35.78534202425833,34.45121067622031,33.76189605608522,32.99563776441225,32.99563776441225,32.56021811349565,32.51739338431196,32.31251217152007,31.89417120698136,31.44933479225843,31.134133942069965,29.27983252440468,29.095336926156477,29.074107248285557,29.01971608991893,28.896649345774087,28.57301291074317,27.491634836770242,26.93407080363833,26.851968791907602,26.319732305323285,26.305816618755763,25.908124842856584,25.75319119285435,25.41509262559125,25.131509657695048,25.05997354054618,24.452494544225214,24.452494544225214,24.446955506812742,23.696907914454215,23.696907914454215,23.44479515192048,23.021905218309676,23.021905218309676,22.6397700343868,22.6397700343868,22.392661161820676,22.186269214022786,21.83689360579126,21.83689360579126,21.691273356050946,21.691273356050946,21.379724841137346,21.199091996022588,21.195107641975525,21.00629008737808,21.00629008737808,20.920752919785585,20.6963865261964,20.581252580787037,20.44351391653391,20.334409914185116,20.23108909563139,20.140998796692188,20.140995344453984,20.08561372282449,19.999773768435645,19.95467074085742,19.939603295601195,19.909249038666914,19.873779156841245,19.823024943050818,19.77442133150754,19.732243016642563,19.69399527308571,19.659996057111698,19.659996057111698,19.637035569078567,19.60595875595135,19.582415705632172,19.582415705461223,19.558881966380213,19.53959187035929],"sim_r":null,"sim_rsigma":null,"solver":"TIB-SARSOP","env_full":"Tiger","final_lw":19.363193207294888,"timeout":false,"runtime":0.08736586570739746,"final_ub":19.53959187035929}