{"lbs":[9.72292630401,21.080732876029124,22.231045005193288,22.231045005193288,23.373304949453313,23.40538038409248,23.50071014753638,23.50071014753638,23.532467183142785,23.564001919499944,23.564001919499944,23.564001919499944,23.564001919499944,23.564001919499944,23.564001919499944,23.564001919499944,23.564001919499944,23.564001919499944,23.564001919499944,23.595536655857103],"times":[4.034012079238892,4.066191911697388,4.066510915756226,4.066550970077515,4.0666279792785645,4.066932916641235,4.067331075668335,4.0677330493927,4.068181991577148,4.068557977676392,4.068933963775635,4.069350957870483,4.069559097290039,4.069868087768555,4.0703349113464355,4.070461988449097,4.070604085922241,4.071043968200684,4.07170295715332,4.072307109832764],"env":"RockSample5","ubs":[23.923618205823622,23.923618205823622,23.923618205823622,23.92361820582362,23.923618205823615,23.923618205823615,23.923618205823615,23.91475936417394,23.90678132669197,23.90678132669197,23.89839245515272,23.890062305714245,23.890062305714245,23.890062305714245,23.890062305714245,23.889798726762276,23.881291166246267,23.840310962346763,23.81281227674816,23.796720475621566],"sim_r":null,"sim_rsigma":null,"solver":"SARSOP","env_full":"RockSample ()","final_lw":23.595536655857103,"timeout":false,"runtime":4.072307109832764,"final_ub":23.796720475621566}