{"lbs":[9.72292630401,14.586073789512346,16.849138761447925,16.849138761447925,19.096362278579956,20.04411730327761,20.98523804280238,21.18631806960513,21.18631806960513,21.385990536220255,21.385990536220255,21.385990536220255,22.510355871312836,23.62685064905977,23.62685064905977,23.62685064905977,23.62685064905977,23.62685064905977,23.62685064905977,23.62685064905977,23.62685064905977,23.62685064905977],"times":[4.360512018203735,4.3956520557403564,4.3959479331970215,4.39601993560791,4.396075963973999,4.396269083023071,4.396335124969482,4.39668607711792,4.396735906600952,4.396845102310181,4.397166013717651,4.397402048110962,4.397810935974121,4.397876024246216,4.3979151248931885,4.398200035095215,4.39831805229187,4.398586988449097,4.398655891418457,4.398783922195435,4.398997068405151,4.3990700244903564],"env":"RockSample5","ubs":[23.923618205823622,23.923618205823622,23.923618205823622,23.92361820582362,23.923618205823615,23.923618205823615,23.923618205823615,23.923618205823615,23.923618205823615,23.91517019823122,23.906781326691974,23.90678132669197,23.90678132669197,23.898392455152724,23.890062305714245,23.890062305714245,23.890062305714245,23.890062305714245,23.890062305714245,23.889798726762276,23.881291166246267,23.840310962346763],"sim_r":null,"sim_rsigma":null,"solver":"SARSOP","env_full":"RockSample ()","final_lw":23.62685064905977,"timeout":false,"runtime":4.3990700244903564,"final_ub":23.840310962346763}