{"lbs":[0.015916780060162086,0.36442145940852944,0.4958532375841268,0.524044185071522,0.5420425583246687,0.5495515386985639,0.5551746804250488,0.558997029497547],"times":[0.3146688938140869,0.31499600410461426,0.31565093994140625,0.3186609745025635,0.31897902488708496,0.335906982421875,0.33620190620422363,0.3370368480682373],"env":"FrozenLake4","ubs":[0.5640216317633673,0.5640216317633673,0.5640216317633673,0.563944954271417,0.5639375413440018,0.563936654674299,0.5639365657055673,0.5637724435244675],"sim_r":null,"sim_rsigma":null,"solver":"BIB-SARSOP","env_full":"Frozen Lake (4)","final_lw":0.558997029497547,"timeout":false,"runtime":0.3370368480682373,"final_ub":0.5637724435244675}