{"lbs":[-21.276595744680833,-6.663390401129306,-4.339152349064873,-2.256018808642244,3.463404179666722,6.283453490675889,8.314535288127443,10.48587137542071,12.581981627204435,13.658976558119665,14.848845347032885,16.226288819776393,17.06485854287094,17.161962105500294,17.479801631440893,17.981848122783788,18.50164165395786,18.912224974360402,19.293640331577965,19.560890502565254,19.847221859916246,19.976357437202275,20.186803066863597,20.269529290454685,20.305780255096124,20.44886204011422,20.50031390713981,20.56285524489244,20.615903604920327,20.648025471704777,20.657146987476587,20.665432844975353,20.67306082611047,20.68643276584791,20.692292403742243,20.707095954095326,20.715317366853675,20.723685003721943,20.7337262144068,20.73871418286528,20.742686049672123,20.745778146761673,20.748180052771204,20.750045420972086,20.751494072089145],"times":[0.0422971248626709,0.04262399673461914,0.0427091121673584,0.04280495643615723,0.04355502128601074,0.04368400573730469,0.043821096420288086,0.043972015380859375,0.04413294792175293,0.04427790641784668,0.044419050216674805,0.04461503028869629,0.04484701156616211,0.04488110542297363,0.04494595527648926,0.04517412185668945,0.04530692100524902,0.04552197456359863,0.04572010040283203,0.04587602615356445,0.04607701301574707,0.046221017837524414,0.04650306701660156,0.04667997360229492,0.04678511619567871,0.04710507392883301,0.047287940979003906,0.04746699333190918,0.04769706726074219,0.04787397384643555,0.047940969467163086,0.04802513122558594,0.048085927963256836,0.04817509651184082,0.04823493957519531,0.04838395118713379,0.0485079288482666,0.048684120178222656,0.05012798309326172,0.05168890953063965,0.052488088607788086,0.053295135498046875,0.054067134857177734,0.05482602119445801,0.05558204650878906],"env":"Tiger","ubs":[45.61443874428368,45.61443874428368,38.06659080742474,38.06659080742474,37.974519772725735,34.961071375572345,34.00541303194203,33.19828733984163,32.065339463362044,30.47686722597374,30.236237427369982,29.790482021957082,28.426346747736766,27.462706099136064,27.401333401092742,27.252388471450402,26.345559400660022,25.847463153059266,25.482056070403235,24.82033282762687,24.285531682939684,23.986664300755415,23.64041800789633,23.208618879228816,23.118533778241833,23.03915124654439,22.608811200063187,22.451410685652384,22.271676382484934,22.101577920411042,21.9240793791206,21.8858464001514,21.846495657689804,21.83308447205897,21.757530390868126,21.747874093404604,21.637054268057195,21.530364513652408,21.440008320840853,21.26309172474606,21.1741408270753,21.10044283801438,21.039681613905785,20.989642424851112,20.94844381629312],"sim_r":null,"sim_rsigma":null,"solver":"EBIB-SARSOP","env_full":"Tiger","final_lw":20.751494072089145,"timeout":false,"runtime":0.05558204650878906,"final_ub":20.94844381629312}