{"lbs":[9.605960099999999,18.76926690427999,19.762929611467992,23.064728902885317,23.064728902885317,23.064728902885317,23.064728902885317,23.064728902885317,23.064728902885317,23.064728902885317,23.064728902885317,23.064728902885317,23.064728902885317,23.064728902885317,23.064728902885317,23.064728902885317,23.064728902885317,23.064728902885317],"times":[2.85404109954834,2.854321002960205,2.8546221256256104,2.854871988296509,2.8550570011138916,2.8553221225738525,2.855563163757324,2.8557159900665283,2.855950117111206,2.8561301231384277,2.856379985809326,2.856595993041992,2.85669207572937,2.8568270206451416,2.857041120529175,2.8571410179138184,2.8574609756469727,2.8577990531921387],"env":"RockSample5","ubs":[23.47795521977634,23.47795521977634,23.47795521977634,23.47795521977634,23.46606784415259,23.456032796363843,23.454299342285083,23.454299342285083,23.454299342285083,23.454299342285083,23.445851592939512,23.442530840417568,23.430326730404598,23.4183192802796,23.361430598448045,23.322204624360722,23.297721995004064,23.292675667578578],"sim_r":null,"sim_rsigma":null,"solver":"BIB-SARSOP","env_full":"RockSample ()","final_lw":23.064728902885317,"timeout":false,"runtime":2.8577990531921387,"final_ub":23.292675667578578}