{"lbs":[0.009456452391216686,0.2668518616506609,0.29907740313500597,0.36159329806433166,0.37392161442817756,0.3816900833732356,0.38676941282094285,0.398258813977754,0.40024498886621224,0.40578256276017766,0.40697849041590245,0.4077294470148255,0.4111551730041443,0.4111551730041443,0.4111551730041443,0.4119865280663078,0.41226487575895127,0.4124376311085374,0.41418071701367043,0.41493439723122266,0.41493439723122266,0.41500342295857917,0.4150097446729165,0.4154329044824287,0.415684078713171,0.4163143462465284,0.41649427812147194,0.41665437011059836,0.41666903211941336,0.4166786381636971],"times":[0.12203097343444824,0.15331411361694336,0.15362310409545898,0.15398693084716797,0.15410208702087402,0.15422892570495605,0.15451312065124512,0.15469908714294434,0.1548309326171875,0.15509891510009766,0.15542888641357422,0.1555650234222412,0.15582799911499023,0.1558670997619629,0.1559441089630127,0.15812301635742188,0.15833711624145508,0.15877199172973633,0.15941095352172852,0.15963196754455566,0.15968990325927734,0.1597580909729004,0.1601729393005371,0.16039109230041504,0.16088509559631348,0.16113805770874023,0.16180109977722168,0.16204595565795898,0.16216111183166504,0.16297197341918945],"env":"FrozenLake4","ubs":[0.46727020590742135,0.46727020590742135,0.45609491984059847,0.45146664057924146,0.43760758705340214,0.43760758705340214,0.43332032552811073,0.4315052231147866,0.43145474406610745,0.43060620708410924,0.4290778751846919,0.428937903060517,0.42892508372752164,0.42794995644105294,0.4273243482874447,0.42692937488994326,0.4251915939408813,0.4250324238344485,0.4244417310720419,0.42438763253446615,0.42430725321095947,0.4231373373379226,0.422895083185482,0.42270029004617626,0.42249134173077874,0.4215410845567483,0.42118185417087756,0.42104617487319607,0.4209645505739035,0.42061458403012336],"sim_r":null,"sim_rsigma":null,"solver":"SARSOP","env_full":"Frozen Lake (4)","final_lw":0.4166786381636971,"timeout":false,"runtime":0.16297197341918945,"final_ub":0.42061458403012336}