{"lbs":[9.64483090561,20.756773374563227,21.880189841889706,21.880189841889706,22.993495561010256,23.02941997080576,23.135902831316827,23.135902831316827,23.135902831316827,23.135902831316827,23.135902831316827,23.135902831316827,23.135902831316827,23.135902831316827,23.135902831316827,23.135902831316827,23.1934056119052,23.1934056119052,23.1934056119052,23.1934056119052,23.1934056119052,23.1934056119052,23.1934056119052,23.250390867468276],"times":[3.195559024810791,3.2273759841918945,3.2276370525360107,3.227679967880249,3.227755069732666,3.2280468940734863,3.2284228801727295,3.2287368774414062,3.229045867919922,3.2293429374694824,3.229649066925049,3.230001926422119,3.2303740978240967,3.2309770584106445,3.2310969829559326,3.231215000152588,3.2316648960113525,3.2321860790252686,3.2328169345855713,3.2330799102783203,3.2334859371185303,3.2341248989105225,3.234349012374878,3.235071897506714],"env":"RockSample5","ubs":[23.625487201000237,23.625487201000237,23.625487201000237,23.625487201000237,23.625487201000233,23.625487201000233,23.625487201000233,23.614212556138163,23.604078414316156,23.604078414316156,23.593422408487967,23.582862306712233,23.582862306712233,23.582862306712233,23.58241824485824,23.571567810089427,23.51987411458717,23.484881469140383,23.464406713231185,23.45665820349621,23.45665820349621,23.456032036933763,23.454624044689613,23.446054812067686],"sim_r":null,"sim_rsigma":null,"solver":"SARSOP","env_full":"RockSample ()","final_lw":23.250390867468276,"timeout":false,"runtime":3.235071897506714,"final_ub":23.446054812067686}