{"lbs":[9.49005240561,18.416822008846864,19.45553466776455,20.480744062116308,21.405350894275642,22.31793783761691,22.31793783761691,22.31793783761691,22.31793783761691,22.418540399809324,22.51783512869324,22.51783512869324,22.51783512869324,22.51783512869324,22.51783512869324,22.51783512869324,22.51783512869324,22.51783512869324,22.51783512869324,22.51783512869324,22.51783512869324,22.51783512869324,22.51783512869324,22.51783512869324,22.51783512869324,22.51783512869324,22.51783512869324,22.51783512869324,22.51783512869324,22.51783512869324,22.51783512869324,22.51783512869324,22.51783512869324,22.51783512869324,22.51783512869324,22.51783512869324,22.51783512869324,22.51783512869324,22.51783512869324,22.51783512869324,22.51783512869324,22.51783512869324,22.51783512869324,22.51783512869324,22.51783512869324,22.51783512869324,22.51783512869324,22.51783512869324,22.51783512869324,22.51783512869324,22.51783512869324,22.51783512869324,22.51783512869324,22.51783512869324,22.51783512869324,22.51783512869324,22.51783512869324,22.51783512869324,22.51783512869324,22.51783512869324,22.51783512869324,22.51783512869324,22.51783512869324,22.51783512869324,22.51783512869324,22.51783512869324,22.51783512869324,22.51783512869324,22.51783512869324,22.51783512869324],"times":[2.1328418254852295,2.133112907409668,2.133404016494751,2.1336669921875,2.133833885192871,2.133870840072632,2.134143829345703,2.1343908309936523,2.1346068382263184,2.1348469257354736,2.135187864303589,2.135422945022583,2.135679006576538,2.1359798908233643,2.1360859870910645,2.136193037033081,2.13647198677063,2.136582851409912,2.1369688510894775,2.1373119354248047,2.1375529766082764,2.137910842895508,2.138352870941162,2.138814926147461,2.139045000076294,2.1393089294433594,2.1400508880615234,2.140681028366089,2.141204833984375,2.141451835632324,2.1421079635620117,2.142364025115967,2.1428959369659424,2.143578052520752,2.1439130306243896,2.144413948059082,2.144636869430542,2.145174980163574,2.145490884780884,2.146311044692993,2.1466329097747803,2.147372007369995,2.1477019786834717,2.1481518745422363,2.148336887359619,2.1485788822174072,2.149095058441162,2.149327039718628,2.149749994277954,2.149909019470215,2.15010404586792,2.1505048274993896,2.1507110595703125,2.1511318683624268,2.151432991027832,2.1518659591674805,2.15250301361084,2.152724027633667,2.153280019760132,2.1536149978637695,2.154120922088623,2.1544530391693115,2.1549019813537598,2.1552159786224365,2.1557459831237793,2.155927896499634,2.1563799381256104,2.156597852706909,2.157181978225708,2.1572859287261963],"env":"RockSample5","ubs":[23.04141275850899,23.04141275850899,23.04141275850899,23.04141275850899,23.02619190070694,23.02619190070694,23.013443513218185,23.01116891405632,23.01116891405632,23.01116891405632,23.000454047109784,22.9961459274057,22.981318239581533,22.981318239581533,22.980358046002593,22.96493671084348,22.89154095334848,22.842809857734423,22.811522002577313,22.795972381316666,22.788276586089285,22.78821366130893,22.78821366130893,22.78821366130893,22.78821366130893,22.78821366130893,22.78821366130893,22.78821366130893,22.78821366130893,22.78821366130893,22.78821366130893,22.78821366130893,22.78583767864287,22.77900183175374,22.77543723813727,22.775305318250943,22.77510117822024,22.774704710925985,22.77406864250113,22.77258298272238,22.769765832627883,22.768759374130873,22.767879145904026,22.76518119168022,22.76518119168022,22.76518119168022,22.76518119168022,22.76480701841867,22.763034432800428,22.754727642593945,22.749072450785487,22.748066334941402,22.748066334941402,22.748066334941402,22.748066334941402,22.748066334941402,22.748066334941402,22.748066334941402,22.748066334941402,22.748066334941402,22.748066334941402,22.748066334941402,22.748066334941402,22.748066334941402,22.748066334941402,22.748066334941402,22.748066334941402,22.748066334941402,22.74409677193095,22.741874392648377],"sim_r":null,"sim_rsigma":null,"solver":"BIB-SARSOP","env_full":"RockSample ()","final_lw":22.51783512869324,"timeout":false,"runtime":2.1572859287261963,"final_ub":22.741874392648377}