{"lbs":[-23.255813953488353,-13.750264192668297,-10.765052169006237,-4.664752122668918,-0.9792008440499,1.4874694853344237,4.537607842416902,8.402332824522592,10.018271428012559,11.811356923420721,13.275938491348226,14.169219884961816,15.028432110485731,15.805233474483217,16.763464749842903,16.763464749842903,16.763464749842903,17.648592567371132,18.335453153010278,19.278483078054556,19.746816546862874,19.897503614482968,20.268286498788008,20.640232453734807,20.99797969811111,21.27601805565113,21.51537436049354,21.60718136188475,21.638791569288845,21.787094637212057,21.875119463604662,21.984429053088896,22.031481787379487,22.109616433090018,22.313967699879093,22.35779509813191,22.40032601949654,22.465813064020153,22.486484258283106,22.524674318822083,22.575196176980416,22.590086849408102,22.59668721275685,22.62860728003873,22.645681649228365,22.653249946842163,22.65660463175818,22.683163320645363,22.69493558933054,22.70015370497566,22.720944025064032,22.73247239134885,22.74679780707827,22.75825762234598,22.769687052040233,22.77983282176696,22.789396134383743,22.798132281483163,22.821875355830812,22.825107576353417,22.832597111471415,22.835916884526128,22.84214086076434,22.84637117429441,22.860829490934407,22.863984643072904,22.869114616967458,22.870768594785588,22.87377561454655,22.87776530461445,22.884467291088583,22.886986124638874,22.89044201290259,22.894176155800025,22.895320729711138,22.896159387016297,22.896531125966703,22.8976363014326,22.89933034860654,22.899655543580092,22.90046129168394,22.90061525057617,22.9006834936078,22.90118751124451,22.90141091952594,22.901985885975982,22.902320707600893,22.90271831344256,22.902971534444855,22.90312650299481,22.903249902645566,22.903257268541623,22.903409934668254,22.903473112138197,22.903478550175436,22.903545016744765,22.903581187501743],"times":[0.004232168197631836,0.031336069107055664,0.03142404556274414,0.03150010108947754,0.031606197357177734,0.03174710273742676,0.031884193420410156,0.032015085220336914,0.03219008445739746,0.03239917755126953,0.03261709213256836,0.03294014930725098,0.0331270694732666,0.03331708908081055,0.033560991287231445,0.0335850715637207,0.03361201286315918,0.033820152282714844,0.03408312797546387,0.03429818153381348,0.03448820114135742,0.03469109535217285,0.03493499755859375,0.0351719856262207,0.03539013862609863,0.03560209274291992,0.03583097457885742,0.0360560417175293,0.03630805015563965,0.03660321235656738,0.03688406944274902,0.03716611862182617,0.037409067153930664,0.03750014305114746,0.03777718544006348,0.03785204887390137,0.03834199905395508,0.03862309455871582,0.0388951301574707,0.03918099403381348,0.039469003677368164,0.03968405723571777,0.03993415832519531,0.04031014442443848,0.040544986724853516,0.040769100189208984,0.04093599319458008,0.04124903678894043,0.041506052017211914,0.04173016548156738,0.04186415672302246,0.04193305969238281,0.0420072078704834,0.04221701622009277,0.042330026626586914,0.0424041748046875,0.042495012283325195,0.04269003868103027,0.042948007583618164,0.04306316375732422,0.043250083923339844,0.04341411590576172,0.043534040451049805,0.04368400573730469,0.04398202896118164,0.044100046157836914,0.04451704025268555,0.044637203216552734,0.04476308822631836,0.04488420486450195,0.045150041580200195,0.04527711868286133,0.04546213150024414,0.04717707633972168,0.04742717742919922,0.04762005805969238,0.04778599739074707,0.0479121208190918,0.048246145248413086,0.04839515686035156,0.048586130142211914,0.04871320724487305,0.048840999603271484,0.04909515380859375,0.04920601844787598,0.04947614669799805,0.04983019828796387,0.050271034240722656,0.05066800117492676,0.05270099639892578,0.05370807647705078,0.053809165954589844,0.05607199668884277,0.05862712860107422,0.05878400802612305,0.06014108657836914,0.061283111572265625],"env":"Tiger","ubs":[101.84220174625631,101.84220174625631,92.43765833969283,89.56800188895662,83.49255720526597,81.88716269988004,79.51082823244867,76.08679294193459,69.4813167260017,67.00773373289313,65.2389682474511,64.23879617792932,63.14402578200195,61.00771958915345,60.38223544021788,57.84220174625629,57.84220174625629,57.44688042864733,55.39215631503365,54.3452786585615,51.77412833556057,49.58589378461602,48.93043082765431,47.60026500417629,46.59316305686788,44.659690574112716,43.24337042017827,41.83158483638995,40.72657094117021,39.95437690980958,39.28984234215862,39.08066181078509,38.81524682128716,38.635841155851,38.03084002565855,36.612716274758405,35.84549158885899,35.35350411030919,34.65980571572954,34.50734729443796,34.237873392500404,33.411909255174024,33.20528566746761,33.00916154694123,32.689867863298815,32.538840458759964,32.463248593401296,32.15601015135417,31.995439282898374,31.903809606099045,31.673887777998594,31.347833943285107,31.086250762736146,30.84100748157538,30.50332629162618,30.146311007849675,29.939094465775128,29.77214110385932,29.462267136391688,28.473837574484676,28.255846046951113,28.198287355671916,28.1295206102953,28.01049733897363,27.82776689512857,27.2333411208882,27.117634961988774,26.829302254472033,26.681617112197422,26.56181356432934,26.465686591950483,26.00824551068426,25.706170374656665,25.461998887025537,24.9063604125366,24.747374210675865,24.70477100127981,24.694821384065655,24.611882236671857,24.275272571880915,24.273526131793215,24.158748265351655,24.089830191588693,24.069708540209994,23.954487212088694,23.93642221848774,23.7923306002301,23.720195775037297,23.54716388426389,23.44206271686408,23.353055114482043,23.27984755593007,23.27984755593007,23.192573417505685,23.145584118564674,23.145584118564674,23.09399679575899],"sim_r":null,"sim_rsigma":null,"solver":"SARSOP","env_full":"Tiger","final_lw":22.903581187501743,"timeout":false,"runtime":0.061283111572265625,"final_ub":23.09399679575899}