{"lbs":[-23.80952380952379,-14.262755183830762,-11.249677912127915,-5.072851282492452,-1.3320767935036166,1.1744605826059784,4.294908194427574,8.25161809219577,9.91438591065187,11.763941042944698,13.280151198931058,14.207149205257904,15.102002581477873,15.911858484320042,16.91429707695306,16.91429707695306,16.91429707695306,17.843566838778138,18.60356212634113,19.434695012235153,20.050469260587406,20.48236109865681,21.00832869009202,21.242133687968426,21.539334773632177,21.816087700092538,22.058093523506432,22.284565920806564,22.440912425998548,22.5109621778682,22.625442569148824,22.698953267202697,22.77826016356009,22.87449464837968,22.901602007214805,22.95643036539382,22.980802863578795,23.02805937221852,23.049066004722263,23.09024473095778,23.117887589386193,23.14848040673506,23.17436753794458,23.19947420700135,23.222142153766733,23.243379097131182,23.26289585616867,23.28101183794911,23.297740478706253,23.31322973513776,23.353059945663958,23.364399117893594,23.36943964735252,23.382169318819102,23.390068592191277,23.4043109639619,23.40908112806354,23.417532648616564,23.428836930164817,23.439450678660513,23.444168740162606,23.448750351494404,23.450786985775956,23.455826241624052,23.471238432493234,23.476023013057375,23.482875141438143,23.485902678742633,23.48941350498329,23.490109970957263,23.490419566506908,23.492758291103858,23.493006425344518,23.49588796099581,23.49739496336538,23.498644386910453,23.499632448007134,23.499718276824808,23.500557289752482,23.50135260147659,23.501426643139737,23.501459556405074,23.501767248100656,23.501918655038004,23.502517448836556,23.50264969081523,23.503084257134415,23.50343144099318,23.503472877680085,23.50349129726459,23.50358000433361,23.503627624657383,23.503718803589138,23.503759334774507,23.503777351842217,23.503917179106296,23.50393521096622,23.504054605149577,23.504083284861046,23.5041105739736,23.504171668728134,23.504210551838145,23.504238135023698],"times":[0.006616830825805664,0.033795833587646484,0.033902883529663086,0.03398895263671875,0.03410983085632324,0.03426384925842285,0.03441882133483887,0.034559011459350586,0.034744977951049805,0.03497004508972168,0.03519296646118164,0.0355379581451416,0.035748958587646484,0.03592491149902344,0.036177873611450195,0.03620004653930664,0.03622794151306152,0.03644204139709473,0.0367279052734375,0.036947011947631836,0.03716897964477539,0.03739500045776367,0.03766584396362305,0.03773188591003418,0.03805088996887207,0.038327932357788086,0.03865385055541992,0.03911304473876953,0.03942084312438965,0.03979897499084473,0.040148019790649414,0.04048299789428711,0.04076695442199707,0.041075944900512695,0.04138684272766113,0.04169487953186035,0.041986942291259766,0.04221487045288086,0.04246997833251953,0.04382205009460449,0.04393291473388672,0.04427981376647949,0.04438304901123047,0.04477882385253906,0.04504799842834473,0.045397043228149414,0.045655012130737305,0.04598402976989746,0.04621100425720215,0.04630398750305176,0.04657888412475586,0.04686093330383301,0.047113895416259766,0.047299861907958984,0.04738497734069824,0.04796099662780762,0.04811286926269531,0.04832792282104492,0.048494815826416016,0.048651933670043945,0.04878687858581543,0.048959970474243164,0.04909396171569824,0.04923200607299805,0.04958486557006836,0.04972982406616211,0.0501248836517334,0.05028700828552246,0.05052995681762695,0.05067300796508789,0.05081486701965332,0.05114603042602539,0.05127096176147461,0.05165600776672363,0.051878929138183594,0.05216383934020996,0.05241203308105469,0.05253791809082031,0.05285787582397461,0.05505800247192383,0.055255889892578125,0.05547690391540527,0.055737972259521484,0.05588889122009277,0.05633091926574707,0.05648088455200195,0.05688285827636719,0.05743885040283203,0.057669878005981445,0.05787396430969238,0.05803704261779785,0.05821800231933594,0.05840897560119629,0.05853986740112305,0.05865287780761719,0.05899691581726074,0.05915093421936035,0.06145882606506348,0.06182384490966797,0.061918020248413086,0.0623779296875,0.06441903114318848,0.0646059513092041],"env":"Tiger","ubs":[104.33389453438218,104.33389453438218,94.91770238375061,92.04145659801135,85.93435216324518,84.32261216399107,81.93464922924693,78.49462036875823,71.83627394980134,69.32362958240364,67.53228244404329,66.5337464633186,65.43091998972506,63.28126098131928,62.65024275617721,60.33389453438217,60.33389453438217,59.68858973789103,57.581794439861696,56.049349653122356,53.69586870928941,51.612279518243966,49.890123010117875,47.767504929624224,46.85541310896877,45.29657396664784,44.25137635583193,43.394567155018024,42.65394367348809,41.36840236598919,40.75332071955093,40.11583439685095,39.530740433497144,38.64953819812198,38.12113620623903,37.95011221379242,37.38691442788718,37.14060068367688,37.08326011961732,36.934559943083656,36.41387631170307,35.87064672615615,35.57913013807065,35.21174318490698,34.92130047973308,34.407662644937076,34.0937438981875,33.793462869032496,33.44143491787577,33.23400342514988,32.94525854011852,31.849281358951878,31.768332880845982,31.65745086632999,31.474749871969856,31.11558145898676,30.594362929153807,30.293245213088593,30.08207279879855,29.894067212895354,29.309890994076458,29.131417513811463,28.980602668102534,28.860772496972466,28.69357154207482,27.90607816759111,27.620881339536176,27.025829730956495,26.908015090176768,26.477858675383654,26.388938644650878,26.302462648126426,25.894506903991214,25.838839727337785,25.509455630090052,25.32091782188325,25.153704173368467,24.893250404409756,24.872288410570977,24.749999986485918,24.53546538282577,24.53546538282577,24.512176557386127,24.488324932952906,24.44794309616438,24.33118986358963,24.325220820916165,24.210965477972273,24.097529070266493,24.097503662223453,24.08788291528839,24.085073557827933,24.07266399409606,24.03511630840307,24.02913587799484,24.02604508784927,23.950969266127036,23.938620651832203,23.848548944287053,23.826892000873784,23.82118131515428,23.765003861102706,23.722584100975048],"sim_r":null,"sim_rsigma":null,"solver":"SARSOP","env_full":"Tiger","final_lw":23.504238135023698,"timeout":false,"runtime":0.0646059513092041,"final_ub":23.722584100975048}