{"lbs":[-49.99999999999996,-32.815673786799046,-29.537303202360278,-21.135434243109945,-12.967914569763854,-8.953677317251062,-7.383947389191075,3.8043727867650365,8.706376712725351,12.810869799014323,15.893696703559618,19.119566170550762,22.065427656355332,27.133653489752824,28.449431479693672,30.615844877372645,32.33360311006111,33.94172082655678,35.414341358602826,36.81221390965179,38.20859068622134,39.31331158435924,39.31331158435924,39.31331158435924,39.8358943037133,41.29814748984538,43.2890215894179,43.96889259915538,45.45367766152522,45.97818507278751,46.22630069163823,46.80834548744545,46.994480507274034,47.40383268784794,47.59747469829456,48.22186320815093,48.25510054630508,48.79449876621925,49.237853677357585,49.41329274651271,49.68574661570976,50.10404225118488,50.16848863352974,50.31738602738787,50.446501778251026,50.7044610976856,50.90477103370572,50.96683007956883,51.19118424580567,51.235733542048365,51.27860818278796,51.32176459336775,51.36265749566488,51.40083935438533,51.41890109250738,51.48106918244416,51.53332437111777,51.59202274745316,51.63192126988804,51.637982290237346,51.67855299160801,51.68108395015987,51.70599472396694,51.73582588634811,51.76847803898544,51.79565623217175,51.7975730576602,51.803586897113775,51.82639624791787,51.83157258719677,51.8368493256163,51.84276828218298,51.85715421803842,51.85791304060368,51.86317176545099,51.863916093546095,51.87190470352882,51.87549156503672,51.87576113831348,51.88057337901333,51.884543685084964,51.887612194447485,51.88913596969354,51.89089754000359,51.89181751535201,51.89425241527131,51.895298851676976,51.89668264205418,51.89701691860687],"times":[0.011692047119140625,0.011862993240356445,0.012083053588867188,0.012379169464111328,0.012794017791748047,0.013303995132446289,0.013903141021728516,0.014490127563476562,0.015154123306274414,0.015864133834838867,0.016840219497680664,0.017861127853393555,0.018851041793823242,0.019941091537475586,0.02109217643737793,0.0221860408782959,0.024151086807250977,0.025527000427246094,0.02778911590576172,0.029406070709228516,0.03079700469970703,0.03190207481384277,0.03197216987609863,0.03205609321594238,0.03223609924316406,0.035629987716674805,0.03713417053222656,0.041259050369262695,0.04273104667663574,0.04401803016662598,0.044270992279052734,0.04593300819396973,0.04615902900695801,0.04740619659423828,0.04768705368041992,0.04925799369812012,0.04946708679199219,0.051162004470825195,0.052384138107299805,0.0527801513671875,0.05428814888000488,0.056136131286621094,0.05639004707336426,0.0579380989074707,0.05950212478637695,0.06110119819641113,0.06271219253540039,0.06390118598937988,0.06585907936096191,0.06681704521179199,0.06718111038208008,0.06753206253051758,0.06855607032775879,0.06958603858947754,0.06985902786254883,0.07116007804870605,0.07228207588195801,0.07391119003295898,0.07499217987060547,0.07529616355895996,0.07676005363464355,0.07725119590759277,0.07819008827209473,0.07922601699829102,0.08089613914489746,0.08270716667175293,0.08317399024963379,0.0836482048034668,0.08511614799499512,0.08555221557617188,0.08677315711975098,0.0877220630645752,0.08963418006896973,0.08997917175292969,0.09096312522888184,0.09131002426147461,0.09331703186035156,0.09415507316589355,0.09450602531433105,0.09559822082519531,0.09727811813354492,0.09850311279296875,0.09932899475097656,0.10067319869995117,0.10143017768859863,0.1142430305480957,0.11530709266662598,0.11717104911804199,0.11780309677124023],"env":"Tiger","ubs":[131.1738832976689,131.1738832976689,123.5758210866207,122.47858816803046,118.57582586055136,114.96129154792303,113.9558418295164,113.34183403799541,109.43453455502029,105.69745747781872,102.62786876385641,101.6381974223372,100.6895396343844,98.72326478334546,95.33132699331034,94.18360491722927,91.8746070558338,90.12690853889336,88.35630123735581,86.63952226501809,85.32019310042219,83.42510136976429,82.09318773413766,82.09318773413766,81.87154082880897,81.6010779865108,79.49144299162965,76.94542317231182,75.88840453902029,74.03027152891357,72.84378575155316,72.69942634176417,72.28566971556967,71.84639616518263,70.95692164917344,70.71600485800074,69.1987596692134,69.03291565322016,67.59414309591696,66.8036567565298,66.4929354356994,65.72162825800616,64.26228858068336,63.96650837125887,63.3630008680633,63.07942311610124,62.19858747900507,61.27903640457826,60.997607423209104,59.968112545363724,59.6110977360277,59.51076777832597,59.13854429257957,58.92763023299791,58.73811221163078,58.640905549287325,58.18145076004875,57.73193080940567,57.3129212081036,56.94278440682405,56.88316127860793,56.46503080598179,56.40609590739216,56.19259335505982,55.87863276060247,55.40989662089375,54.97903944338038,54.97106972125742,54.9194329658642,54.50612614404076,54.40008757777581,54.25302425219688,54.142693022350684,53.84224220138559,53.80892169061413,53.67389298050495,53.64252198690704,53.39139815584855,53.28294493303497,53.265363405650206,53.13158879529888,52.98174054226087,52.83600423160898,52.76629895207131,52.67143969201053,52.61373157489295,52.47930626815587,52.434574173553955,52.35660538830055],"sim_r":null,"sim_rsigma":null,"solver":"BIB-SARSOP","env_full":"Tiger","final_lw":51.89701691860687,"timeout":false,"runtime":0.11780309677124023,"final_ub":52.35660538830055}