{"lbs":[9.801495006249999,14.703106312390702,17.032241711959788,19.34973143453103,19.34973143453103,19.34973143453103,19.34973143453103,20.461510601175192,21.567730871986132,21.567730871986132,21.567730871986132,21.567730871986132,21.567730871986132,21.567730871986132,21.567730871986132,21.567730871986132,21.567730871986132,21.567730871986132,21.567730871986132,22.79205607084213,22.79205607084213,22.79205607084213,24.010259643703847],"times":[6.1833860874176025,6.217720031738281,6.218003034591675,6.218095064163208,6.218283176422119,6.218457221984863,6.218499183654785,6.21886420249939,6.218918085098267,6.21908712387085,6.2192771434783936,6.21946120262146,6.219721078872681,6.21980619430542,6.219977140426636,6.220082998275757,6.220232009887695,6.220296144485474,6.2204790115356445,6.220933198928833,6.221028089523315,6.221131086349487,6.221328020095825],"env":"RockSample5","ubs":[24.225883925984952,24.225883925984952,24.225883925984952,24.225883925984952,24.22588392598495,24.22588392598495,24.225883925984945,24.219788621277935,24.219788621277935,24.213723793094463,24.213723793094463,24.207658964910983,24.207658964910983,24.207658964910983,24.207658964910983,24.20149261653585,24.195366682156948,24.17116512501275,24.146234006888463,24.144306438935942,24.140862530173674,24.140628248374163,24.135781466321703],"sim_r":null,"sim_rsigma":null,"solver":"SARSOP","env_full":"RockSample ()","final_lw":24.010259643703847,"timeout":false,"runtime":6.221328020095825,"final_ub":24.135781466321703}