{"lbs":[0.013076777258809071,0.29261380114388147,0.41654239382904823,0.44041428914058484,0.46937097847640874,0.47616135061471215,0.4833355420275196,0.48703605391555344],"times":[0.289417028427124,0.28969717025756836,0.2898881435394287,0.290693998336792,0.29084014892578125,0.2936880588531494,0.2939422130584717,0.29429006576538086],"env":"FrozenLake4","ubs":[0.49092081226549306,0.49092081226549306,0.49091909291550095,0.49091846951802626,0.4909184107415565,0.4909181930167357,0.4909178677877279,0.4909174486137929],"sim_r":null,"sim_rsigma":null,"solver":"EBIB-SARSOP","env_full":"Frozen Lake (4)","final_lw":0.48703605391555344,"timeout":false,"runtime":0.29429006576538086,"final_ub":0.4909174486137929}