{"lbs":[-23.255813953488353,-8.311293202907127,-5.882424832224304,-3.692086132085227,2.5052414562798915,5.564574125073234,7.803563690508577,10.378269197198627,12.736680018276823,13.966399528693316,15.245676544003187,16.9084613664049,17.961438245005404,18.623453145780793,19.727626980632934,19.99154610135062,20.73854123124935,20.99379553351681,21.481508424888244,21.71955005045918,21.871832368394344,21.979465582929407,22.047905209630514,22.210290339935604,22.342334551202676,22.46693620262987,22.541812742708004,22.6083714406971,22.673345897595638,22.6938539032407,22.736622683775114,22.74065892383594,22.797765994466836,22.819353978733478,22.820917523584537,22.834173693213444,22.84004955520613,22.850096657877604,22.852883906115686,22.865252831832528,22.872844411112883,22.88155899585047,22.88608897563931,22.88972659470015,22.892616492153024,22.89490996016715,22.896729904885582],"times":[0.010263204574584961,0.010608196258544922,0.010715007781982422,0.010837078094482422,0.01171422004699707,0.011864185333251953,0.012037992477416992,0.012234210968017578,0.012452125549316406,0.012627124786376953,0.012821197509765625,0.013074159622192383,0.013281106948852539,0.013482093811035156,0.013698101043701172,0.01377105712890625,0.014070987701416016,0.014225006103515625,0.01458120346069336,0.014826059341430664,0.015051126480102539,0.015146017074584961,0.015266180038452148,0.015499114990234375,0.015755176544189453,0.01601099967956543,0.01622605323791504,0.01648712158203125,0.018352985382080078,0.018473148345947266,0.018714189529418945,0.018844127655029297,0.021041154861450195,0.023227214813232422,0.023368120193481445,0.023554086685180664,0.02364206314086914,0.02385115623474121,0.023990154266357422,0.024308204650878906,0.02463221549987793,0.02741718292236328,0.029972076416015625,0.03125,0.03251814842224121,0.0337522029876709,0.03499317169189453],"env":"Tiger","ubs":[49.983479131310624,49.983479131310624,42.37123132103038,42.37123132103038,42.27747645464627,39.23076095389451,38.22776935980342,37.37069819753111,35.8679902431167,34.37366543075035,34.09896157488113,33.49928586532182,32.24580379881485,31.336634987392465,30.61404382071757,29.885509018062685,29.714854919071254,28.761003154494745,28.3042435654799,27.65072207471185,27.139141333985688,26.883167267436505,26.704168498877046,26.635697634733003,26.141390837979237,25.72372137223479,25.27939762039189,25.03531972934909,24.81934006952446,24.48864256855127,24.456262806096916,24.22693678075254,24.199365281109316,23.887937796563683,23.72702599964522,23.72702599964522,23.67917754052896,23.662288045321862,23.584891328940298,23.554717741097797,23.46595902326787,23.4205680262521,23.306693358741732,23.24182714406125,23.186886036437055,23.140802514428678,23.10220308931401],"sim_r":null,"sim_rsigma":null,"solver":"EBIB-SARSOP","env_full":"Tiger","final_lw":22.896729904885582,"timeout":false,"runtime":0.03499317169189453,"final_ub":23.10220308931401}