{"lbs":[0.018486491339060027,0.39814035377372753,0.5590919512403661,0.5835749674451586,0.6001072065598924,0.6065249982996844,0.6083601137437644,0.6091578023002481,0.6114649295757566,0.6139502456799694,0.6176044459207973,0.6195313555677983,0.6200289566811386],"times":[0.5948400497436523,0.595393180847168,0.5965390205383301,0.6051421165466309,0.6056160926818848,0.6069271564483643,0.6177849769592285,0.6185951232910156,0.6190841197967529,0.6353170871734619,0.6363790035247803,0.6487879753112793,0.6492691040039062],"env":"FrozenLake4","ubs":[0.6370889902213035,0.6370889902213035,0.6370889902213035,0.6341085410846076,0.6328647654595063,0.6328048928213246,0.6327884255482785,0.631355289275625,0.627686711481984,0.6274788952606768,0.6270933297183441,0.6259165511761038,0.6258100800738879],"sim_r":null,"sim_rsigma":null,"solver":"BIB-SARSOP","env_full":"Frozen Lake (4)","final_lw":0.6200289566811386,"timeout":false,"runtime":0.6492691040039062,"final_ub":0.6258100800738879}