{"lbs":[9.451650624159997,18.301007973763618,19.324751239390586,22.338852067076456,22.338852067076456,22.338852067076456,22.338852067076456,22.338852067076456,22.338852067076456,22.338852067076456,22.338852067076456,22.338852067076456,22.338852067076456,22.338852067076456,22.338852067076456,22.338852067076456,22.338852067076456,22.338852067076456,22.338852067076456,22.338852067076456,22.338852067076456,22.338852067076456,22.338852067076456,22.338852067076456,22.338852067076456,22.338852067076456,22.338852067076456,22.338852067076456,22.338852067076456,22.338852067076456,22.338852067076456,22.338852067076456,22.338852067076456,22.338852067076456,22.338852067076456,22.338852067076456,22.338852067076456,22.338852067076456,22.338852067076456,22.338852067076456,22.338852067076456,22.338852067076456,22.338852067076456,22.338852067076456,22.338852067076456,22.338852067076456,22.338852067076456,22.338852067076456,22.338852067076456,22.338852067076456,22.338852067076456,22.338852067076456,22.338852067076456,22.338852067076456,22.338852067076456,22.338852067076456,22.338852067076456,22.338852067076456,22.338852067076456,22.338852067076456,22.338852067076456,22.338852067076456,22.338852067076456,22.338852067076456,22.338852067076456,22.338852067076456,22.338852067076456,22.338852067076456,22.338852067076456,22.338852067076456,22.338852067076456,22.338852067076456,22.338852067076456,22.338852067076456,22.338852067076456,22.338852067076456],"times":[2.039429187774658,2.039713144302368,2.0400211811065674,2.040325164794922,2.0405211448669434,2.0407981872558594,2.0410070419311523,2.041203022003174,2.04140305519104,2.0415849685668945,2.0418801307678223,2.042095184326172,2.042196035385132,2.042332172393799,2.042598009109497,2.0427041053771973,2.0430309772491455,2.043438196182251,2.0438220500946045,2.044124126434326,2.0443291664123535,2.0446150302886963,2.044814109802246,2.045107126235962,2.045289993286133,2.0455000400543213,2.0460851192474365,2.046699047088623,2.047119140625,2.047619104385376,2.047969102859497,2.048362970352173,2.0487701892852783,2.0492560863494873,2.049678087234497,2.050049066543579,2.0502431392669678,2.050662040710449,2.0510079860687256,2.0514161586761475,2.051769971847534,2.0521230697631836,2.0523860454559326,2.052999973297119,2.053176164627075,2.0536069869995117,2.0538060665130615,2.0541000366210938,2.0542781352996826,2.0546140670776367,2.0547921657562256,2.0550920963287354,2.0552680492401123,2.0558090209960938,2.056015968322754,2.056485176086426,2.056889057159424,2.057295083999634,2.0576369762420654,2.0579841136932373,2.0583651065826416,2.0585811138153076,2.058960199356079,2.0591161251068115,2.059406042098999,2.0597550868988037,2.0603420734405518,2.0604450702667236,2.060547113418579,2.061143159866333,2.0613529682159424,2.061763048171997,2.062263011932373,2.0624020099639893,2.063068151473999,2.063587188720703],"env":"RockSample5","ubs":[22.897894279402696,22.897894279402696,22.897894279402692,22.897894279402692,22.881585456250704,22.86796116723308,22.865504956622846,22.865504956622846,22.865504956622846,22.865504956622846,22.85405964282641,22.849424456994985,22.832445990638767,22.815905602046488,22.73929651393349,22.685487843355155,22.651928907779272,22.64634375949106,22.64634375949106,22.64634375949106,22.64467453855419,22.63737650844494,22.627248491973372,22.626460665304588,22.62441556956623,22.62441556956623,22.62441556956623,22.62441556956623,22.62441556956623,22.62441556956623,22.62441556956623,22.622778991081475,22.61883636239522,22.61311697545448,22.61311697545448,22.612394868823003,22.612394868823003,22.612012876232974,22.61045948983166,22.60651801098824,22.60651801098824,22.604668250254214,22.600775800259,22.59945631404855,22.59574685763958,22.59574685763958,22.59213887066588,22.586665006156377,22.586665006156377,22.586665006156377,22.586665006156377,22.5850234091669,22.582919117180847,22.582919117180847,22.582919117180847,22.582919117180847,22.582919117180847,22.582919117180847,22.582919117180847,22.582919117180847,22.582919117180847,22.582919117180847,22.582919117180847,22.582919117180847,22.582597138181868,22.58257543275687,22.580809986139293,22.57732375949106,22.57732375949106,22.572729014979426,22.56641668914775,22.56641668914775,22.565445621493026,22.56473297265065,22.564142476030284,22.560845439929032],"sim_r":null,"sim_rsigma":null,"solver":"EBIB-SARSOP","env_full":"RockSample ()","final_lw":22.338852067076456,"timeout":false,"runtime":2.063587188720703,"final_ub":22.560845439929032}