{"lbs":[-25.641025641025617,-22.999755581025617,-18.648310660633214,-15.602113679651268,-12.197975405590078,-8.592135962783766,-6.150973619097697,-3.976468464963065,-1.9070614116640645,0.21971611394353618,2.6060797119147696,4.2979411877337315,5.056477211595436,6.827514793131764,8.132074001077282,9.502300743248979,9.774775719802477,11.005442850482659,12.074458814366121,12.981253530381473,13.213903118882603,13.971403548448261,14.821887430634625,15.542817627167391,16.24735177736129,16.961703391624887,17.597852379865536,17.86019441347841,18.339199197570665,18.86329966606717,19.125945320142286,19.760258767200618,19.95906959873737,20.190712105689116,20.636200150995858,20.859450283509364,21.261363111750335,21.586675584923913,21.865397916383326,22.203098258674423,22.50863385898203,22.713851741853222,22.879995010815065,23.098195796415784,23.31530961342131,23.47678670459414,23.54094857501004,23.666266205642735,23.799845635975434,23.853779059149645,23.963600344059884,24.080176975470696,24.179317120608943,24.305302386095185,24.394612780191572,24.497440278102538,24.585778466727206,24.648723414777617,24.69930672574438,24.776772224598623,24.838023237400783,24.88576505951098,24.927808855897837,24.981949158214263,25.013443171732664,25.048653587178457,25.089124399871714,25.12573985103583,25.158186539323694,25.181649529015253,25.210307297025604,25.23580406018581,25.25851532059997,25.279348473127374,25.294071875384795,25.307952883811573,25.325442650198454,25.33956850823582,25.3533953076079,25.36555342712323,25.374447548500868,25.377857029391016,25.38531918183653,25.390357785534302,25.40011176371926,25.40782441897597,25.415417173702004,25.422090488823088,25.428281028380752,25.433865688806577,25.438975382950964,25.443617018727657,25.447848898425953,25.45170003496573,25.455207994420675,25.45840182391003],"times":[0.009685993194580078,0.03815197944641113,0.03900003433227539,0.03915905952453613,0.040387868881225586,0.04195404052734375,0.0420989990234375,0.04219794273376465,0.042311906814575195,0.04245185852050781,0.04325389862060547,0.04345107078552246,0.04353499412536621,0.043740034103393555,0.04388999938964844,0.04403185844421387,0.04408597946166992,0.04612398147583008,0.04625892639160156,0.04656195640563965,0.046627044677734375,0.04683399200439453,0.04701590538024902,0.047306060791015625,0.04749798774719238,0.04763007164001465,0.04780697822570801,0.05031991004943848,0.05042290687561035,0.05064892768859863,0.05080294609069824,0.05099296569824219,0.05390501022338867,0.05702400207519531,0.05739402770996094,0.057630062103271484,0.05793404579162598,0.058135032653808594,0.05843091011047363,0.05869293212890625,0.06206703186035156,0.06237506866455078,0.06265687942504883,0.06303191184997559,0.06336498260498047,0.06367897987365723,0.06747007369995117,0.0677189826965332,0.06805896759033203,0.0697178840637207,0.0713648796081543,0.07161307334899902,0.07190704345703125,0.07619404792785645,0.07643890380859375,0.07846307754516602,0.078765869140625,0.0790860652923584,0.0794210433959961,0.08382296562194824,0.08582305908203125,0.08612394332885742,0.0865020751953125,0.08849906921386719,0.08873987197875977,0.08902287483215332,0.08948802947998047,0.09147787094116211,0.09202289581298828,0.09226489067077637,0.09285902976989746,0.09485197067260742,0.0955209732055664,0.09750795364379883,0.09774398803710938,0.09820699691772461,0.10021185874938965,0.10094594955444336,0.10293292999267578,0.10372591018676758,0.1039590835571289,0.10416388511657715,0.10433101654052734,0.10930991172790527,0.11463093757629395,0.11562895774841309,0.11788606643676758,0.11894392967224121,0.12114405632019043,0.12223386764526367,0.12446999549865723,0.12563705444335938,0.12783598899841309,0.12905097007751465,0.13124394416809082,0.1325368881225586],"env":"Tiger","ubs":[55.25675404094718,55.25675404094718,50.39769986626027,49.10266355711022,48.74952544789312,48.27821507872459,46.40402528972693,45.546640933740335,45.12356476767161,44.972791914493506,44.85137989909758,43.45842576408149,43.28806708160705,42.32258541174838,42.18884142844993,41.926519262108314,41.21518315960978,41.21518315960978,40.027609701358514,39.23102691055083,39.0090996680873,39.0090996680873,38.76713153869816,38.22158537050658,38.14297785459599,38.10176767127699,37.843106439879186,37.53694565978007,36.52913826579339,36.14204676593486,36.04081842685865,35.85924815610818,35.780369314149894,34.94372504130353,34.247900413518664,34.247900413518664,34.09577732285742,33.995932388434326,33.66875528975615,33.49013819732788,32.930352145965855,32.18068492985837,32.18068492985837,31.996770125676203,31.99339368060375,31.47825244952637,31.4427386914654,31.079392067965227,30.801075255694442,30.72552007431645,30.338422733058152,29.98207427937998,29.718484645739814,29.645487600841676,29.279205769412606,29.145160810332396,28.888628962978714,28.647866376833782,28.59406535557884,28.484953543489986,28.13653612758873,27.95684468972364,27.95684468972364,27.7327270083742,27.55353029591675,27.501713464017534,27.475096752661386,27.305142568761664,27.15629667208363,27.017112678964914,26.939545310010875,26.8156484793841,26.706949856945172,26.605285939807345,26.512890246674417,26.512890246674417,26.424656565115722,26.34826423264199,26.27649627076395,26.211399476463008,26.15142574434127,26.151425740263686,26.112495036883082,26.100849145197564,26.070438026791525,26.006866212306548,25.970271954049615,25.92785392704382,25.892585335006125,25.85876768706862,25.82836640280879,25.800244947290366,25.774562231586295,25.750973131631184,25.729361808411664,25.709540070527115],"sim_r":null,"sim_rsigma":null,"solver":"ETIB-SARSOP","env_full":"Tiger","final_lw":25.45840182391003,"timeout":false,"runtime":0.1325368881225586,"final_ub":25.709540070527115}