{"lbs":[-22.72727272727271,-20.11341576727271,-16.068354689635044,-13.233256878792915,-10.279888208766,-9.032829377665507,-6.805435215709,-3.9712972103469184,-1.7557794992945648,0.2336845335505472,1.9180829938276813,3.541888293195851,5.004076604913644,6.526990142216688,6.874834627761245,8.000114389710651,9.165389327084338,10.525302973498874,11.487712061040398,12.320333053871279,12.529502236842019,13.206166258270985,13.965703404097322,14.600487931475199,15.216762200371072,15.769715912442104,16.379414356738145,16.82885939404822,16.960057899935457,17.216695720281972,17.696566707833473,18.10272809790504,18.438426448476477,18.717262605979222,19.053210297554124,19.311953474280763,19.574800052028756,19.85523265583111,20.05847436067417,20.130727734598295,20.23253160617717,20.46908729764036,20.507936377008157,20.598461322867912,20.75939031659681,20.870530088544033,21.032301011655377,21.134372166878286,21.250826492147304,21.324605748092,21.408686820225462,21.478459283885485,21.546460791077354,21.575322039273257,21.63006155633422,21.69075214386446,21.740973744578945,21.799174556210666,21.85204402746877,21.871070528896595,21.925138381646537,21.94747520772602,21.95734782996673,21.99626238296831,22.008575880597867,22.029616332120185,22.06064829403561,22.08062285460327,22.100769749887654,22.124484141850942,22.145523513202917,22.163974739494684,22.18072347953199,22.192426809364576,22.205883523526253,22.20783828816692,22.217250164791682,22.228645546046423,22.23876780610884,22.246032510151878,22.25421821055675,22.258733941779717,22.266429010503167,22.272547590105383,22.278479058333716,22.28362479564601,22.28834245759141,22.29254616176714,22.29634670859914,22.29975729509699,22.302829594337926,22.305591781071627,22.308077629448672,22.309827438051915,22.31128383161684,22.31306295587501,22.314621511370177,22.316191650677826,22.317608568569256,22.31888965271002,22.320040128771073,22.321076194611138],"times":[0.004539966583251953,0.032444000244140625,0.03248286247253418,0.0325160026550293,0.03254985809326172,0.03315091133117676,0.03320193290710449,0.033290863037109375,0.03336286544799805,0.03343796730041504,0.03351593017578125,0.03354597091674805,0.033574819564819336,0.03365683555603027,0.033685922622680664,0.033798933029174805,0.033917903900146484,0.034956932067871094,0.03502202033996582,0.03512883186340332,0.03516888618469238,0.03527498245239258,0.03537797927856445,0.03548097610473633,0.03564000129699707,0.03580594062805176,0.03588700294494629,0.03597092628479004,0.037335872650146484,0.03748583793640137,0.03763890266418457,0.03781580924987793,0.03798103332519531,0.03962993621826172,0.039732933044433594,0.03988194465637207,0.04008293151855469,0.040239810943603516,0.04044795036315918,0.04054594039916992,0.040666818618774414,0.04088783264160156,0.04284381866455078,0.04308295249938965,0.043318986892700195,0.04354500770568848,0.04580497741699219,0.04593801498413086,0.04616093635559082,0.046382904052734375,0.04661202430725098,0.046838998794555664,0.047065019607543945,0.04721784591674805,0.04741501808166504,0.04760003089904785,0.050073862075805664,0.050253868103027344,0.050572872161865234,0.050787925720214844,0.05104804039001465,0.05126690864562988,0.051486968994140625,0.0517268180847168,0.05194997787475586,0.0521848201751709,0.055052995681762695,0.05523180961608887,0.05541586875915527,0.05570387840270996,0.05695199966430664,0.0572969913482666,0.05854201316833496,0.05875086784362793,0.059056997299194336,0.06028389930725098,0.060678958892822266,0.06203889846801758,0.062474966049194336,0.0626838207244873,0.06299281120300293,0.06330084800720215,0.06463503837585449,0.06513094902038574,0.06644701957702637,0.06698298454284668,0.0682978630065918,0.06887984275817871,0.07019901275634766,0.07082986831665039,0.07213997840881348,0.07282090187072754,0.07415580749511719,0.07433295249938965,0.0745689868927002,0.07473897933959961,0.07505488395690918,0.07630395889282227,0.07703900337219238,0.0783548355102539,0.0791330337524414,0.08044600486755371],"env":"Tiger","ubs":[58.41765808492765,58.41765808492765,52.76414090222314,51.48249365587293,51.09475979219117,50.90023208668346,47.19270786838723,46.73191176040419,46.424336826794104,46.26023920382191,46.24068679077667,46.22971996201382,44.80335034376002,43.54949763150263,43.048348181336195,43.048348181336195,42.84384332515579,42.79800906952086,41.33351795313444,40.69936835519951,39.83538757829116,39.83538757829116,39.595936766015626,39.25006853422881,39.19050228667133,38.74664542985596,38.29782437382289,37.910105347635366,36.92686932230099,36.10421698714472,35.893782523103965,35.869261259982196,35.063707454700584,34.984089339010154,34.30803860384411,33.70508183216991,33.12753924607093,32.98997938628759,32.51662642163389,32.500191177795294,32.043092968977845,31.862981809682722,30.87340375976498,30.692333814128027,30.692333814128027,30.67123430554398,30.633340574482375,29.628195765069908,29.628195765069908,28.84073956217366,28.74897977921176,28.69363296968217,28.61869317478839,28.56282419511467,28.040192136949017,27.701596198519688,27.630953479694355,27.063130553302344,27.063130553302344,26.650890504880167,26.65078898474777,26.24881581460992,26.24767569274487,26.184462585244983,26.130123043502344,25.744916174929152,25.536610435156067,25.185876630179536,25.101766245923297,25.00971022689317,24.80538442631205,24.555218255022893,24.35590313309816,24.16324034592949,24.16324034592949,24.022077027779062,23.9171324194996,23.788690784294012,23.644486030057664,23.525036718812842,23.525031714961802,23.421945685446634,23.32516643866913,23.229200911245613,23.146513218523673,23.069792667131054,23.00094936725462,22.93824502918752,22.881513871981618,22.830032521191953,22.783378030322528,22.741072315638093,22.702720391895888,22.6679485324003,22.6679485324003,22.646853613973423,22.646174196995283,22.625359324585446,22.594270885389776,22.57106545697894,22.54800348602393,22.527917298780324],"sim_r":null,"sim_rsigma":null,"solver":"TIB-SARSOP","env_full":"Tiger","final_lw":22.321076194611138,"timeout":false,"runtime":0.08044600486755371,"final_ub":22.527917298780324}