{"lbs":[9.840957442559999,19.497176530981513,20.678756138373245,21.855609427335413,22.794653463850242,23.834229707599714,24.2046085921039],"times":[7.131469964981079,7.163599014282227,7.163949012756348,7.1642351150512695,7.164448976516724,7.1645941734313965,7.164915084838867],"env":"RockSample5","ubs":[24.37858445657725,24.37858445657725,24.37858445657725,24.37858445657725,24.37858445657725,24.37858445657725,24.37332544270305],"sim_r":null,"sim_rsigma":null,"solver":"SARSOP","env_full":"RockSample ()","final_lw":24.2046085921039,"timeout":false,"runtime":7.164915084838867,"final_ub":24.37332544270305}