{"lbs":[8.962957994409999,16.868491292902814,17.712904827028396,20.155564345185958,20.155564345185958,20.155564345185958,20.155564345185958,20.155564345185958,20.155564345185958,20.155564345185958,20.155564345185958,20.155564345185958,20.155564345185958,20.155564345185958,20.155564345185958,20.155564345185958,20.155564345185958,20.155564345185958,20.155564345185958,20.155564345185958,20.155564345185958,20.155564345185958,20.155564345185958,20.155564345185958,20.155564345185958,20.155564345185958,20.155564345185958,20.155564345185958,20.155564345185958,20.155564345185958,20.155564345185958,20.155564345185958,20.155564345185958,20.155564345185958,20.155564345185958,20.155564345185958,20.155564345185958,20.155564345185958,20.155564345185958,20.155564345185958,20.155564345185958,20.155564345185958,20.155564345185958,20.155564345185958,20.155564345185958,20.155564345185958,20.155564345185958,20.155564345185958,20.155564345185958,20.155564345185958,20.155564345185958,20.155564345185958,20.155564345185958,20.155564345185958,20.155564345185958,20.155564345185958,20.155564345185958,20.155564345185958,20.155564345185958,20.155564345185958,20.155564345185958,20.155564345185958,20.155564345185958,20.155564345185958,20.155564345185958,20.155564345185958,20.155564345185958,20.155564345185958,20.155564345185958,20.155564345185958,20.155564345185958,20.155564345185958,20.155564345185958,20.155564345185958,20.155564345185958,20.155564345185958,20.155564345185958,20.155564345185958,20.155564345185958,20.155564345185958,20.155564345185958,20.155564345185958,20.155564345185958,20.155564345185958,20.155564345185958,20.155564345185958,20.155564345185958,20.155564345185958,20.155564345185958,20.155564345185958,20.155564345185958,20.155564345185958,20.155564345185958,20.155564345185958,20.155564345185958,20.155564345185958,20.155564345185958,20.155564345185958,20.155564345185958,20.155564345185958,20.155564345185958,20.155564345185958,20.155564345185958,20.155564345185958,20.155564345185958,20.155564345185958,20.155564345185958,20.155564345185958,20.155564345185958,20.155564345185958,20.155564345185958,20.155564345185958,20.155564345185958,20.155564345185958,20.155564345185958,20.155564345185958,20.155564345185958,20.155564345185958,20.155564345185958,20.155564345185958,20.155564345185958,20.155564345185958,20.155564345185958,20.155564345185958,20.155564345185958,20.155564345185958],"times":[1.1354269981384277,1.1357240676879883,1.1360199451446533,1.1363189220428467,1.1365129947662354,1.1367900371551514,1.1370749473571777,1.1373350620269775,1.137558937072754,1.1377661228179932,1.1380491256713867,1.1383349895477295,1.1384398937225342,1.1386029720306396,1.1388940811157227,1.139003038406372,1.139357089996338,1.1396660804748535,1.139991044998169,1.140294075012207,1.140599012374878,1.1410651206970215,1.1416339874267578,1.1421079635620117,1.142435073852539,1.142638921737671,1.1429269313812256,1.1433830261230469,1.1437389850616455,1.1441230773925781,1.1446690559387207,1.145263910293579,1.1458721160888672,1.146446943283081,1.1467080116271973,1.1472089290618896,1.1474239826202393,1.1478650569915771,1.1484200954437256,1.148719072341919,1.1492500305175781,1.1494839191436768,1.1502211093902588,1.1505470275878906,1.1509730815887451,1.151540994644165,1.1517279148101807,1.152350902557373,1.153007984161377,1.1532580852508545,1.153630018234253,1.1538400650024414,1.154176950454712,1.1543540954589844,1.1549079418182373,1.155128002166748,1.155674934387207,1.155930995941162,1.156393051147461,1.1566591262817383,1.157052993774414,1.1573328971862793,1.157745122909546,1.1579530239105225,1.1583640575408936,1.1585590839385986,1.1586709022521973,1.1587789058685303,1.1592800617218018,1.1594789028167725,1.1599628925323486,1.1601619720458984,1.1609771251678467,1.1611239910125732,1.161595106124878,1.1618680953979492,1.1622810363769531,1.1625020503997803,1.1629040241241455,1.1631109714508057,1.1632559299468994,1.1640830039978027,1.164233922958374,1.1644489765167236,1.1647930145263672,1.1649479866027832,1.1651060581207275,1.165268898010254,1.165903091430664,1.1665430068969727,1.1669509410858154,1.1674180030822754,1.16756010055542,1.1680331230163574,1.168168067932129,1.1683270931243896,1.168813943862915,1.169053077697754,1.169222116470337,1.1695969104766846,1.1704719066619873,1.1709511280059814,1.1718480587005615,1.172231912612915,1.1730570793151855,1.173403024673462,1.1735649108886719,1.174009084701538,1.174314022064209,1.175018072128296,1.1755170822143555,1.1759929656982422,1.1761760711669922,1.176980972290039,1.1771600246429443,1.1773159503936768,1.1774940490722656,1.178067922592163,1.1783769130706787,1.17911696434021,1.1792778968811035,1.1801989078521729,1.1811060905456543,1.181380033493042,1.181955099105835,1.1821579933166504],"env":"RockSample5","ubs":[21.11962234403778,21.11962234403778,21.11962234403778,21.119622344037772,21.09018911035388,21.06637742098929,21.061550573979453,21.061550573979453,21.061550573979453,21.061550573979453,21.04164943436713,21.032912037605023,21.000445781539117,20.970195798307984,20.840678165451195,20.743311317175547,20.682810021425716,20.677774744777004,20.66519276860064,20.648482362140285,20.648482362140285,20.648482362140285,20.648482362140285,20.648482362140285,20.648482362140285,20.648482362140285,20.648482362140285,20.64777850295625,20.6470771802269,20.6470771802269,20.6470771802269,20.64653762727356,20.643670248826506,20.637015053239526,20.62432429007417,20.623334253635168,20.62295061847731,20.62295061847731,20.622205547593904,20.621681539823815,20.621010200411227,20.619081073097057,20.61645972212792,20.608807497516217,20.608807497516217,20.600217298988298,20.591061572228924,20.591061572228924,20.589412255575887,20.587235803542335,20.583144531908218,20.57439315290107,20.574375047353602,20.571928451930386,20.571928451930386,20.571928451930386,20.571928451930386,20.571928451930386,20.571928451930386,20.571928451930386,20.571928451930386,20.571928451930386,20.571928451930386,20.571928451930386,20.571928451930386,20.555902812866837,20.54939254074876,20.54939254074876,20.537065514933147,20.534950066501878,20.53485396867228,20.530629945195493,20.528679537435107,20.526682856289078,20.52258066590865,20.52258066590865,20.52258066590865,20.52258066590865,20.52258066590865,20.51779609012808,20.514230890775824,20.495572892919416,20.484429579393904,20.48423663612918,20.483203729017827,20.4693658049456,20.458810498038297,20.455051671987214,20.454749516734402,20.44183450494573,20.42681607336167,20.42681607336167,20.42366750431336,20.42366750431336,20.41908129368812,20.415632476366095,20.412954533813632,20.412954533813632,20.40695518203776,20.40576696553225,20.397374280846584,20.397374280846584,20.395841227318588,20.394585126665675,20.394585126665675,20.394585126665675,20.394553867339454,20.392491873352764,20.38774129086128,20.38774129086128,20.38774129086128,20.387401732513933,20.385112148630526,20.385112148630526,20.38162540609696,20.381040004556578,20.37785300495594,20.374519652982105,20.374519652982105,20.372286614960924,20.367840905667546,20.387504524419167,20.360963120760744,20.360963120760744,20.36066017273484,20.355087018558628],"sim_r":null,"sim_rsigma":null,"solver":"EBIB-SARSOP","env_full":"RockSample ()","final_lw":20.155564345185958,"timeout":false,"runtime":1.1821579933166504,"final_ub":20.355087018558628}