{"lbs":[0.020906291793589604,0.43558574149826307,0.5605121822045349,0.6189142850751596,0.6329655569422605,0.6356565604572066,0.6356565604572066,0.6364348088803793,0.6366599184381212,0.6423432807843754,0.6498584604752276,0.6498584604752276,0.6498584604752276,0.6498584604752276,0.6498584604752276,0.6583246086736263,0.6583246086736263,0.6583246086736263,0.6658099132333304,0.6658099132333304,0.6658099132333304,0.6681195531378641,0.6710453853908307,0.6717921467925356,0.6717921467925356,0.6717921467925356,0.6717921467925356,0.6717921467925356,0.6726481578154587,0.6726481578154587,0.6728602593649896,0.6753673928351281,0.6761998382393435,0.6761998382393435,0.6761998382393435,0.6761998382393435,0.6761998382393435,0.6761998382393435,0.6761998382393435,0.6764293793709222,0.6764293793709222,0.6764293793709222,0.6764293793709222,0.6764293793709222,0.6769323119154811,0.6769323119154811,0.6769323119154811,0.6769323119154811,0.6773599617310754,0.6773599617310754,0.6773599617310754,0.6773599617310754,0.6773599617310754,0.6778947810528599,0.6778947810528599,0.6780571757667284,0.6780976787762404,0.678107713669969,0.6781630719616402,0.6781630719616402,0.6781630719616402,0.6781851451073436,0.6781995044786455,0.6782030621097144,0.6782030621097144,0.6782030621097144,0.6782090600539465,0.6785772351075519,0.6785772351075519,0.6785772351075519,0.6787706220936416,0.6788288835330847,0.6788460060194144,0.6788460060194144,0.678850794597208,0.6788519943054275],"times":[1.6245770454406738,1.6264050006866455,1.629305124282837,1.631753921508789,1.634537935256958,1.636214017868042,1.637753963470459,1.6401560306549072,1.651576042175293,1.6524739265441895,1.6541929244995117,1.864781141281128,1.8767180442810059,1.879060983657837,1.8879990577697754,1.936795949935913,1.9391419887542725,1.9561200141906738,1.960442066192627,1.9721400737762451,1.9739980697631836,1.9920001029968262,1.9944260120391846,1.9965729713439941,2.067031145095825,2.38783597946167,2.3911819458007812,2.3969669342041016,2.401216983795166,2.4062700271606445,2.432232141494751,2.439535140991211,2.4437649250030518,2.449172019958496,2.4527249336242676,2.4779839515686035,2.4802169799804688,2.486154079437256,2.488227128982544,2.4917149543762207,2.4942641258239746,2.4968810081481934,2.5008809566497803,2.5248210430145264,2.5302059650421143,2.533582925796509,2.583104133605957,2.58658504486084,2.5937819480895996,2.5994160175323486,2.6027939319610596,2.6065011024475098,2.6853740215301514,2.6919970512390137,2.6961231231689453,2.7003109455108643,2.7057321071624756,2.7096550464630127,2.750643014907837,2.765331983566284,2.7686259746551514,2.771806001663208,2.7779860496520996,2.7817230224609375,2.857232093811035,2.8598670959472656,2.863882064819336,2.8707549571990967,2.8733301162719727,2.8817689418792725,2.884796142578125,2.936876058578491,2.9428751468658447,2.951029062271118,2.955747127532959,2.9606821537017822],"env":"FrozenLake4","ubs":[0.7338648384001545,0.7338648384001545,0.7316641891971049,0.7311620625828336,0.7241044712984059,0.7216641891971048,0.7161791590070219,0.7140306215300009,0.7087072429164833,0.7080756942929134,0.7080756942929134,0.707547052512537,0.707547052512537,0.707547052512537,0.7070579008126713,0.7056652244425998,0.703548228769272,0.7030670065056267,0.7014375840829642,0.7009350218941375,0.7003046403831861,0.6992492038071165,0.6989885618505629,0.6989885618505629,0.6989885618505629,0.6972505588929954,0.6971758948756175,0.6970764778681579,0.6955017174199728,0.6947264373637074,0.6945380220485022,0.6945380220485022,0.6945380220485022,0.6931766547261313,0.6930716935018777,0.6930716935018777,0.6929002926892497,0.6929002926892497,0.6929002926892497,0.6924544079823567,0.6921311961048507,0.6921311961048507,0.6921311961048507,0.6921311961048507,0.690867201107076,0.6906475562111162,0.6903955778911403,0.6903955778911403,0.6903770447584098,0.6900340946062175,0.6900340946062175,0.6900340946062175,0.689229025314141,0.6889631880147682,0.6887214718992662,0.688675086259076,0.6885113843964232,0.6885113843964232,0.6885113843964232,0.6884159131922362,0.6883243911574668,0.6880691168954629,0.6880691168954629,0.6873874626306886,0.6871613382381986,0.6865575563431459,0.6865457122960815,0.6864458502432339,0.6863537863697466,0.6861262811021777,0.6861108245321731,0.6860423808690871,0.6858663793411035,0.6858524564901177,0.6858464785428057,0.685609384187724],"sim_r":null,"sim_rsigma":null,"solver":"BIB-SARSOP","env_full":"Frozen Lake (4)","final_lw":0.6788519943054275,"timeout":false,"runtime":2.9606821537017822,"final_ub":0.685609384187724}