{"lbs":[0.01694075229389136,0.3917120729313837,0.5403840149991035,0.5560374945371107,0.5575685942430301,0.5821740495377297,0.586916631945714,0.5876089903533792,0.5876767113831856,0.5877056830819636,0.5900238486281919,0.5906968918374045,0.5955112094374089,0.5966833925428966,0.5966833925428966,0.5966833925428966,0.5966833925428966,0.5974384036830471,0.5976209958922096,0.5977033707012228,0.5977033707012228,0.599984929798304,0.6003198791554544,0.601112882244183,0.601529270285433,0.6026784593479155,0.6029936335076133,0.6033142531412903,0.6040144869772028,0.6040144869772028,0.6040144869772028,0.6040144869772028,0.6044937236820063,0.6045973411706677,0.6046629819962738,0.6047172502602044,0.6047225583530628,0.6049483047743373,0.6053994256341136,0.6053994256341136,0.6053994256341136,0.6053994256341136,0.6053994256341136,0.6053994256341136,0.6053994256341136,0.6056590164940522,0.6056590164940522,0.6056590164940522,0.6056590164940522,0.6056590164940522,0.6056590164940522,0.6056590164940522,0.6057333161552145,0.6057512848162716,0.6057556303647591,0.6057556303647591,0.6057556303647591,0.6057556303647591],"times":[0.44393205642700195,0.47455286979675293,0.4751749038696289,0.4790310859680176,0.4797189235687256,0.480618953704834,0.48075199127197266,0.48128199577331543,0.4817218780517578,0.48247790336608887,0.48293304443359375,0.48387694358825684,0.48508286476135254,0.48534202575683594,0.48827385902404785,0.48862195014953613,0.49063897132873535,0.49093198776245117,0.49222898483276367,0.4925539493560791,0.4927949905395508,0.4946269989013672,0.4969968795776367,0.49796390533447266,0.4999089241027832,0.5011470317840576,0.5041289329528809,0.504767894744873,0.5084328651428223,0.5095570087432861,0.512923002243042,0.5138599872589111,0.5175859928131104,0.5185070037841797,0.5196490287780762,0.5249578952789307,0.525209903717041,0.525738000869751,0.5263769626617432,0.5309839248657227,0.5319490432739258,0.5325729846954346,0.5373549461364746,0.5378329753875732,0.5384900569915771,0.5448660850524902,0.5457780361175537,0.5463309288024902,0.5469870567321777,0.553009033203125,0.555509090423584,0.5558140277862549,0.5562129020690918,0.562938928604126,0.5632948875427246,0.5647258758544922,0.5656468868255615,0.5664410591125488],"env":"FrozenLake4","ubs":[0.6554512353291504,0.6554512353291504,0.6530254845502012,0.6456049364423834,0.6435740540930424,0.6411112933370315,0.6365806401518154,0.6365806401518154,0.6357491492810642,0.6324542078647891,0.6311112933370315,0.6293901954595846,0.627729579022291,0.627729579022291,0.627729579022291,0.6253159883774552,0.6236624654108752,0.621972414081029,0.6219533065901788,0.6219533065901788,0.6219533065901788,0.6206075764071405,0.6204759477119041,0.6204630728328028,0.6202156688054785,0.6196716546523159,0.6196184434855653,0.6196132387896018,0.6194503119214055,0.6174553857479165,0.6171593913302145,0.6169512709949344,0.6168804026491371,0.6165222824714055,0.6162182758589472,0.6161885403337688,0.6161856318396065,0.616076071943787,0.6159279300946332,0.6157926757862217,0.6156430845769818,0.6156284527466644,0.6154395339825136,0.6153735441090092,0.6153574276592909,0.6153549062304815,0.6144391655193573,0.6139506693425698,0.6139028885056763,0.6137377748774987,0.613619621054421,0.6134371865754582,0.6133680767027875,0.6132154565126264,0.612426651615584,0.612426651615584,0.6120809261592836,0.611790005999851],"sim_r":null,"sim_rsigma":null,"solver":"SARSOP","env_full":"Frozen Lake (4)","final_lw":0.6057556303647591,"timeout":false,"runtime":0.5664410591125488,"final_ub":0.611790005999851}