{"lbs":[0.011531992444236795,0.3274749192663457,0.39776226211286303,0.42673903420634024,0.4426410049030355,0.4441279806907157,0.4491478516862582,0.4497260859591697,0.44978110762467105,0.4515135375864876,0.45872334698644623,0.45872334698644623,0.46181012699963225,0.46209876840320724,0.46229114520843617,0.4626814746966564,0.4637099558761562,0.46585079887547876,0.4661437458855592,0.46617113903823004,0.46653307289885304,0.46653307289885304,0.4677499545241977,0.4678637437864139,0.4681247506266315],"times":[0.15211009979248047,0.18303918838500977,0.18336200714111328,0.18369722366333008,0.1839601993560791,0.18410921096801758,0.18489623069763184,0.185197114944458,0.18532609939575195,0.18584418296813965,0.1862471103668213,0.18630123138427734,0.186737060546875,0.18686413764953613,0.18699407577514648,0.2077651023864746,0.20801615715026855,0.20859003067016602,0.20873522758483887,0.20882821083068848,0.20951223373413086,0.20956110954284668,0.20980215072631836,0.2103281021118164,0.21054911613464355],"env":"FrozenLake4","ubs":[0.5167610718557099,0.5167610718557099,0.5048889379692822,0.4900379564844714,0.4900379564844714,0.4900379564844714,0.4880455198900731,0.4874673971245599,0.4871174528359233,0.48321878345496627,0.4788250089771651,0.4781471803748555,0.4770337368296262,0.4765725415523994,0.47504990516679324,0.4749855351697877,0.47459690953405026,0.47428757244277986,0.4736274107817327,0.4733988499140903,0.47330416750469495,0.47321878345496626,0.4726302003062562,0.4725559344734174,0.4725489899570811],"sim_r":null,"sim_rsigma":null,"solver":"SARSOP","env_full":"Frozen Lake (4)","final_lw":0.4681247506266315,"timeout":false,"runtime":0.21054911613464355,"final_ub":0.4725489899570811}