{"lbs":[0.011093223216757129,0.27764457913074464,0.38397537490150835,0.4031140978176835,0.43416726007631185,0.4405758812188625,0.44236736345099353,0.44542672119638066],"times":[0.17733216285705566,0.17761707305908203,0.1777970790863037,0.177962064743042,0.17858409881591797,0.18131709098815918,0.18157196044921875,0.18199706077575684],"env":"FrozenLake4","ubs":[0.4473427454639209,0.4473427454639209,0.4473413497318328,0.4473408118781146,0.4473407619992281,0.447340539145568,0.4473402521286326,0.4473402255115717],"sim_r":null,"sim_rsigma":null,"solver":"BIB-SARSOP","env_full":"Frozen Lake (4)","final_lw":0.44542672119638066,"timeout":false,"runtime":0.18199706077575684,"final_ub":0.4473402255115717}