{"lbs":[0.011201408010832282,0.27947914960001513,0.3872783523406962,0.40704119596114047,0.4390346095837725,0.4456659674515842,0.44751171616037955,0.45062971928794393],"times":[0.26660919189453125,0.26690006256103516,0.26709699630737305,0.26726818084716797,0.2679131031036377,0.2709681987762451,0.27126002311706543,0.2717411518096924],"env":"FrozenLake4","ubs":[0.45258712946538604,0.45258712946538604,0.4525857267171449,0.4525851820562625,0.45258513144114454,0.4525848996254419,0.4525846072940969,0.4525845801278619],"sim_r":null,"sim_rsigma":null,"solver":"EBIB-SARSOP","env_full":"Frozen Lake (4)","final_lw":0.45062971928794393,"timeout":false,"runtime":0.2717411518096924,"final_ub":0.4525845801278619}