{"lbs":[9.29920776976,17.845942582035725,18.811536383652836,21.639107887179456,21.639107887179456,21.639107887179456,21.639107887179456,21.639107887179456,21.639107887179456,21.639107887179456,21.639107887179456,21.639107887179456,21.639107887179456,21.639107887179456,21.639107887179456,21.639107887179456,21.639107887179456,21.639107887179456,21.639107887179456,21.639107887179456,21.639107887179456,21.639107887179456,21.639107887179456,21.639107887179456,21.639107887179456,21.639107887179456,21.639107887179456,21.639107887179456,21.639107887179456,21.639107887179456,21.639107887179456,21.639107887179456,21.639107887179456,21.639107887179456,21.639107887179456,21.639107887179456,21.639107887179456,21.639107887179456,21.639107887179456,21.639107887179456,21.639107887179456,21.639107887179456,21.639107887179456,21.639107887179456,21.639107887179456,21.639107887179456,21.639107887179456,21.639107887179456,21.639107887179456,21.639107887179456,21.639107887179456,21.639107887179456,21.639107887179456,21.639107887179456,21.639107887179456,21.639107887179456,21.639107887179456,21.639107887179456,21.639107887179456,21.639107887179456,21.639107887179456,21.639107887179456,21.639107887179456,21.639107887179456,21.639107887179456,21.639107887179456,21.639107887179456,21.639107887179456,21.639107887179456,21.639107887179456,21.639107887179456,21.639107887179456,21.639107887179456,21.639107887179456,21.639107887179456,21.639107887179456,21.639107887179456,21.639107887179456,21.639107887179456,21.639107887179456,21.639107887179456,21.639107887179456,21.639107887179456,21.639107887179456,21.639107887179456,21.639107887179456,21.639107887179456,21.639107887179456,21.639107887179456,21.639107887179456,21.639107887179456],"times":[1.586367130279541,1.586670160293579,1.5869691371917725,1.58725905418396,1.5874481201171875,1.587719202041626,1.5879240036010742,1.58811616897583,1.588353157043457,1.5885322093963623,1.5887830257415771,1.5890161991119385,1.5891129970550537,1.58927321434021,1.5895230770111084,1.5896260738372803,1.5899560451507568,1.5902252197265625,1.590541124343872,1.590813159942627,1.591050148010254,1.5912971496582031,1.591536045074463,1.59175705909729,1.5919830799102783,1.5921111106872559,1.592501163482666,1.5929090976715088,1.59330415725708,1.5936591625213623,1.5941660404205322,1.5947630405426025,1.5950980186462402,1.5954301357269287,1.5959060192108154,1.5963001251220703,1.5968332290649414,1.5970370769500732,1.5974462032318115,1.5978951454162598,1.5986030101776123,1.5988240242004395,1.5992112159729004,1.5993821620941162,1.5997891426086426,1.5999751091003418,1.6002800464630127,1.600511074066162,1.600816011428833,1.601391077041626,1.6019160747528076,1.6024351119995117,1.602654218673706,1.6030991077423096,1.6032941341400146,1.6035761833190918,1.603774070739746,1.6041831970214844,1.6043310165405273,1.6046290397644043,1.6048150062561035,1.6049120426177979,1.6051280498504639,1.6053361892700195,1.605586051940918,1.6057171821594238,1.6060230731964111,1.6061501502990723,1.6063220500946045,1.6068050861358643,1.6072781085968018,1.6075570583343506,1.608168125152588,1.608396053314209,1.6086750030517578,1.6088721752166748,1.609241008758545,1.610004186630249,1.6101481914520264,1.6105060577392578,1.6111152172088623,1.6115450859069824,1.611807107925415,1.6123831272125244,1.612821102142334,1.6131200790405273,1.6135451793670654,1.614166021347046,1.6143732070922852,1.6147680282592773,1.6148900985717773],"env":"RockSample5","ubs":[22.333623919448932,22.333623919448932,22.333623919448932,22.333623919448932,22.313077319881643,22.296086881850634,22.29290055910657,22.29290055910657,22.29290055910657,22.29290055910657,22.278653945329708,22.272723798331498,22.250992650762473,22.230069433280516,22.135396833603792,22.06758527674544,22.025333655818578,22.019998688898852,22.019998688898852,22.019998688898852,22.017904259477916,22.008838300344962,21.996279873059272,21.99574385792191,21.99574385792191,21.99574385792191,21.99574385792191,21.99574385792191,21.99574385792191,21.99573387034317,21.99573387034317,21.995304577814075,21.993270487228244,21.983662141374438,21.97839786794539,21.97839786794539,21.975438045112934,21.97226362595537,21.97054774875806,21.97054774875806,21.96454160285552,21.956958576171466,21.956958576171466,21.956958576171466,21.95587672755151,21.955009660152385,21.95496990781761,21.95175448964892,21.945997513019098,21.945825641379713,21.945825641379713,21.943664136532462,21.940737835303867,21.940737835303867,21.940737835303867,21.940737835303867,21.940737835303867,21.940737835303867,21.940737835303867,21.94043410530508,21.94041371315545,21.93161868889885,21.93161868889885,21.927589021103245,21.91681329835424,21.91592904878863,21.908368765101194,21.906473405116714,21.90217419081238,21.90217419081238,21.90217419081238,21.90217419081238,21.901692978676806,21.900182315685203,21.89314155769909,21.88945547256982,21.876965691255627,21.874228110435944,21.872787723747095,21.87057769966436,21.864304691921735,21.864304691921735,21.864304691921735,21.864304691921735,21.864304691921735,21.864304691921735,21.864304691921735,21.864304691921735,21.864304691921735,21.86408917964669,21.850939887573766],"sim_r":null,"sim_rsigma":null,"solver":"EBIB-SARSOP","env_full":"RockSample ()","final_lw":21.639107887179456,"timeout":false,"runtime":1.6148900985717773,"final_ub":21.850939887573766}