{"lbs":[0.01608315759720982,0.37624703943265647,0.5120861786099322,0.5120861786099322,0.5395231542947039,0.5425609268043864,0.5428919680491506,0.5429279408796057,0.5589192442392168,0.5635114565119704,0.5635114565119704,0.563956100220607,0.563999153114482,0.5640033217367633,0.5640037253661168,0.5642984865400774,0.56711860262958,0.5674056856501468,0.5674334826358629,0.5674375319380182,0.5681096822037044,0.568139439586514,0.5681683563714652,0.5681736771602507,0.5686203890121754,0.568706819492571,0.568791361548867,0.5687995473841931,0.5695434526367835,0.5696157833189268,0.5696228159841656,0.569623496926197,0.5697078374111162],"times":[0.31597900390625,0.3461928367614746,0.34663891792297363,0.34668493270874023,0.3493218421936035,0.3497629165649414,0.35019397735595703,0.35051584243774414,0.3510129451751709,0.35160279273986816,0.351794958114624,0.3519129753112793,0.35233592987060547,0.3524489402770996,0.3526148796081543,0.3534669876098633,0.35423779487609863,0.3545498847961426,0.3550889492034912,0.3554878234863281,0.3572659492492676,0.3574550151824951,0.35767292976379395,0.35869288444519043,0.3591489791870117,0.3601999282836914,0.3605480194091797,0.36069679260253906,0.3622000217437744,0.3626430034637451,0.3629608154296875,0.36460089683532715,0.36509180068969727],"env":"FrozenLake4","ubs":[0.6156007182766394,0.6156007182766394,0.6117888995550809,0.6016311955273934,0.5993418240543511,0.5960598575147111,0.5923177171621989,0.5902215872141245,0.5902215872141245,0.5902215872141245,0.5893449859595209,0.5862840450687222,0.5860598575147111,0.5855080802927058,0.5836860159663331,0.5832265718612045,0.5805029136760558,0.5798996392470226,0.5798412268384667,0.5795677510835108,0.5790786751662531,0.5790313200971191,0.5786261502893777,0.5786261502893777,0.5786261502893777,0.5779316320838193,0.5778643849418551,0.5766240004349469,0.5759291009223894,0.5757287396118866,0.5754369528040901,0.5754087003713533,0.5753998982681587],"sim_r":null,"sim_rsigma":null,"solver":"SARSOP","env_full":"Frozen Lake (4)","final_lw":0.5697078374111162,"timeout":false,"runtime":0.36509180068969727,"final_ub":0.5753998982681587}