{"lbs":[-21.739130434782588,-12.35616040095675,-9.450690270619436,-3.5831434386805716,1.395497384932523,3.8313076866594313,6.492073016748215,7.661381362953664,10.747402285185217,11.983265886526446,13.361058769971056,14.3984498051324,15.054694072098656,15.84448702938455,16.71047021269917,17.38866827651841,17.38866827651841,17.38866827651841,17.97743816709535,18.349888720606614,18.866429989123176,19.18353868264121,19.633296202544443,19.8296524154361,19.855996859917976,20.08373601121278,20.23937916915669,20.38690825920318,20.52090942692898,20.57979800385501,20.60567736409663,20.689697398915015,20.73565324561833,20.79277285753978,20.833581536849557,20.848602621329505,20.855203834616837,20.85810482468337,20.859379702951923,20.85993996498742,20.907931251945975,20.92902165467755,20.97296832667309,20.992281270122568,21.016008396195225,21.03492292125476,21.043235158251576,21.06562751506227,21.097677212045028,21.10418823308636,21.11999234516461,21.129799024133376,21.14105402335693,21.150309855059515,21.159323609680534,21.16735241986095,21.187950187655588,21.193710753570365,21.19624231008414,21.20425136474892,21.2072821351193,21.21213373154093,21.225833600350487,21.22815103146313,21.234636383025027,21.23825096392035,21.24352939643595,21.245801893394052,21.24788032149636,21.248464070296617,21.251016589680837,21.251359052515177,21.25318489175523,21.25418376035048,21.254622726302102,21.255323089427414,21.25586283066447,21.255927299267256,21.256445605949718,21.256505738652763,21.256741177714318,21.256844644508845,21.25704742001365,21.257136532378237,21.257331575812653,21.25736970002864,21.257517199793565,21.25766693208702,21.257802622191093,21.257932870164083,21.25794397734128,21.258056313636345,21.258121524513598,21.258172563644024,21.258212424385214],"times":[0.003403902053833008,0.030555009841918945,0.030644893646240234,0.030714988708496094,0.03079700469970703,0.030916929244995117,0.031058073043823242,0.031219959259033203,0.03142404556274414,0.031564950942993164,0.03178000450134277,0.03196096420288086,0.03212404251098633,0.0322880744934082,0.03244805335998535,0.03268098831176758,0.03270411491394043,0.032731056213378906,0.03298592567443848,0.0331730842590332,0.03338003158569336,0.03355598449707031,0.0338289737701416,0.03404498100280762,0.03467512130737305,0.03503298759460449,0.03527688980102539,0.03557705879211426,0.03586912155151367,0.03609204292297363,0.03628993034362793,0.03656005859375,0.0368189811706543,0.03704190254211426,0.03729891777038574,0.037548065185546875,0.03779006004333496,0.03805088996887207,0.03841400146484375,0.03869891166687012,0.038945913314819336,0.039192914962768555,0.03961491584777832,0.039794921875,0.04006195068359375,0.040205955505371094,0.04027104377746582,0.040498971939086914,0.04061007499694824,0.04077005386352539,0.040884971618652344,0.04095196723937988,0.04102611541748047,0.04120492935180664,0.04131889343261719,0.04144906997680664,0.04164695739746094,0.04175996780395508,0.04183197021484375,0.04233694076538086,0.04245400428771973,0.04257512092590332,0.04417300224304199,0.04431295394897461,0.0445859432220459,0.04474592208862305,0.04514598846435547,0.045310020446777344,0.04558706283569336,0.04575204849243164,0.04608011245727539,0.04620504379272461,0.04653310775756836,0.04685711860656738,0.04699301719665527,0.0474090576171875,0.047677040100097656,0.047920942306518555,0.04818296432495117,0.048406124114990234,0.04860496520996094,0.04878497123718262,0.048954010009765625,0.049089908599853516,0.049276113510131836,0.04938697814941406,0.04957294464111328,0.04981112480163574,0.05015301704406738,0.050599098205566406,0.05071592330932617,0.051017045974731445,0.0529780387878418,0.05395102500915527,0.05489611625671387],"env":"Tiger","ubs":[95.0167282488018,95.0167282488018,85.64708303104462,82.79712855137782,76.81587673770173,71.02348258032347,69.9507632662463,67.64605298878223,67.3536095057986,62.52258215666333,59.20673779500099,57.78795447763117,56.51736861281374,55.0230846527909,53.216213000607624,51.58293834468134,51.0167282488018,51.0167282488018,49.462202034061804,47.61500100248968,46.5281107612322,44.02826319630821,42.511638763944774,40.21827194590168,39.86585098545173,39.15292774879417,38.72965686716705,38.05399452428885,37.41771977805692,36.3948807411348,36.05643599199206,35.813629468036936,34.55475738043611,34.24487875671177,33.71763255720674,33.17849004942135,32.410709049143314,32.286510314098415,32.139910649102006,32.04068421001889,31.617781345187083,31.457859669106792,31.341931321700226,30.63047503795643,30.42116390811033,30.076317974334295,29.98772528549257,29.610180947097852,29.437701654590086,28.976240754705913,28.55026353366215,28.231011427372326,28.07906670517505,27.946307795078766,27.58846749027034,27.230066128166456,27.09807071879269,26.385778229227775,26.32433991887467,26.13581879484979,25.79107032461148,25.547133188813987,25.44800288199717,24.590122371045606,24.590122371045606,24.321367602552794,24.061637642649565,23.628367296853042,23.482043203006185,23.190186155368472,23.121873531390868,22.851818876766757,22.840689320241246,22.60420463904665,22.48863719087229,22.473888442686437,22.352532358440854,22.178849905083872,22.16088749195561,22.026554839693155,22.008285672947462,21.976539781952486,21.961388198167995,21.92153889680204,21.91671961168149,21.867980313953304,21.842848430035186,21.79733799428591,21.739909082232096,21.69089611732843,21.610434782869334,21.610316369403066,21.55460593035314,21.498197763508152,21.45690757562005],"sim_r":null,"sim_rsigma":null,"solver":"SARSOP","env_full":"Tiger","final_lw":21.258212424385214,"timeout":false,"runtime":0.05489611625671387,"final_ub":21.45690757562005}