{"lbs":[-41.66666666666663,-24.898529305102798,-21.793051191629957,-13.936865506418858,-6.5963321002631154,-2.939685643829939,-1.5553300116195072,7.29877513520815,11.498468222393129,13.592185416141465,16.009762108888197,18.269892986177627,20.712570478581327,22.94351853462205,24.8811109763638,26.63809280582722,28.399447588588423,29.861461148620116,31.16866126843635,32.306643415942176,33.33823504048485,34.37244633714957,35.203561209965756,36.94628458583591,37.41143301609053,38.01165448310182,38.01165448310182,38.01165448310182,38.29242126149812,38.837540294394756,39.0160265584273,39.75745174375908,40.074336646711714,40.68264678042165,40.88384184612994,41.31531429740317,41.50372915535179,41.82208865449138,41.97509751450916,42.07517923225762,42.12823260868278,42.29496234070646,42.316879708556385,42.438914246235875,42.47578511722656,42.493032277206126,42.5476126805694,42.59876045269891,42.6290726897022,42.66356845442482,42.68764878767752,42.70521506812709,42.7381007870472,42.76004299200197,42.76965831311006,42.77146252090046,42.7976357920336,42.80573552084738,42.81624135372452,42.82078592342528,42.82478682475478,42.828547938889734,42.83024635027834,42.83800571408228,42.840490717728024,42.8444159017679,42.846319485035224,42.84678975062042,42.84841959390672,42.85284267075245,42.85530284174135,42.8562568637708,42.85816655437259,42.8586477542475,42.858988739268824,42.85971274033723,42.86149922084456,42.86164565288813,42.86216086212727,42.86335007054001,42.863459916135795,42.863664437290026,42.864651937724766,42.865266517423535],"times":[0.009872913360595703,0.010035991668701172,0.010200977325439453,0.010418891906738281,0.010722875595092773,0.011119842529296875,0.011552810668945312,0.011981964111328125,0.012434959411621094,0.013141870498657227,0.013861894607543945,0.014538764953613281,0.015400886535644531,0.016090869903564453,0.01698780059814453,0.017772912979125977,0.018512964248657227,0.019182920455932617,0.01991891860961914,0.020622968673706055,0.021260976791381836,0.021826982498168945,0.022412776947021484,0.02322077751159668,0.023736953735351562,0.02430582046508789,0.024363994598388672,0.024435997009277344,0.02458786964416504,0.025352954864501953,0.025500774383544922,0.026451826095581055,0.027013778686523438,0.028046846389770508,0.028587818145751953,0.02964496612548828,0.030272960662841797,0.03133797645568848,0.03215479850769043,0.03271293640136719,0.033380985260009766,0.03430891036987305,0.03444981575012207,0.03555893898010254,0.0361788272857666,0.03633594512939453,0.037117958068847656,0.03779792785644531,0.03842282295227051,0.039122819900512695,0.039755821228027344,0.040480852127075195,0.04121279716491699,0.04220294952392578,0.04244399070739746,0.04263186454772949,0.043469905853271484,0.04405093193054199,0.04471588134765625,0.045067787170410156,0.04531979560852051,0.046045780181884766,0.0467219352722168,0.0479278564453125,0.048213958740234375,0.04894399642944336,0.04930591583251953,0.0496218204498291,0.05037689208984375,0.05136394500732422,0.052110910415649414,0.05266284942626953,0.05347585678100586,0.05373382568359375,0.05411195755004883,0.05442094802856445,0.055441856384277344,0.055693864822387695,0.05602097511291504,0.057188987731933594,0.05744576454162598,0.05779886245727539,0.05905485153198242,0.05993294715881348],"env":"Tiger","ubs":[108.94314766641385,108.94314766641385,101.40756093916202,100.31971518159571,96.51174502196858,93.05144799703909,92.08542929972697,91.48713305308563,87.61265658222788,84.35745529046827,84.03554648599678,82.9125042203156,81.43762176773936,79.39620210321604,77.31996398867932,75.32680914603039,73.95193135522405,72.35455497115129,70.51841209590134,69.09998499280749,67.48193122837402,66.41708259223799,65.1899339925123,63.92260760619388,61.83842787944947,60.93705455757096,59.873014148792066,59.873014148792066,59.749696106194804,59.23115177623521,58.43139281001574,58.26080671117782,56.55559514930969,55.830219818692086,54.5006207835151,54.07226033714198,52.68831907053547,52.249574751105854,51.248256191543234,50.47477978036549,50.07319361382581,49.98839778135411,49.11534165895608,49.079688754302204,48.2508866654608,48.12447667584057,48.12080020994773,47.63319975683382,47.23924269590748,46.9821043323448,46.737796706011295,46.50134642321703,46.41097192950421,46.067660417282184,45.800483402205096,45.680804505715,45.61288490409294,45.19696375153016,44.99084853355188,44.77049002508585,44.72644108000253,44.65848030246407,44.515297659517515,44.469845753759785,44.29910209981638,44.251621110058124,44.13757227848123,44.11192315250473,44.0781555746028,44.05090532637857,43.86074146588615,43.775089044335715,43.71774298373876,43.640671464270625,43.62232178048363,43.61463690727565,43.59277500741155,43.47438707583055,43.467311499198836,43.45049999627598,43.36716234795708,43.357317608943845,43.355049301757326,43.287943285811934],"sim_r":null,"sim_rsigma":null,"solver":"BIB-SARSOP","env_full":"Tiger","final_lw":42.865266517423535,"timeout":false,"runtime":0.05993294715881348,"final_ub":43.287943285811934}