{"lbs":[-20.833333333333314,-6.301629699966286,-4.002834579659283,-1.9456452850035528,3.659585713380582,6.423256367697844,8.405746656796197,10.516532143949433,12.545629237819016,13.584845036894066,14.72845469829655,16.08567864226296,16.79644185520905,17.471892543657134,17.549943410401895,17.910889612010426,18.27047718117349,18.62594090901996,18.81640210497993,18.899623607353455,19.05262605471349,19.377098594891727,19.543086654328153,19.66455468685635,19.776068516709355,19.88830105839037,19.979783161285297,20.04917579336064,20.10234242127484,20.127276901304704,20.138171954643674,20.177402555099306,20.182615008779813,20.192062476102087,20.2069917487208,20.22236883117093,20.223480080915984,20.237275413307124,20.241135452503578,20.24507551822614,20.253882954712616,20.257252106206636,20.26129430946514,20.26453825547425,20.267053263667485,20.26877865504619,20.2705173004271],"times":[0.04398012161254883,0.044342994689941406,0.04446291923522949,0.044569969177246094,0.04538702964782715,0.045516014099121094,0.04566812515258789,0.04582095146179199,0.04598402976989746,0.04611492156982422,0.04625701904296875,0.04646110534667969,0.04662489891052246,0.04682207107543945,0.04685497283935547,0.04699897766113281,0.0471949577331543,0.04736495018005371,0.04746294021606445,0.04754900932312012,0.047614097595214844,0.04781389236450195,0.047955989837646484,0.04805898666381836,0.04819607734680176,0.04834604263305664,0.048599958419799805,0.04873299598693848,0.048976898193359375,0.049128055572509766,0.0492100715637207,0.04951310157775879,0.04959607124328613,0.049674034118652344,0.049813032150268555,0.05119490623474121,0.05128598213195801,0.051512956619262695,0.05169796943664551,0.05177903175354004,0.05348610877990723,0.05363798141479492,0.05520009994506836,0.05591392517089844,0.05669903755187988,0.05685901641845703,0.05707812309265137],"env":"Tiger","ubs":[44.63610934784514,44.63610934784514,37.104195090172475,37.104195090172475,37.01253853451617,34.007302388501,33.06322225169247,32.26828756558126,31.14945369574656,29.581506017188584,29.345355029259267,28.90654130840143,27.63130047689865,26.539715838737173,25.779799218835002,25.779799218835002,25.325647673591586,25.027458506675515,24.514606690083326,24.27619273955611,24.221093482716363,24.156568168681925,23.609273462897352,23.22105543859113,22.96926443375542,22.71655663879509,22.469183988927576,22.265594283177876,22.007007192427096,21.800221833350857,21.6885750258199,21.66647475412033,21.448081877449525,21.416005511018632,21.39095055128658,21.24797530708797,21.048391410712636,21.048391410712636,20.92813091699273,20.844646178589215,20.822168380282577,20.680086828176535,20.649481654268023,20.575208019142174,20.521132190784883,20.476873565652458,20.458486049147826],"sim_r":null,"sim_rsigma":null,"solver":"EBIB-SARSOP","env_full":"Tiger","final_lw":20.2705173004271,"timeout":false,"runtime":0.05707812309265137,"final_ub":20.458486049147826}