{"lbs":[0.010670303797648537,0.27040886412880066,0.30392146808937004,0.368579442472511,0.38134475989663646,0.3893348741673405,0.39522766996291053,0.3962885553221997,0.40642287268847777,0.41477039242876546,0.4164004870391281,0.41728583485910975,0.41736725861595264,0.41736725861595264,0.41736725861595264,0.41979846516666186,0.41979846516666186,0.42157496230604735,0.4219499321668431,0.42200387685188445,0.42216239952834916,0.42219110131583654,0.42397524584886515,0.42464326156371257,0.42571158237150336,0.4261942661464495,0.4264467258263095,0.426505299575287,0.42654255735062874],"times":[0.1303720474243164,0.16172313690185547,0.16207313537597656,0.16240906715393066,0.16252422332763672,0.16264915466308594,0.16292905807495117,0.1630871295928955,0.16331720352172852,0.1635890007019043,0.16391706466674805,0.16412711143493652,0.16421008110046387,0.16437315940856934,0.16441917419433594,0.1647171974182129,0.16483116149902344,0.16747522354125977,0.16772007942199707,0.16786813735961914,0.16841411590576172,0.16857314109802246,0.16941213607788086,0.16966509819030762,0.17034220695495605,0.17058515548706055,0.17132115364074707,0.1714940071105957,0.17173504829406738],"env":"FrozenLake4","ubs":[0.47679402702019097,0.47679402702019097,0.4644620590301311,0.4616982579704189,0.44765547191236305,0.44765547191236305,0.44377490198492875,0.44217899135112626,0.4413803001960853,0.44030257216881247,0.43904117928251984,0.43892517137541404,0.4389145023486125,0.4384994465745108,0.43459038373684716,0.43418807138401816,0.43418807138401816,0.4335718174811977,0.43255835830971606,0.43246513611195186,0.43194524599381107,0.431526775258171,0.4314882892997086,0.4314847498192321,0.4314759377675819,0.4311388383261357,0.4308840584201878,0.43081877594433804,0.4304804386813266],"sim_r":null,"sim_rsigma":null,"solver":"SARSOP","env_full":"Frozen Lake (4)","final_lw":0.42654255735062874,"timeout":false,"runtime":0.17173504829406738,"final_ub":0.4304804386813266}