{"lbs":[-71.42857142857136,-53.598009233203754,-50.04467727508186,-40.75249343798198,-31.736192655974758,-27.036333059308866,-25.117860253361734,-18.19172225179372,-10.833510529014834,-6.0870636018142035,-2.4082005579898587,2.2494772357990778,7.76285102532184,12.819660058423509,16.406876845854896,19.98489954025704,22.844151398936482,25.547821213726692,28.927328824507597,32.11785270719973,34.86225551296019,36.33551939959402,37.04420057730094,38.65325064613488,40.844167852377424,42.827964019547665,44.95692148994821,47.051234451451606,48.99726012466829,50.701329241125634,52.09883547964567,53.61764587640391,54.84628181632489,57.675468541942195,58.81529458533022,59.74839103455507,60.39678489960392,61.11997809350476,62.40889703201415,64.4312936162272,66.34751383765217,66.91818463949573,67.64700099917218,68.33503770290955,69.5965128233733,69.6143915670255,69.76351501831265,70.49403256603199,71.62309125869082,71.77865673175782,71.94175814704288,72.24383934630706,72.52347172601903,72.78719988523734,72.80567490713491,73.09797838689055,73.24081537113234,73.35437531195005,73.45700925093695,73.86936912205312,73.99341541843769,74.10649205861478,74.24364356466961,74.26869487501612,74.4223149190266,74.50197385825729,74.6481016788812,74.66240579171213,74.70516751947068,74.8155910102237,74.81951510373307,74.82935060356527,74.89121624957193,74.90194817502956,74.91302667096318,74.91835573768142,74.9376970943205,74.97763881942107,74.9885605091496,75.01270198324144,75.03149256133915,75.03400454505132,75.04100613087863,75.06257076639261,75.0659837476675,75.06692063008852,75.07605780239402,75.08207991689433,75.08342090968526,75.08571351148314,75.0945071935609,75.09588062881272,75.09692346195101,75.10449148223215,75.10903592919959,75.11025447117117,75.1123665993554,75.1158879792834,75.11713595780697,75.11783084281048,75.11919191728917,75.12031569360646,75.12059687946316,75.12128811613807,75.1213961112785,75.1223884357638,75.12370406774542],"times":[0.016668081283569336,0.017022132873535156,0.01747298240661621,0.018132925033569336,0.018928050994873047,0.019988059997558594,0.02126598358154297,0.022669076919555664,0.02419900894165039,0.026031017303466797,0.02801513671875,0.030202150344848633,0.03243207931518555,0.03483295440673828,0.037821054458618164,0.0408940315246582,0.04419898986816406,0.04828691482543945,0.052282094955444336,0.05603599548339844,0.05995607376098633,0.06594014167785645,0.072174072265625,0.07855701446533203,0.08594107627868652,0.09321713447570801,0.10160112380981445,0.10659408569335938,0.1121060848236084,0.12209296226501465,0.1343550682067871,0.14713692665100098,0.16213607788085938,0.16942310333251953,0.17642998695373535,0.19619107246398926,0.21863102912902832,0.24342894554138184,0.2547910213470459,0.2633349895477295,0.2717859745025635,0.3012521266937256,0.3309941291809082,0.3651869297027588,0.3743419647216797,0.37491393089294434,0.37604594230651855,0.38452696800231934,0.39496397972106934,0.3999660015106201,0.40453100204467773,0.41086697578430176,0.4152829647064209,0.41992712020874023,0.42043399810791016,0.4259939193725586,0.42945313453674316,0.4337480068206787,0.43705201148986816,0.44637393951416016,0.4503490924835205,0.45506906509399414,0.4607720375061035,0.4617941379547119,0.4687950611114502,0.47382092475891113,0.48328495025634766,0.4842679500579834,0.48865294456481934,0.49742913246154785,0.49921607971191406,0.4998769760131836,0.5077359676361084,0.5088801383972168,0.5131499767303467,0.514660120010376,0.5192499160766602,0.527878999710083,0.5304081439971924,0.5399050712585449,0.5470490455627441,0.5482609272003174,0.5541040897369385,0.5636169910430908,0.5650889873504639,0.5666770935058594,0.5737850666046143,0.5772731304168701,0.5783190727233887,0.5797710418701172,0.588205099105835,0.5896310806274414,0.5908639430999756,0.6008651256561279,0.6086781024932861,0.6106140613555908,0.6139769554138184,0.6230409145355225,0.6264920234680176,0.6301379203796387,0.6337690353393555,0.6373910903930664,0.6385221481323242,0.6417651176452637,0.6430671215057373,0.6471419334411621,0.657271146774292],"env":"Tiger","ubs":[188.33538276155863,188.33538276155863,180.64259547110137,179.53102526012884,175.48199130698524,171.84418170010554,170.80363653438434,170.171418883023,168.53401388043216,163.6056327376523,162.28431929560483,161.47947055157726,158.70097141044016,154.81465714553457,151.1471375079068,150.0094852043241,148.86203633367484,146.34072540675464,144.71384930602582,142.47983488854692,139.52377065116553,139.23892397726345,139.23892397726345,136.33640412391082,135.5960170981416,133.6031940436299,132.06782231712657,129.51291485665715,127.29752959657947,124.99033575264241,123.08365304829485,121.38220001142503,119.73209730667631,118.16794675798974,115.54569239656436,114.17513502784357,112.85985337112373,112.03459718140755,111.20280243697707,109.60640241684214,107.05996188315197,103.91641300455036,103.3943857012348,102.06804679905865,100.89548329225097,98.89467403694086,98.50395528419904,98.3640030341864,97.05702608568943,94.3875695099984,93.95914492829141,93.58119132132555,92.73850990955599,92.02216764331871,91.18211686633123,91.18211686633123,90.18488019605363,89.71968835032624,89.23705787939566,88.76172315652693,87.04504051616684,86.53731611852399,85.94714220793374,85.18483512900337,85.10900348035744,84.16666009618885,83.59433690912186,82.43313438993587,82.38076790698037,82.0497243785997,81.14291618748115,81.06733511695401,81.00943646580446,80.33287888987311,80.23517458536611,80.150483406679,80.08928450222939,79.85250856626391,79.3100831590028,79.16866961921937,78.77880036497064,78.48159090609568,78.43701961025161,78.34260264288758,77.91872089560727,77.85490211031518,77.82114036653796,77.6109881211789,77.45604158500095,77.44838334465344,77.3714396381045,77.098786986737,77.05476540019248,77.03567844312262,76.79793212301723,76.59824111860871,76.54584617194732,76.44592590223559,76.24813600948747,76.17943429561825,76.14757265761097,76.07173463019011,76.00166334651026,75.99318665288226,75.9477057824293,75.93433493352748,75.86513690771514],"sim_r":null,"sim_rsigma":null,"solver":"BIB-SARSOP","env_full":"Tiger","final_lw":75.12370406774542,"timeout":false,"runtime":0.657271146774292,"final_ub":75.86513690771514}