{"lbs":[0.013889731069815508,0.3554247023040804,0.46127291261171866,0.46127291261171866,0.483894045211673,0.503308194769925,0.5051627655041119,0.5053399265248321,0.5131073111011812,0.513848730484409,0.5139195011146543,0.5139195011146543,0.5146660602342878,0.5177123090963751,0.5177123090963751,0.5221400628316306,0.5230179372133273,0.5231451861261536,0.5231614801433243,0.5250522129835716,0.5252326889162985,0.5252503117812135],"times":[0.22772693634033203,0.25839996337890625,0.258760929107666,0.25884509086608887,0.260422945022583,0.2616438865661621,0.2617969512939453,0.2622239589691162,0.2627530097961426,0.2628600597381592,0.2629680633544922,0.2630300521850586,0.2634119987487793,0.264401912689209,0.2644639015197754,0.26507997512817383,0.26628589630126953,0.26645803451538086,0.2666749954223633,0.267596960067749,0.26778602600097656,0.26794886589050293],"env":"FrozenLake4","ubs":[0.5711997775637666,0.5711997775637666,0.5643389531068855,0.5507042715946269,0.5493190388432583,0.5482921826798,0.5466175673764849,0.5452269404920488,0.5418138671723689,0.5392806154148208,0.5390388091881326,0.5384629907540904,0.5364023007858133,0.5364023007858133,0.5352269404920488,0.5321323629432176,0.5317247585303384,0.5316858515070763,0.5316821377188755,0.5312569133261617,0.5307389824146604,0.5300459894456432],"sim_r":null,"sim_rsigma":null,"solver":"SARSOP","env_full":"Frozen Lake (4)","final_lw":0.5252503117812135,"timeout":false,"runtime":0.26794886589050293,"final_ub":0.5300459894456432}