{"lbs":[9.52857108736,14.297742864905807,16.29263407419097,18.263586588964714,18.282439006752846,18.324018358989996,18.383724947774976,18.383724947774976,18.38645337905869,18.38645337905869,18.38645337905869,18.38645337905869,18.38645337905869,18.38645337905869,18.38645337905869,18.38645337905869,18.38645337905869,18.38645337905869,18.389149069167,19.81162876382468,20.63816647797774,20.63816647797774,21.77010260272774,21.839118212118407,21.932857002812433,21.96738626121131,21.98030446520503,21.993067650750827,22.01439447103586,22.016801165506898,22.079384360923257,22.27230447789929,22.462909553471604,22.462909553471604,22.462909553471604,22.462909553471604,22.462909553471604,22.462909553471604,22.462909553471604,22.462909553471604,22.581398634602845,22.698465846760506,22.698465846760506,22.698465846760506,22.698465846760506,22.698465846760506,22.698465846760506,22.698465846760506,22.698465846760506,22.698465846760506,22.698465846760506,22.698465846760506,22.698465846760506,22.698465846760506,22.698465846760506],"times":[2.7043869495391846,2.738023042678833,2.738245964050293,2.7382869720458984,2.7384400367736816,2.738595962524414,2.738640069961548,2.738698959350586,2.73887300491333,2.7390410900115967,2.739224910736084,2.7392709255218506,2.7394330501556396,2.7396280765533447,2.7397868633270264,2.7398788928985596,2.74001407623291,2.7401108741760254,2.740206003189087,2.7406198978424072,2.7410390377044678,2.7411410808563232,2.7412679195404053,2.7416210174560547,2.7416670322418213,2.742236852645874,2.7427430152893066,2.743095874786377,2.743480920791626,2.743712902069092,2.743809938430786,2.7447409629821777,2.7448458671569824,2.745215892791748,2.745795965194702,2.7462360858917236,2.746541976928711,2.74713397026062,2.7474420070648193,2.747849941253662,2.7488350868225098,2.7489519119262695,2.749377965927124,2.7496259212493896,2.750261068344116,2.7504079341888428,2.7507529258728027,2.7516889572143555,2.7520649433135986,2.752362012863159,2.7531678676605225,2.753324031829834,2.7535810470581055,2.7538440227508545,2.754006862640381],"env":"RockSample5","ubs":[23.185924664555998,23.185924664555998,23.185924664555998,23.185924664555998,23.185924664555998,23.185924664555998,23.171803322204532,23.159944974947667,23.157851435961277,23.157851435961277,23.157851435961277,23.14787949752182,23.14389954971803,23.14389954971803,23.14389954971803,23.14389954971803,23.129303989608324,23.115011132977283,23.05454941519752,23.001759725591036,22.98984315144527,22.9890381953428,22.9796731793588,22.975421440724023,22.975134238805225,22.975114838520014,22.975113528044552,22.97461869393127,22.974585268239096,22.95248701868293,22.95248701868293,22.95248701868293,22.95248701868293,22.95248701868293,22.95248701868293,22.95248701868293,22.95248701868293,22.95085308768713,22.950309403221738,22.950309403221738,22.950309403221738,22.94874034616023,22.945038633707803,22.94472886053869,22.94456383916991,22.94441779399382,22.9440113760991,22.941461090031062,22.93792647687844,22.935470598189543,22.93304419004491,22.932333915161703,22.932157596400593,22.927525553132437,22.922073139862913],"sim_r":null,"sim_rsigma":null,"solver":"TIB-SARSOP","env_full":"RockSample ()","final_lw":22.698465846760506,"timeout":false,"runtime":2.754006862640381,"final_ub":22.922073139862913}