{"lbs":[0.01694075229389136,0.38187941627338917,0.529590485265107,0.5650327679581385,0.5820696918495963,0.5906515739268904,0.5963365283071662,0.6022661035456579],"times":[0.5636758804321289,0.5640349388122559,0.564965009689331,0.5686910152435303,0.5689189434051514,0.5701768398284912,0.5729470252990723,0.5740430355072021],"env":"FrozenLake4","ubs":[0.6093242811017897,0.6093242811017897,0.6093242811017897,0.6093237250684032,0.6093236706795584,0.6087204222086334,0.6063552167975503,0.6062998095165094],"sim_r":null,"sim_rsigma":null,"solver":"EBIB-SARSOP","env_full":"Frozen Lake (4)","final_lw":0.6022661035456579,"timeout":false,"runtime":0.5740430355072021,"final_ub":0.6062998095165094}