{"lbs":[0.018888116907626894,0.404575511768891,0.5856717432846293,0.6007355323028353,0.6135722610502404,0.6216613591826772,0.6216613591826772,0.6238944160521358,0.6246515526383328,0.6286525466232169,0.6296403353583472,0.6296403353583472,0.6296403353583472,0.6296403353583472,0.6303873984511458,0.6305705793609032,0.6306154501552457,0.6306154501552457,0.6306735067976569,0.6306735067976569,0.6306735067976569,0.6328516479878241,0.6328516479878241,0.6328516479878241,0.6335650119055753,0.633768118849674,0.635895404026393,0.635895404026393,0.635895404026393,0.635895404026393,0.6383588585220884,0.6383588585220884,0.6383588585220884,0.6390147709485322,0.6390147709485322,0.6390147709485322,0.6390147709485322,0.6393100088136584,0.639382279105823,0.6393999699095664,0.6395342455390723,0.6395342455390723,0.6395342455390723,0.6395342455390723,0.6396168254348866,0.6396168254348866,0.6396830486979843,0.6396830486979843,0.6396992592696537,0.6397032274014184,0.6397032274014184,0.6397041987471563,0.6397041987471563,0.6397041987471563,0.639750565043949,0.639750565043949,0.639750565043949,0.639750565043949,0.6397686357550533,0.6397747928890656,0.6397747928890656,0.6397747928890656,0.6398015972309608,0.6398015972309608,0.63993703533463,0.63993703533463,0.63993703533463,0.6400005603272495,0.6400005603272495,0.6400005603272495,0.640030810369145,0.640030810369145,0.640030810369145],"times":[0.6874229907989502,0.7177009582519531,0.7187099456787109,0.7192280292510986,0.7197270393371582,0.7202880382537842,0.720850944519043,0.72104811668396,0.7214450836181641,0.7220520973205566,0.7224941253662109,0.7230241298675537,0.7236080169677734,0.7361690998077393,0.7365720272064209,0.7381229400634766,0.7386660575866699,0.7406871318817139,0.7452950477600098,0.7457759380340576,0.7462050914764404,0.74851393699646,0.7491700649261475,0.7497749328613281,0.7539880275726318,0.7545990943908691,0.7579219341278076,0.7666749954223633,0.7686951160430908,0.7727301120758057,0.773961067199707,0.7744960784912109,0.774914026260376,0.7794561386108398,0.7800841331481934,0.7802679538726807,0.7811570167541504,0.7868130207061768,0.7874109745025635,0.7880749702453613,0.7894549369812012,0.7970480918884277,0.8007159233093262,0.8068380355834961,0.807866096496582,0.8090109825134277,0.8099770545959473,0.8183650970458984,0.8189449310302734,0.819390058517456,0.8203589916229248,0.8227059841156006,0.8315601348876953,0.8319261074066162,0.8327879905700684,0.8334469795227051,0.8340229988098145,0.8431909084320068,0.8436949253082275,0.8447051048278809,0.845268964767456,0.8473389148712158,0.8576700687408447,0.8620889186859131,0.8741629123687744,0.8770029544830322,0.8776030540466309,0.8787119388580322,0.8795371055603027,0.8922770023345947,0.89382004737854,0.8949790000915527,0.8982820510864258],"env":"FrozenLake4","ubs":[0.691977776288371,0.691977776288371,0.6904462359903915,0.6854620949605303,0.683996054834535,0.6823240953333699,0.6786021002790504,0.6746482037247873,0.6746482037247873,0.6727508893534561,0.6727508893534561,0.6723240953333699,0.668287681320851,0.6671530698309466,0.664897934265195,0.6647490605729268,0.6647490605729268,0.6639906044685268,0.6637485827559801,0.6617449104472286,0.6606582754814869,0.660468978855811,0.6601441418610544,0.6597037871903779,0.6578198841782047,0.6568639295960434,0.6566227998420373,0.6566227998420373,0.6564924927489194,0.6564924927489194,0.6560771828976701,0.6554669452700099,0.6554669452700099,0.6548531776167246,0.6542752655608205,0.6542200943999794,0.6542182806003393,0.6540832639784939,0.6540690355991812,0.6539974969815847,0.653820900820146,0.653820900820146,0.6529060391049247,0.6526604331705146,0.6524831519353153,0.6522994855600198,0.6516969376581312,0.6514758317367789,0.6504495865268892,0.6504430278764892,0.6503925568823383,0.6502692053734074,0.6500290520578532,0.6495658420034333,0.6494646656338448,0.6494195145027136,0.6492467650850511,0.649134258214526,0.649113750386948,0.6488659047275811,0.6487539736420781,0.6487539736420781,0.6482016016227359,0.6479337429091385,0.6478356321470685,0.6476040340956432,0.6474038640061416,0.6473776560748864,0.6473138776546191,0.6471849485458936,0.6471561750076837,0.6469741566942058,0.6463404879868152],"sim_r":null,"sim_rsigma":null,"solver":"SARSOP","env_full":"Frozen Lake (4)","final_lw":0.640030810369145,"timeout":false,"runtime":0.8982820510864258,"final_ub":0.6463404879868152}