{"lbs":[-38.461538461538424,-13.529130790134346,-11.02890122949907,-8.569136206501591,-6.288538627847366,-4.159212613104353,6.8501343545965945,9.056576266471794,16.607322346605724,18.489608025888963,20.216983975908857,22.49007201642283,24.6088549434201,26.516372435413132,28.158505571272915,29.537952319279114,30.49123297395915,32.23606495197288,33.093286424539784,33.6774954277864,34.134730809139256,34.68628443678309,35.19867434000753,35.99030757713035,36.313483651103525,36.67917106230341,37.352695036994184,37.714260032940885,37.84063543726803,38.20372099641998,38.462020675690624,38.579592399451585,38.77511429130571,38.87562098975907,38.9385372464302,38.95182777839166,39.043878542539346,39.0789872407901,39.09531805434225,39.151154518209744,39.20835948127082,39.21339458734869,39.2550936199802,39.26678618152498,39.270974617563965,39.289800017429556,39.29291630067684,39.30895199517175,39.32464833650196,39.33726534822188,39.34362083419541,39.35282817391885,39.357005519176425,39.35894861162768,39.36717744706067,39.37001006456355,39.37512821543849,39.3765334079834,39.377961907605005,39.37862637430818,39.381801417490635,39.382599370965636],"times":[0.011422872543334961,0.012407064437866211,0.012727975845336914,0.013125896453857422,0.013341903686523438,0.013557910919189453,0.01405787467956543,0.014489889144897461,0.01500701904296875,0.01544189453125,0.016031980514526367,0.01653599739074707,0.017106056213378906,0.017715930938720703,0.018336057662963867,0.018921852111816406,0.019455909729003906,0.020195960998535156,0.020784854888916016,0.02126002311706543,0.02179884910583496,0.02228093147277832,0.02283501625061035,0.023669958114624023,0.024007081985473633,0.024689912796020508,0.025496959686279297,0.026036977767944336,0.026469945907592773,0.0271909236907959,0.02791285514831543,0.028393983840942383,0.029160022735595703,0.029722929000854492,0.030122041702270508,0.03032708168029785,0.03118896484375,0.031475067138671875,0.03165388107299805,0.0323028564453125,0.033084869384765625,0.033299922943115234,0.033969879150390625,0.03434896469116211,0.034631967544555664,0.03508496284484863,0.03523087501525879,0.03575396537780762,0.0362238883972168,0.03677105903625488,0.03719496726989746,0.037773847579956055,0.03849387168884277,0.03873491287231445,0.03962206840515137,0.03992891311645508,0.04072690010070801,0.040979862213134766,0.04146885871887207,0.04186201095581055,0.0435030460357666,0.04431796073913574],"env":"Tiger","ubs":[83.58655815074675,83.58655815074675,73.0308259937162,72.90881542382954,72.89405749015631,72.68138572779846,72.65387669827368,68.7544259608117,67.99806574492095,64.113133651454,63.24161800009922,62.32795018890778,61.05014303400419,59.21774629622428,57.27309998843006,55.69784845937774,54.35153685901858,54.0805926062699,52.55240725478146,51.401416330401524,50.844376694380045,50.432378240933346,49.78750936983249,49.198914225612725,48.12696575260041,47.62581228589552,47.19980981321606,46.1845650178797,45.58299632351179,45.23702693237108,44.604874641307404,44.012506766241664,43.708733621842924,43.189851207430564,42.86379877136182,42.6991040576292,42.61753134844962,42.264814915993654,42.115330728374865,42.04532767649429,41.75824609393439,41.410495378828905,41.37951361040953,41.09337603554669,40.94707157881025,40.92310277657199,40.77588424289039,40.77286343753812,40.59188136508341,40.457659517161034,40.315954844006654,40.22691559818712,40.10504485544425,40.0593197286107,40.050057369513084,39.952191701262166,39.91578779793856,39.85769018287171,39.842369413501004,39.823926853532555,39.8198883095138,39.76742356191687],"sim_r":null,"sim_rsigma":null,"solver":"EBIB-SARSOP","env_full":"Tiger","final_lw":39.382599370965636,"timeout":false,"runtime":0.04431796073913574,"final_ub":39.76742356191687}