{"lbs":[9.37519681536,14.071392116983723,15.946721380291034,17.792045375385428,17.819638963871363,17.819638963871363,17.819638963871363,17.840933526569835,17.889039467335287,17.89192504219468,17.89192504219468,17.89192504219468,17.89192504219468,17.893091616604693,17.893091616604693,18.73073029007663,18.73073029007663,18.73073029007663,19.558954059654106,20.78214807089824,21.985770977962467,21.985770977962467,21.985770977962467,21.985770977962467,21.985770977962467,21.985770977962467,21.985770977962467,21.985770977962467,21.985770977962467,21.985770977962467,21.985770977962467,21.985770977962467,21.985770977962467,21.985770977962467,21.985770977962467,21.985770977962467,21.985770977962467,21.985770977962467,21.985770977962467,21.985770977962467,21.985770977962467,21.985770977962467,21.985770977962467,21.985770977962467,21.985770977962467,21.985770977962467,21.985770977962467,21.985770977962467,21.985770977962467,21.985770977962467,21.985770977962467,21.985770977962467,21.985770977962467,21.985770977962467,21.985770977962467,21.985770977962467,21.985770977962467,21.985770977962467,21.985770977962467,21.985770977962467,21.985770977962467,21.985770977962467,21.985770977962467,21.985770977962467,21.985770977962467,21.985770977962467,21.985770977962467,21.985770977962467,21.985770977962467,21.985770977962467,21.985770977962467,21.985770977962467,21.985770977962467,21.985770977962467,21.985770977962467,21.985770977962467,21.985770977962467,21.985770977962467,21.985770977962467,21.985770977962467,21.985770977962467,21.985770977962467,21.985770977962467,21.985770977962467,21.985770977962467,21.985770977962467,21.985770977962467,21.985770977962467,21.985770977962467,21.985770977962467,21.985770977962467,21.985770977962467,21.985770977962467,21.985770977962467,21.985770977962467,21.985770977962467,21.985770977962467,21.985770977962467,21.985770977962467,21.985770977962467,21.985770977962467,21.985770977962467,21.985770977962467,21.985770977962467,21.985770977962467,21.985770977962467,21.985770977962467,21.985770977962467,21.985770977962467,21.985770977962467,21.985770977962467,21.985770977962467,21.985770977962467,21.985770977962467,21.985770977962467,21.985770977962467,21.985770977962467,21.985770977962467,21.985770977962467,21.985770977962467,21.985770977962467,21.985770977962467,21.985770977962467,21.985770977962467,21.985770977962467,21.985770977962467],"times":[1.9175031185150146,1.9559040069580078,1.9561619758605957,1.9562170505523682,1.9563360214233398,1.956373929977417,1.9564259052276611,1.956592082977295,1.9566609859466553,1.9568779468536377,1.9570720195770264,1.9572160243988037,1.9573731422424316,1.9575200080871582,1.9576020240783691,1.958043098449707,1.9581549167633057,1.9583230018615723,1.9583899974822998,1.9589900970458984,1.9591820240020752,1.9592609405517578,1.9594500064849854,1.9595251083374023,1.95967698097229,1.960071086883545,1.9602580070495605,1.9605190753936768,1.9605951309204102,1.960994005203247,1.9612600803375244,1.9616880416870117,1.9618511199951172,1.962204933166504,1.9624691009521484,1.9627389907836914,1.96287202835083,1.9632530212402344,1.9634530544281006,1.9638969898223877,1.9643449783325195,1.9646100997924805,1.9649229049682617,1.9652130603790283,1.965667963027954,1.9658010005950928,1.9659509658813477,1.9663379192352295,1.9666531085968018,1.967061996459961,1.9672939777374268,1.967684030532837,1.9679269790649414,1.968303918838501,1.968554973602295,1.9689719676971436,1.9691951274871826,1.9695470333099365,1.9697110652923584,1.9700801372528076,1.9702229499816895,1.9705989360809326,1.9707329273223877,1.971156120300293,1.97139310836792,1.971787929534912,1.9719510078430176,1.9723119735717773,1.972999095916748,1.9732170104980469,1.9735801219940186,1.9737350940704346,1.9739069938659668,1.9741649627685547,1.9743850231170654,1.9747669696807861,1.9749970436096191,1.975471019744873,1.9757020473480225,1.9760560989379883,1.9762940406799316,1.9767379760742188,1.9770150184631348,1.9773740768432617,1.977527141571045,1.9780840873718262,1.9783909320831299,1.9787349700927734,1.9788429737091064,1.9789340496063232,1.9790809154510498,1.9793810844421387,1.9795241355895996,1.980057954788208,1.9803729057312012,1.980794906616211,1.9810469150543213,1.9814491271972656,1.9817020893096924,1.9821839332580566,1.9824321269989014,1.9828829765319824,1.9832041263580322,1.98374605178833,1.984070062637329,1.984555959701538,1.9847819805145264,1.9853451251983643,1.9855399131774902,1.985929012298584,1.9862699508666992,1.986786127090454,1.987426996231079,1.9876959323883057,1.988110065460205,1.9883389472961426,1.9887089729309082,1.988929033279419,1.989475965499878,1.9896421432495117,1.9901230335235596,1.9904959201812744,1.9908480644226074,1.9911620616912842,1.991576910018921,1.991858959197998],"env":"RockSample5","ubs":[22.613811380019875,22.613811380019875,22.613811380019875,22.613811380019875,22.613811380019875,22.613811380019875,22.613811380019875,22.613811380019868,22.595360992687247,22.57720581155194,22.577205811551938,22.577205811551934,22.577205811551934,22.559050630416632,22.559050630416632,22.559050630416632,22.539694648021182,22.52094425439046,22.452964171626345,22.37672136783591,22.373218754045602,22.370784939715065,22.3629262948224,22.33071039793956,22.33071039793956,22.330710397939555,22.330710397939555,22.329494599770815,22.320649349795723,22.31074927842219,22.31074927842219,22.31074927842219,22.31074927842219,22.30966774862513,22.30952250359742,22.309511846046362,22.30666160040947,22.30068567154231,22.30068567154231,22.30068567154231,22.298279619142214,22.2937343822565,22.2937343822565,22.2937343822565,22.2937343822565,22.2937343822565,22.290773968662933,22.287609720183532,22.28609612246437,22.28609612246437,22.28609612246437,22.28609612246437,22.28609612246437,22.28609612246437,22.28609612246437,22.28609612246437,22.28609612246437,22.28563109873472,22.285615777240682,22.285064549998637,22.281637483864717,22.28095628389232,22.277852724591323,22.26855384167036,22.26396168781601,22.26396168781601,22.26307436082919,22.26302307894443,22.263020115176005,22.261739911131095,22.261585311530027,22.259246957264615,22.259246957264615,22.259153277032482,22.25914697461904,22.258587452165415,22.257956893957566,22.259246957264615,22.259246957264615,22.257956893957566,22.257956893957566,22.257956893957566,22.257956893957566,22.257956893957566,22.257956893957566,22.257956893957566,22.257956893957566,22.257956893957566,22.257956893957566,22.245959419071728,22.238191769977387,22.232944550229316,22.232944550229316,22.232884481489926,22.23239816283627,22.232201554907483,22.232201554907483,22.230763460869976,22.22816913831737,22.22816913831737,22.227613043273436,22.227613043273436,22.227613043273436,22.226707157836636,22.22476944659322,22.22476944659322,22.224427477711266,22.22434337270662,22.223812509692547,22.22379531414504,22.22329893878988,22.22329893878988,22.22329893878988,22.22329893878988,22.22329893878988,22.22329893878988,22.22329893878988,22.22329893878988,22.22325904563389,22.223042244077007,22.222969034492195,22.217491253045722,22.217491253045722,22.2157138097816,22.211266987465365,22.200801008639427],"sim_r":null,"sim_rsigma":null,"solver":"SARSOP","env_full":"RockSample ()","final_lw":21.985770977962467,"timeout":false,"runtime":1.991858959197998,"final_ub":22.200801008639427}