{"lbs":[-26.315789473684188,-16.602328645647116,-13.475591548254947,-6.9830089978169845,-3.011915686865839,-0.3379499885391639,3.079702364692007,4.568560614074503,8.717038935513694,10.74095709803663,12.593031431338844,14.340716232233717,16.344307595844995,17.38208172711441,18.12810336917086,18.463531365697207,19.62731319958717,20.3553569522128,21.093711862266332,21.759758093500587,21.977496084391902,22.418883180967555,23.103819711673694,23.516417593741252,23.642776104191526,23.910647606559593,24.213442991871897,24.492153542202857,24.716348434600846,24.891049272101075,25.06054511128822,25.119822417277845,25.23466744910896,25.355770277231237,25.467607616092632,25.56630363451523,25.597857376299007,25.624536589690035,25.629622047151287,25.687098650253546,25.712941415045986,25.72456089942868,25.769534063648262,25.7949793827498,25.826641106012573,25.85231770804117,25.878098300040676,25.90123460403869,25.911637203185393,25.93830857341043,25.954977858279122,25.974464785047296,25.990721425535504,26.006792531891705,26.02132780908063,26.035089122874638,26.0478119023315,26.068990692970765,26.075637624518485,26.08747371192581,26.09578409016197,26.104842391190946,26.121210369887866,26.12673855038397,26.13392896313772,26.13964752679852,26.149178951211383,26.158520842789137,26.160794290811417,26.17112498352541,26.17214351105596,26.182358837752453,26.18713520121989,26.193281020821157,26.20077574073188,26.201548330938728,26.20449219441351,26.205815821198218,26.20692923953396,26.211770203340574,26.213449576283587,26.21447186221261,26.216364195823214,26.21662809533891,26.217668404130485,26.217768347775152,26.217813284670555,26.218850276452066,26.219754330037105,26.22013857704532,26.220445709486043,26.22054212731676,26.220723572534187,26.220848505968142,26.22098626065436,26.221104371101696,26.22121941378181,26.221399227452473,26.221730182117874,26.22198311722987,26.222192797100007,26.222212138054914,26.222405484436536,26.222420003876003,26.222525731759482,26.22256344847567,26.222598039680136,26.22260380776322],"times":[0.004804849624633789,0.0318448543548584,0.03195595741271973,0.03205585479736328,0.03219294548034668,0.0323789119720459,0.03255295753479004,0.03277087211608887,0.03302788734436035,0.03322792053222656,0.03350996971130371,0.03375887870788574,0.03400301933288574,0.034387826919555664,0.034509897232055664,0.03459596633911133,0.034912824630737305,0.03521585464477539,0.035475969314575195,0.035737037658691406,0.036149024963378906,0.03707695007324219,0.03744792938232422,0.03776383399963379,0.03812384605407715,0.03862500190734863,0.03936481475830078,0.04009699821472168,0.040486812591552734,0.04097795486450195,0.04144096374511719,0.04202890396118164,0.042523860931396484,0.04291892051696777,0.04334092140197754,0.04375600814819336,0.04422783851623535,0.04466891288757324,0.04505491256713867,0.04549002647399902,0.04590487480163574,0.04798102378845215,0.04845094680786133,0.04893183708190918,0.04936695098876953,0.05049586296081543,0.05061602592468262,0.051712989807128906,0.05225801467895508,0.052407026290893555,0.05287885665893555,0.053009986877441406,0.05312991142272949,0.05353498458862305,0.05399203300476074,0.054342031478881836,0.05474281311035156,0.055284976959228516,0.05556082725524902,0.055893898010253906,0.05612802505493164,0.05640697479248047,0.05681896209716797,0.0570218563079834,0.057222843170166016,0.05733990669250488,0.05780386924743652,0.057991981506347656,0.05816984176635742,0.05866384506225586,0.05884599685668945,0.05920290946960449,0.05939602851867676,0.05978989601135254,0.0626230239868164,0.06282782554626465,0.06748700141906738,0.06772685050964355,0.0679018497467041,0.06856083869934082,0.0689079761505127,0.06916284561157227,0.06972503662109375,0.06999993324279785,0.07063603401184082,0.07095003128051758,0.07123088836669922,0.0718228816986084,0.07240486145019531,0.07266902923583984,0.07293891906738281,0.07322287559509277,0.07344484329223633,0.073699951171875,0.07391881942749023,0.07413601875305176,0.07431793212890625,0.0745549201965332,0.07522296905517578,0.07583999633789062,0.07746481895446777,0.07761096954345703,0.07854890823364258,0.07866096496582031,0.0824739933013916,0.08284592628479004,0.08331894874572754,0.0834658145904541],"env":"Tiger","ubs":[115.62415774763224,115.62415774763224,106.16012356869764,103.25711334434733,97.02103783044245,95.38357139862995,92.94835070955017,89.44319794093786,88.60435297181735,82.6405449723602,79.73230082368696,77.32591906366216,74.30547565125174,71.63343992757981,71.62415774763224,71.62415774763224,66.22697426889506,64.26389472857822,61.52058520715059,59.67559169663741,57.83244748035915,56.97967527498221,56.249619957893586,53.96017372859663,52.91822615813555,52.04937173010573,51.20691815167104,50.29097459602366,48.79856659719833,47.73850227406481,46.66809152988135,45.90024719467445,45.60581647554416,45.07259743304296,43.98046152122068,42.70957188965284,42.14999696167661,41.84757750349766,41.086484138708926,40.66941515139369,39.71052718875085,39.53883312951919,39.44320525218745,39.357070633947316,39.265285803473496,39.101589761807304,38.84157180028828,38.36375721878493,38.07609546005658,37.914948207765335,37.59715901270699,37.240089108774,36.97171005656989,36.61200773534384,36.195550615470815,35.84367456455402,35.54744190875499,35.38454759301025,34.95477529566701,34.59435995446324,34.33471135565814,34.187800343460054,34.01081446814236,33.51609775703779,33.41368342708789,33.229548247179565,32.993745767586006,32.61082911162002,32.1598687712487,31.979672134316843,31.22207290401065,31.119709446632722,30.790894064861952,30.6373310615598,30.20129964291887,29.381041386374598,29.381041386374598,29.310812307187064,29.182935422543274,29.03863861621026,28.55098113989615,28.33044228583754,28.219161397609184,27.942027039841143,27.89908621592754,27.680775849576893,27.650846028107456,27.61139472035404,27.48211632301259,27.32078684595096,27.276516363476325,27.19837978607311,27.1713404540791,27.150437953044765,27.122429486803306,27.08641733134727,27.062898484811072,27.03810236549104,26.9983030593819,26.8925192314774,26.803124059704245,26.704009635512197,26.704009635512197,26.594477455079364,26.5944048772612,26.515199057818876,26.494767082122493,26.458555823790086],"sim_r":null,"sim_rsigma":null,"solver":"SARSOP","env_full":"Tiger","final_lw":26.22260380776322,"timeout":false,"runtime":0.0834658145904541,"final_ub":26.458555823790086}