{"lbs":[-20.408163265306104,-17.821576405306104,-13.933207291451225,-10.298946870377932,-7.410088162412654,-4.0352194186134795,-1.5057104779127188,0.3228713291523502,2.2302418473786085,4.163836827409438,5.61007120806851,6.255293638021353,7.958061910492873,9.097522628049266,10.439260016448687,11.257202616881168,11.454160380901161,12.087203253074243,12.805200455065723,13.393839051025399,13.54450869811901,14.028776716798188,14.561880232029713,15.159505135537216,15.582670320760721,15.903782223910342,16.324449534140278,16.474363345309172,16.65054809497806,16.982322904232305,17.14354328659165,17.43346173540337,17.531483915200482,17.695924807726634,17.896957195385106,17.968263764847144,18.060717181889693,18.245966915239794,18.314644880608498,18.396661267986097,18.543452248719518,18.696710336911543,18.795136313023875,18.835959203440442,18.919195070156768,19.00374263929686,19.0362713108506,19.100616858261,19.18222107016524,19.25159350596624,19.30088302672513,19.321431955426696,19.36337086253931,19.41372761448033,19.44789907262389,19.476630734389225,19.517009284861096,19.54860066416347,19.57296828310536,19.59446717580594,19.620556659105457,19.641126856543046,19.660796405887822,19.67766451085585,19.69294028888551,19.706388474758523,19.718400625918036,19.72905023771107,19.736487103586768,19.746394528116518,19.753467102145393,19.75869714844881,19.763402598080937,19.769507674425466,19.7742548864828,19.778805440889798,19.7827007482063,19.78623148119539],"times":[0.007897138595581055,0.03617405891418457,0.03620600700378418,0.036260128021240234,0.036289215087890625,0.036817073822021484,0.03691220283508301,0.03697705268859863,0.03704500198364258,0.037815093994140625,0.03797006607055664,0.038038015365600586,0.03812098503112793,0.03822612762451172,0.039202213287353516,0.03928709030151367,0.03932905197143555,0.039422035217285156,0.039533138275146484,0.03969120979309082,0.0397341251373291,0.03987908363342285,0.0399930477142334,0.04122519493103027,0.041361093521118164,0.04146718978881836,0.04157614707946777,0.04314708709716797,0.04388618469238281,0.04404020309448242,0.0441741943359375,0.04433107376098633,0.04600405693054199,0.046133995056152344,0.04630708694458008,0.04821920394897461,0.04843711853027344,0.048593997955322266,0.05081009864807129,0.05098700523376465,0.05121207237243652,0.05365920066833496,0.05388307571411133,0.05643820762634277,0.05668520927429199,0.05687403678894043,0.058019161224365234,0.05817914009094238,0.06113409996032715,0.06396818161010742,0.06421518325805664,0.06546902656555176,0.0667719841003418,0.06812214851379395,0.06829500198364258,0.07153511047363281,0.07484221458435059,0.07629013061523438,0.07652020454406738,0.07802820205688477,0.0794670581817627,0.0809471607208252,0.08237910270690918,0.08385300636291504,0.08527803421020508,0.08678913116455078,0.08824300765991211,0.0897212028503418,0.08988618850708008,0.09346604347229004,0.09494805335998535,0.09512805938720703,0.09676218032836914,0.09820699691772461,0.09974098205566406,0.10118603706359863,0.10265302658081055,0.10413098335266113],"env":"Tiger","ubs":[43.69792462990103,43.69792462990103,38.89936003633821,37.77024923752849,36.96119887219119,36.73770732307668,34.2103363605745,34.029207516524494,34.00832134529432,33.547046949726315,32.328733931268786,32.135364903639775,31.235228920762275,30.818845990861888,30.553041878443896,29.584404127979486,28.650337579288404,28.650337579288404,28.5426293123988,28.288875363810938,27.97023101100497,27.97023101100497,27.918079238974954,27.574869094114117,26.75079451041526,26.75079451041526,26.452952472314117,26.23018716344145,25.792394412321208,25.270382436756535,25.270382436756535,25.200084155150435,25.131784191566258,24.3997874819881,24.3997874819881,24.36278504670654,23.891821671147973,23.891821671147973,23.83751435330111,23.332047751446055,23.22233408371282,23.20968287698434,22.736070516722634,22.736070516722634,22.484794336642658,22.303554379111237,22.25368045562132,22.000800555463073,22.000800555463073,21.760173287238914,21.564422203500364,21.564422203500364,21.43319543250002,21.297679250368205,21.131099555482233,21.131099555482233,21.060745228239654,20.88371186625372,20.79214437329079,20.79214437329079,20.674234343156655,20.591913819922055,20.5086724698939,20.437866036442678,20.372850100806573,20.315189066966695,20.263247160920198,20.21678532845636,20.17509345955211,20.17509345955211,20.113274205379003,20.08320185891906,20.08320185891906,20.05438334999634,20.02991176568907,20.007423609425373,19.98748645287577,19.969523896441455],"sim_r":null,"sim_rsigma":null,"solver":"ETIB-SARSOP","env_full":"Tiger","final_lw":19.78623148119539,"timeout":false,"runtime":0.10413098335266113,"final_ub":19.969523896441455}