{"lbs":[0.01402985863530405,0.30627278021198584,0.4480108614683039,0.47735547181920557,0.5082793179230032,0.5160875301269308,0.5237279177352434,0.5278345571172617],"times":[0.354079008102417,0.35436010360717773,0.3545570373535156,0.35576510429382324,0.3559401035308838,0.36016392707824707,0.36046600341796875,0.3608529567718506],"env":"FrozenLake4","ubs":[0.5322483112261895,0.5322483112261895,0.5322474193009571,0.5322471381156711,0.5322471112207485,0.5322470191491534,0.5322468689573348,0.5322465990745272],"sim_r":null,"sim_rsigma":null,"solver":"EBIB-SARSOP","env_full":"Frozen Lake (4)","final_lw":0.5278345571172617,"timeout":false,"runtime":0.3608529567718506,"final_ub":0.5322465990745272}