{"lbs":[0.009195274233158773,0.26159138353717465,0.29193663926420105,0.351334802600316,0.36299920999933954,0.3828388017503908,0.3828388017503908,0.38422430998020457,0.387862021733469,0.39027672098204813,0.3930284526016546,0.3938831783426206,0.3985095986001052,0.3985095986001052,0.3985095986001052,0.3985095986001052,0.4001607859376112,0.4005329960852665,0.40071503796255836,0.4016374581867597,0.4016374581867597,0.4016374581867597,0.4016374581867597,0.4016374581867597,0.4020142896690347,0.402718647300983],"times":[0.1160740852355957,0.14586615562438965,0.14617514610290527,0.1465129852294922,0.14663195610046387,0.14680004119873047,0.14691710472106934,0.14713692665100098,0.14726901054382324,0.14754295349121094,0.14952397346496582,0.14967107772827148,0.15015292167663574,0.15025901794433594,0.15076994895935059,0.1508181095123291,0.15140414237976074,0.15156292915344238,0.15167808532714844,0.15336108207702637,0.15348601341247559,0.1535501480102539,0.1536259651184082,0.15375804901123047,0.15453815460205078,0.15483903884887695],"env":"FrozenLake4","ubs":[0.45332266819530553,0.45332266819530553,0.4438120082065081,0.43652636149961727,0.4229298254583215,0.4229298254583215,0.4184942026492304,0.4180803343392802,0.4159587282559577,0.41491749012416956,0.4143852946254114,0.4143368586615566,0.4143324504269887,0.41429549582900077,0.4134525704470689,0.41257991142291883,0.4110014390951944,0.41077830099600016,0.4107579928405715,0.4100876141312027,0.4093688449287265,0.40931928486441455,0.4076307567195138,0.4073449817331408,0.40663593709873047,0.4062743644189278],"sim_r":null,"sim_rsigma":null,"solver":"SARSOP","env_full":"Frozen Lake (4)","final_lw":0.402718647300983,"timeout":false,"runtime":0.15483903884887695,"final_ub":0.4062743644189278}