{"lbs":[0.014171343524996428,0.36124386370249173,0.46989620015197364,0.46989620015197364,0.49338174814479807,0.5056579576702903,0.5203436557316354,0.524171784206873,0.5282038353475638,0.5285902836602973,0.5285902836602973,0.5289766604528867,0.5290539327186405,0.5290539327186405,0.5296227443889826,0.5332686166374286,0.5336721995730574,0.5349942319283106,0.5352439425810543,0.5352678758738271,0.5370567497982688,0.5372399917921554],"times":[0.25557899475097656,0.28601908683776855,0.28641414642333984,0.2864999771118164,0.2878291606903076,0.28814697265625,0.2885270118713379,0.2888181209564209,0.28926801681518555,0.2895021438598633,0.28955602645874023,0.28990793228149414,0.29010605812072754,0.29015493392944336,0.290755033493042,0.2914249897003174,0.2920830249786377,0.29236602783203125,0.29294395446777344,0.2931070327758789,0.29384493827819824,0.2940399646759033],"env":"FrozenLake4","ubs":[0.5827226332093668,0.5827226332093668,0.5770092040361053,0.5643444122743222,0.5624246018043828,0.56069545791197,0.5585052635307618,0.5553076007513462,0.5541567035279319,0.5516239332088708,0.5513679270203992,0.5508610186415867,0.5508610186415867,0.5485052635307618,0.546428116824033,0.5460032493389413,0.5459625282972134,0.5439829931472452,0.5437932663471613,0.5437750821527614,0.5433572527173485,0.5425329975732104],"sim_r":null,"sim_rsigma":null,"solver":"SARSOP","env_full":"Frozen Lake (4)","final_lw":0.5372399917921554,"timeout":false,"runtime":0.2940399646759033,"final_ub":0.5425329975732104}