{"lbs":[0.009195274233158773,0.26159138353717465,0.3461709875046312,0.3835093151080464,0.3935227875388936,0.397662556751226,0.4004307277999069],"times":[0.24865198135375977,0.24892902374267578,0.2491011619567871,0.24949908256530762,0.24968600273132324,0.2523629665374756,0.2527470588684082],"env":"FrozenLake4","ubs":[0.4028532352643531,0.4028532352643531,0.4028532352643531,0.4028532352643531,0.4028516722374112,0.402851522564408,0.4028514954224244],"sim_r":null,"sim_rsigma":null,"solver":"EBIB-SARSOP","env_full":"Frozen Lake (4)","final_lw":0.4004307277999069,"timeout":false,"runtime":0.2527470588684082,"final_ub":0.4028514954224244}