{"env_full":"SparseHallway1","env_data":{"na":5,"ns":60,"discount":0.95,"nbao":146665,"no":60,"nb":2170},"solvetime":1210.533761672,"lb":0.9973625817206001,"ub":1.2075351091019908,"solver":"SARSOP","simtime":-1.0,"ravg":-1.0,"env":"SparseHallway1"}