{"env_full":"RockSample (7,8)","env_data":{"na":13,"ns":12545,"discount":0.95,"nbao":12564,"no":3,"nb":12546},"solvetime":116.715920418,"lb":-1,"ub":28.514165606810586,"solver":"FIB","simtime":-1.0,"ravg":-1.0,"env":"RockSample7"}