{"env_full":"aloha30","env_data":{"na":29,"ns":90,"discount":0.95,"nbao":201895,"no":90,"nb":2454},"solvetime":1138.044383463,"lb":-1,"ub":392.17188385791934,"solver":"BIBSolver (entropy)","simtime":-1.0,"ravg":-1.0,"env":"aloha30"}