{"env_full":"Tag","env_data":{"na":5,"ns":842,"nbao":6333,"no":30,"nb":2351},"solvetime":70.111885154,"simtime":417.4332699775696,"ub":-5.126436905582646,"solver":"FIB","ravg":-86.87123785172504,"env":"Tag"}