{"env_full":"Frozen Lake (4)","env_data":{"na":5,"ns":17,"nbao":88,"no":17,"nb":36},"solvetime":2.822134931,"simtime":0.174360990524292,"ub":0.6938127052097849,"solver":"SARSOP","ravg":0.6930872646619658,"env":"FrozenLake4"}