{"env_full":"Frozen Lake (4)","env_data":{"na":5,"ns":17,"nbao":88,"no":17,"nb":36},"solvetime":0.711519675,"simtime":16.77239680290222,"ub":0.7257256186704397,"solver":"FIB","ravg":0.6858145454569587,"env":"FrozenLake4"}