{"env_full":"ABCModel","env_data":{"na":3,"ns":6,"nbao":11,"no":1,"nb":7},"solvetime":0.853875925,"simtime":11.523720979690552,"ub":0.6598033200000002,"solver":"BIBSolver (standard)","ravg":0.0,"env":"ABC"}