{"env_full":"Frozen Lake (4)","env_data":{"na":5,"ns":17,"nbao":88,"no":17,"nb":36},"solvetime":1.288441654,"simtime":0.5720148086547852,"ub":0.7049223846794803,"solver":"BIBSolver (standard)","ravg":0.6927526516835203,"env":"FrozenLake4"}