{"env_full":"cit","env_data":{"na":4,"ns":284,"discount":0.95,"nbao":622132,"no":284,"nb":8146},"solvetime":1205.282885982,"simtime":-1.0,"ub":0.38802740118587614,"solver":"SARSOP","ravg":-1.0,"env":"cit"}