{"env_full":"SparseHallway2","env_data":{"na":5,"ns":92,"nbao":229135,"no":17,"nb":3411},"solvetime":271.07332211,"simtime":59.28372311592102,"ub":5.802134175616105,"solver":"FIB","ravg":0.7943431223623085,"env":"SparseHallway2"}