{"env_full":"ABCModel","env_data":{"na":3,"ns":6,"nbao":15,"no":1,"nb":11},"solvetime":1.620544148,"simtime":17.72888493537903,"ub":0.5830150000000001,"solver":"BIBSolver (standard)","ravg":0.0,"env":"ABC"}