{"env_full":"Frozen Lake (4)","env_data":{"na":5,"ns":17,"nbao":88,"no":17,"nb":36},"solvetime":1.160975771,"simtime":11.56735610961914,"ub":0.7049223846794803,"solver":"BIBSolver (standard)","ravg":0.6915437827256274,"env":"FrozenLake4"}