{"env_full":"RockSample (10)","env_data":{"na":9,"ns":1601,"nbao":1612,"no":3,"nb":1602},"solvetime":103.607253999,"simtime":72.28097891807556,"ub":26.45880535111133,"solver":"BIBSolver (entropy)","ravg":20.324775719786807,"env":"RockSample10"}