{"env_full":"Tiger","env_data":{"na":3,"ns":2,"nbao":5,"no":2,"nb":3},"solvetime":35.32602045,"simtime":10.504837036132812,"ub":217.3274876638369,"solver":"BIBSolver (worst-case)","ravg":105.7613894325634,"env":"Tiger"}