{"env_full":"mit","env_data":{"na":4,"ns":204,"discount":0.95,"nbao":557753,"no":204,"nb":6533},"solvetime":5.230199442,"simtime":-1.0,"ub":0.5416040334516816,"solver":"FIB","ravg":-1.0,"env":"mit"}