{"env_full":"K-out-of-N (3)","env_data":{"na":27,"ns":64,"nbao":4818,"no":64,"nb":496},"solvetime":232.56114915,"simtime":6436.2528529167175,"ub":-2.2862334776252733,"solver":"BIBSolver (standard)","ravg":-2.793380510705924,"env":"K-out-of-N3"}