{"env_full":"K-out-of-N (2)","env_data":{"na":9,"ns":16,"nbao":232,"no":16,"nb":61},"solvetime":122.537627822,"simtime":273.25631499290466,"ub":-6.064726274033431,"solver":"FIB","ravg":-10.735707598385341,"env":"K-out-of-N2"}