{"env_full":"RockSample ()","env_data":{"na":8,"ns":201,"nbao":210,"no":3,"nb":202},"solvetime":3.835788279,"simtime":16.801578998565674,"ub":23.47795521977625,"solver":"BIBSolver (entropy)","ravg":4.752000000000002,"env":"RockSample5"}