{"env_full":"Tag","env_data":{"na":5,"ns":842,"nbao":6333,"no":30,"nb":2351},"solvetime":1562.409193401,"simtime":1403.6923940181732,"ub":-6.552757233603738,"solver":"BIBSolver (standard)","ravg":-82.50655191311799,"env":"Tag"}