{"env_full":"Frozen Lake (10)","env_data":{"na":5,"ns":101,"nbao":684,"no":101,"nb":272},"solvetime":7.89800681,"simtime":43.21430993080139,"ub":0.8725928445024229,"solver":"BIBSolver (entropy)","ravg":0.8680128131928708,"env":"FrozenLake10"}