{"env_full":"Frozen Lake (4)","env_data":{"na":5,"ns":17,"nbao":88,"no":17,"nb":36},"solvetime":2.594276946,"simtime":10.355588912963867,"ub":0.6905641684296808,"solver":"BIBSolver (entropy)","ravg":0.6940982285716956,"env":"FrozenLake4"}