{"env_full":"RockSample ()","env_data":{"na":8,"ns":201,"nbao":210,"no":3,"nb":202},"solvetime":3.64377314,"simtime":32.50770306587219,"ub":23.47795521977625,"solver":"BIBSolver (entropy)","ravg":5.227199999999985,"env":"RockSample5"}