{"env_full":"Tiger","env_data":{"na":3,"ns":2,"nbao":5,"no":2,"nb":3},"solvetime":0.550369176,"simtime":2.4198391437530518,"ub":87.1794019203375,"solver":"FIB","ravg":19.1960824315489,"env":"Tiger"}