{"env_full":"K-out-of-N (2)","env_data":{"na":9,"ns":16,"nbao":232,"no":16,"nb":61},"solvetime":11.800905027,"simtime":25138.397901058197,"ub":-6.940694301735098,"solver":"BIBSolver (entropy)","ravg":-9.100663572232088,"env":"K-out-of-N2"}