{"env_full":"RockSample (10)","env_data":{"na":9,"ns":1601,"nbao":1612,"no":3,"nb":1602},"solvetime":63.014486992,"simtime":80.02748799324036,"ub":25.81143920766245,"solver":"SARSOP","ravg":25.17978297281704,"env":"RockSample10"}