{"env_full":"RockSample (7,8)","env_data":{"na":13,"ns":12545,"discount":0.95,"nbao":12564,"no":3,"nb":12546},"solvetime":1210.364711972,"lb":20.918762913193856,"ub":25.235472750219845,"solver":"SARSOP","simtime":-1.0,"ravg":-1.0,"env":"RockSample7"}