{"env_full":"SparseHallway2","env_data":{"na":5,"ns":92,"discount":0.95,"nbao":229126,"no":92,"nb":3411},"solvetime":1210.689209836,"lb":0.33790435453912987,"ub":0.9044479528443423,"solver":"SARSOP","simtime":-1.0,"ravg":-1.0,"env":"SparseHallway2"}