{"env_full":"TigerGrid","env_data":{"na":5,"ns":36,"nbao":100177,"no":17,"nb":1418},"solvetime":31.020826857,"simtime":12.789006233215332,"ub":14.030719356648817,"solver":"FIB","ravg":0.5055030896341441,"env":"SparseTigerGrid"}