{"env_full":"Tiger","env_data":{"na":3,"ns":2,"nbao":5,"no":2,"nb":3},"solvetime":31.784836176,"simtime":2.0954668521881104,"ub":106.58998307596931,"solver":"SARSOP","ravg":107.46264327019331,"env":"Tiger"}