{"env_full":"Tiger","env_data":{"na":3,"ns":2,"nbao":5,"no":2,"nb":3},"solvetime":1.226490612,"simtime":10.964668989181519,"ub":263.1565216626098,"solver":"BIBSolver (standard)","ravg":106.86157556384202,"env":"Tiger"}