{"env_full":"SparseHallway2","env_data":{"na":5,"ns":92,"nbao":229135,"no":17,"nb":3411},"solvetime":1301.954831187,"simtime":1830.9034678936005,"ub":5.418916057161558,"solver":"BIBSolver (standard)","ravg":0.9323753904403743,"env":"SparseHallway2"}