{"env_full":"RockSample ()","env_data":{"na":8,"ns":201,"nbao":210,"no":3,"nb":202},"solvetime":1.544583313,"simtime":14.02679991722107,"ub":23.47795521977625,"solver":"BIBSolver (standard)","ravg":5.147999999999987,"env":"RockSample5"}