{"env_full":"Tiger","env_data":{"na":3,"ns":2,"nbao":5,"no":2,"nb":3},"solvetime":1.159133861,"simtime":11.624722957611084,"ub":49.610617252981484,"solver":"BIBSolver (standard)","ravg":20.65719004881515,"env":"Tiger"}