{"env_full":"K-out-of-N (2)","env_data":{"na":9,"ns":16,"nbao":232,"no":16,"nb":61},"solvetime":9.224772101,"simtime":358.53044390678406,"ub":-6.962666611389957,"solver":"BIBSolver (standard)","ravg":-9.097399950641426,"env":"K-out-of-N2"}