{"env_full":"pentagon","env_data":{"na":4,"ns":212,"discount":0.95,"nbao":447124,"no":212,"nb":6028},"solvetime":1204.814827051,"simtime":-1.0,"ub":0.3458480644531041,"solver":"SARSOP","ravg":-1.0,"env":"pentagon"}