{"env_full":"Tiger","env_data":{"na":3,"ns":2,"nbao":5,"no":2,"nb":3},"solvetime":0.86548589,"simtime":10.388273000717163,"ub":263.1565216626098,"solver":"BIBSolver (standard)","ravg":105.45185595595571,"env":"Tiger"}