{"env_full":"ABCModel","env_data":{"na":3,"ns":6,"nbao":15,"no":1,"nb":11},"solvetime":5.783087084,"simtime":0.30991291999816895,"ub":0.475,"solver":"BIBSolver (worst-case)","ravg":0.46644999999999626,"env":"ABC"}