{"env_full":"fourth","env_data":{"na":4,"ns":1052,"discount":0.95,"nbao":2125456,"no":1052,"nb":28558},"solvetime":1207.622248867,"simtime":-1.0,"ub":0.05924427407190017,"solver":"SARSOP","ravg":-1.0,"env":"fourth"}