{"env_full":"Frozen Lake (10)","env_data":{"na":5,"ns":101,"nbao":684,"no":101,"nb":272},"solvetime":12.2498149,"simtime":1.4404120445251465,"ub":0.5193082878723654,"solver":"FIB","ravg":0.4868978026759835,"env":"FrozenLake10"}