{"env_full":"mit","env_data":{"na":4,"ns":204,"discount":0.95,"nbao":557753,"no":204,"nb":6533},"solvetime":1202.676712912,"simtime":-1.0,"ub":0.500064026190032,"solver":"SARSOP","ravg":-1.0,"env":"mit"}