{"env_full":"Tiger","env_data":{"na":3,"ns":2,"nbao":5,"no":2,"nb":3},"solvetime":2.828405474,"simtime":1.7078468799591064,"ub":19.462634539159517,"solver":"SARSOP","ravg":21.042695930260045,"env":"Tiger"}