{"env_full":"fourth","env_data":{"na":4,"ns":1052,"discount":0.95,"nbao":2125456,"no":1052,"nb":28558},"solvetime":481.268089902,"simtime":-1.0,"ub":0.08541557247454232,"solver":"BIBSolver (standard)","ravg":-1.0,"env":"fourth"}