{"env_full":"Frozen Lake (4)","env_data":{"na":5,"ns":17,"nbao":88,"no":17,"nb":36},"solvetime":2.865928307,"simtime":0.4795060157775879,"ub":0.6905641684296808,"solver":"BIBSolver (entropy)","ravg":0.6812798185709399,"env":"FrozenLake4"}