{"env_full":"Tiger","env_data":{"na":3,"ns":2,"nbao":5,"no":2,"nb":3},"solvetime":10.723680175,"simtime":10.801069021224976,"ub":40.514941894006874,"solver":"BIBSolver (worst-case)","ravg":20.33469597068371,"env":"Tiger"}