{"env_full":"aloha30","env_data":{"na":29,"ns":90,"discount":0.95,"nbao":201895,"no":90,"nb":2454},"solvetime":1200.598868284,"simtime":-1.0,"ub":389.03228457173367,"solver":"SARSOP","ravg":-1.0,"env":"aloha30"}