{"env_full":"RockSample ()","env_data":{"na":8,"ns":201,"nbao":210,"no":3,"nb":202},"solvetime":3.489952891,"simtime":2.151839017868042,"ub":18.340299092828722,"solver":"BIBSolver (standard)","ravg":17.121071763928065,"env":"RockSample5"}