{"env_full":"Tag","env_data":{"na":5,"ns":842,"discount":0.95,"nbao":6336,"no":30,"nb":2351},"solvetime":1203.312437653,"lb":-10.85245413713325,"ub":-6.126032985806714,"solver":"SARSOP","simtime":-1.0,"ravg":-1.0,"env":"Tag"}