{"env_full":"Grid","env_data":{"na":5,"ns":36,"discount":0.95,"nbao":722,"no":36,"nb":152},"solvetime":1205.290620394,"lb":6.420752640219697,"ub":7.293694687610746,"solver":"SARSOP","simtime":-1.0,"ravg":-1.0,"env":"grid"}