{"env_full":"Frozen Lake (4)","env_data":{"na":5,"ns":17,"nbao":88,"no":17,"nb":36},"solvetime":40.530739113,"simtime":1.014145851135254,"ub":0.9279642423857279,"solver":"BIBSolver (worst-case)","ravg":0.9280950947976742,"env":"FrozenLake4"}