{"env_full":"fourth","env_data":{"na":4,"ns":1052,"discount":0.95,"nbao":2125456,"no":1052,"nb":28558},"solvetime":1210.088647034,"lb":0.05500121796079113,"ub":0.0867762431650926,"solver":"SARSOP","simtime":-1.0,"ravg":-1.0,"env":"fourth"}