{"env_full":"Frozen Lake (4)","env_data":{"na":5,"ns":17,"nbao":88,"no":17,"nb":36},"solvetime":1.362991404,"simtime":0.4900319576263428,"ub":0.9324285299156831,"solver":"BIBSolver (standard)","ravg":0.9275933509311596,"env":"FrozenLake4"}