{"env_full":"RockSample ()","env_data":{"na":8,"ns":201,"nbao":210,"no":3,"nb":202},"solvetime":28.353026534,"simtime":89.7154951095581,"ub":23.47795521977625,"solver":"BIBSolver (worst-case)","ravg":5.177699999999986,"env":"RockSample5"}