{"env_full":"Tiger","env_data":{"na":3,"ns":2,"nbao":5,"no":2,"nb":3},"solvetime":0.417081572,"simtime":1.9363338947296143,"ub":447.21687316070546,"solver":"FIB","ravg":105.39978677625832,"env":"Tiger"}