{"env_full":"aloha30","env_data":{"na":29,"ns":90,"discount":0.95,"nbao":201895,"no":90,"nb":2454},"solvetime":7.493201066,"simtime":-1.0,"ub":393.5985589045943,"solver":"FIB","ravg":-1.0,"env":"aloha30"}