{"env_full":"ABCModel","env_data":{"na":3,"ns":6,"nbao":11,"no":1,"nb":7},"solvetime":3.153309009,"simtime":0.04937911033630371,"ub":0.495,"solver":"SARSOP","ravg":0.4781700000000029,"env":"ABC"}