{"env_full":"RockSample (10)","env_data":{"na":9,"ns":1601,"nbao":1612,"no":3,"nb":1602},"solvetime":0.776409966,"simtime":33.056018114089966,"ub":26.4645148339081,"solver":"FIB","ravg":4.831029453492017,"env":"RockSample10"}