{"env_full":"Frozen Lake (4)","env_data":{"na":5,"ns":17,"nbao":88,"no":17,"nb":36},"solvetime":0.613522417,"simtime":0.9660980701446533,"ub":0.7257256186704397,"solver":"FIB","ravg":0.6917406622641981,"env":"FrozenLake4"}