{"env_full":"K-out-of-N (3)","env_data":{"na":27,"ns":64,"nbao":4818,"no":64,"nb":496},"solvetime":31828.034283164,"simtime":1502.2979390621185,"ub":-9.178190769267587,"solver":"FIB","ravg":-16.441498069561764,"env":"K-out-of-N3"}