{"env_full":"SparseHallway1","env_data":{"na":5,"ns":60,"nbao":146672,"no":21,"nb":2170},"solvetime":542.831048356,"simtime":2199.2633090019226,"ub":7.367395631756099,"solver":"BIBSolver (standard)","ravg":6.409713099800202,"env":"SparseHallway1"}