{"env_full":"RockSample ()","env_data":{"na":8,"ns":201,"nbao":210,"no":3,"nb":202},"solvetime":0.701404071,"simtime":9.694841146469116,"ub":18.340299092828722,"solver":"FIB","ravg":0.0,"env":"RockSample5"}