{"env_full":"Tiger","env_data":{"na":3,"ns":2,"nbao":5,"no":2,"nb":3},"solvetime":28.632842455,"simtime":9.341159105300903,"ub":217.3274876638369,"solver":"BIBSolver (worst-case)","ravg":108.49913174445136,"env":"Tiger"}