{"env_full":"K-out-of-N (2)","env_data":{"na":9,"ns":16,"nbao":232,"no":16,"nb":61},"solvetime":62.765289231,"simtime":150.0713369846344,"ub":-5.949466854836086,"solver":"SARSOP","ravg":-8.431772138920955,"env":"K-out-of-N2"}