{"env_full":"TigerGrid","env_data":{"na":5,"ns":36,"nbao":100177,"no":17,"nb":1418},"solvetime":219.264322625,"simtime":344.1959619522095,"ub":13.47621965768011,"solver":"BIBSolver (standard)","ravg":0.713867905093835,"env":"SparseTigerGrid"}