{"env_full":"RockSample ()","env_data":{"na":8,"ns":201,"nbao":210,"no":3,"nb":202},"solvetime":2.833549123,"simtime":0.2716801166534424,"ub":23.178140768816064,"solver":"SARSOP","ravg":22.808066584561058,"env":"RockSample5"}