{"env_full":"RockSample ()","env_data":{"na":8,"ns":201,"nbao":210,"no":3,"nb":202},"solvetime":20.867437737,"simtime":62.99012207984924,"ub":18.340299092828722,"solver":"BIBSolver (worst-case)","ravg":4.7405,"env":"RockSample5"}