{"env_full":"RockSample ()","env_data":{"na":8,"ns":201,"nbao":210,"no":3,"nb":202},"solvetime":2.348514673,"simtime":0.2869749069213867,"ub":17.00326538568016,"solver":"SARSOP","ravg":17.073091741725307,"env":"RockSample5"}