{"env_full":"SparseHallway1","env_data":{"na":5,"ns":60,"nbao":146672,"no":21,"nb":2170},"solvetime":200.122022092,"simtime":31.643028020858765,"ub":7.819847947256193,"solver":"FIB","ravg":1.194080695770826,"env":"SparseHallway1"}