{"env_full":"Frozen Lake (10)","env_data":{"na":5,"ns":101,"nbao":684,"no":101,"nb":272},"solvetime":385.60283349,"simtime":113.46172094345093,"ub":0.871596504265055,"solver":"BIBSolver (worst-case)","ravg":0.867191956132435,"env":"FrozenLake10"}