{"env_full":"RockSample ()","env_data":{"na":8,"ns":201,"nbao":210,"no":3,"nb":202},"solvetime":0.419899902,"simtime":4.818004131317139,"ub":23.47795521977625,"solver":"FIB","ravg":0.0,"env":"RockSample5"}