{"env_full":"RockSample ()","env_data":{"na":8,"ns":201,"nbao":210,"no":3,"nb":202},"solvetime":21.206498024,"simtime":66.68364596366882,"ub":23.47795521977625,"solver":"BIBSolver (worst-case)","ravg":5.009399999999992,"env":"RockSample5"}