{"env_full":"RockSample ()","env_data":{"na":8,"ns":201,"nbao":210,"no":3,"nb":202},"solvetime":6.251717385,"simtime":21.046956062316895,"ub":18.340299092828722,"solver":"BIBSolver (entropy)","ravg":4.5695,"env":"RockSample5"}