{"env_full":"Frozen Lake (10)","env_data":{"na":5,"ns":101,"nbao":684,"no":101,"nb":272},"solvetime":4.845680219,"simtime":0.8784620761871338,"ub":0.8737771789057136,"solver":"BIBSolver (standard)","ravg":0.8675163008464647,"env":"FrozenLake10"}