{"env_full":"Frozen Lake (4)","timeout":false,"ubs":[0.5815189056144209,0.5815189056144209,0.5815189056144209,0.5815189056144209,0.5815188088111842,0.5815188040801773,0.581518799765356,0.5815187995544803,0.5815187991822094,0.5815187956957892,0.581518795679196,0.5815187955237954,0.5815187955230559,0.5815187955161291,0.5815187955160961,0.5796995135658546,0.579699513565853,0.5796184225107953,0.5796184225107953,0.5789578719274024,0.5785635745989951,0.5785635745989951,0.5785635745989951,0.5785635745989951,0.5783671652363142,0.5783671611303771,0.5783584065541879,0.5783584063711735,0.5783580161524833,0.5783580161443258,0.5782046461149827],"runtime":3.8296589851379395,"solver":"BIB-SARSOP","final_ub":0.5782046461149827,"lbs":[0.002699694435207055,0.47115002359166963,0.5209985518861731,0.5470022746144187,0.5642014717190339,0.5716252474810574,0.5739159871134772,0.5750672440584396,0.5751432308423825,0.5751482418955273,0.5751489386177167,0.575149107634505,0.5751491151681091,0.5753438554068019,0.5753525355849434,0.5753529224874813,0.5753529397329308,0.5753529405016141,0.5753529405358767,0.5753554269901902,0.5753554269901902,0.5753554269901902,0.5753554269901902,0.5753554269901902,0.5753554269901902,0.5753554269901902,0.5753554269901902,0.5753554269901902,0.5753554269901902,0.5753554269901902,0.5753560053981922],"env":"FrozenLake4","times":[3.820449113845825,3.8208980560302734,3.820950984954834,3.8209900856018066,3.821268081665039,3.8217251300811768,3.8221311569213867,3.822474956512451,3.822683095932007,3.8228981494903564,3.8231379985809326,3.82326602935791,3.8234989643096924,3.8240649700164795,3.8242270946502686,3.8245420455932617,3.8246681690216064,3.8247721195220947,3.825090169906616,3.8253421783447266,3.8259100914001465,3.826007127761841,3.826888084411621,3.8271360397338867,3.8277039527893066,3.827869176864624,3.8280041217803955,3.82845401763916,3.8285560607910156,3.8288421630859375,3.8296589851379395],"final_lw":0.5753560053981922}