{"env_full":"ABCModel","timeout":false,"ubs":[0.99,0.99,0.99,0.99,0.5309055429551132,0.5151371174238033,0.4998370298991989],"runtime":0.3972489833831787,"solver":"SARSOP","final_ub":0.4998370298991989,"lbs":[0.495,0.495,0.495,0.495,0.495,0.495,0.495],"env":"ABC","times":[0.3970308303833008,0.3971428871154785,0.397197961807251,0.3972289562225342,0.39723682403564453,0.3972439765930176,0.3972489833831787],"final_lw":0.495}