{"env_full":"ABCModel","timeout":false,"ubs":[0.99,0.99,0.99,0.99,0.617290140942288,0.617290140942288,0.5471566423907612,0.525596487525562,0.5048858887870696,0.4998370298991989,0.495],"runtime":0.2774181365966797,"solver":"SARSOP","final_ub":0.495,"lbs":[0.495,0.495,0.495,0.495,0.495,0.495,0.495,0.495,0.495,0.495,0.495],"env":"ABC","times":[0.27729010581970215,0.2773609161376953,0.27738094329833984,0.277385950088501,0.2773869037628174,0.2774009704589844,0.2774059772491455,0.27741098403930664,0.27741408348083496,0.2774169445037842,0.2774181365966797],"final_lw":0.495}