{"env_full":"ABCModel","timeout":false,"ubs":[0.6598033200000002,0.6598033200000002,0.6598033200000002,0.6598033200000002,0.5289185243914197,0.5289185243914197,0.5080770241454855,0.5029962539040307,0.4979662913649904,0.495],"runtime":2.9913170337677,"solver":"BIB-SARSOP","final_ub":0.495,"lbs":[0.495,0.495,0.495,0.495,0.495,0.495,0.495,0.495,0.495,0.495],"env":"ABC","times":[2.9912168979644775,2.99127197265625,2.991292953491211,2.991297960281372,2.9912989139556885,2.9913058280944824,2.9913089275360107,2.9913108348846436,2.9913148880004883,2.9913170337677],"final_lw":0.495}