{"env_full":"Frozen Lake (4)","timeout":false,"ubs":[0.9420846263050595,0.9420846263050595,0.9378908236461563,0.9335654655481311,0.9335654655481311,0.9327570557475837,0.9314918789689152],"runtime":2.893162965774536,"solver":"SARSOP","final_ub":0.9314918789689152,"lbs":[0.0,0.9019528052284368,0.9019528052284368,0.9107905813635597,0.9217088924012082,0.9229980448614798,0.9236361753293143],"env":"FrozenLake4","times":[2.805860996246338,2.8088550567626953,2.8186540603637695,2.8657591342926025,2.874911069869995,2.892867088317871,2.893162965774536],"final_lw":0.9236361753293143}