{"env_full":"ABCModel","timeout":false,"ubs":[0.6598033200000002,0.6598033200000002,0.6598033200000002,0.6598033200000002,0.5029962539040307,0.5029962539040307,0.495],"runtime":2.1316778659820557,"solver":"BIB-SARSOP","final_ub":0.495,"lbs":[0.495,0.495,0.495,0.495,0.495,0.495,0.495],"env":"ABC","times":[2.131589889526367,2.13163685798645,2.1316590309143066,2.1316709518432617,2.1316728591918945,2.1316769123077393,2.1316778659820557],"final_lw":0.495}