{"env_full":"RockSample ()","timeout":false,"ubs":[23.47795521977625,23.47795521977625,23.47795521977625,23.47795521977625,23.466067844152498,23.456032796363747,23.454299342284987,23.454299342284987,23.454299342284987,23.454299342284987,23.44585159293942,23.442530840417476,23.43032673040451,23.41831928027951,23.36143059844796,23.322204624360626,23.297717945541415,23.291454049459187,23.284849870999256,23.278558781617672,23.278558781617672,23.27824536152807,23.276994317620634,23.276994317620634,23.276717401825074,23.276717401825074,23.276717401825074,23.276717401825074,23.276717401825074,23.276717401825074,23.276717401825074,23.276717401825074,23.275513630038386,23.271243140809506,23.268466578372276,23.268466578372276,23.268306175878138,23.267994652740704,23.267494863642824,23.266249699280223,23.26332981085637,23.26332981085637,23.2619765214843,23.25991883866446,23.25910440137526,23.258176084917633,23.255417867317917,23.252115253194013,23.249500743094547,23.249500743094547,23.249500743094547,23.249500743094547,23.247955098178572,23.246071223332947,23.246071223332947,23.246071223332947,23.246071223332947,23.246071223332947,23.246071223332947,23.246071223332947,23.246071223332947,23.246071223332947,23.246071223332947,23.246071223332947,23.246071223332947,23.246071223332947,23.246071223332947,23.246071223332947,23.245776043211798,23.245756063641927,23.243175667578488,23.243175667578488,23.242375853628367,23.2363402808925,23.234423719900143,23.233896094281043,23.232044842340084,23.228598463210332,23.228154408665603,23.225550718555716,23.224026875069132,23.224026875069132,23.22366237384019,23.22270078338323,23.220274113933954,23.214188361700792,23.21334247549538,23.212509611598477,23.200095938243997,23.19904661068601,23.198182243665755,23.19369900413369,23.19325586017296,23.1917140138775,23.189748873523875,23.189344945215005,23.189344945215005,23.188581519783074,23.184626326754053,23.18355468121218,23.180170267802687,23.177422430823597],"runtime":3.1006808280944824,"solver":"EBIB-SARSOP","final_ub":23.177422430823597,"lbs":[9.605960099999999,18.76926690427999,19.853952139149143,23.064728902885317,23.064728902885317,23.064728902885317,23.064728902885317,23.064728902885317,23.064728902885317,23.064728902885317,23.064728902885317,23.064728902885317,23.064728902885317,23.064728902885317,23.064728902885317,23.064728902885317,23.064728902885317,23.064728902885317,23.064728902885317,23.064728902885317,23.064728902885317,23.064728902885317,23.064728902885317,23.064728902885317,23.064728902885317,23.064728902885317,23.064728902885317,23.064728902885317,23.064728902885317,23.064728902885317,23.064728902885317,23.064728902885317,23.064728902885317,23.064728902885317,23.064728902885317,23.064728902885317,23.064728902885317,23.064728902885317,23.064728902885317,23.064728902885317,23.064728902885317,23.064728902885317,23.064728902885317,23.064728902885317,23.064728902885317,23.064728902885317,23.064728902885317,23.064728902885317,23.064728902885317,23.064728902885317,23.064728902885317,23.064728902885317,23.064728902885317,23.064728902885317,23.064728902885317,23.064728902885317,23.064728902885317,23.064728902885317,23.064728902885317,23.064728902885317,23.064728902885317,23.064728902885317,23.064728902885317,23.064728902885317,23.064728902885317,23.064728902885317,23.064728902885317,23.064728902885317,23.064728902885317,23.064728902885317,23.064728902885317,23.064728902885317,23.064728902885317,23.064728902885317,23.064728902885317,23.064728902885317,23.064728902885317,23.064728902885317,23.064728902885317,23.064728902885317,23.064728902885317,23.064728902885317,23.064728902885317,23.064728902885317,23.064728902885317,23.064728902885317,23.064728902885317,23.064728902885317,23.064728902885317,23.064728902885317,23.064728902885317,23.064728902885317,23.064728902885317,23.064728902885317,23.064728902885317,23.064728902885317,23.064728902885317,23.064728902885317,23.064728902885317,23.064728902885317,23.064728902885317,23.064728902885317],"env":"RockSample5","times":[3.0766940116882324,3.0769100189208984,3.077195882797241,3.0774238109588623,3.0775790214538574,3.077814817428589,3.0779879093170166,3.0781469345092773,3.0783028602600098,3.0784358978271484,3.0786819458007812,3.0788469314575195,3.0789480209350586,3.079068899154663,3.079284906387329,3.079387903213501,3.0796549320220947,3.079835891723633,3.0800278186798096,3.080314874649048,3.0804929733276367,3.0808849334716797,3.0810749530792236,3.081267833709717,3.0816597938537598,3.0818488597869873,3.0819618701934814,3.0822958946228027,3.0826709270477295,3.082958936691284,3.083281993865967,3.0835089683532715,3.0838088989257812,3.0840659141540527,3.084307909011841,3.0845999717712402,3.084808826446533,3.0850930213928223,3.0854718685150146,3.085704803466797,3.085911989212036,3.0861499309539795,3.0863850116729736,3.0866358280181885,3.086880922317505,3.0870728492736816,3.087265968322754,3.0876879692077637,3.087873935699463,3.088054895401001,3.0883288383483887,3.0884649753570557,3.088670015335083,3.08900785446167,3.0891377925872803,3.089319944381714,3.0895798206329346,3.0897300243377686,3.0899438858032227,3.0902018547058105,3.0904250144958496,3.0906708240509033,3.090953826904297,3.0911879539489746,3.0914759635925293,3.091639995574951,3.0919039249420166,3.092021942138672,3.0922129154205322,3.0923678874969482,3.0925099849700928,3.0925958156585693,3.093017816543579,3.0933079719543457,3.0936570167541504,3.093766927719116,3.0941967964172363,3.0943448543548584,3.094627857208252,3.09511399269104,3.0952908992767334,3.095538854598999,3.0960168838500977,3.0961368083953857,3.0962538719177246,3.0966689586639404,3.0967938899993896,3.0973639488220215,3.09749698638916,3.0979390144348145,3.0980708599090576,3.0983169078826904,3.098522901535034,3.0987179279327393,3.09903883934021,3.099392890930176,3.0997378826141357,3.099864959716797,3.0999929904937744,3.1001949310302734,3.1003329753875732,3.1006808280944824],"final_lw":23.064728902885317}