{"env_full":"Frozen Lake (10)","timeout":false,"ubs":[0.8792248633440128,0.8792248633440128,0.8792248633440128,0.8785369153288338,0.8778489673136548,0.8767404369054093,0.8763101375999017,0.8760283296745334,0.8759623859441423,0.8759623859441423,0.8759623859441423,0.8759290843602948,0.875904440355708,0.8758882000717491,0.8758801211404795,0.8758801211404795,0.8758801211404795,0.8758801211404795,0.8758556525518181,0.8756971166357356,0.8756638150518882,0.8756311729053445,0.875605576812387,0.8755718669633201,0.8755634170590221,0.8755634170590221,0.8755561174706276,0.8755485914566902,0.8755482278308199,0.8755482278308199,0.8755455068609753,0.8755448334200863,0.8755441733157782,0.8755415073936558,0.8755396742402984,0.8755378773869902,0.8755377140825812,0.8755333764464778,0.8754649749247966,0.8752751062115002,0.8752079389965804,0.8751287936021708,0.8750991947697044,0.8750679932564513,0.8750618276879641,0.8750553699979331,0.8750331457411443,0.8749987935454677,0.8749762006386029,0.8749615750753855,0.8749433235241709,0.874935537452968,0.8749257979282213,0.87491338654661,0.874907740951904,0.8748962183740565,0.874887650301493,0.874887650301493,0.874883962923588,0.8748768090241809,0.8748733395751733,0.8748733395751733,0.8748733395751733,0.8748715298027501,0.8748654149276901,0.8748564479501063,0.8748497981719114,0.8748478073034799,0.8748457497632048,0.874842383387648,0.8748356076902788,0.8748356076902788,0.8747861164552315,0.8735712262713781,0.8734597116599206,0.8732490397947478,0.8732296975011448,0.8732195725638275,0.8732182179132185,0.8732105636843964,0.873112482947799,0.8730947766273858,0.8730947766273858,0.8730833118589367,0.8730723876994626,0.8730686435316617,0.8730667214143657,0.8730659294633623,0.8730654958400987,0.8728333947412353,0.8728199298046838,0.8725362374873545,0.8724858103780676,0.8724811662601806,0.8723184194915112,0.8723144929206859,0.8720718173801766,0.8720613778533793,0.8720370717331278],"runtime":42.5767080783844,"solver":"SARSOP","final_ub":0.8720370717331278,"lbs":[0.0,0.2855166819516088,0.30711855698932566,0.3120376728653727,0.31978889139355854,0.33376556310492894,0.40292406397172986,0.4079423459456928,0.4219759054340088,0.4222676275094989,0.42779799519595063,0.4355519142837401,0.468649478360495,0.5028935245976923,0.5274237460064348,0.5331175339367974,0.5405159172036946,0.5558893112703609,0.5642680394147849,0.5718060287276364,0.5794861022468311,0.5939312680881725,0.6085830468897536,0.6147341637446789,0.6384035551987305,0.674130432068897,0.6820962334181229,0.704381758324464,0.7117219924504762,0.7360697363495714,0.7613033767067817,0.7765427295903556,0.7913661098314055,0.7984581258366242,0.8022077894403637,0.8034071670402413,0.8034071670402413,0.8043914655514357,0.8043914655514357,0.8043914655514357,0.8043914655514357,0.8044984618261418,0.8056204366051437,0.8061651924446886,0.8073859392067486,0.8084851686816986,0.8091125524809043,0.809716293875112,0.8120364982781618,0.8128541730988609,0.8143626694837854,0.8147273449862258,0.8150893416282063,0.8156930788855196,0.8163242408431869,0.8165269087772183,0.8190730794029901,0.8201288516073466,0.8252034080439049,0.8276993801767845,0.8298243850561875,0.8303354818128584,0.8309640260193355,0.8310932650398796,0.8311532651578472,0.8312471929358963,0.831290398368893,0.8353356996292968,0.8402119006193499,0.8438027723264012,0.8458091876904771,0.8459502051448359,0.8461439239531193,0.8479729204173967,0.8492495067890768,0.8492495067890768,0.849762332301728,0.8499925226290692,0.8510481246251796,0.8510481246251796,0.8510481246251796,0.8530407671042812,0.8552433256012584,0.8552433256012584,0.8552433256012584,0.8553026858841424,0.8555991268887582,0.8567243686363173,0.8576531959005472,0.8579821489814697,0.8581548976580821,0.8581548976580821,0.8598091142698918,0.8612409811022895,0.8620735345868443,0.8631662512976443,0.8631662512976443,0.8631662512976443,0.8635961798484706],"env":"FrozenLake10","times":[2.892582893371582,2.951326847076416,2.9748449325561523,3.003566026687622,3.15038800239563,3.199877977371216,3.259937047958374,3.336871862411499,3.4222090244293213,3.5197689533233643,3.6179869174957275,3.7272329330444336,3.852199077606201,3.9615318775177,4.071569919586182,4.147335052490234,4.249459981918335,4.340178966522217,4.45585298538208,4.561617851257324,4.706853866577148,4.803941965103149,4.94246506690979,5.059753894805908,5.996887922286987,6.140980958938599,6.331274032592773,6.521378040313721,6.767987966537476,6.925274848937988,7.049591064453125,7.293436050415039,7.704813003540039,8.459222078323364,8.842483043670654,9.138920068740845,9.999911069869995,10.2967848777771,10.606456995010376,11.222502946853638,11.491450071334839,11.732163906097412,11.980828046798706,12.53728699684143,12.846005916595459,13.17281699180603,13.386651039123535,14.01261591911316,14.229376077651978,14.589294910430908,14.828058004379272,15.06035590171814,15.777055025100708,15.987300872802734,16.212055921554565,16.50493097305298,16.813698053359985,17.07186484336853,17.997781991958618,18.37610697746277,18.794785976409912,19.056870937347412,19.3615620136261,19.64805006980896,20.720200061798096,20.979898929595947,21.263179063796997,21.5620539188385,21.785868883132935,25.102338075637817,25.700517892837524,28.520323991775513,29.168887853622437,32.75001502037048,34.00084400177002,34.17905402183533,34.39503288269043,34.63437294960022,34.84425091743469,34.897018909454346,35.730265855789185,36.61884593963623,37.04625606536865,37.29251003265381,37.488040924072266,37.83771586418152,39.10363507270813,39.52696895599365,39.702167987823486,39.902090072631836,40.22765493392944,40.30661392211914,40.84734487533569,41.11572289466858,42.2499520778656,42.32299184799194,42.373291015625,42.396883964538574,42.5767080783844],"final_lw":0.8635961798484706}