{"env_full":"Frozen Lake (4)","timeout":false,"ubs":[0.9420846263050595,0.9420846263050595,0.9335654655481311,0.9327570557475837,0.9327570557475837,0.93156938105955,0.9309814820889732,0.9290302793255677,0.9274647770327682,0.9268556841589014,0.9268556841589014,0.9268556841589014,0.9248978148767155,0.9248978148767155,0.9248978148767155,0.9246753056787197],"runtime":3.5977120399475098,"solver":"BIB-SARSOP","final_ub":0.9246753056787197,"lbs":[0.0,0.7341037059850969,0.7420193039098114,0.7420193039098114,0.7526403292046254,0.7537757936046703,0.7591786213168971,0.7621088128559425,0.7652459374867452,0.7652868458227121,0.8613722002603337,0.893878066134574,0.9021902575842606,0.9103378511834584,0.9130116113399791,0.9201927083460597],"env":"FrozenLake4","times":[3.0666449069976807,3.0697529315948486,3.1003620624542236,3.109433889389038,3.117561101913452,3.1319210529327393,3.1427409648895264,3.1696650981903076,3.220884084701538,3.282555103302002,3.351332902908325,3.3931078910827637,3.4646739959716797,3.5288400650024414,3.566072940826416,3.5977120399475098],"final_lw":0.9201927083460597}