{"env_full":"Frozen Lake (4)","timeout":false,"ubs":[0.9420846263050595,0.9420846263050595,0.9335654655481311,0.9327570557475837,0.9327570557475837,0.93156938105955,0.9309814820889732,0.9288244759060768,0.9270557375914446,0.9268556841589014,0.9268556841589014,0.9268556841589014,0.9237149634550437,0.9235000607519716,0.9235000607519716,0.9234860376133833],"runtime":5.16679310798645,"solver":"EBIB-SARSOP","final_ub":0.9234860376133833,"lbs":[0.0,0.7341037059850969,0.7420193039098114,0.7420193039098114,0.7526403292046254,0.7537757936046703,0.7539325200389666,0.7550836932157003,0.7556974997719883,0.761028323840797,0.7649684878831602,0.8462116931986702,0.8914615722129247,0.9109571049699435,0.9139843037286524,0.922474544973385],"env":"FrozenLake4","times":[4.8696129322052,4.872774124145508,4.877208948135376,4.886301040649414,4.894527912139893,4.9091620445251465,4.920015096664429,4.936233997344971,4.955153942108154,4.969835042953491,4.987271070480347,5.008203983306885,5.052174091339111,5.090688943862915,5.128842115402222,5.16679310798645],"final_lw":0.922474544973385}