{"env_full":"RockSample ()","timeout":false,"ubs":[23.47795521977625,23.47795521977625,23.47795521977625,23.47795521977625,23.466067844152498,23.456032796363747,23.454299342284987,23.454299342284987,23.454299342284987,23.454299342284987,23.44585159293942,23.442530840417476,23.43032673040451,23.41831928027951,23.36143059844796,23.322204624360626,23.297717945541415,23.291454049459187,23.284849870999256,23.278558781617672,23.278558781617672,23.27824536152807,23.276994317620634,23.276994317620634,23.276717401825074,23.276717401825074,23.276717401825074,23.276717401825074,23.276717401825074,23.276717401825074,23.276717401825074,23.276717401825074,23.275513630038386,23.271243140809506,23.268466578372276,23.268466578372276,23.268306175878138,23.267994652740704,23.267494863642824,23.266249699280223,23.26332981085637,23.26332981085637,23.2619765214843,23.25991883866446,23.25910440137526,23.258176084917633,23.255417867317917,23.252115253194013,23.249500743094547,23.249500743094547,23.249500743094547,23.249500743094547,23.247955098178572,23.246071223332947,23.246071223332947,23.246071223332947,23.246071223332947,23.246071223332947,23.246071223332947,23.246071223332947,23.246071223332947,23.246071223332947,23.246071223332947,23.246071223332947,23.246071223332947,23.246071223332947,23.246071223332947,23.246071223332947,23.245776043211798,23.245756063641927,23.243175667578488,23.243175667578488,23.242375853628367,23.2363402808925,23.234423719900143,23.233896094281043,23.232044842340084,23.228598463210332,23.228154408665603,23.225550718555716,23.224026875069132,23.224026875069132,23.22366237384019,23.22270078338323,23.220274113933954,23.214188361700792,23.21334247549538,23.212509611598477,23.200095938243997,23.19904661068601,23.198182243665755,23.19369900413369,23.19325586017296,23.1917140138775,23.189748873523875,23.189344945215005,23.189344945215005,23.188581519783074,23.184626326754053,23.18355468121218,23.180170267802687,23.177422430823597],"runtime":2.6527390480041504,"solver":"BIB-SARSOP","final_ub":23.177422430823597,"lbs":[9.605960099999999,18.76926690427999,19.853952139149143,23.064728902885317,23.064728902885317,23.064728902885317,23.064728902885317,23.064728902885317,23.064728902885317,23.064728902885317,23.064728902885317,23.064728902885317,23.064728902885317,23.064728902885317,23.064728902885317,23.064728902885317,23.064728902885317,23.064728902885317,23.064728902885317,23.064728902885317,23.064728902885317,23.064728902885317,23.064728902885317,23.064728902885317,23.064728902885317,23.064728902885317,23.064728902885317,23.064728902885317,23.064728902885317,23.064728902885317,23.064728902885317,23.064728902885317,23.064728902885317,23.064728902885317,23.064728902885317,23.064728902885317,23.064728902885317,23.064728902885317,23.064728902885317,23.064728902885317,23.064728902885317,23.064728902885317,23.064728902885317,23.064728902885317,23.064728902885317,23.064728902885317,23.064728902885317,23.064728902885317,23.064728902885317,23.064728902885317,23.064728902885317,23.064728902885317,23.064728902885317,23.064728902885317,23.064728902885317,23.064728902885317,23.064728902885317,23.064728902885317,23.064728902885317,23.064728902885317,23.064728902885317,23.064728902885317,23.064728902885317,23.064728902885317,23.064728902885317,23.064728902885317,23.064728902885317,23.064728902885317,23.064728902885317,23.064728902885317,23.064728902885317,23.064728902885317,23.064728902885317,23.064728902885317,23.064728902885317,23.064728902885317,23.064728902885317,23.064728902885317,23.064728902885317,23.064728902885317,23.064728902885317,23.064728902885317,23.064728902885317,23.064728902885317,23.064728902885317,23.064728902885317,23.064728902885317,23.064728902885317,23.064728902885317,23.064728902885317,23.064728902885317,23.064728902885317,23.064728902885317,23.064728902885317,23.064728902885317,23.064728902885317,23.064728902885317,23.064728902885317,23.064728902885317,23.064728902885317,23.064728902885317,23.064728902885317],"env":"RockSample5","times":[2.6263461112976074,2.6266090869903564,2.626924991607666,2.6271770000457764,2.627346992492676,2.627609968185425,2.6277999877929688,2.6279709339141846,2.6281421184539795,2.6282870769500732,2.628556966781616,2.6287410259246826,2.6288540363311768,2.6289870738983154,2.6292240619659424,2.6293349266052246,2.629629135131836,2.6298270225524902,2.6300411224365234,2.6303551197052,2.6305510997772217,2.630985975265503,2.631195068359375,2.631402015686035,2.631833076477051,2.6320409774780273,2.63216495513916,2.6325271129608154,2.632941961288452,2.63326096534729,2.6336140632629395,2.63386607170105,2.6341960430145264,2.6344809532165527,2.634748935699463,2.635067939758301,2.635298013687134,2.635611057281494,2.6360270977020264,2.6362829208374023,2.6365129947662354,2.6367809772491455,2.6370420455932617,2.6373209953308105,2.6375911235809326,2.637805938720703,2.638016939163208,2.638484001159668,2.638685941696167,2.638883113861084,2.6391780376434326,2.6393280029296875,2.6395530700683594,2.639925956726074,2.6400671005249023,2.6402640342712402,2.640552043914795,2.6407229900360107,2.6409590244293213,2.6412389278411865,2.6414849758148193,2.6417529582977295,2.6420600414276123,2.6423139572143555,2.6426279544830322,2.642810106277466,2.6431009769439697,2.6432299613952637,2.643436908721924,2.643605947494507,2.6437599658966064,2.6438519954681396,2.6443140506744385,2.6446309089660645,2.6450109481811523,2.645129919052124,2.6455910205841064,2.6457579135894775,2.646070957183838,2.646605968475342,2.646796941757202,2.6470680236816406,2.6475939750671387,2.6477279663085938,2.6478559970855713,2.6483049392700195,2.6484451293945312,2.64906907081604,2.6492199897766113,2.649717092514038,2.649867057800293,2.6501359939575195,2.650362968444824,2.650573968887329,2.650926113128662,2.6513099670410156,2.6516919136047363,2.6518359184265137,2.651978015899658,2.652200937271118,2.6523499488830566,2.6527390480041504],"final_lw":23.064728902885317}