{"env_full":"Frozen Lake (4)","timeout":false,"ubs":[0.5824367310943487,0.5824367310943487,0.5824367310943487,0.5824367310943487,0.5824366202360742,0.582436614773561,0.5824366098322629,0.5824366095887816,0.5824366090708808,0.5824365988201088,0.5824365987970244,0.5824365983401155,0.5824365983390866,0.5824365983187207,0.5823819260108911,0.5801891133593001,0.5801866764444922,0.5800889359642781,0.5800888273434057,0.5796784063077041,0.5796784063077041,0.5796784063077041,0.5796784063077041,0.5795180340670895,0.5795180240487587,0.5795108757591867,0.5795108753126386,0.5795105566911389,0.579510556671235,0.5793406559302735,0.5793406510887035,0.5793012119047262,0.5793012116889222,0.578264878055424,0.5776077966124669],"runtime":6.1590471267700195,"solver":"EBIB-SARSOP","final_ub":0.5776077966124669,"lbs":[0.002699694435207055,0.47115002359166963,0.5209985518861731,0.5470022746144187,0.5642014717190339,0.5716252474810574,0.5739159871134772,0.5750672440584396,0.5751432308423825,0.5751482418955273,0.5751489386177167,0.5751489696727915,0.5751489710570129,0.5753437070368475,0.5753523870251585,0.575352773919235,0.5753527911643074,0.5753529298946872,0.5753529762866689,0.5753529762866689,0.5753529762866689,0.5753529762866689,0.5753529762866689,0.5753529762866689,0.5753529762866689,0.5753529762866689,0.5753529762866689,0.5753529762866689,0.5753529762866689,0.5753534067357601,0.575353426296854,0.5753665223190785,0.5753671060834364,0.5753671321042395,0.5753671332642454],"env":"FrozenLake4","times":[6.147399187088013,6.147826194763184,6.147875070571899,6.147912979125977,6.148168087005615,6.1485981941223145,6.149003028869629,6.149322032928467,6.1495280265808105,6.149744033813477,6.149857044219971,6.150067090988159,6.150148153305054,6.150686979293823,6.150860071182251,6.151188135147095,6.151307106018066,6.151699066162109,6.151862144470215,6.1523871421813965,6.152477979660034,6.153311014175415,6.153550148010254,6.154085159301758,6.154246091842651,6.154375076293945,6.15479302406311,6.154891014099121,6.155163049697876,6.155925989151001,6.156246185302734,6.157684087753296,6.158004999160767,6.158810138702393,6.1590471267700195],"final_lw":0.5753671332642454}