{"env_full":"RockSample ()","timeout":false,"ubs":[23.47795521977625,23.47795521977625,23.47795521977625,23.47795521977625,23.47795521977625,23.47795521977625,23.466067844152498,23.454299342284987,23.454299342284987,23.442530840417476,23.430880023568633,23.430880023568633,23.430880023568633,23.43032673040451,23.41831928027951,23.36055302751415,23.322708007302367,23.29930933237609,23.290929301420213,23.290707994370585,23.290424463947605,23.290238550639337,23.290197653881428,23.289375852296608,23.28143750787752,23.271606758278253,23.26471311006181,23.261313185388147,23.261138758504764,23.260579231299772,23.26051382006332,23.258091261928605,23.254901557703654,23.254901557703654,23.254901557703654,23.254747908012362,23.254554095306396,23.253799623367012,23.251166079302543,23.249638876522067,23.249638876522067,23.24784608597477,23.246071223332947,23.246071223332947,23.246071223332947,23.246071223332947,23.246071223332947,23.246071223332947,23.246071223332947,23.246071223332947,23.246071223332947,23.246071223332947,23.246071223332947,23.246071223332947,23.246071223332947,23.246071223332947,23.24555355046091,23.245493349172364,23.245224752867514,23.244806840285566,23.243059637854213,23.243059637854213,23.24286259912713,23.23696147959894,23.235042874221094,23.234108471453453,23.230433794343917,23.23012530636227,23.229712016843138,23.229585572922,23.228745833714306,23.227928674701126,23.226697756523457,23.224346901292765,23.224346901292765,23.224346901292765,23.220375848627533,23.216733166160104,23.2146253307952,23.213510591563796,23.212449537335107,23.205206849927727,23.203138517384055,23.201484347385602,23.19846745772101,23.195391144688436,23.195391144688436,23.195391144688436,23.193376651756203,23.191382303753294,23.191382303753294,23.19117368776076,23.19105092528859,23.19105092528859,23.19105092528859,23.190157556233657,23.188945056189223,23.188641214873332,23.184913373511623,23.183154792186397,23.178140768816064],"runtime":0.46304893493652344,"solver":"SARSOP","final_ub":23.178140768816064,"lbs":[9.605960099999999,18.76926690427999,19.853952139149143,23.064728902885317,23.064728902885317,23.064728902885317,23.064728902885317,23.064728902885317,23.064728902885317,23.064728902885317,23.064728902885317,23.064728902885317,23.064728902885317,23.064728902885317,23.064728902885317,23.064728902885317,23.064728902885317,23.064728902885317,23.064728902885317,23.064728902885317,23.064728902885317,23.064728902885317,23.064728902885317,23.064728902885317,23.064728902885317,23.064728902885317,23.064728902885317,23.064728902885317,23.064728902885317,23.064728902885317,23.064728902885317,23.064728902885317,23.064728902885317,23.064728902885317,23.064728902885317,23.064728902885317,23.064728902885317,23.064728902885317,23.064728902885317,23.064728902885317,23.064728902885317,23.064728902885317,23.064728902885317,23.064728902885317,23.064728902885317,23.064728902885317,23.064728902885317,23.064728902885317,23.064728902885317,23.064728902885317,23.064728902885317,23.064728902885317,23.064728902885317,23.064728902885317,23.064728902885317,23.064728902885317,23.064728902885317,23.064728902885317,23.064728902885317,23.064728902885317,23.064728902885317,23.064728902885317,23.064728902885317,23.064728902885317,23.064728902885317,23.064728902885317,23.064728902885317,23.064728902885317,23.064728902885317,23.064728902885317,23.064728902885317,23.064728902885317,23.064728902885317,23.064728902885317,23.064728902885317,23.064728902885317,23.064728902885317,23.064728902885317,23.064728902885317,23.064728902885317,23.064728902885317,23.064728902885317,23.064728902885317,23.064728902885317,23.064728902885317,23.064728902885317,23.064728902885317,23.064728902885317,23.064728902885317,23.064728902885317,23.064728902885317,23.064728902885317,23.064728902885317,23.064728902885317,23.064728902885317,23.064728902885317,23.064728902885317,23.064728902885317,23.064728902885317,23.064728902885317,23.064728902885317],"env":"RockSample5","times":[0.4425969123840332,0.4427950382232666,0.44302797317504883,0.4432358741760254,0.4434230327606201,0.4436218738555908,0.443789005279541,0.44392991065979004,0.44408702850341797,0.4442470073699951,0.4444279670715332,0.44458699226379395,0.44474291801452637,0.44481801986694336,0.44492387771606445,0.4451119899749756,0.4451889991760254,0.44544005393981934,0.4456930160522461,0.44595789909362793,0.4462110996246338,0.44640088081359863,0.4465510845184326,0.44669508934020996,0.44690608978271484,0.44708895683288574,0.44744205474853516,0.44762301445007324,0.4478030204772949,0.4479858875274658,0.4482259750366211,0.44855499267578125,0.4488070011138916,0.4490048885345459,0.4491920471191406,0.44928908348083496,0.4494950771331787,0.4498140811920166,0.45017099380493164,0.45027995109558105,0.45064687728881836,0.4509420394897461,0.45105409622192383,0.45120906829833984,0.45140504837036133,0.45165300369262695,0.45189499855041504,0.45214295387268066,0.45237088203430176,0.4526050090789795,0.45284509658813477,0.4530520439147949,0.4532809257507324,0.4534120559692383,0.4536769390106201,0.45377302169799805,0.4539670944213867,0.4541449546813965,0.4543008804321289,0.4545159339904785,0.45462489128112793,0.45475196838378906,0.45508289337158203,0.45540595054626465,0.45571303367614746,0.45580101013183594,0.4560849666595459,0.4563310146331787,0.4564180374145508,0.4567439556121826,0.4570729732513428,0.4573030471801758,0.4574320316314697,0.4576590061187744,0.4577770233154297,0.45800209045410156,0.45809507369995117,0.4582998752593994,0.45873188972473145,0.459136962890625,0.4592421054840088,0.45946502685546875,0.45957207679748535,0.45967602729797363,0.4599030017852783,0.46019887924194336,0.46048998832702637,0.46076202392578125,0.4608469009399414,0.4611399173736572,0.4613978862762451,0.4615480899810791,0.4618051052093506,0.46196508407592773,0.462238073348999,0.4623260498046875,0.46256089210510254,0.46266698837280273,0.4627718925476074,0.46294188499450684,0.46304893493652344],"final_lw":23.064728902885317}