{"env_full":"Frozen Lake (4)","timeout":false,"ubs":[0.9420846263050595,0.9420846263050595,0.9335654655481311,0.9327570557475837,0.9327570557475837,0.93156938105955,0.9309814820889732,0.9288244759060768,0.9270557375914446,0.9268556841589014,0.9268556841589014,0.9268556841589014,0.9237149634550437,0.9235000607519716,0.9235000607519716,0.9234860376133833],"runtime":4.033004999160767,"solver":"EBIB-SARSOP","final_ub":0.9234860376133833,"lbs":[0.0,0.7341037059850969,0.7420193039098114,0.7420193039098114,0.7526403292046254,0.7537757936046703,0.7539325200389666,0.7550836932157003,0.7556974997719883,0.761028323840797,0.7649684878831602,0.8462116931986702,0.8914615722129247,0.9109571049699435,0.9139843037286524,0.922474544973385],"env":"FrozenLake4","times":[3.77445912361145,3.7773401737213135,3.7813310623168945,3.789443016052246,3.796732187271118,3.8094611167907715,3.819049119949341,3.8332619667053223,3.8499441146850586,3.862842082977295,3.878262996673584,3.8962600231170654,3.9346749782562256,3.9681131839752197,4.00107216835022,4.033004999160767],"final_lw":0.922474544973385}