{"env_full":"ABCModel","timeout":false,"ubs":[0.495],"runtime":3.150969982147217,"solver":"EBIB-SARSOP","final_ub":0.495,"lbs":[0.495],"env":"ABC","times":[3.150969982147217],"final_lw":0.495}