{"env_full":"RockSample ()","timeout":false,"ubs":[23.47795521977625,23.47795521977625,23.47795521977625,23.47795521977625,23.466067844152498,23.456032796363747,23.454299342284987,23.454299342284987,23.454299342284987,23.454299342284987,23.44585159293942,23.442530840417476,23.43032673040451,23.41831928027951,23.36143059844796,23.322204624360626,23.297717945541415,23.291454049459187],"runtime":3.445497989654541,"solver":"BIB-SARSOP","final_ub":23.291454049459187,"lbs":[9.605960099999999,18.76926690427999,19.853952139149143,23.064728902885317,23.064728902885317,23.064728902885317,23.064728902885317,23.064728902885317,23.064728902885317,23.064728902885317,23.064728902885317,23.064728902885317,23.064728902885317,23.064728902885317,23.064728902885317,23.064728902885317,23.064728902885317,23.064728902885317],"env":"RockSample5","times":[3.4413259029388428,3.4416000843048096,3.4419400691986084,3.4422531127929688,3.4424691200256348,3.4427719116210938,3.443005084991455,3.4432239532470703,3.4434521198272705,3.4436519145965576,3.4439759254455566,3.444211006164551,3.4443230628967285,3.444472074508667,3.4447669982910156,3.4448840618133545,3.4452431201934814,3.445497989654541],"final_lw":23.064728902885317}