{"env_full":"Frozen Lake (4)","timeout":false,"ubs":[0.9420846263050595,0.9420846263050595,0.9378908236461563,0.9335654655481311,0.9335654655481311,0.9327570557475837,0.9314918789689152],"runtime":2.4447970390319824,"solver":"SARSOP","final_ub":0.9314918789689152,"lbs":[0.0,0.9019528052284368,0.9019528052284368,0.9107905813635597,0.9217088924012082,0.9229980448614798,0.9236361753293143],"env":"FrozenLake4","times":[2.366101026535034,2.3687169551849365,2.377474069595337,2.420201063156128,2.4284169673919678,2.4445409774780273,2.4447970390319824],"final_lw":0.9236361753293143}