{"env_full":"RockSample ()","timeout":false,"ubs":[23.47795521977625,23.47795521977625,23.47795521977625,23.47795521977625,23.466067844152498,23.456032796363747,23.454299342284987,23.454299342284987,23.454299342284987,23.454299342284987,23.44585159293942,23.442530840417476,23.43032673040451,23.41831928027951,23.36143059844796,23.322204624360626,23.297717945541415,23.291454049459187],"runtime":5.247735977172852,"solver":"EBIB-SARSOP","final_ub":23.291454049459187,"lbs":[9.605960099999999,18.76926690427999,19.853952139149143,23.064728902885317,23.064728902885317,23.064728902885317,23.064728902885317,23.064728902885317,23.064728902885317,23.064728902885317,23.064728902885317,23.064728902885317,23.064728902885317,23.064728902885317,23.064728902885317,23.064728902885317,23.064728902885317,23.064728902885317],"env":"RockSample5","times":[5.243961811065674,5.244258880615234,5.2445878982543945,5.244890928268433,5.245098829269409,5.245390892028809,5.245593786239624,5.245781898498535,5.245971918106079,5.246143817901611,5.246423959732056,5.246626853942871,5.246721982955933,5.24685001373291,5.247102975845337,5.2472028732299805,5.247514963150024,5.247735977172852],"final_lw":23.064728902885317}