{"env_full":"Frozen Lake (4)","timeout":false,"ubs":[0.9420846263050595,0.9420846263050595,0.9335654655481311,0.9327570557475837,0.9327570557475837,0.93156938105955,0.9309814820889732,0.9290302793255677,0.9274647770327682,0.9268556841589014,0.9268556841589014,0.9268556841589014,0.9248978148767155,0.9248978148767155,0.9248978148767155,0.9246753056787197],"runtime":3.0631821155548096,"solver":"BIB-SARSOP","final_ub":0.9246753056787197,"lbs":[0.0,0.7341037059850969,0.7420193039098114,0.7420193039098114,0.7526403292046254,0.7537757936046703,0.7591786213168971,0.7621088128559425,0.7652459374867452,0.7652868458227121,0.8613722002603337,0.893878066134574,0.9021902575842606,0.9103378511834584,0.9130116113399791,0.9201927083460597],"env":"FrozenLake4","times":[2.574558973312378,2.577393054962158,2.607043981552124,2.6152760982513428,2.6226611137390137,2.6356070041656494,2.6454520225524902,2.670215129852295,2.717916965484619,2.775252103805542,2.8373501300811768,2.873642921447754,2.9387640953063965,2.9976980686187744,3.032449960708618,3.0631821155548096],"final_lw":0.9201927083460597}