{"env_full":"ABCModel","timeout":false,"ubs":[0.99,0.99,0.99,0.99,0.5309055429551132,0.5151371174238033,0.4998370298991989],"runtime":0.47857189178466797,"solver":"SARSOP","final_ub":0.4998370298991989,"lbs":[0.495,0.495,0.495,0.495,0.495,0.495,0.495],"env":"ABC","times":[0.4783289432525635,0.4784529209136963,0.4785120487213135,0.4785499572753906,0.4785590171813965,0.47856688499450684,0.47857189178466797],"final_lw":0.495}