{"env_full":"RockSample ()","timeout":false,"ubs":[23.47795521977625,23.47795521977625,23.47795521977625,23.47795521977625,23.466067844152498,23.456032796363747,23.454299342284987,23.454299342284987,23.454299342284987,23.454299342284987,23.44585159293942,23.442530840417476,23.43032673040451,23.41831928027951,23.36143059844796,23.322204624360626,23.297717945541415,23.291454049459187],"runtime":6.721410036087036,"solver":"EBIB-SARSOP","final_ub":23.291454049459187,"lbs":[9.605960099999999,18.76926690427999,19.853952139149143,23.064728902885317,23.064728902885317,23.064728902885317,23.064728902885317,23.064728902885317,23.064728902885317,23.064728902885317,23.064728902885317,23.064728902885317,23.064728902885317,23.064728902885317,23.064728902885317,23.064728902885317,23.064728902885317,23.064728902885317],"env":"RockSample5","times":[6.717231035232544,6.717499017715454,6.7178380489349365,6.7181620597839355,6.718379974365234,6.718683958053589,6.718915939331055,6.719132900238037,6.719357967376709,6.719557046890259,6.719878911972046,6.72011399269104,6.720223903656006,6.72037410736084,6.720676898956299,6.720793008804321,6.721152067184448,6.721410036087036],"final_lw":23.064728902885317}