{"env_full":"ABCModel","timeout":false,"ubs":[0.495],"runtime":3.5455400943756104,"solver":"EBIB-SARSOP","final_ub":0.495,"lbs":[0.495],"env":"ABC","times":[3.5455400943756104],"final_lw":0.495}