{"env_full":"Frozen Lake (4)","timeout":false,"ubs":[0.6388784971246512,0.6388784971246512,0.6388784971246512,0.6352282573255876,0.6346987434064845,0.6346987434064845,0.6268761816249773,0.6203574131652744,0.6134513453516732,0.6134513453516732,0.6125873722015138,0.6089584720034347,0.6077070821376566,0.6041851251341824,0.6037193936065155,0.6033341092365869,0.6032126212067543,0.6006765484797015,0.600047218677213,0.5999281338105669,0.5999000826238576,0.59989477464096,0.5998935243123205,0.5998932877190132,0.5971784784356504,0.5957131130831025,0.5949415179059203,0.5948011046931653,0.5943273193862977,0.594327308840598,0.5942387890188942,0.5941965309826732,0.5941619908792433,0.5940791384482818,0.594010616316129,0.5936718886179085,0.5925129239693914,0.5919988918415845,0.5912425611369516,0.5911559468382177,0.5898572751345007,0.589631722595091,0.5895699760892895,0.5889067108451704,0.5888950525449435,0.588865488750051,0.5872776726380443,0.5864390584452469,0.5861930192345017,0.5859286059142973,0.585794648244196,0.5853314487342237,0.5849896163390869,0.5843131533174934,0.584286536164632,0.5842373920003017,0.5840475984412615,0.5840140342030422,0.5840055745137984,0.5840040784513058,0.583783560289669,0.5837642581853777,0.583737452970547,0.5836985527818238,0.5829897121534047,0.5828076997376771,0.5827672605885897,0.5824518147622461,0.5821397006837706,0.5817501973075327,0.5816149873925381,0.5815976270295535,0.581482906283166,0.5814357421264843,0.5814083545442,0.5810688788851662,0.5804143617979528,0.580122329374259,0.5797271860866414,0.5797141692932052,0.579696556527857,0.5796959763288873,0.5796951912731545,0.5793759747523317,0.5793376999956743,0.5792398540486201,0.5791499168451562,0.5790455994480478,0.5787178247402059,0.578713174989357,0.5786312595895406,0.5786310523356832,0.5786274011115309,0.578185643160217],"runtime":0.49508213996887207,"solver":"SARSOP","final_ub":0.578185643160217,"lbs":[0.002699694435207055,0.47115002359166963,0.5250625999359795,0.5250625999359795,0.5250625999359795,0.5433938961962359,0.5447669763249782,0.5487006393649959,0.5487006393649959,0.5493149000185082,0.5493149000185082,0.5494030297549833,0.5631759519590429,0.5631759519590429,0.5631759519590429,0.5715162066722125,0.5715162066722125,0.5733990442966622,0.5736959282749134,0.5737382372012702,0.5737455718081597,0.5737467188025279,0.5743854895549052,0.5753323362755721,0.5753323362755721,0.5753323362755721,0.5753323362755721,0.5753323362755721,0.5753753121058834,0.5753772276723089,0.5753772276723089,0.5753772276723089,0.5753772276723089,0.5753773247887864,0.5753773247887864,0.5753773291175698,0.5753773291175698,0.5753773293105172,0.5753773327344038,0.5753773327344038,0.5753773338823818,0.5753773343081899,0.5753773343271695,0.5753773343598373,0.5753773343612933,0.5753773343613582,0.5753773343613582,0.5753773343634541,0.5753773343634541,0.5753773343698105,0.5753773343698105,0.5753773343708815,0.5753773343708815,0.5753773343709812,0.5753773343709856,0.5753773343709856,0.5753773343709856,0.5753773343709856,0.5753773343709856,0.5753773343709856,0.5753798915451263,0.5753800055263314,0.5753800055263314,0.5753800055263314,0.5753800106068281,0.5753800106068281,0.5753800106068281,0.5753861879492699,0.5753861879492699,0.5753861879492699,0.5753861879492699,0.5753865067203557,0.5753865067203557,0.5753865067203557,0.5753865067203557,0.5753865067203557,0.5753865209289809,0.5753865215623035,0.5753865215905327,0.575386521591791,0.5753865215918472,0.5753865215918496,0.5753865215918497,0.5753865215918497,0.5753865215918497,0.5753865215918497,0.575386522760909,0.5753865228564563,0.5753865228607149,0.5753865228609049,0.5753865228609132,0.5753865228609136,0.5753865228609136,0.5753865228626256],"env":"FrozenLake4","times":[0.42000412940979004,0.420316219329834,0.4203979969024658,0.4206671714782715,0.4207580089569092,0.4208641052246094,0.42103099822998047,0.42125606536865234,0.4216461181640625,0.4219679832458496,0.42218017578125,0.4225161075592041,0.42282819747924805,0.4233691692352295,0.4239540100097656,0.4245331287384033,0.42490220069885254,0.42531704902648926,0.42558908462524414,0.42612409591674805,0.42629098892211914,0.42698001861572266,0.4273080825805664,0.4283161163330078,0.428508996963501,0.42867612838745117,0.42970705032348633,0.4300410747528076,0.4311211109161377,0.43125200271606445,0.43157219886779785,0.43175721168518066,0.432819128036499,0.43335914611816406,0.4335660934448242,0.43369412422180176,0.43484020233154297,0.435150146484375,0.43553709983825684,0.4367551803588867,0.4370741844177246,0.43744611740112305,0.4388570785522461,0.43932318687438965,0.43967103958129883,0.44136905670166016,0.44151902198791504,0.44188809394836426,0.4422721862792969,0.4443180561065674,0.44456911087036133,0.44502806663513184,0.4453611373901367,0.4474790096282959,0.44790005683898926,0.44818711280822754,0.4489860534667969,0.45160603523254395,0.45201921463012695,0.4525752067565918,0.4528770446777344,0.45560407638549805,0.4558091163635254,0.45598721504211426,0.4563300609588623,0.45654916763305664,0.4569520950317383,0.457517147064209,0.46042299270629883,0.4607691764831543,0.4614880084991455,0.4629380702972412,0.4664921760559082,0.46686410903930664,0.4670112133026123,0.4672892093658447,0.46782517433166504,0.46875,0.47286319732666016,0.47359704971313477,0.4742281436920166,0.47475409507751465,0.4753561019897461,0.47913217544555664,0.4794020652770996,0.4796590805053711,0.4809250831604004,0.48620009422302246,0.4871652126312256,0.4879450798034668,0.488631010055542,0.48919200897216797,0.4938361644744873,0.49508213996887207],"final_lw":0.5753865228626256}