{"env_full":"ABCModel","timeout":false,"ubs":[0.6598033200000002,0.6598033200000002,0.6598033200000002,0.6598033200000002,0.5029962539040307,0.5029962539040307,0.495],"runtime":2.547888994216919,"solver":"BIB-SARSOP","final_ub":0.495,"lbs":[0.495,0.495,0.495,0.495,0.495,0.495,0.495],"env":"ABC","times":[2.5477850437164307,2.5478451251983643,2.547868013381958,2.5478811264038086,2.5478830337524414,2.547887086868286,2.547888994216919],"final_lw":0.495}