{"env_full":"RockSample ()","timeout":false,"ubs":[23.47795521977625,23.47795521977625,23.47795521977625,23.47795521977625,23.47795521977625,23.47795521977625,23.466067844152498,23.454299342284987,23.454299342284987,23.442530840417476,23.430880023568633,23.430880023568633,23.430880023568633,23.43032673040451,23.41831928027951,23.36055302751415,23.322708007302367,23.29930933237609,23.290929301420213],"runtime":0.5024070739746094,"solver":"SARSOP","final_ub":23.290929301420213,"lbs":[9.605960099999999,18.76926690427999,19.853952139149143,23.064728902885317,23.064728902885317,23.064728902885317,23.064728902885317,23.064728902885317,23.064728902885317,23.064728902885317,23.064728902885317,23.064728902885317,23.064728902885317,23.064728902885317,23.064728902885317,23.064728902885317,23.064728902885317,23.064728902885317,23.064728902885317],"env":"RockSample5","times":[0.4975919723510742,0.49788808822631836,0.49827098846435547,0.4986081123352051,0.49889111518859863,0.4991929531097412,0.4994690418243408,0.49969005584716797,0.4999380111694336,0.500190019607544,0.5004761219024658,0.5007259845733643,0.5009760856628418,0.5010881423950195,0.5012409687042236,0.5015339851379395,0.5016491413116455,0.5020179748535156,0.5024070739746094],"final_lw":23.064728902885317}