{"env_full":"RockSample ()","timeout":false,"ubs":[23.47795521977625,23.47795521977625,23.47795521977625,23.47795521977625,23.466067844152498,23.456032796363747,23.454299342284987,23.454299342284987,23.454299342284987,23.454299342284987,23.44585159293942,23.442530840417476,23.43032673040451,23.41831928027951,23.36143059844796,23.322204624360626,23.297717945541415,23.291454049459187],"runtime":2.8818819522857666,"solver":"BIB-SARSOP","final_ub":23.291454049459187,"lbs":[9.605960099999999,18.76926690427999,19.853952139149143,23.064728902885317,23.064728902885317,23.064728902885317,23.064728902885317,23.064728902885317,23.064728902885317,23.064728902885317,23.064728902885317,23.064728902885317,23.064728902885317,23.064728902885317,23.064728902885317,23.064728902885317,23.064728902885317,23.064728902885317],"env":"RockSample5","times":[2.8781468868255615,2.8783860206604004,2.8786909580230713,2.8789939880371094,2.879185914993286,2.8794548511505127,2.8796639442443848,2.8798599243164062,2.8800559043884277,2.8802340030670166,2.8805248737335205,2.8807358741760254,2.8808348178863525,2.880966901779175,2.8812289237976074,2.8813328742980957,2.881654977798462,2.8818819522857666],"final_lw":23.064728902885317}