{"lbs":[9.605960099999999,18.76926690427999,19.762929611467992,20.746655691584117,20.746655691584117,21.911516601785728,23.064728902885317,23.064728902885317,23.064728902885317,23.064728902885317,23.064728902885317,23.064728902885317,23.064728902885317,23.064728902885317,23.064728902885317,23.064728902885317,23.064728902885317,23.064728902885317,23.064728902885317],"times":[4.833451986312866,4.872736930847168,4.8733720779418945,4.873755931854248,4.8738319873809814,4.874347925186157,4.874429941177368,4.874881029129028,4.875280141830444,4.875715970993042,4.876312017440796,4.8767571449279785,4.877269983291626,4.877527952194214,4.877910137176514,4.878620147705078,4.878894090652466,4.879763126373291,4.880717992782593],"env":"RockSample5","ubs":[23.47795936366106,23.47795936366106,23.47795936366106,23.47795936366106,23.47795936366106,23.47795936366106,23.466071926189308,23.45430344473095,23.454303424115643,23.45430340370649,23.442534922248132,23.430884084990144,23.43088404437593,23.430330853674015,23.418323403549014,23.360557087413756,23.322712121887022,23.299311766039455,23.29093335981313],"sim_r":null,"sim_rsigma":null,"solver":"SARSOP","env_full":"RockSample ()","final_lw":23.064728902885317,"timeout":false,"runtime":4.880717992782593,"final_ub":23.29093335981313}