{"lbs":[0.018288843441564832,0.384962728384392,0.5354084325256775,0.5713874393330893,0.5788824527632106,0.5942666011177133,0.6007146879450996,0.6042165383610044,0.6042165383610044,0.6083945640215483,0.6083945640215483,0.6083945640215483,0.6083945640215483,0.6083945640215483,0.6083945640215483,0.6085231551670992,0.6105873452304699],"times":[1.1682419776916504,1.168652057647705,1.1696109771728516,1.1855888366699219,1.1862099170684814,1.187021017074585,1.1887030601501465,1.189626932144165,1.1898109912872314,1.1908819675445557,1.1924219131469727,1.1929268836975098,1.194133996963501,1.1961839199066162,1.1966779232025146,1.2083778381347656,1.2148959636688232],"env":"FrozenLake4","ubs":[0.6258044575681563,0.6258044575681563,0.6258044575681563,0.622610233732056,0.6221282116880538,0.6215938493263498,0.6212329845256006,0.6195464129925656,0.6173538700875804,0.6164827605210047,0.6164461961855301,0.6163837770173953,0.616376221508809,0.6163587834110182,0.6163214491141717,0.6162339797058811,0.6162137102367448],"sim_r":null,"sim_rsigma":null,"solver":"BIB-SARSOP","env_full":"Frozen Lake (4)","final_lw":0.6105873452304699,"timeout":false,"runtime":1.2148959636688232,"final_ub":0.6162137102367448}