{"lbs":[-19.999999999999982,-10.77798724525706,-7.964090794870497,-2.3801147957169526,0.8750254055571952,3.875001037597943,6.493587538494678,8.696777308670935,10.288639595753715,11.779996345025335,13.056839886144147,13.448780834121548,14.173769132049966,15.014506352427624,15.675270374782347,15.962333316120404,15.962333316120404,15.962333316120404,16.42461689655204,16.837414609466,16.99032565062901,17.342863956006365,17.562451843976124,17.861230264316262,18.115627860682935,18.16975747212914,18.319217774250767,18.368725995308377,18.478682186194554,18.547960054817302,18.625826667662288,18.816053899504666,18.863836231061576,18.90962429322019,18.9942522165638,19.023513191552638,19.05641114555717,19.083415528943046,19.109439556557376,19.13247726914644,19.15379169755579,19.206721451480675,19.221345327843103,19.227698538399878,19.24377616322922,19.250760941632855,19.263540288464817,19.289171562400206,19.296576577264716,19.303166095934905,19.3092458942036,19.320690968762023,19.325029831236364,19.334101009424955,19.340502170279073,19.34282962318236,19.343840764003655,19.347010851762576,19.348388067660522,19.35438666917367,19.355844854260585,19.359638184826288,19.36263497645828,19.363011890031046,19.365093215725857,19.3664750208131,19.367195615356348,19.36787874400434,19.368175523054607,19.368304456023438,19.368650177560646,19.369503571035604,19.369650083681996,19.36997229084008,19.370208074918764,19.370404712909846,19.370490140503037,19.370621416461667,19.370744133134096,19.370797446280314,19.370849143956022,19.370914584585925,19.371018019123824,19.371027390400887,19.371089754450267,19.371138057163872,19.371172258997383,19.371202689493785,19.37121590974717,19.371230157271675,19.37125096916926,19.371277009715264,19.371290477882816],"times":[0.0020291805267333984,0.02295517921447754,0.023006200790405273,0.02304220199584961,0.0231020450592041,0.023148059844970703,0.02321004867553711,0.02327418327331543,0.023331165313720703,0.023382186889648438,0.023440122604370117,0.023490190505981445,0.023682117462158203,0.023797035217285156,0.023867130279541016,0.023930072784423828,0.0239410400390625,0.023954153060913086,0.02404308319091797,0.02415919303894043,0.024224042892456055,0.024317026138305664,0.024375200271606445,0.024486064910888672,0.024589061737060547,0.02465200424194336,0.02476811408996582,0.02486109733581543,0.024918079376220703,0.025022029876708984,0.025081157684326172,0.025187015533447266,0.025251150131225586,0.025349140167236328,0.02545309066772461,0.025559186935424805,0.02562999725341797,0.025739192962646484,0.025799036026000977,0.025893211364746094,0.025945186614990234,0.026051998138427734,0.026103973388671875,0.026133060455322266,0.026214122772216797,0.026278018951416016,0.02630901336669922,0.026391983032226562,0.026440143585205078,0.026504039764404297,0.026542186737060547,0.026647090911865234,0.026699066162109375,0.026836156845092773,0.026919126510620117,0.026968002319335938,0.02701115608215332,0.02708601951599121,0.027144193649291992,0.027262210845947266,0.0273129940032959,0.027415037155151367,0.02751016616821289,0.027561187744140625,0.027677059173583984,0.027752161026000977,0.0280611515045166,0.02812504768371582,0.02816319465637207,0.028205156326293945,0.028293132781982422,0.029103994369506836,0.02917313575744629,0.029328107833862305,0.029447078704833984,0.02957916259765625,0.029694080352783203,0.029856204986572266,0.029986143112182617,0.030091047286987305,0.030169010162353516,0.03033304214477539,0.031239986419677734,0.03131103515625,0.03141212463378906,0.031495094299316406,0.0315701961517334,0.03164315223693848,0.03168320655822754,0.03177499771118164,0.03185319900512695,0.03193402290344238,0.03198504447937012],"env":"Tiger","ubs":[87.18911139620737,87.18911139620737,77.86590987364963,75.04207740720918,69.18461791439594,65.26778373461866,63.75851272846624,60.615398471013975,58.22486484614291,55.03195554555478,53.3569406756167,49.7234247174144,47.66345500238074,47.267304592503976,45.1254837903491,43.38883620339301,43.189111396207366,43.189111396207366,42.10205287870879,41.074929805443354,40.03179035024626,39.810818599017026,38.83828505827728,38.39345203651732,37.2528987179614,36.163665164901474,35.602819846920575,35.182697774735516,34.59870076196493,34.09365122038287,33.90113618841846,33.50493723493848,31.807949511316377,31.19632626032903,30.894362201384602,29.648685339419522,29.06426830015575,28.69221015058572,28.34736319935616,28.001440212950047,27.73062462136349,27.497103079602283,26.421581419838752,26.3415887766102,26.04925574255835,25.89733263149082,25.680139323064843,25.397088192699222,24.622247613762376,24.498485294157884,24.377216938037364,24.334780389056043,23.813347323190726,23.581286291614013,23.086983094491952,22.673637156099474,22.554552911405434,22.394381032419147,22.258833393921904,22.22058104430412,21.792425579949388,21.706234738068872,21.461662930279893,21.086603735396274,21.067658867446404,20.90041455396599,20.69911690081554,20.587564526204517,20.516137080951978,20.512044118145106,20.432223914719685,20.378722338831537,20.13108137494029,20.13108137494029,20.023018409647356,19.98280525287229,19.92871348805469,19.907070957999245,19.870520277704458,19.83278659336825,19.82615892546805,19.809381049397537,19.772774602902587,19.687557672180553,19.687557672180553,19.675349277061734,19.648236114502772,19.622598495061844,19.60266559220515,19.59579641593903,19.58654506290417,19.57133414311903,19.545190935774094],"sim_r":null,"sim_rsigma":null,"solver":"SARSOP","env_full":"Tiger","final_lw":19.371290477882816,"timeout":false,"runtime":0.03198504447937012,"final_ub":19.545190935774094}