{"lbs":[-19.999999999999982,-19.999999999999982,-19.999999999999982,-17.247290390624986,-13.451405269784455,-12.065111712316863,-9.61074349795994,-6.318127517466565,-4.0929006598394455,-1.9830393416877399,-1.48420616416109,0.11701398284355963,2.1564293033338027,3.738070388928033,5.100749472399691,6.807915811911625,7.94579535145139,8.411732111514823,9.357700145200461,10.278405333992323,10.678397359372173,11.644430509107796,11.801617318476863,12.289590050529018,13.00614421489782,13.529440009022904,14.130062400466489,14.618338470678243,15.02941972608593,15.420137365775531,15.589881103460069,16.011958995667023,16.134215802526576,16.322129104043917,16.640302409033833,16.94688132947356,17.176926787421685,17.377240136267872,17.592057278411566,17.763749149704026,17.937470072891955,18.054850626293053,18.190470217455612,18.300383837447484,18.345007207321643,18.427916705241472,18.515601039190088,18.547579586630693,18.615955302018513,18.702531943596803,18.76484215932706,18.82118218176164,18.8661221399286,18.925815906827673,18.974611150221644,19.011708617859256,19.050590509786772,19.083556082578784,19.11632011872375,19.14502892595943,19.170756683892968,19.188516054249988,19.204775910177013,19.22439386390932,19.24131803797797,19.255996941291517,19.266323672046898,19.270570404562687,19.279339050832654,19.289819708129713,19.29898194841254,19.30721635026171,19.31288803456541,19.317586246779165,19.32403684670254,19.3291848117497,19.333136290398024,19.33660882125475,19.34081510735345,19.344122067115833,19.347277615962867,19.349976623634348,19.351908822998144,19.35360551720055,19.35554226821369,19.35707241742466,19.358782814779815,19.360155126575616,19.36144931828895],"times":[0.00506901741027832,0.0053060054779052734,0.0056421756744384766,0.006220102310180664,0.0062940120697021484,0.007196187973022461,0.008323192596435547,0.009662151336669922,0.009814977645874023,0.009926080703735352,0.010010957717895508,0.010172128677368164,0.010329008102416992,0.010404109954833984,0.01055002212524414,0.010693073272705078,0.01091909408569336,0.011588096618652344,0.01318502426147461,0.013302087783813477,0.013411998748779297,0.013688087463378906,0.013754129409790039,0.013938188552856445,0.014115095138549805,0.014297962188720703,0.014433145523071289,0.014611005783081055,0.014714956283569336,0.014907121658325195,0.015027046203613281,0.015289068222045898,0.015400171279907227,0.015594005584716797,0.015799999237060547,0.017663002014160156,0.017879009246826172,0.019982099533081055,0.02025008201599121,0.02255702018737793,0.022838115692138672,0.02309107780456543,0.02326202392578125,0.0235140323638916,0.023708105087280273,0.023823976516723633,0.024075031280517578,0.02421116828918457,0.024435043334960938,0.025567054748535156,0.02572917938232422,0.02596116065979004,0.028344154357910156,0.02860403060913086,0.029703140258789062,0.029911041259765625,0.03023695945739746,0.03053116798400879,0.0316159725189209,0.03197312355041504,0.03304004669189453,0.033219099044799805,0.03346610069274902,0.03385305404663086,0.03492617607116699,0.03537297248840332,0.03562617301940918,0.03583717346191406,0.036341190338134766,0.03741312026977539,0.03794598579406738,0.03901815414428711,0.03918814659118652,0.041860103607177734,0.043166160583496094,0.04379606246948242,0.0440671443939209,0.04693603515625,0.04766702651977539,0.048905134201049805,0.04968905448913574,0.05092310905456543,0.051078081130981445,0.051896095275878906,0.05216407775878906,0.053436994552612305,0.05425310134887695,0.05540204048156738,0.05626511573791504],"env":"Tiger","ubs":[53.28451467325154,53.28451467325154,46.02907637684214,46.02892573449462,44.56113111366581,44.56113111365167,42.9357802585201,42.39696481723675,41.07714341273376,40.14617375617024,39.29333442949662,39.08807375955675,39.06445467084261,38.82552856223905,37.54263456442675,37.331669327706315,36.960920961437026,36.93803932745254,35.77039462730117,34.38239066133201,34.38239066133201,33.27114219295599,32.98355633940143,32.98355633940143,32.595751212513946,32.57453586916263,32.313340663148054,31.489633894053583,31.05950779752755,30.49476196529072,30.156541856042267,29.815571661914944,29.672433485710172,29.077879577231982,28.94235743230471,28.858348493434413,27.824658872227033,27.824658872227033,26.889151945952918,26.889151945952918,26.057274563150287,25.732799136267694,25.6489505635806,25.601965231355116,25.494759169705873,24.772653140716688,24.43196819319335,24.35433555699436,24.05267107173215,23.969823635031688,23.55337001683868,23.23266643161967,23.152933925749696,22.978757859565636,22.743443337346047,22.301542841584556,22.301542841584556,21.98668224980862,21.76075965654189,21.487755937524863,21.273440743831756,21.068876871904045,21.004943183894625,20.974122617778864,20.779047886481944,20.640863454916918,20.50264184980447,20.502636917191268,20.410157163010037,20.311418362835184,20.207768265245164,20.12124834404318,20.04136552353446,20.04136552353446,19.989262757939464,19.916514757763764,19.861996533710972,19.861996530249336,19.805074901442154,19.761356701601905,19.719350996549537,19.682951135039197,19.64992140092035,19.64992140092035,19.61991547255215,19.619915472549543,19.592370129326227,19.569565963304953,19.54842954193203],"sim_r":null,"sim_rsigma":null,"solver":"BIB-SARSOP","env_full":"Tiger","final_lw":19.36144931828895,"timeout":false,"runtime":0.05626511573791504,"final_ub":19.54842954193203}