{"lbs":[63.222060727841125,68.03904353197774,68.11203641250805,68.34675495271308,68.36959463757546,68.50327472600739,68.57972728234671,68.62180810835379,68.64637308304052,68.6612952563965,68.70032861714282,68.73540171588404,68.75278226600099,68.76544932121901,68.78255499697696,68.80449302773425,68.81742521975077,68.82742368683371,68.83275283617633,68.83617380077966,68.85452033036151,68.88078510037236,68.9059429224335,68.91430447392639,68.93444431935042,68.95768886691849,68.96362053663353,68.97144982674061,68.98668440280086,68.9886692769532,68.99501246427488,69.00980265135519,69.01803039808156,69.02539355388868,69.03052566868172,69.04015877676889,69.04730508845127,69.0631302835217,69.0804948630849,69.09343718316427,69.09641515481289,69.10151840757842,69.10876610671814,69.11131166609229,69.11675380930608,69.11936143563523,69.12863833446396,69.1338197961297,69.1373182514978,69.14672876359793,69.1635993500513,69.18156034468015,69.18768644904458,69.21489024887073,69.22112658382565,69.23130888357679,69.26075023406386,69.26962219380832,69.27778634935397,69.27899912786351,69.28529602617238,69.28770109657009,69.28996061700389,69.2930810139513,69.29695953829489,69.29849425816138,69.30422693489047,69.30546185252109,69.30559783559401,69.30614792071246,69.30818139714648,69.3091840398481,69.31024210858638,69.3144665657914,69.31754348387148,69.32047022885331,69.32199381949341,69.32212198291296,69.32322400148713,69.32866881897414,69.33070260904302,69.33579472584005,69.34152473212565,69.35540279159818,69.36068559708258,69.36627422960247,69.36877015000726,69.36892422724915,69.37025633268556,69.3713758009751,69.37575843743136,69.3760289847357,69.37714816366741,69.37727638858183,69.3772843041152,69.37732095034715,69.37762663031475,69.3802434087649,69.38163685999925,69.38296973570614,69.38338321699766,69.38854492026397,69.38955011377965,69.39117231310246,69.39559163368378,69.39636075989793,69.39645310181359,69.40026288879251,69.40357547414096,69.40865244664326,69.40986545206975,69.4109735005855,69.41191990720114,69.41318903467571,69.41833674565456,69.42288707001467,69.42819889065115,69.43227593647943,69.43289848835227,69.43401788157948,69.43429649081477,69.43805639625651,69.439362463049,69.44236940312896],"times":[5.091196060180664,5.093976974487305,5.098839044570923,5.10125207901001,5.1096251010894775,5.113671064376831,5.1174609661102295,5.122575998306274,5.127838134765625,5.133029937744141,5.138278007507324,5.142951011657715,5.147256135940552,5.1513450145721436,5.1584460735321045,5.165776968002319,5.173835039138794,5.182707071304321,5.192009925842285,5.202115058898926,5.2128729820251465,5.224575042724609,5.233444929122925,5.2430100440979,5.252397060394287,5.262634992599487,5.272719144821167,5.285676956176758,5.2994561195373535,5.308088064193726,5.319854021072388,5.332319974899292,5.344625949859619,5.3578479290008545,5.37103009223938,5.382952928543091,5.394712924957275,5.409723997116089,5.424040079116821,5.4358580112457275,5.452733039855957,5.472590923309326,5.488115072250366,5.502018928527832,5.519894123077393,5.537771940231323,5.557675123214722,5.579587936401367,5.589144945144653,5.618969917297363,5.629189968109131,5.66627311706543,5.7683799266815186,5.79049015045166,5.813266038894653,5.837398052215576,5.8630211353302,5.888514041900635,5.915457010269165,5.944390058517456,5.954631090164185,5.9900500774383545,6.000154972076416,6.04193902015686,6.052927017211914,6.0872581005096436,6.096434116363525,6.128070116043091,6.139332056045532,6.169450044631958,6.1814939975738525,6.219676971435547,6.23228907585144,6.281420946121216,6.2940239906311035,6.352258920669556,6.3656229972839355,6.430109977722168,6.443243026733398,6.550715923309326,6.565694093704224,6.62390398979187,6.63739800453186,6.688210964202881,6.70087194442749,6.715816974639893,6.730055093765259,6.746532917022705,6.760951042175293,6.7764880657196045,6.795469045639038,6.818792104721069,6.840939998626709,6.858150959014893,6.877447128295898,6.895457029342651,6.9155189990997314,6.93598198890686,6.9479241371154785,6.967643976211548,6.983331918716431,7.007358074188232,7.029786109924316,7.053005933761597,7.0722761154174805,7.093538999557495,7.110180139541626,7.131974935531616,7.155323028564453,7.170619964599609,7.195510149002075,7.220526933670044,7.232837915420532,7.261273145675659,7.276014089584351,7.30219292640686,7.320327997207642,7.348595142364502,7.367303133010864,7.387444019317627,7.411679983139038,7.435220003128052,7.4591779708862305,7.483645915985107],"env":"aloha10","ubs":[70.37293114139104,70.37293114139104,70.37293114139104,70.37293114139104,70.37293114139104,70.37293114139104,70.37293114139104,70.37293114139104,70.37293114139104,70.37293114139104,70.37293114139104,70.37293114139104,70.37293114139104,70.37293114139104,70.37293114139104,70.37293114139104,70.37293114139104,70.37293114139104,70.37293114139104,70.37293114139104,70.37293114139104,70.37293114139104,70.3437022367157,70.34071667380573,70.33438627849524,70.31106032712117,70.30941348628045,70.30941267061031,70.30800752635214,70.30563663190831,70.29831691075526,70.27675447698886,70.27674379724803,70.2736029659389,70.27285369092422,70.27187875443411,70.27141585216143,70.27028468926116,70.26863233773678,70.26738602827626,70.26616866951514,70.26119789249739,70.23207641415954,70.23203904093225,70.23147085901368,70.23023253878453,70.22973725497562,70.22939927963907,70.22883915107829,70.22781883435249,70.22696059612389,70.22658263415957,70.221611607748,70.22072560583126,70.22023237614289,70.21879010245604,70.20208934460415,70.2020810728215,70.20208106872454,70.20170139506158,70.20116493993974,70.20112351306585,70.20112349254737,70.1990154369638,70.19836607964692,70.19802643299153,70.19789967356402,70.19759907298372,70.19702744955609,70.19702734020308,70.19697036961206,70.19694270385588,70.196472440805,70.1963246722807,70.19591763808697,70.19469369654927,70.17877956623573,70.17877168406486,70.17873550180602,70.17787618320199,70.1772858160897,70.17713508277873,70.17699241207146,70.1769469885893,70.17672903132043,70.17665575044559,70.17595120130377,70.17588513233281,70.17586748245284,70.17528211045583,70.17483361670105,70.17461942477411,70.17432078638443,70.1737063816723,70.17315381148242,70.17231057479412,70.159639285069,70.15959112389109,70.15937293425483,70.15925203290263,70.15925197302093,70.15829913067748,70.15822893303735,70.15810909955118,70.15691997365144,70.15690782992824,70.15670739243086,70.15619101066233,70.15611818621956,70.15591143561142,70.15499049295285,70.1549900368156,70.15454841830245,70.15431247441347,70.15101338630723,70.13871862364297,70.13866698851551,70.13835644271822,70.13817458627952,70.13728526363224,70.13724070224706,70.13668956556822,70.13662301742795,70.13651959213071],"sim_r":null,"sim_rsigma":null,"solver":"EBIB-SARSOP","env_full":"aloha10","final_lw":69.44236940312896,"timeout":false,"runtime":7.483645915985107,"final_ub":70.13651959213071}