{"lbs":[0.5,0.5,0.5,0.5,0.5],"times":[0.004578113555908203,0.033499956130981445,0.0335080623626709,0.033509016036987305,0.03350996971130371],"env":"ABC","ubs":[0.9500000000000698,0.9500000000000698,0.6302494097246554,0.5133420832795424,0.5],"sim_r":null,"sim_rsigma":null,"solver":"SARSOP","env_full":"ABCModel","final_lw":0.5,"timeout":false,"runtime":0.03350996971130371,"final_ub":0.5}