{"lbs":[0.495,0.495,0.495,0.495,0.495,0.495,0.495],"times":[0.10471010208129883,0.10483312606811523,0.10485506057739258,0.10486817359924316,0.10486912727355957,0.1048741340637207,0.10487508773803711],"env":"ABC","ubs":[0.6598035026667847,0.6598035026667847,0.6598035026667847,0.6598035026667847,0.502996393158723,0.502996393158723,0.495],"sim_r":null,"sim_rsigma":null,"solver":"BIB-SARSOP","env_full":"ABCModel","final_lw":0.495,"timeout":false,"runtime":0.10487508773803711,"final_ub":0.495}