{"lbs":[367.1609790102596,378.77496405968986,379.3745985082893,381.31915662306363,381.92642612071637,382.5734416758994,383.15725240383665,383.730001736119,384.2315081574327,384.5858188243733,384.8717884205249,384.9993089772736,385.21482422642987,385.5151345166477,385.7030101926751,385.7763578132945,385.89997321585685,386.09458235228743,386.1969273621327,386.22160291963314,386.29135659007744,386.4087596961191,386.4956121877396,386.5515558377842,386.6421756029301,386.65911268919496,386.6967574000045,386.8123000308022,386.86888409592876,386.8798587870092,386.9457517637435,387.01577088582695,387.0596272380706,387.07189832258746,387.08780836932357,387.09757338556886,387.1184505628544,387.13708589810125,387.1518710347672,387.1987555955464,387.2243767802096,387.2778230081692,387.2931832312046,387.31112026242556,387.3716549175026,387.41258077619057,387.4287264729686,387.4609693364923,387.46562831435074,387.4884677914569,387.4918378252633,387.49871524158624,387.5018049558163,387.51304040455767,387.52042260589803,387.541894489837,387.5504852493623,387.55618666061633,387.56962113049485,387.593263195385,387.6034429152081,387.6219368227384,387.63096429944324,387.66157358563436,387.68816658725734,387.69454822298206,387.70413328603416,387.7089274396346,387.722749687264,387.7273303808978,387.7515449342949,387.7902661130999,387.8255579664508,387.83726329410706,387.839555888042,387.840219013915,387.8539734464434,387.8702798280666,387.90350495405977,387.9155357002189,387.916398354684,387.9248782450352],"times":[22.546113967895508,22.640224933624268,22.808218955993652,22.89998698234558,23.032602787017822,23.15989398956299,23.412521839141846,23.544278860092163,23.68971085548401,23.84978985786438,24.007704973220825,24.116341829299927,24.268008947372437,24.419245958328247,24.57777690887451,24.71683096885681,24.84373688697815,25.524818897247314,25.68449378013611,25.831899881362915,25.974166870117188,26.139659881591797,26.33173179626465,26.513190984725952,26.644970893859863,26.787909984588623,26.950889825820923,27.102629899978638,27.285589933395386,27.541528940200806,27.819861888885498,28.12474799156189,28.41047692298889,28.69265079498291,29.028900861740112,29.301950931549072,29.65987801551819,29.96550679206848,30.289398908615112,30.610744953155518,31.016722917556763,31.327992916107178,31.691428899765015,32.04253387451172,33.20653700828552,33.53380489349365,33.91719698905945,34.275388956069946,34.654032945632935,35.03806495666504,35.43474888801575,35.791337966918945,36.19840979576111,36.568684816360474,37.05918788909912,37.43740797042847,37.82929992675781,38.2698769569397,38.54483699798584,38.80674481391907,39.179868936538696,39.479116916656494,39.92961096763611,40.20070290565491,40.479671001434326,40.86487293243408,41.07930278778076,41.29373478889465,41.69068884849548,41.957090854644775,42.225257873535156,42.615447998046875,42.94037079811096,43.23211097717285,43.65427279472351,43.874841928482056,44.131725788116455,44.58635497093201,44.86500000953674,45.24418783187866,45.69310784339905,46.05948090553284],"env":"aloha30","ubs":[392.17232966991025,392.17232966991025,392.17232966991025,392.17232966991025,392.17232966991025,392.17232966991025,392.17232966991025,392.17232966991025,392.17232966991025,392.17232966991025,392.17232966991025,392.17232966991025,392.17232966991025,392.17232966991025,392.17232966991025,392.17232966991025,392.17232966991025,392.17232966991025,392.17232966991025,392.17232966991025,392.17232966991025,392.17232966991025,392.17232966991025,392.17232966991025,392.17232966991025,392.17232966991025,392.17232966991025,392.17232966991025,392.17232966991025,392.17232966991025,392.17232966991025,392.17232966991025,392.17232966991025,392.17232966991025,392.17232966991025,392.17232966991025,392.17232966991025,392.17232966991025,392.17232966991025,392.17232966991025,392.17232966991025,392.17232966991025,392.17232966991025,392.17232966991025,392.17232966991025,392.17232966991025,392.17232966991025,392.17232966991025,392.17232966991025,392.17232966991025,392.17232966991025,392.17232966991025,392.17232966991025,392.17232966991025,392.17232966991025,392.17232966991025,392.17232966991025,391.9310855213846,391.92109405466636,391.9210812320564,391.9174046452866,391.91374201676183,391.9132204163788,391.91143963764506,391.91041116393546,391.9084101787822,391.90661444007867,391.90549186534247,391.90430460133143,391.90368900210217,391.90341425261323,391.8930310376209,391.8925982819867,391.89210880354057,391.88832851864953,391.8808309272376,391.8800294637272,391.8798552649263,391.879611649688,391.8787367292246,391.8714488538545,391.80212881588244],"sim_r":null,"sim_rsigma":null,"solver":"BIB-SARSOP","env_full":"aloha30","final_lw":387.9248782450352,"timeout":false,"runtime":46.05948090553284,"final_ub":391.80212881588244}