{"lbs":[-99.99999999999991,-67.73861952549163,-64.36705941892,-61.082230909623505,-43.17050757275619,-38.819880276636795,-34.65505807966653,-29.825742861057684,-25.096176021909912,-18.83686847417811,-11.604786436317333,-6.609387434817862,-3.986361519684344,1.8713683568495432,7.610316181416479,11.953423573165134,15.436169259298655,18.756131952663644,22.73507125101323,26.295804166944244,31.02648385681815,35.45779826272652,38.49248695878153,40.99093781512684,45.70361217983815,47.78363167963563,49.64925742381733,54.5236189639683,55.92331843927495,58.44444827893198,60.91934323947954,63.21529186638429,65.4258997948954,67.57320433165762,69.49295811704064,71.29357293733165,75.41664469129219,76.99736485551522,78.49717250573676,79.91966945382589,81.23015093796775,84.16328369612597,85.26015661203044,86.30377832849123,87.32433143384597,88.26368277340748,89.1568485752762,90.42979645969776,91.13251845230904,92.21098283710577,93.81780554216547,94.37362936284607,94.44601432865225,95.73615705873456,96.88283142384533,98.2962185512068,99.74354074828844,100.01360577162781,100.0473538396231,100.30386787857881,100.7758948678024,101.76416347378252,102.12909105245325,103.10133408847078,103.56642505880758,103.9583252469047,104.00378700799024,104.11539707409773,104.31168904094437,104.52622880876001,104.80133714304787,104.82785207748155,104.9400163345685,104.96100055427192,104.98166897609475,105.23023020512038,105.25855649959212,105.31205468335867,105.38746475817106,105.44815859717542,105.61162165172948,105.65124693459313,105.6808710222011,105.69682910209654,105.78658414917116,105.81377122747641,105.88695078099943,105.8968566460652,105.90304174925598,105.92130119705291,105.92786465936517,105.97229526159984,105.99465292918208,105.99630900117832,106.01398715986429,106.01863328391042,106.03937915958147,106.05064844685641,106.05423613599322,106.05580993957938,106.05657543627055,106.06724012593571,106.06827633388022,106.07025163863798,106.07251496838407,106.0738490136858,106.07604456769475,106.07702491633216],"times":[3.8084471225738525,3.808911085128784,3.8097171783447266,3.8109331130981445,3.812493085861206,3.8144490718841553,3.8168411254882812,3.819488048553467,3.82253098487854,3.8257551193237305,3.8293581008911133,3.8335399627685547,3.8385980129241943,3.8434059619903564,3.848201036453247,3.8545219898223877,3.8616750240325928,3.869112014770508,3.8765649795532227,3.8837850093841553,3.8910140991210938,3.898416042327881,3.909407138824463,3.921596050262451,3.9329421520233154,3.947472095489502,3.9637770652770996,3.976634979248047,3.994758129119873,4.014497995376587,4.031341075897217,4.047274112701416,4.066225051879883,4.084158182144165,4.11932110786438,4.145668983459473,4.165552139282227,4.193871974945068,4.24452018737793,4.285559177398682,4.347007989883423,4.373281955718994,4.445470094680786,4.527090072631836,4.615544080734253,4.713409185409546,4.814049959182739,4.9186341762542725,5.029757022857666,5.142033100128174,5.168682098388672,5.2923970222473145,5.293972969055176,5.320609092712402,5.344743967056274,5.364972114562988,5.395724058151245,5.410036087036133,5.411282062530518,5.428461074829102,5.4437031745910645,5.468777179718018,5.4829301834106445,5.514089107513428,5.534805059432983,5.557135105133057,5.55964207649231,5.567928075790405,5.584803104400635,5.599514007568359,5.623042106628418,5.6256020069122314,5.6399359703063965,5.64379096031189,5.645303964614868,5.6720170974731445,5.674631118774414,5.686483144760132,5.697817087173462,5.708935976028442,5.73772406578064,5.747074127197266,5.754739046096802,5.75789999961853,5.785794019699097,5.793265104293823,5.826364994049072,5.8298680782318115,5.839854955673218,5.850996017456055,5.854046106338501,5.886536121368408,5.911157131195068,5.913997173309326,5.934476137161255,5.9386210441589355,5.9721879959106445,5.998422145843506,6.008258104324341,6.016947031021118,6.019891977310181,6.055210113525391,6.058261156082153,6.063781023025513,6.0702760219573975,6.074746131896973,6.084179162979126,6.0883519649505615],"env":"Tiger","ubs":[220.59741076627353,220.59741076627353,210.55442233991803,209.65894951072318,209.2213218671244,205.03880812455893,203.99337316258146,203.57080133820378,202.48131540537437,201.2371935051897,198.94610660290488,195.24178561919553,193.9240841434767,193.6380441846648,190.4099676072019,187.55222240475052,186.75443962470598,186.06319843343215,184.57913312954975,182.96216408076623,180.9509036799664,177.23120303174068,174.18681992123055,173.40928194730645,172.91464678269546,171.1727116191278,171.1727116191278,168.33810936658566,166.02420017384424,165.23045070729165,163.4713444449282,161.3182942150725,159.4053109285589,157.3243519599866,154.8313046323559,153.29086324485849,151.62124461095638,148.56426395516107,146.80362921113868,145.08718177091112,143.5509593134562,142.3169647810687,139.84735079280495,138.56990150479635,137.38062731608125,136.23288051392973,135.14843070210435,134.16896939417495,133.111048584204,132.44040230931557,131.3820711435088,129.7480853483171,129.18356025697187,129.18356025697187,127.90552699863554,126.63070766704655,124.98865293798198,123.10562145110518,122.60979532367907,122.60979532367907,122.37619477719679,121.65945274611678,120.26674228604176,119.64960678647557,118.01425707625336,117.09548690298936,116.24675602196439,116.18205605247249,115.89800838618879,115.45733814636546,114.9903590665183,114.12414520601968,114.09918146980246,113.7508801589753,113.66745058278099,113.60037583886647,112.81140323509723,112.70547869745968,112.47450730065978,112.22097078841803,111.96964731313614,111.1564011840787,110.94318456890096,110.77278804562079,110.74396123410853,110.12895300288048,109.96837993442495,109.45265742293114,109.36107217964245,109.32324726219332,109.136607714326,109.11061512996997,108.66113385676022,108.36645661457393,108.35240206200606,108.14024471741979,108.09213028917162,107.79991534693669,107.58779938553636,107.52165979895045,107.50232762538062,107.49091465473981,107.28127580718852,107.26761003659266,107.22583142796411,107.17520054094561,107.14571738031424,107.08923683114543],"sim_r":null,"sim_rsigma":null,"solver":"EBIB-SARSOP","env_full":"Tiger","final_lw":106.07702491633216,"timeout":false,"runtime":6.0883519649505615,"final_ub":107.08923683114543}