{"lbs":[0.018288843441564832,0.384962728384392,0.5354084325256775,0.5713874393330893,0.5921747624314876,0.5993817849750209,0.6029008496880698,0.6037324071777214,0.6060667139951122,0.6094830379191231],"times":[6.757859945297241,6.758238077163696,6.759191036224365,6.765721082687378,6.766216039657593,6.767024040222168,6.767698049545288,6.775413990020752,6.775712013244629,6.777027130126953],"env":"FrozenLake4","ubs":[0.6178871393798786,0.6178871393798786,0.6178871393798786,0.6178871393797788,0.6178871393796973,0.6173065439716247,0.6150059411513047,0.6150048794627772,0.6145223063032184,0.6145223063032184],"sim_r":null,"sim_rsigma":null,"solver":"EBIB-SARSOP","env_full":"Frozen Lake (4)","final_lw":0.6094830379191231,"timeout":false,"runtime":6.777027130126953,"final_ub":0.6145223063032184}