{"lbs":[0.5,0.5,0.5,0.5,0.5],"times":[0.004396915435791016,0.004418849945068359,0.00442194938659668,0.004422903060913086,0.004423856735229492],"env":"ABC","ubs":[0.9500000000000512,0.9500000000000512,0.6302494097246432,0.5133420832795326,0.5],"sim_r":null,"sim_rsigma":null,"solver":"BIB-SARSOP","env_full":"ABCModel","final_lw":0.5,"timeout":false,"runtime":0.004423856735229492,"final_ub":0.5}