{"lbs":[0.008857506748021169,0.2547154508528647,0.33464195607744446,0.3680614683007489,0.37751366250489937,0.38157223692624004,0.3841540291582974],"times":[275.10094118118286,275.12775802612305,275.12791299819946,275.12824416160583,275.1284279823303,275.12875509262085,275.1288831233978],"env":"FrozenLake4","ubs":[0.3861094317665351,0.3861094317665351,0.3861094317665351,0.3861094317665351,0.38610943176649265,0.38610943176648754,0.38610943176648677],"sim_r":null,"sim_rsigma":null,"solver":"WBIB-SARSOP","env_full":"Frozen Lake (4)","final_lw":0.3841540291582974,"timeout":false,"runtime":275.1288831233978,"final_ub":0.38610943176648677}