{"lbs":[-19.999999999999982,-5.713134045973245,-3.454563249705584,-1.4428855078509262,3.961888274678534,6.031781547796985,8.418361600364936,10.576876826081932,12.55401299285685,13.90980436791125,14.754706254902167,15.408330855476075,16.030339325596653,16.827123465757886,17.478269002283913,17.76212231913133,18.026697815407125,18.31784853755087,18.523226150091208,18.612450592624743,18.789841932878126,18.912919645518173,18.938796648094474,19.004029233226387,19.0627856075581,19.11171332522168,19.16534490101596,19.185526006526505,19.201125811014222,19.21667050309847,19.23020094738716,19.24283237689096,19.25550601299849,19.282324682626708,19.28712484758459,19.29608531276393,19.30206349382133,19.304660660404455,19.31227893536574,19.316716941367268,19.321954683371516,19.326158224406157,19.33543555069896,19.338145190413968,19.34443462656772,19.3508205880058,19.355664511182187,19.35594079248431,19.356783763697724,19.358548803078637,19.361529555406992,19.363549511720883,19.365075535262264,19.36709593282027,19.36808268898823,19.36876757433523,19.36906511656746,19.369597268239644,19.370014157144208],"times":[0.004073143005371094,0.004140138626098633,0.004189968109130859,0.004229068756103516,0.004503965377807617,0.004556179046630859,0.004616975784301758,0.00469207763671875,0.004777193069458008,0.004868030548095703,0.0049359798431396484,0.005030155181884766,0.005110979080200195,0.005231142044067383,0.005319118499755859,0.005393028259277344,0.005464076995849609,0.00555109977722168,0.00563812255859375,0.005689144134521484,0.005789995193481445,0.005861997604370117,0.005921125411987305,0.006019115447998047,0.006095170974731445,0.006196022033691406,0.006301164627075195,0.006364107131958008,0.006419181823730469,0.006469011306762695,0.006528139114379883,0.006571054458618164,0.006606101989746094,0.0067059993743896484,0.006757020950317383,0.006795167922973633,0.0068399906158447266,0.00687718391418457,0.006916046142578125,0.006954193115234375,0.006982088088989258,0.007009983062744141,0.007112026214599609,0.007169008255004883,0.007274150848388672,0.007884979248046875,0.00857400894165039,0.008615970611572266,0.008669137954711914,0.008710145950317383,0.008810997009277344,0.008888006210327148,0.00900411605834961,0.009855031967163086,0.010709047317504883,0.010925054550170898,0.010970115661621094,0.011523008346557617,0.011919975280761719],"env":"Tiger","ubs":[53.28451467325154,53.28451467325154,44.30652713536759,42.98610924441998,42.61040737165374,38.563366283598015,38.33775592803936,36.88732552336647,35.275960600295164,32.53346079654962,31.534169876809933,31.09663842325262,30.794977877157052,29.36038987433189,28.83590160522638,27.681960158510726,26.976225552265447,26.654778574967928,25.633605121598247,24.980522049810027,24.899106689579238,24.117276142093793,23.566594220673053,23.452132522801982,23.20775446253137,22.856054773962484,22.712252424804028,22.357035433826105,22.174511830800853,22.07155412198871,22.012332011751255,21.95273629935328,21.81410969974871,21.73497810871003,21.466358880962318,21.410176772869043,21.312052703257876,21.28672503348885,21.234170684968586,21.19273770772213,21.16150489752578,21.0729526830074,21.035367959784175,20.75279130002845,20.62854938559972,20.40590860235114,20.194594372792572,20.040712986157317,20.040712986157317,20.030806214322105,20.020954684289862,19.90315777185306,19.852310740273793,19.797745063900546,19.6836893250712,19.62524949823461,19.601129158861948,19.584478623767534,19.54147740145131],"sim_r":null,"sim_rsigma":null,"solver":"BIB-SARSOP","env_full":"Tiger","final_lw":19.370014157144208,"timeout":false,"runtime":0.011919975280761719,"final_ub":19.54147740145131}