{"lbs":[0.008857506748021169,0.2547154508528647,0.31108465916001665,0.35881212692931364,0.36062156888096536,0.36821008825911433,0.374828421133826,0.3759326000769253,0.38081441945581057,0.38081441945581057,0.38229678412090295,0.38229678412090295,0.38229678412090295,0.38229678412090295,0.38229678412090295,0.38467230879927733,0.38467230879927733,0.38496644013357717,0.3855433701307945,0.3855433701307945,0.3855433701307945,0.3855433701307945,0.3861030190156812,0.3861030190156812,0.38613954817123497],"times":[0.09802818298339844,0.12506508827209473,0.12522602081298828,0.12542104721069336,0.12550115585327148,0.1256701946258545,0.12584209442138672,0.12592601776123047,0.12597417831420898,0.1260972023010254,0.12632298469543457,0.12638306617736816,0.12649011611938477,0.12671303749084473,0.12677407264709473,0.12706804275512695,0.12709903717041016,0.12732696533203125,0.12758302688598633,0.12771105766296387,0.12802410125732422,0.1281449794769287,0.12844204902648926,0.12848401069641113,0.12861919403076172],"env":"FrozenLake4","ubs":[0.4353366579607934,0.4353366579607934,0.4279213025381508,0.417338262790359,0.4058560015843497,0.4040698250627537,0.4032121193515565,0.4031347114111209,0.40312711737712464,0.39854773068056537,0.3975001838000619,0.3975001838000619,0.39611959614286724,0.3960628991844313,0.39562988632366225,0.39484699448670935,0.3928948149801134,0.3914641988768753,0.3904779991148806,0.390419992627161,0.39016953927926856,0.3901469358646213,0.39014484342679057,0.39011333235717754,0.389746977124813],"sim_r":null,"sim_rsigma":null,"solver":"SARSOP","env_full":"Frozen Lake (4)","final_lw":0.38613954817123497,"timeout":false,"runtime":0.12861919403076172,"final_ub":0.389746977124813}