{"lbs":[0.018288843441564832,0.384962728384392,0.5354084325256775,0.5713874393330893,0.5921747624314876,0.5993817849750209,0.6029008496880698,0.6037324071777214,0.6060667139951122,0.6094830379191231],"times":[2029.5339329242706,2029.561583995819,2029.5624527931213,2029.5682578086853,2029.568687915802,2029.5693938732147,2029.569995880127,2029.5768349170685,2029.5770947933197,2029.5782558918],"env":"FrozenLake4","ubs":[0.6178534714414967,0.6178534714414967,0.6178534714414967,0.6178534714413971,0.6178534714413153,0.6172815995826433,0.6149839285000193,0.614972740880822,0.6144979891891764,0.6144979891891764],"sim_r":null,"sim_rsigma":null,"solver":"WBIB-SARSOP","env_full":"Frozen Lake (4)","final_lw":0.6094830379191231,"timeout":false,"runtime":2029.5782558918,"final_ub":0.6144979891891764}