{"lbs":[-19.999999999999982,-17.418849999999985,-13.470250647262851,-10.760036135431001,-7.88141939005313,-6.686603780875133,-4.564447247279086,-2.010576832930682,0.061623230664093864,1.8685322743979422,3.3784760671399354,4.819452722968034,6.101453369132745,7.284426181001722,7.568067595600835,8.478537003094758,9.511239445549124,10.651907974847406,11.461825668905005,12.147048675817086,12.319092647351791,12.87134194792552,13.483693521604705,13.989643817228462,14.475479929736434,14.906352546684936,15.304608346524443,15.799867978678428,16.124597923116106,16.409232395562398,16.67396524411261,16.912632898078193,17.131330684329125,17.222811130041297,17.401780434107465,17.627369537850008,17.77985466273805,17.938674477096328,18.093905908780734,18.184245308446418,18.32871513667893,18.41166396281808,18.501462240090888,18.568987808248355,18.653494299684873,18.680954045391072,18.718608274519713,18.800137467312688,18.81363024827128,18.85638760084041,18.907650569957074,18.928383933000724,18.92840840115868,18.964979796302394,19.00237659355642,19.046924791344534,19.083199964127083,19.10840343679819,19.119156677501906,19.14031566231688,19.15414670785733,19.180904059990095,19.20130332541691,19.21829415445599,19.22454516143285,19.236771308560883,19.245305530040678,19.26262595344457,19.2731675094917,19.284522054191502,19.29420199546969,19.30301557274729,19.310730463607406,19.3161518587278,19.32036296913126,19.32668393202345,19.33153647746122,19.335251004801158,19.33850063523061,19.342483933864095,19.345611214077763,19.34859424390772,19.35114580619085,19.353451117684944,19.355030715163323,19.356342040065222,19.358144658914764,19.35958273581779,19.360686915904196,19.361630942039035,19.362818073050164],"times":[0.23153400421142578,0.2548398971557617,0.2548658847808838,0.2548859119415283,0.25490498542785645,0.2551898956298828,0.2552158832550049,0.2552649974822998,0.2553060054779053,0.25534796714782715,0.25539183616638184,0.25540900230407715,0.25542497634887695,0.2554638385772705,0.2554810047149658,0.2555549144744873,0.25562095642089844,0.2572038173675537,0.25753092765808105,0.2575669288635254,0.2576429843902588,0.2579059600830078,0.2580299377441406,0.2580878734588623,0.258145809173584,0.2582228183746338,0.2582988739013672,0.2589888572692871,0.25902581214904785,0.2591099739074707,0.25919294357299805,0.2592508792877197,0.2593348026275635,0.26023292541503906,0.26033997535705566,0.2607419490814209,0.2607998847961426,0.2608799934387207,0.260969877243042,0.2619049549102783,0.26299381256103516,0.2630598545074463,0.26317691802978516,0.2632589340209961,0.2633788585662842,0.26391100883483887,0.2640249729156494,0.26424288749694824,0.265516996383667,0.26561880111694336,0.2657148838043213,0.26711201667785645,0.26869678497314453,0.2689239978790283,0.26907992362976074,0.2697789669036865,0.26993489265441895,0.2700638771057129,0.2718498706817627,0.27200889587402344,0.27397799491882324,0.2761058807373047,0.2763659954071045,0.2765498161315918,0.2773778438568115,0.27749085426330566,0.2776679992675781,0.2797389030456543,0.28008389472961426,0.28216099739074707,0.2825009822845459,0.28352880477905273,0.28391385078430176,0.28406286239624023,0.2842259407043457,0.2863898277282715,0.2874178886413574,0.2875819206237793,0.28784990310668945,0.28882884979248047,0.289287805557251,0.2902798652648926,0.29076695442199707,0.29175591468811035,0.29187679290771484,0.2929549217224121,0.293942928314209,0.29445481300354004,0.2945699691772461,0.29553985595703125,0.29607701301574707],"env":"Tiger","ubs":[51.126590139006055,51.126590139006055,45.524887638609144,44.25479434314728,43.87732942448529,43.687746960233824,40.10056994571599,39.620029969262404,39.3488593733576,39.18715931842725,39.168186522069,39.15734998520816,37.72671761890784,36.50284129324687,36.01449377809189,36.01449377809189,35.817470321009004,35.77375340436389,34.44042772585763,33.75087589689309,33.257235006860355,33.257235006860355,32.46302330026877,32.24883570474164,32.19966998926685,32.18641847380815,31.79999971685755,31.397234593964512,30.1097592276428,29.482589169659917,29.330092965920212,29.240377743766622,28.574181856486412,28.40470901693405,27.765246235880497,27.765246235880497,27.02060653087841,26.434964033980805,26.29035713366808,25.990284859262914,25.836095442722584,24.811002688039917,24.506845346764102,24.47184634170017,24.248795984449863,24.184103561826134,23.846657302822575,23.846657302822575,23.505149541813807,23.272926747898424,23.272926747898424,23.2691132789067,22.616251681912033,22.616251681912033,22.616251681912033,22.61023617145319,22.21992892044313,21.98731799743183,21.94431803516629,21.710150810008663,21.710150810008663,21.620984846688373,21.28301758316128,21.124606024679757,21.122074847551154,20.920761223937422,20.920761223937422,20.862400292630937,20.616180691390294,20.48822591393845,20.368875410730624,20.264190088321076,20.169679331265336,20.085508115481552,20.085504926135513,20.04724231681104,19.94950184552585,19.89911579740317,19.89911579740317,19.83787679619836,19.790399299146927,19.74544736150753,19.706244137880702,19.670774890734833,19.63921341977156,19.63921341977156,19.619048286559188,19.589627760486866,19.56790668075008,19.56790667935903,19.545933478846276],"sim_r":null,"sim_rsigma":null,"solver":"CTIB-SARSOP","env_full":"Tiger","final_lw":19.362818073050164,"timeout":false,"runtime":0.29607701301574707,"final_ub":19.545933478846276}