{"lbs":[0.5,0.5,0.5,0.5,0.5],"times":[0.0055429935455322266,0.032305002212524414,0.03231096267700195,0.03231191635131836,0.032312870025634766],"env":"ABC","ubs":[0.9500000000000698,0.9500000000000698,0.6302494097246554,0.5133420832795424,0.5],"sim_r":null,"sim_rsigma":null,"solver":"SARSOP","env_full":"ABCModel","final_lw":0.5,"timeout":false,"runtime":0.032312870025634766,"final_ub":0.5}