{"lbs":[0.495,0.495,0.495,0.495,0.495,0.495,0.495,0.495],"times":[0.0713338851928711,0.10602188110351562,0.10609006881713867,0.10613203048706055,0.10613894462585449,0.10614705085754395,0.10615396499633789,0.1061561107635498],"env":"ABC","ubs":[0.9942312139587186,0.9942312139587186,0.9942312139587186,0.9942312139587186,0.5278428624696746,0.5173387895065281,0.5019733101193947,0.495],"sim_r":null,"sim_rsigma":null,"solver":"SARSOP","env_full":"ABCModel","final_lw":0.495,"timeout":false,"runtime":0.1061561107635498,"final_ub":0.495}