{"lbs":[0.0],"times":[4678.35536813736],"env":"fourth","ubs":[0.08671015037161987],"sim_r":null,"sim_rsigma":null,"solver":"EBIB-SARSOP","env_full":"fourth","final_lw":0.0,"timeout":true,"runtime":4678.35536813736,"final_ub":0.08671015037161987}