{"lbs":[-19.999999999999982,-5.713134045973245,-3.454563249705584,-1.4428855078509262,4.991042463560925,7.651771114919358,9.694251651146883,12.575816981564898,13.631553787648969,14.996929778920233,16.28376255940813,16.79010931578134,17.34060647405157,17.504440104218855,17.85224775223087,18.11599921179608,18.166016431283396,18.20212140097112,18.494257880038553,18.57082462530188,18.706940733864112,18.80621667754916,18.994337403590244,19.01067998124674,19.07985871400646,19.126719694817787,19.143744694257684,19.206682403582697,19.224284447584992,19.26868622080564,19.29163956830309,19.315162292986123,19.32614072438337,19.330801061013062,19.339202041478604,19.34587494477219,19.35083638453007,19.35294078470229,19.35718831218999,19.360525305969375,19.363082161425467,19.365036486778436,19.3665299089242],"times":[0.006042003631591797,0.006328105926513672,0.006387948989868164,0.006443977355957031,0.006901979446411133,0.007032155990600586,0.007118940353393555,0.007219076156616211,0.007306098937988281,0.007399082183837891,0.0074880123138427734,0.007559061050415039,0.007665157318115234,0.007753133773803711,0.0078029632568359375,0.007866144180297852,0.007910966873168945,0.007929086685180664,0.008064031600952148,0.008111953735351562,0.008166074752807617,0.008234977722167969,0.008871078491210938,0.00890803337097168,0.009042024612426758,0.009135007858276367,0.009183168411254883,0.009283065795898438,0.009372949600219727,0.009531974792480469,0.009619951248168945,0.009715080261230469,0.010535001754760742,0.010607004165649414,0.011574029922485352,0.01168203353881836,0.011818170547485352,0.011858940124511719,0.012885093688964844,0.013303995132446289,0.013705968856811523,0.014152050018310547,0.014564037322998047],"env":"Tiger","ubs":[45.06961860347886,45.06961860347886,36.168926153190554,36.168926153190554,36.06359072054677,32.55972870669453,31.340309317749657,31.099449747119227,30.362293597281504,29.044069590646874,28.526409348841142,27.428884699798985,26.636601989804287,25.986723923273225,25.410593314200987,25.283157356817313,24.510978730823247,24.381425601077613,24.381425601077613,23.6134200136486,23.413890026627186,23.160620183340527,22.864538694965624,22.060623005012133,21.8781969910672,21.556991076780918,21.23652238167829,21.164154032842667,20.84628055702452,20.693931305963282,20.45315061904597,20.335954694667734,20.15606053165822,20.01504748416825,19.970011838725334,19.844678711881144,19.799221238483447,19.75118652295143,19.728861145538897,19.656116458568135,19.603282716822303,19.559985786736952,19.524722919627784],"sim_r":null,"sim_rsigma":null,"solver":"EBIB-SARSOP","env_full":"Tiger","final_lw":19.3665299089242,"timeout":false,"runtime":0.014564037322998047,"final_ub":19.524722919627784}