{"lbs":[9.605960099999999],"times":[3600.372111082077],"env":"RockSample5","ubs":[23.477955408233807],"sim_r":null,"sim_rsigma":null,"solver":"WBIB-SARSOP","env_full":"RockSample ()","final_lw":9.605960099999999,"timeout":true,"runtime":3600.372111082077,"final_ub":23.477955408233807}