{"lbs":[-19.999999999999982,-17.418849999999985,-13.544783164796861,-9.939097343628244,-7.072950175056036,-3.7410388198249915,-1.2460193953936274,0.5592337269472434,2.4351539867260756,4.317033166878336,5.735734275008277,6.3599035393900945,8.018548218895681,9.116587806986804,10.419534218120782,11.218568204228106,11.409761072006692,12.02347701080731,12.720295421358411,13.289645192716726,13.435341582698818,13.903016960952312,14.41683961541493,14.991487547033259,15.397550707461024,15.704897816435729,16.107134889487753,16.25012806255959,16.41794118188858,16.733835946430247,16.88686532520605,17.161938240974088,17.254708935926363,17.409948940551153,17.599683965973647,17.79920969996654,17.956462343307038,18.098273716489842,18.218224961906046,18.3528439552973,18.446617114078133,18.55791782029172,18.650582009039447,18.71339747623779,18.77916679585657,18.82969545009918,18.896702128881582,18.947551172707875,18.996755682065817,19.038658266026477,19.068773486029777,19.095983641341128,19.125875795593423,19.14710639309343,19.1735967711276,19.195382568716695,19.2116320385145,19.225672866001204,19.24345078181657,19.257309343398873,19.268062924660946,19.272261812973376,19.280678496039627,19.291045241684007,19.300049285885272,19.308171335797145,19.315315054865934,19.32167613021236,19.327304026541096,19.332299706133128,19.33672665265903,19.340653051803848,19.344133928225947,19.34722055224592],"times":[0.004766941070556641,0.0281980037689209,0.028218984603881836,0.028253793716430664,0.028270959854125977,0.028572797775268555,0.028628826141357422,0.028668880462646484,0.02870798110961914,0.029163837432861328,0.029258012771606445,0.02929997444152832,0.029350996017456055,0.029401779174804688,0.030002832412719727,0.030054807662963867,0.03008294105529785,0.03013896942138672,0.030208826065063477,0.030308961868286133,0.03033590316772461,0.030426979064941406,0.030501842498779297,0.03127694129943848,0.03136587142944336,0.0314328670501709,0.03150486946105957,0.03253483772277832,0.03300881385803223,0.033104896545410156,0.03318190574645996,0.03329300880432129,0.03443479537963867,0.03453683853149414,0.034654855728149414,0.03476595878601074,0.0348508358001709,0.034973859786987305,0.03508877754211426,0.035199880599975586,0.03530383110046387,0.03543496131896973,0.03596091270446777,0.03604578971862793,0.036148786544799805,0.037396907806396484,0.038675785064697266,0.03931879997253418,0.04066300392150879,0.041313886642456055,0.0414128303527832,0.04304981231689453,0.043196916580200195,0.04485678672790527,0.045056819915771484,0.04582786560058594,0.04593491554260254,0.04672098159790039,0.04750490188598633,0.04823780059814453,0.04835391044616699,0.05034685134887695,0.051219940185546875,0.05203700065612793,0.052832841873168945,0.05365395545959473,0.05443978309631348,0.05525088310241699,0.056030988693237305,0.05686688423156738,0.0576629638671875,0.058487892150878906,0.059274911880493164,0.060063838958740234],"env":"Tiger","ubs":[42.79702018346543,42.79702018346543,38.004368984516844,36.876588312204376,36.06872704647969,35.84599514822217,33.33881747436955,33.15963545316907,33.13901720196705,32.67496221187368,31.46751195000251,31.275474774235725,30.378462369602218,29.965452369146043,29.70098325885759,28.74253117178386,27.827792142285894,27.827792142285894,27.722534265585352,27.47465350733242,27.15836953501956,27.15836953501956,27.1069573972859,26.76277399758034,25.95223752537317,25.95223752537317,25.64839706834116,25.416923634801734,25.010420271934354,24.5147979565714,24.5147979565714,24.42058208803261,24.352710145508766,23.652011846618826,23.652011846618826,23.615513798965075,23.31473306703346,22.905120406716847,22.832750925674414,22.79115278338806,22.481852198120365,22.46808812880289,22.067319980593588,21.808361880009798,21.617802240318355,21.56974299203275,21.3428560115702,21.105364325877446,20.934153219163576,20.764389350067596,20.61925667437195,20.61925667437195,20.47718798875352,20.47718798875352,20.411294398984413,20.288343265096472,20.196004556335232,20.196004556335232,20.10473211598123,20.029011657764364,19.95889779774418,19.95889779774418,19.910177429447486,19.86095491715981,19.806178494670526,19.761522571667804,19.719830714895817,19.68324650662388,19.650239538865016,19.620832105642425,19.594482826696087,19.57093396713784,19.549863612260346,19.531020707213564],"sim_r":null,"sim_rsigma":null,"solver":"ETIB-SARSOP","env_full":"Tiger","final_lw":19.34722055224592,"timeout":false,"runtime":0.060063838958740234,"final_ub":19.531020707213564}