{"lbs":[0.008857506748021169,0.2547154508528647,0.31108465916001665,0.35881212692931364,0.36062156888096536,0.36821008825911433,0.374828421133826,0.3759326000769253,0.38081441945581057,0.38081441945581057,0.38229678412090295,0.38229678412090295,0.38229678412090295,0.38229678412090295,0.38229678412090295,0.38467230879927733,0.38467230879927733,0.38496644013357717,0.3855433701307945,0.3855433701307945,0.3855433701307945,0.3855433701307945,0.3861030190156812,0.3861030190156812,0.38613954817123497],"times":[0.10680818557739258,0.1349201202392578,0.13509321212768555,0.13532400131225586,0.13543009757995605,0.13563799858093262,0.13586211204528809,0.13596200942993164,0.13602519035339355,0.1361680030822754,0.1364459991455078,0.13652420043945312,0.13665103912353516,0.13692307472229004,0.1369950771331787,0.13734102249145508,0.13737916946411133,0.13765311241149902,0.13794422149658203,0.13809919357299805,0.13845515251159668,0.13859105110168457,0.13892412185668945,0.13897418975830078,0.13911199569702148],"env":"FrozenLake4","ubs":[0.4353366579608336,0.4353366579608336,0.42792130253819116,0.4173382627903971,0.4058560015843881,0.40406982506279193,0.4032121193515945,0.40313471141115886,0.4031271173771599,0.3985477306806039,0.3975001838000925,0.3975001838000925,0.3961195961429049,0.3960628991844675,0.3956298863236942,0.3948469944867454,0.3928948149801516,0.39146419887690065,0.3904779991149054,0.3904199926271856,0.39016953927929565,0.39014693586464866,0.3901448434268177,0.3901133323572159,0.38974697712483697],"sim_r":null,"sim_rsigma":null,"solver":"SARSOP","env_full":"Frozen Lake (4)","final_lw":0.38613954817123497,"timeout":false,"runtime":0.13911199569702148,"final_ub":0.38974697712483697}