{"lbs":[0.008857506748021169,0.2547154508528647,0.33464195607744446,0.3680614683007489,0.37751366250489937,0.38157223692624004,0.3841540291582974],"times":[0.2558870315551758,0.25619006156921387,0.2563798427581787,0.2568190097808838,0.25707101821899414,0.25751495361328125,0.25769996643066406],"env":"FrozenLake4","ubs":[0.38625972392667707,0.38625972392667707,0.38625972392667707,0.38625972392667707,0.3862572135175204,0.38625695748819816,0.3862569144409571],"sim_r":null,"sim_rsigma":null,"solver":"EBIB-SARSOP","env_full":"Frozen Lake (4)","final_lw":0.3841540291582974,"timeout":false,"runtime":0.25769996643066406,"final_ub":0.3862569144409571}