{"lbs":[-19.999999999999982,-8.006233762554974,-5.632441144646656,-3.3852612129424022,4.139372539505089,6.029114345754689,8.181873733250184,10.12925624615982,11.74913531839086,13.672724636346942,14.490290161536997,15.266675384553288,16.081988204533722,16.71520907373786,17.018107339370573,17.483958754444572,17.751020735583637,18.005372681887295,18.11587357989441,18.232485589636813,18.33115273419786,18.42467881181766,18.566458983931355,18.81191793865562,18.921706059113674,19.036002559607795,19.064936346253738,19.124942904167682,19.162337782868164,19.184825189425695,19.21566620773561,19.222682983043438,19.23912995839441,19.270353974167705,19.274462325453797,19.29428402325765,19.319021408449935,19.323003003367543,19.332109360905804,19.338745106383634,19.342880369359165,19.34937407082026,19.349962105173333,19.356543668146365,19.357742414642544,19.358263199194166,19.35975527513048,19.361963532756945,19.36251893332297,19.36276022206556,19.3637840812162,19.365608163239493,19.366431227778417,19.367233921569557,19.368185923402773,19.36893477568708,19.369508626201885,19.369947252422634,19.370282434523876],"times":[0.004934072494506836,0.005248069763183594,0.005342960357666016,0.005443096160888672,0.006128072738647461,0.006251096725463867,0.006387948989868164,0.006575107574462891,0.006710052490234375,0.006894111633300781,0.00704193115234375,0.00722503662109375,0.00745391845703125,0.007594108581542969,0.007678985595703125,0.00787496566772461,0.008073091506958008,0.008285045623779297,0.008383989334106445,0.008485078811645508,0.00859689712524414,0.008709907531738281,0.008852005004882812,0.009048938751220703,0.009289026260375977,0.009479999542236328,0.009577035903930664,0.00982809066772461,0.009974002838134766,0.010077953338623047,0.010307073593139648,0.010410070419311523,0.010502099990844727,0.010653018951416016,0.010741949081420898,0.010931968688964844,0.01222991943359375,0.012336969375610352,0.01253199577331543,0.01277303695678711,0.01297903060913086,0.01441192626953125,0.014558076858520508,0.016309022903442383,0.016451120376586914,0.01656794548034668,0.016710996627807617,0.01695704460144043,0.017050981521606445,0.017121076583862305,0.01722407341003418,0.017503976821899414,0.017661094665527344,0.017776966094970703,0.019237041473388672,0.019897937774658203,0.020615100860595703,0.021332979202270508,0.022047996520996094],"env":"Tiger","ubs":[51.15499778195801,51.15499778195801,42.71925846521041,42.5709325862918,42.55386491281199,38.88895566438599,37.34350983432813,36.343505757354194,35.02409484462595,34.255414624285024,31.781479027516305,30.500341039867532,30.27034984937213,28.969082230379872,28.195704537960232,27.71436647471016,26.70189676210666,26.180726960990665,25.68871621995697,25.628875031043524,25.406046548578622,25.248314946498304,25.14602510214144,24.735790606424473,24.110880454758565,23.560945490169864,23.116006119880694,22.865800709121572,22.497779133441984,22.231932942718135,22.14942512154554,21.992235322362397,21.865179542939124,21.719324101975293,21.358344044824815,21.308796133274875,21.13979741778957,20.65019969299648,20.65019969299648,20.598755721522476,20.5053715275654,20.413682850916373,20.193075051038413,20.193075051038413,19.999720354126474,19.999720354126474,19.98613095882485,19.97795146263286,19.894598097896306,19.873250179675196,19.868076283592494,19.86139243511181,19.799855719257835,19.78296030646771,19.754669140616077,19.68008733289092,19.621924864335554,19.574978947678282,19.536881791249193],"sim_r":null,"sim_rsigma":null,"solver":"BIB-SARSOP","env_full":"Tiger","final_lw":19.370282434523876,"timeout":false,"runtime":0.022047996520996094,"final_ub":19.536881791249193}