{"lbs":[0.008857506748021169,0.2547154508528647,0.33464195607744446,0.3680614683007489,0.37751366250489937,0.38157223692624004,0.3841540291582974],"times":[40.55472183227539,40.58153986930847,40.58169388771057,40.60815382003784,40.60834097862244,40.60865092277527,40.609513998031616],"env":"FrozenLake4","ubs":[0.3861145883881448,0.3861145883881448,0.3861145883881448,0.3861145883881448,0.38611111836999984,0.3861107453617811,0.386110685859645],"sim_r":null,"sim_rsigma":null,"solver":"WBIB-SARSOP","env_full":"Frozen Lake (4)","final_lw":0.3841540291582974,"timeout":false,"runtime":40.609513998031616,"final_ub":0.386110685859645}