{"env_full":"Frozen Lake (4)","timeout":false,"ubs":[0.6178871393798786,0.6178871393798786,0.6178871393798786,0.6178871393797788,0.6178871393796973,0.6173065439716247,0.6150059411513047,0.6150048794627772,0.6145223063032184,0.6145223063032184],"runtime":9.506161212921143,"solver":"EBIB-SARSOP","final_ub":0.6145223063032184,"lbs":[0.018288843441564832,0.384962728384392,0.5354084325256775,0.5713874393330893,0.5921747624314876,0.5993817849750209,0.6029008496880698,0.6037324071777214,0.6060667139951122,0.6094830379191231],"env":"FrozenLake4","times":[9.486963033676147,9.487317085266113,9.488270998001099,9.494818210601807,9.495309114456177,9.49612307548523,9.496808052062988,9.504549026489258,9.504844188690186,9.506161212921143],"final_lw":0.6094830379191231}