{"env_full":"Frozen Lake (10)","timeout":false,"ubs":[0.5035500456868407,0.5035500456868407,0.5035500456868407,0.5035500456868407,0.5034012315095867,0.5000908147414481,0.500073696729345,0.5000736474086975,0.5000736128534189,0.5000695796059351,0.49970590997130315,0.49962017499768063,0.4994788078588279,0.4991426062606559,0.49914246481222047,0.49903303916151964,0.498925211774499,0.4988939879373743,0.49888687548886546,0.498851435767946,0.49880501247324516,0.4987385980200686,0.49871639363215214,0.49865150489711063,0.49865149395789143,0.4985315654611989,0.49852113015742894,0.4985211207268935,0.4983667857968679,0.49832523863484146,0.4982857391253187,0.4981869176641657,0.49801076079228135,0.4971160138926902,0.4970088030359805,0.4969917833522275,0.4968153175683492,0.4959744298241844,0.49588076896496025,0.49585381950368457,0.4958326089237991,0.49419865437236765,0.49401551759122336,0.4933963764755228,0.49339549811813044,0.49286325888563604,0.4928485353197992,0.49273512473004727,0.4926871928646393,0.4926829419011964,0.49240020468802553,0.4923463237787488,0.492249517791942,0.49204725103343416,0.4918977716649659,0.49181167042354174,0.49178702698076376,0.49176231692158473,0.4917557946558074,0.4914970127919072,0.49149700477422253,0.4914892019470471,0.49146677256096094,0.4912029006657447,0.49116539121690966,0.4909563220424979,0.4908843360525512],"runtime":5.515442132949829,"solver":"BIB-SARSOP","final_ub":0.4908843360525512,"lbs":[0.0,0.20594228935325398,0.3143807856487014,0.3711963307448778,0.3835491690321774,0.3916682373647364,0.4005040750537478,0.4035677688235112,0.4037067054724873,0.4037067054724873,0.4037067054724873,0.4048727855449246,0.40523761804385466,0.41101471406684204,0.41182559596963697,0.41182559596963697,0.41182559596963697,0.41366167103809715,0.41644717921588953,0.4229164479602332,0.4262023842571365,0.4334239742776216,0.4427838639226854,0.4450560319898632,0.44600359924465566,0.4463218868549844,0.4518796502161467,0.45363967722227133,0.4565738703250407,0.4565738703250407,0.4586552574412116,0.4598495316211761,0.4598495316211761,0.462263715233189,0.4671546596585564,0.46896387434031284,0.4701343514047359,0.47073431006623684,0.47144150223229825,0.4729958119887534,0.4749569777864509,0.47691435041735725,0.47691435041735725,0.47691435041735725,0.4789111665015157,0.4789111665015157,0.47925642196543966,0.47925642196543966,0.4800387260824019,0.4802316195336977,0.4806923847821361,0.4806923847821361,0.4813536544500687,0.4828227716966478,0.48312048310209743,0.48321608747382666,0.4833718200177127,0.48366700995078565,0.48371692878297623,0.4837375360626536,0.4837752868926065,0.4843379728690717,0.48470501694181706,0.48470501694181706,0.4854992141505063,0.4860123336567147,0.4861257652585268],"env":"FrozenLake10","times":[4.287516117095947,4.3110620975494385,4.3151209354400635,4.320275068283081,4.327323913574219,4.333414077758789,4.341776132583618,4.351362943649292,4.364911079406738,4.37753701210022,4.391452074050903,4.40716290473938,4.409992933273315,4.424142122268677,4.427657127380371,4.431634902954102,4.4435179233551025,4.506474018096924,4.5241639614105225,4.531301975250244,4.5449419021606445,4.550523996353149,4.576957941055298,4.588058948516846,4.609148979187012,4.615839004516602,4.630572080612183,4.650169134140015,4.661129951477051,4.670275926589966,4.678215026855469,4.713133096694946,4.7237749099731445,4.731251955032349,4.753952980041504,4.772646903991699,4.7796311378479,4.801538944244385,4.815112113952637,4.843112945556641,4.854420900344849,4.8695549964904785,4.884247064590454,4.9150550365448,4.926031112670898,4.935729026794434,4.945044994354248,4.955506086349487,4.9696269035339355,5.008086919784546,5.017736911773682,5.162419080734253,5.1642279624938965,5.176022052764893,5.194103002548218,5.2408599853515625,5.262129068374634,5.267981052398682,5.286624908447266,5.317893981933594,5.3804850578308105,5.3921849727630615,5.406100034713745,5.416688919067383,5.437036991119385,5.4541261196136475,5.515442132949829],"final_lw":0.4861257652585268}