{"lbs":[0.008857506748021169,0.2547154508528647,0.33464195607744446,0.3680614683007489,0.37751366250489937,0.38157223692624004,0.3841540291582974],"times":[0.8217940330505371,0.8220629692077637,0.8222060203552246,0.8225340843200684,0.8227279186248779,0.8230569362640381,0.8231971263885498],"env":"FrozenLake4","ubs":[0.38625977297362724,0.38625977297362724,0.38625977297362724,0.38625977297362724,0.3862572585041817,0.3862570024626038,0.386256959345739],"sim_r":null,"sim_rsigma":null,"solver":"BIB-SARSOP","env_full":"Frozen Lake (4)","final_lw":0.3841540291582974,"timeout":false,"runtime":0.8231971263885498,"final_ub":0.386256959345739}