{"lbs":[-19.999999999999982,-5.632441144646656,-3.3852612129424022,-1.377721566326951,4.846083797906023,7.1833269680023975,9.034539725584331,10.93030168270802,12.750019184503032,13.675708724203055,14.686396573133162,15.816659865091712,16.1690820058259,16.82172199498376,17.3108450866433,17.37586011442448,17.587804014912933,17.88466887965685,18.10825915751561,18.303626073222915,18.52046762256138,18.665969042985935,18.80089026204559,18.86681449544407,18.928482159770248,19.01400629512443,19.05522457235027,19.10819944099328,19.150694842838764,19.181952744548035,19.19553245667089,19.25044927779064,19.273653382696246,19.283734195785286,19.31117805229558,19.315924015737977,19.328701780269263,19.33716174271641,19.34389944365117,19.350353740929563,19.35530837489665,19.359096112976367,19.36199061155721],"times":[0.007285118103027344,0.007637977600097656,0.007729053497314453,0.007821083068847656,0.007997989654541016,0.00807809829711914,0.008175134658813477,0.00829315185546875,0.008423089981079102,0.008527040481567383,0.008636951446533203,0.008790016174316406,0.008868932723999023,0.008962154388427734,0.009137153625488281,0.009164094924926758,0.009215116500854492,0.009331941604614258,0.009428977966308594,0.009526968002319336,0.009647130966186523,0.009717941284179688,0.009840011596679688,0.009932994842529297,0.010008096694946289,0.010123014450073242,0.010197162628173828,0.010276079177856445,0.010421037673950195,0.010496139526367188,0.010566949844360352,0.011593103408813477,0.011705160140991211,0.011749982833862305,0.012961149215698242,0.013025045394897461,0.013196945190429688,0.013306140899658203,0.013457059860229492,0.013721942901611328,0.013997077941894531,0.014268159866333008,0.014580965042114258],"env":"Tiger","ubs":[42.802575114651944,42.802575114651944,35.30119514295953,35.30119514295953,35.21035883309395,32.22791595606127,31.355173998390214,30.55365167854191,29.405131076550163,27.896537141216818,27.667764278235445,27.254886987075558,26.027009558209134,25.23340351235583,24.577601753468045,23.976716827658834,23.976716827658834,23.886682206160195,23.436129905476854,23.132672333571627,22.937274536431357,22.532808985070286,22.313474236623428,21.807661845024306,21.528380468048155,21.317948884011173,21.031728429926183,20.875484439449913,20.735822336486994,20.601193932886996,20.46677774879187,20.42956851909203,20.148939318167805,20.071272987581345,20.069497665749655,19.88614542899068,19.88614542899068,19.8386053814001,19.788024372074922,19.718978424275143,19.648439354386092,19.596797967067864,19.55467523659227],"sim_r":null,"sim_rsigma":null,"solver":"EBIB-SARSOP","env_full":"Tiger","final_lw":19.36199061155721,"timeout":false,"runtime":0.014580965042114258,"final_ub":19.55467523659227}