{"lbs":[0.008857506748021169,0.2547154508528647,0.33464195607744446,0.3680614683007489,0.37751366250489937,0.38157223692624004,0.3841540291582974],"times":[10.39797306060791,10.426567077636719,10.426723003387451,10.42706298828125,10.427279949188232,10.42762017250061,10.427759170532227],"env":"FrozenLake4","ubs":[0.3862597239138329,0.3862597239138329,0.3862597239138329,0.3862597239138329,0.3862572135137407,0.38625695748520256,0.38625691443811705],"sim_r":null,"sim_rsigma":null,"solver":"EBIB-SARSOP","env_full":"Frozen Lake (4)","final_lw":0.3841540291582974,"timeout":false,"runtime":10.427759170532227,"final_ub":0.38625691443811705}