{"lbs":[0.008857506748021169,0.014622631295219356,0.10562083793382987,0.11756477370000418,0.2511776714152486,0.27878285057899765,0.27878285057899765,0.27878285057899765,0.27878285057899765,0.3102503570419491,0.3102503570419491,0.3102503570419491,0.3157629302456317,0.35114037404962206,0.3561672281639744,0.35662090174779476,0.3566618457887345,0.36360037232713804,0.36360037232713804,0.36360037232713804,0.36360037232713804,0.36360037232713804,0.36360037232713804,0.3767044662610452,0.37931508676278075,0.37931508676278075,0.37931508676278075,0.38135341003004936,0.38171030677235634,0.38171030677235634,0.38171030677235634,0.38171030677235634,0.38171030677235634,0.38171030677235634,0.3817483410765616,0.3817483410765616,0.3817483410765616,0.3817483410765616,0.3817483410765616,0.3817483410765616,0.3817483410765616,0.38259543041082306,0.38259543041082306,0.38259543041082306,0.38441716867573134,0.38474578808716964,0.38479272387165037,0.38479272387165037,0.38479272387165037,0.385032908492299,0.385117585967049,0.385131182940367,0.385132329068677,0.38513243111783463,0.38530434549851555,0.38530434549851555,0.38530434549851555],"times":[0.1081240177154541,0.13556790351867676,0.13562989234924316,0.13563990592956543,0.1357560157775879,0.1358318328857422,0.13583898544311523,0.1358790397644043,0.13588500022888184,0.13595795631408691,0.13607382774353027,0.13608002662658691,0.13615989685058594,0.13630390167236328,0.13648200035095215,0.13660693168640137,0.1366589069366455,0.1370069980621338,0.13712000846862793,0.1371779441833496,0.13734102249145508,0.13735198974609375,0.1375439167022705,0.1377420425415039,0.13797283172607422,0.13800501823425293,0.13803386688232422,0.13825702667236328,0.13833093643188477,0.13852190971374512,0.13863587379455566,0.13884592056274414,0.13887882232666016,0.13889384269714355,0.1391279697418213,0.13916301727294922,0.13920283317565918,0.1392209529876709,0.13945794105529785,0.13949203491210938,0.13950681686401367,0.13985490798950195,0.1398918628692627,0.1399369239807129,0.1403789520263672,0.14045500755310059,0.14084887504577637,0.14088988304138184,0.14090585708618164,0.14133882522583008,0.14148998260498047,0.1420738697052002,0.14219403266906738,0.14229202270507812,0.14293789863586426,0.14299392700195312,0.14301586151123047],"env":"FrozenLake4","ubs":[0.4353366579607934,0.4353366579607934,0.4374041589690575,0.4281177151339359,0.42723550296959933,0.42715169281398735,0.4175346753861441,0.4175346753861441,0.40578654430674405,0.40578654430674405,0.40578654430674405,0.4040698250627537,0.4040698250627537,0.4032121193515565,0.4031347114111209,0.40312711737712464,0.4031264320155564,0.40312637016167496,0.39854773068056537,0.3975002374112354,0.3975002374112354,0.39616391173479126,0.39616391173479126,0.3960646718081083,0.3960176724129726,0.3958965769548873,0.3956148232627871,0.3954005512327588,0.3954005512327588,0.39524128248082735,0.39486472072347895,0.3948139577285325,0.39480937636823865,0.3940800452918799,0.3940800452918799,0.3940800452918799,0.3928948149801134,0.3924525396379335,0.3924525396379335,0.3923056572526648,0.3909382416682959,0.3909382416682959,0.3909382416682959,0.39011333235717754,0.3901086297941611,0.3901086297941611,0.3900944040245494,0.3900944040245494,0.3895015646129967,0.3895015646129967,0.3895015646129967,0.38948484037052783,0.38948484037052783,0.3894845535915801,0.3894032613442964,0.38940325642675444,0.38900442824970505],"sim_r":null,"sim_rsigma":null,"solver":"SARSOP","env_full":"Frozen Lake (4)","final_lw":0.38530434549851555,"timeout":false,"runtime":0.14301586151123047,"final_ub":0.38900442824970505}