{"lbs":[0.008857506748021169,0.2547154508528647,0.33464195607744446,0.3680614683007489,0.37751366250489937,0.38157223692624004,0.3841540291582974],"times":[1.2043280601501465,1.2044899463653564,1.2045869827270508,1.204787015914917,1.2049009799957275,1.2051079273223877,1.2051990032196045],"env":"FrozenLake4","ubs":[0.38625977297362724,0.38625977297362724,0.38625977297362724,0.38625977297362724,0.3862572585041817,0.3862570024626038,0.386256959345739],"sim_r":0.3883795510462031,"sim_rsigma":0.28607020018769563,"solver":"BIB-SARSOP","env_full":"Frozen Lake (4)","final_lw":0.3841540291582974,"timeout":false,"runtime":1.2051990032196045,"final_ub":0.386256959345739}