{"env_full":"Frozen Lake (10)","timeout":true,"ubs":[0.5035499496923483],"runtime":8.951771974563599,"solver":"BIB-SARSOP","final_ub":0.5035499496923483,"lbs":[0.0],"env":"FrozenLake10","times":[8.951771974563599],"final_lw":0.0}