{"env_full":"Frozen Lake (4)","timeout":false,"ubs":[0.7049223846794803,0.7049223846794803,0.6970781672416081,0.6966087656036072,0.6961637011341814,0.696163701134136,0.6961636878866091,0.6937078571269666,0.6937021919066937,0.6914980373939048],"runtime":2.188386917114258,"solver":"BIB-SARSOP","final_ub":0.6914980373939048,"lbs":[0.0,0.470281909423828,0.5595431348576168,0.6179071772872179,0.6419723352538114,0.6637466625510077,0.669975752383499,0.6863130929368499,0.6863130929368499,0.687289708260539],"env":"FrozenLake4","times":[2.167245864868164,2.1675100326538086,2.167893886566162,2.168236017227173,2.1694278717041016,2.1700499057769775,2.1708648204803467,2.1875109672546387,2.187567949295044,2.188386917114258],"final_lw":0.687289708260539}