{"lbs":[0.5,0.5,0.5,0.5,0.5],"times":[0.005691051483154297,0.005719900131225586,0.0057239532470703125,0.0057260990142822266,0.0057260990142822266],"env":"ABC","ubs":[0.9500000000000512,0.9500000000000512,0.6302494097246432,0.5133420832795326,0.5],"sim_r":null,"sim_rsigma":null,"solver":"BIB-SARSOP","env_full":"ABCModel","final_lw":0.5,"timeout":false,"runtime":0.0057260990142822266,"final_ub":0.5}