{"env_full":"Frozen Lake (4)","timeout":false,"ubs":[0.9324285299156831,0.9324285299156831,0.930148172243495,0.9299986955539488,0.9299986955539488,0.9298521787988492,0.9290858545722795,0.9290412898106473,0.9283347050828699,0.9283347050828699,0.9283347050828699],"runtime":3.7219338417053223,"solver":"BIB-SARSOP","final_ub":0.9283347050828699,"lbs":[0.0,0.5672034262109531,0.7901860528287928,0.8300032357435636,0.8690319595929166,0.882053633385248,0.8948174522509986,0.8948174522509987,0.905983869833351,0.9169291702358546,0.919204918654105],"env":"FrozenLake4","times":[3.5267138481140137,3.5582940578460693,3.5609169006347656,3.5813639163970947,3.5922720432281494,3.604032039642334,3.6165308952331543,3.6617188453674316,3.692884922027588,3.7114949226379395,3.7219338417053223],"final_lw":0.919204918654105}