{"lbs":[0.0],"times":[4556.789490938187],"env":"fourth","ubs":[0.08677624316509258],"sim_r":null,"sim_rsigma":null,"solver":"EBIB-SARSOP","env_full":"fourth","final_lw":0.0,"timeout":true,"runtime":4556.789490938187,"final_ub":0.08677624316509258}