{"env_full":"Tiger","timeout":false,"ubs":[87.0980496426884,87.0980496426884,77.7850273555729,74.96384962803327,69.11551472328358,65.20293138241749,63.69583721575489,60.553674081385424,58.16579488382939,54.977393633100014,53.303557119029115,49.670463393602105,47.61170680028883,47.21565800727421,45.079343429972624,43.344933302072505,43.098049642688395,43.098049642688395,42.05859894891342,41.03231875432478,39.98688130805309,39.76509076194278,38.79304542337637,38.34784697876228,37.21119109623629,36.120906701005964,35.55960358670532,35.13962953595542,34.55605477821081,34.051019119074226,33.8586028612615,33.46512445176,31.770374824228988,31.162178200963258,30.85935260400504,29.6118869905332,29.030051053037223,28.661239377841696,28.31508173319656,27.970218370864444,27.699357373049356,27.462628467654664,26.389767408134,26.310101596747103,26.017203823360763,25.863718760301026,25.64631944763036,25.36644435046266,24.594656724516817,24.46851297789139,24.344541855466105,23.781465206379842,23.54911624646197,23.448742174253802,23.028258450777283,22.830442954047836,22.725066320654754,22.665770284263264,22.173243631713703,22.0025149473418,21.548072810375324,21.367994551439246,20.959334213701432,20.959334213701432,20.83752154968447,20.56530651404341,20.526935503613153,20.470454559448655,20.372671613252795,20.36447991617113,20.329802155055724,20.174712924715678,20.14568359822497,20.13668980840027,20.087782476773825,19.928520273816076,19.928520273816076,19.834661127545488,19.818131689704806,19.765333340867834,19.763507018849477,19.740760901720805,19.692015241352852,19.651068094720102,19.59641440441671,19.59641440441671,19.59387101553806,19.590787027134766,19.58692307460464,19.57829672518038,19.535711662459697],"runtime":0.29120492935180664,"solver":"SARSOP","final_ub":19.535711662459697,"lbs":[-19.999999999999982,-10.77798724525706,-7.964090794870497,-2.3801147957169526,0.8750254055571952,3.875001037597943,6.493587538494678,8.696777308670935,10.288639595753715,11.779996345025335,13.056839886144147,13.448780834121548,14.173769132049966,15.014506352427624,15.675270374782347,15.962333316120404,15.962333316120404,15.962333316120404,16.42461689655204,16.837414609466,16.99032565062901,17.342863956006365,17.562451843976124,17.861230264316262,18.115627860682935,18.16975747212914,18.319217774250767,18.368725995308377,18.478682186194554,18.547960054817302,18.625826667662288,18.816053899504666,18.863836231061576,18.90962429322019,18.9942522165638,19.023513191552638,19.05641114555717,19.083415528943046,19.109439556557376,19.13247726914644,19.15379169755579,19.206721451480675,19.221345327843103,19.227698538399878,19.24377616322922,19.250760941632855,19.263540288464817,19.289171562400206,19.296576577264716,19.303166095934905,19.3165339764483,19.32234153099093,19.326246799397687,19.336608765511013,19.33980298756618,19.342554081142872,19.345136969639707,19.351836474006774,19.35355506777279,19.357895661295373,19.358714900264474,19.361587995485454,19.361859523845073,19.362028734851748,19.363807054527072,19.364036691297024,19.365372301792632,19.36641057734805,19.366861646753726,19.367057609769205,19.368259734051325,19.36840670383997,19.368731182902273,19.3688721498903,19.369442287239846,19.36949276509882,19.370004725576067,19.370072087618812,19.370321418304925,19.370429737761953,19.37058583366709,19.37075469594439,19.370844812930272,19.370965787816836,19.370975088710694,19.370979129399736,19.370980884840474,19.371030929174026,19.371053433116533,19.371125537287888,19.37113174758716],"env":"Tiger","times":[0.2400360107421875,0.24011802673339844,0.24019789695739746,0.24025893211364746,0.24036502838134766,0.2404499053955078,0.27458691596984863,0.27473902702331543,0.2748579978942871,0.27507901191711426,0.27518796920776367,0.2752840518951416,0.27558302879333496,0.2757868766784668,0.27591800689697266,0.276033878326416,0.27605509757995605,0.2760798931121826,0.2762429714202881,0.2764580249786377,0.27657604217529297,0.276745080947876,0.27684998512268066,0.277055025100708,0.27724409103393555,0.27734994888305664,0.2775309085845947,0.27768802642822266,0.27779293060302734,0.2779819965362549,0.27808308601379395,0.2782769203186035,0.2783949375152588,0.27857398986816406,0.2787508964538574,0.27892208099365234,0.27904486656188965,0.27921605110168457,0.2793149948120117,0.2794649600982666,0.27956104278564453,0.2797200679779053,0.2798008918762207,0.2798500061035156,0.27999091148376465,0.2801060676574707,0.28016090393066406,0.28031086921691895,0.2803950309753418,0.2805020809173584,0.28072690963745117,0.28081703186035156,0.28089189529418945,0.28107404708862305,0.28116488456726074,0.28124308586120605,0.28133296966552734,0.2815110683441162,0.2816019058227539,0.2817399501800537,0.28186893463134766,0.2830679416656494,0.2832000255584717,0.2834019660949707,0.28368306159973145,0.2837870121002197,0.2844970226287842,0.2846250534057617,0.28473687171936035,0.28484606742858887,0.28510403633117676,0.28525209426879883,0.28533196449279785,0.2854149341583252,0.2868828773498535,0.2870330810546875,0.28743600845336914,0.28766608238220215,0.2880399227142334,0.2882208824157715,0.2883760929107666,0.2886641025543213,0.2888638973236084,0.2896459102630615,0.2897820472717285,0.28989601135253906,0.28998804092407227,0.29018497467041016,0.2902560234069824,0.29106903076171875,0.29120492935180664],"final_lw":19.37113174758716}