{"env_full":"ABCModel","timeout":false,"ubs":[0.9500000000001757,0.9500000000001757,0.9500000000001757,0.9500000000001757,0.48767497911561974,0.48767497911561974,0.475],"runtime":2.649394989013672,"solver":"SARSOP","final_ub":0.475,"lbs":[0.475,0.475,0.475,0.475,0.475,0.475,0.475],"env":"ABC","times":[2.615746021270752,2.649362087249756,2.6493821144104004,2.649390935897827,2.6493921279907227,2.6493940353393555,2.649394989013672],"final_lw":0.475}