{"env_full":"Frozen Lake (10)","timeout":false,"ubs":[0.5035499496923483,0.5035499496923483,0.5035499496923483,0.5035499496923483,0.5034012096343897,0.5000908009460722,0.5000736833076554,0.5000736340090864,0.5000735994692765,0.5000695662258171,0.499705896591644,0.4996201616180461,0.4994787902023924,0.4991425908495416,0.49914244807098773,0.49903302532353333,0.4989251983945977,0.49889397455772744,0.49888686210923194,0.4988514223883129,0.4988049990936121,0.49873858164545426,0.4987163802525193,0.4986514915174778,0.4986514805782588,0.4985315520815665,0.49852111383193753,0.4985211137247002,0.49836677879467517,0.49832523163264875,0.49828573506898466,0.4981869130242116,0.49801057929547154,0.4971160116884591,0.49700880170307726,0.49699178260294463,0.49681531700637227,0.4959744296368188,0.4958807687775949,0.4958538193163192,0.49583260873643376,0.4941986536376667,0.4940154266554832,0.4933962857270883,0.4933954973834296,0.49286325833824063,0.49284853449445504,0.492735124182652,0.4926871920392955,0.4926829410758538,0.4924002038626832,0.492346291739348,0.4922495170700701,0.49204724578420606,0.491897765210499,0.4918116628938279,0.49178701945104997,0.4917623093918709,0.4917557871260936,0.49149700502043425,0.49149699700274946,0.49148919417557413,0.491466764789488,0.49120288598592465,0.4911653885201294,0.49095632055095756,0.4908843357662506],"runtime":6.135591983795166,"solver":"BIB-SARSOP","final_ub":0.4908843357662506,"lbs":[0.0,0.20594228935325398,0.3143807856487014,0.3711963307448778,0.3835491690321774,0.3916682373647364,0.4005040750537478,0.4035677688235112,0.4037067054724873,0.4037067054724873,0.4037067054724873,0.4048727855449246,0.40523761804385466,0.41101471406684204,0.41182559596963697,0.41182559596963697,0.41182559596963697,0.41366167103809715,0.41644717921588953,0.4229164479602332,0.4262023842571365,0.4334239742776216,0.4427838639226854,0.4450560319898632,0.44600359924465566,0.4463218868549844,0.4518796502161467,0.45363967722227133,0.4565738703250407,0.4565738703250407,0.4586552574412116,0.4598495316211761,0.4598495316211761,0.462263715233189,0.4671546596585564,0.46896387434031284,0.4701343514047359,0.47073431006623684,0.47144150223229825,0.4729958119887534,0.4749569777864509,0.47691435041735725,0.47691435041735725,0.47691435041735725,0.4789111665015157,0.4789111665015157,0.47925642196543966,0.47925642196543966,0.4800387260824019,0.4802316195336977,0.4806923847821361,0.4806923847821361,0.4813536544500687,0.4828227716966478,0.48312048310209743,0.48321608747382666,0.4833718200177127,0.48366700995078565,0.48371692878297623,0.4837375360626536,0.4837752868926065,0.4843379728690717,0.48470501694181706,0.48470501694181706,0.4854992141505063,0.4860123336567147,0.4861257652585268],"env":"FrozenLake10","times":[4.977391958236694,4.981820106506348,4.985514879226685,5.009679079055786,5.0156919956207275,5.0212180614471436,5.029031991958618,5.039248943328857,5.051630973815918,5.063661098480225,5.07671594619751,5.091592073440552,5.094228982925415,5.107770919799805,5.1110639572143555,5.114903926849365,5.126388072967529,5.1344850063323975,5.151402950286865,5.158257961273193,5.171277046203613,5.176476955413818,5.2493369579315186,5.260113000869751,5.280570983886719,5.286995887756348,5.301260948181152,5.320188045501709,5.330787897109985,5.33970308303833,5.347403049468994,5.381488084793091,5.391877889633179,5.399249076843262,5.421637058258057,5.439706087112427,5.446549892425537,5.4680140018463135,5.481323957443237,5.508588075637817,5.519540071487427,5.534415006637573,5.548887014389038,5.578902006149292,5.58965802192688,5.599272012710571,5.608573913574219,5.619024991989136,5.632488965988159,5.669670104980469,5.67878794670105,5.688796043395996,5.690553903579712,5.7017738819122314,5.719080924987793,5.764436960220337,5.784657955169678,5.790164947509766,5.807978868484497,5.944238901138306,6.0048840045928955,6.01616907119751,6.029638051986694,6.039818048477173,6.059473991394043,6.075875997543335,6.135591983795166],"final_lw":0.4861257652585268}