{"lbs":[0.475,0.475,0.475,0.475,0.475],"times":[0.011433124542236328,0.011455059051513672,0.011458158493041992,0.011461019515991211,0.011462211608886719],"env":"ABC","ubs":[0.5830150000000109,0.5830150000000109,0.5830150000000109,0.5830150000000109,0.475],"sim_r":null,"sim_rsigma":null,"solver":"BIB-SARSOP","env_full":"ABCModel","final_lw":0.475,"timeout":false,"runtime":0.011462211608886719,"final_ub":0.475}