{"lbs":[0.0,0.0006136949175248557,0.002844482586491195,0.004907724270625336,0.006999660548235368,0.008973940211509367,0.010159704894842112,0.011098140515857625,0.011907848730405167,0.012543525440311355,0.013368461641152348,0.014094500100988195,0.01508017640815306,0.01604895785683041,0.016835508262266718,0.017322165082990684,0.018159234805422753,0.01892386098709448,0.019737160310220086,0.020574159025474433,0.021726559472542782,0.02282117470440904,0.02394836747701601,0.024937730606176323,0.025501935986031413,0.025803582881013972,0.026419290349303022,0.0269680998033703,0.02729832029030046,0.027605834942967405,0.027755666281736303,0.027874683657438483,0.028392110222408038,0.028892754781971067,0.029776734880242177,0.03084023398930462,0.031995275401393415,0.033179630172178294,0.03384294408229322,0.0342125796142409,0.034576934414422174,0.03527237998701422,0.035802522880357145,0.0361669706233774],"times":[3552.9581570625305,3553.492208003998,3553.618450164795,3553.693655014038,3553.7730791568756,3554.007802963257,3554.405804157257,3554.8021659851074,3554.912921190262,3555.120073080063,3555.4988901615143,3555.789170026779,3555.9589750766754,3556.4405319690704,3557.925106048584,3558.5057990550995,3558.706349134445,3559.2558720111847,3559.6273391246796,3559.746309041977,3560.84330701828,3562.129245042801,3562.4895560741425,3564.34907412529,3565.5041921138763,3568.1630799770355,3569.48979306221,3570.629698038101,3572.04416513443,3573.368119955063,3574.1029591560364,3576.4067549705505,3578.5613741874695,3579.91241812706,3581.383908033371,3585.644296169281,3586.6966621875763,3587.658737182617,3589.0539240837097,3590.1108870506287,3591.8074350357056,3594.7420501708984,3596.299362182617,3601.8802361488342],"env":"fourth","ubs":[0.08538278335581714,0.08538278335581714,0.08538278335581714,0.08538278335581714,0.08538278335581714,0.08538278335581714,0.08538278335581714,0.08538278335581714,0.08538278335581714,0.08538278335581714,0.08538278335581714,0.08538278335581714,0.08538278335581714,0.08538278335581714,0.08538278335581714,0.08538278335581714,0.08538278335581714,0.08538278335581714,0.08538278335581714,0.08538278335581714,0.08538278335581714,0.08538278335581714,0.08538278335581714,0.08538278335581714,0.08538278335581714,0.08538278335581714,0.08538278335581714,0.08538278335581714,0.08538278335581714,0.08538278335581714,0.08538278335581714,0.08538278335581714,0.08538278335581714,0.08538278335581714,0.08538278335581714,0.08538278335581714,0.08538278335581714,0.08538278335581714,0.08538278335581714,0.08538278335581714,0.08538278335581714,0.08538278335581714,0.08538278335581714,0.08538278335581714],"sim_r":null,"sim_rsigma":null,"solver":"ETIB-SARSOP","env_full":"fourth","final_lw":0.0361669706233774,"timeout":true,"runtime":3601.8802361488342,"final_ub":0.08538278335581714}