{"env_full":"SparseHallway2","timeout":true,"ubs":[5.529768145344633,5.529768145344633,5.5295496655344945,5.529358706164578,5.529358706164578,5.529349625008637,5.529307575577012,5.5293004194072255,5.529288419785814,5.529288419785814,5.529288419785814,5.529288419785814,5.529288419785814,5.529288419785814,5.529288419785814,5.529288419785814,5.529288419785814,5.529288419785814,5.529288419785814,5.529288419785814,5.529288419785814,5.529288419785814,5.529288419785814,5.529288419785814,5.529288419785814,5.529288419785814,5.529288419785814,5.529288419785814,5.529288419785814,5.529288419785814,5.529288419785814,5.529288419785814,5.529288419785814,5.529288419785814,5.529282776668959,5.529282420842575,5.529281812471287,5.529281068382951,5.5292803377816755,5.529279613412502,5.529279239875626,5.529273221541671,5.52927286531773,5.529272284468284,5.529272052850643,5.529271775150211,5.529271536137671,5.529271401093158,5.529271231949365,5.529271049316842,5.529270324295209,5.529268870919436,5.529268000730922,5.529266992215534,5.529266991764801,5.529266807261053,5.52926572928864,5.529264911894763,5.529264058775731,5.529261192915056,5.5292605493711715,5.5292604012974165,5.529260202304338,5.5292585101529905,5.529257649163041,5.529257400762826,5.529256902780091,5.529254491217971,5.529252743069513,5.529252711456482,5.529250904340976,5.52925046906007,5.5292501861525585,5.529249955155156],"runtime":1809.5553200244904,"solver":"BIB-SARSOP","final_ub":5.529249955155156,"lbs":[0.0006004860303106669,0.10524676648296241,0.2189227322444383,0.31014459724359,0.3773720296424269,0.4351991526690834,0.4636993621156832,0.4906643328426631,0.5135447242662965,0.5428497817334537,0.5577899314812294,0.5831339090805651,0.603352333848535,0.6235079570864901,0.6511554271327734,0.6733281724922242,0.6949645867722894,0.7079402137774661,0.7243761789861959,0.7379944383878229,0.7442067829639971,0.7516114861271186,0.7646865206655737,0.772098656989239,0.7821552586596273,0.7915961196491703,0.8041202244855459,0.8125830396605416,0.8189393529846055,0.8257943394877474,0.8361320657582614,0.8442843654057339,0.8533351007934454,0.8631285276780671,0.8732928412509688,0.8811384879984081,0.8888588597252236,0.894901102424125,0.902574129072302,0.9093798996757816,0.9154111888630261,0.9195103656179472,0.924292888285764,0.9276151337922639,0.9314863810097511,0.9340081740008217,0.9362636044218438,0.9393293970381742,0.9413530848130571,0.9433101187246222,0.9449250804342201,0.9463224155272874,0.9475150572865978,0.9490331100631899,0.949646526401673,0.950467320515167,0.9511938863395963,0.9532190331017361,0.9621187451287438,0.9695890165220952,0.9756901206105382,0.9805964473677801,0.9842748632742186,0.9908055240523002,0.9971705664432786,1.0020510728653784,1.0060577068745844,1.0098331701707117,1.0124095079434743,1.014290100673093,1.0156850166719336,1.0162828716406485,1.0172772084261181,1.0186536935465658],"env":"SparseHallway2","times":[573.7823619842529,575.7408618927002,577.5211579799652,579.4761769771576,581.7058010101318,584.1153678894043,586.9362208843231,589.7467908859253,593.0195400714874,596.5016770362854,600.4076809883118,604.5808908939362,609.1999158859253,614.2140030860901,620.0400710105896,626.4353499412537,633.6597900390625,640.9604930877686,649.4026560783386,658.1551759243011,667.7617418766022,677.6255569458008,688.3754410743713,699.3696990013123,711.0710458755493,723.0142500400543,736.1102180480957,749.856122970581,763.9529469013214,777.6208870410919,793.0746800899506,807.9381580352783,824.1093730926514,839.7367880344391,856.258651971817,873.936686038971,890.9340970516205,908.2469708919525,926.2933700084686,944.0774130821228,962.2262949943542,980.9085540771484,999.5079069137573,1017.6988439559937,1037.2699880599976,1056.7237260341644,1076.0504908561707,1095.4122569561005,1117.0028989315033,1137.3952560424805,1158.6280090808868,1179.5345199108124,1202.1869840621948,1224.0013010501862,1246.9314000606537,1269.3812320232391,1294.1073379516602,1318.2949268817902,1342.4411668777466,1366.5821318626404,1392.7211570739746,1420.6936860084534,1453.4999780654907,1488.3139960765839,1522.5508530139923,1560.7826869487762,1595.4643609523773,1625.8751220703125,1654.400750875473,1683.9594700336456,1717.287477016449,1747.8030080795288,1779.3534429073334,1809.5553200244904],"final_lw":1.0186536935465658}