{"lbs":[0.475,0.475,0.475,0.475,0.475,0.475,0.475],"times":[0.3013780117034912,0.30141305923461914,0.3014230728149414,0.30143117904663086,0.30143213272094727,0.3014340400695801,0.3014349937438965],"env":"ABC","ubs":[0.9500000000001757,0.9500000000001757,0.9500000000001757,0.9500000000001757,0.48767497911561974,0.48767497911561974,0.475],"sim_r":null,"sim_rsigma":null,"solver":"SARSOP","env_full":"ABCModel","final_lw":0.475,"timeout":false,"runtime":0.3014349937438965,"final_ub":0.475}