{"env_full":"Frozen Lake (4)","timeout":false,"ubs":[0.6905641684296807,0.6905641684296807,0.6905625219317282,0.690561855207289,0.6905612477205351,0.6905612477205351,0.690561247702453,0.6905605721003274],"runtime":8.144634008407593,"solver":"EBIB-SARSOP","final_ub":0.6905605721003274,"lbs":[0.0,0.470281909423828,0.5595431348577888,0.6179071772875459,0.6419723352543371,0.6637466625517123,0.6699757523840634,0.6863332965219983],"env":"FrozenLake4","times":[8.131471872329712,8.132036924362183,8.133112907409668,8.134028911590576,8.137521982192993,8.139177799224854,8.141620874404907,8.144634008407593],"final_lw":0.6863332965219983}