{"env_full":"RockSample ()","timeout":false,"ubs":[23.47795521977744,23.47795521977744,23.477955219777428,23.47795521977742,23.466067844153663,23.456032796364937,23.454299342286152,23.454299342286152,23.454299342286152,23.454299342286145,23.445851592940603,23.442530840418627,23.430326730405696,23.4183192802807,23.361430598449104,23.322204624361806,23.297717945542594,23.29145404946034],"runtime":319.59074211120605,"solver":"EBIB-SARSOP","final_ub":23.29145404946034,"lbs":[9.605960099999999,18.76926690427999,19.853952139149143,23.064728902885317,23.064728902885317,23.064728902885317,23.064728902885317,23.064728902885317,23.064728902885317,23.064728902885317,23.064728902885317,23.064728902885317,23.064728902885317,23.064728902885317,23.064728902885317,23.064728902885317,23.064728902885317,23.064728902885317],"env":"RockSample5","times":[319.5868299007416,319.5871069431305,319.5874149799347,319.5876979827881,319.58789110183716,319.58816289901733,319.5883700847626,319.5885651111603,319.58880496025085,319.5889880657196,319.58929204940796,319.5895550251007,319.58965396881104,319.58979392051697,319.5900158882141,319.5901200771332,319.59044909477234,319.59074211120605],"final_lw":23.064728902885317}