{"env_full":"Frozen Lake (4)","timeout":false,"ubs":[0.69061861425712,0.69061861425712,0.690597142222168,0.6905884474464221,0.6905805251913157,0.6905805251913157,0.6905805249555073,0.6905717144055555],"runtime":5.741695880889893,"solver":"EBIB-SARSOP","final_ub":0.6905717144055555,"lbs":[0.0,0.470281909423828,0.5595431348577888,0.6179071772875459,0.6419723352543371,0.6637466625517123,0.6699757523840634,0.6863332965219983],"env":"FrozenLake4","times":[5.73331093788147,5.733695030212402,5.734318971633911,5.73486590385437,5.736870050430298,5.7380030155181885,5.739880084991455,5.741695880889893],"final_lw":0.6863332965219983}