{"env_full":"Tag","timeout":true,"ubs":[-6.200026297108257],"runtime":3605.312313079834,"solver":"EBIB-SARSOP","final_ub":-6.200026297108257,"lbs":[-99.99992926487926],"env":"Tag","times":[3605.312313079834],"final_lw":-99.99992926487926}