{"env_full":"Frozen Lake (4)","timeout":false,"ubs":[0.7049572776185682,0.7049572776185682,0.6971022078223212,0.6966264926265999,0.6961756878647236,0.6961756878646781,0.6961756744462897,0.6937526179128171,0.6937148498616897,0.6914911301972848],"runtime":2.135995864868164,"solver":"BIB-SARSOP","final_ub":0.6914911301972848,"lbs":[0.0,0.470281909423828,0.5595431348576168,0.6179071772872179,0.6419723352538114,0.6637466625510077,0.669975752383499,0.669975752383499,0.6863346309377137,0.6873125337623651],"env":"FrozenLake4","times":[2.123642921447754,2.1240010261535645,2.124608039855957,2.125143051147461,2.12705397605896,2.128002882003784,2.1291918754577637,2.133080005645752,2.134948968887329,2.135995864868164],"final_lw":0.6873125337623651}