{"lbs":[-19.999999999999982,-10.77798724525706,-7.964090794870497,-2.3801147957169526,0.8750254055571952,3.875001037597943,6.493587538494678,8.696777308670935,10.288639595753715,11.779996345025335,13.056839886144147,13.448780834121548,14.173769132049966,15.014506352427624,15.675270374782347,15.962333316120404,15.962333316120404,15.962333316120404,16.42461689655204,16.837414609466,16.99032565062901,17.342863956006365,17.562451843976124,17.861230264316262,18.115627860682935,18.16975747212914,18.319217774250767,18.368725995308377,18.478682186194554,18.547960054817302,18.625826667662288,18.816053899504666,18.863836231061576,18.90962429322019,18.9942522165638,19.023513191552638,19.05641114555717,19.083415528943046,19.109439556557376,19.13247726914644,19.15379169755579,19.206721451480675,19.221345327843103,19.227698538399878,19.24377616322922,19.250760941632855,19.263540288464817,19.289171562400206,19.296576577264716,19.303166095934905,19.3092458942036,19.320690968762023,19.325029831236364,19.334101009424955,19.340502170279073,19.34282962318236,19.343840764003655,19.347010851762576,19.348388067660522,19.35438666917367,19.355844854260585,19.359638184826288,19.36263497645828,19.363011890031046,19.365093215725857,19.3664750208131,19.367195615356348,19.36787874400434,19.368175523054607,19.368304456023438,19.368650177560646,19.369503571035604,19.369650083681996,19.36997229084008,19.370208074918764,19.370404712909846,19.370490140503037,19.370621416461667,19.370744133134096,19.370797446280314,19.370849143956022,19.370914584585925,19.371018019123824,19.371027390400887,19.371089754450267,19.371138057163872,19.371172258997383,19.371202689493785,19.37121590974717,19.371230157271675,19.37125096916926,19.371277009715264,19.371290477882816],"times":[0.2881619930267334,0.28824687004089355,0.2883260250091553,0.2883870601654053,0.28849101066589355,0.2885739803314209,0.2886829376220703,0.288801908493042,0.2889111042022705,0.28901100158691406,0.2891230583190918,0.28922390937805176,0.28955602645874023,0.28977203369140625,0.2899138927459717,0.2900409698486328,0.29006409645080566,0.2900888919830322,0.2902660369873047,0.2904949188232422,0.2906229496002197,0.2908170223236084,0.2909278869628906,0.29114294052124023,0.2913398742675781,0.29145097732543945,0.2916390895843506,0.29180407524108887,0.2919120788574219,0.29210996627807617,0.2922229766845703,0.29242587089538574,0.29254889488220215,0.2927370071411133,0.2929189205169678,0.29309797286987305,0.29321789741516113,0.29340100288391113,0.2935159206390381,0.29367804527282715,0.2937660217285156,0.29393601417541504,0.2940239906311035,0.29407596588134766,0.29422807693481445,0.29435205459594727,0.29441189765930176,0.2945718765258789,0.29467296600341797,0.2947869300842285,0.29485201835632324,0.29503798484802246,0.29513096809387207,0.29537010192871094,0.2955138683319092,0.29559898376464844,0.29567503929138184,0.2957890033721924,0.2958838939666748,0.29607391357421875,0.2961568832397461,0.296328067779541,0.2964770793914795,0.29656195640563965,0.2967500686645508,0.2968740463256836,0.29743003845214844,0.2975430488586426,0.2976109981536865,0.2976830005645752,0.2978169918060303,0.299177885055542,0.29929089546203613,0.2995278835296631,0.29972100257873535,0.29993104934692383,0.3001220226287842,0.3003530502319336,0.30056309700012207,0.30071401596069336,0.30084705352783203,0.3011479377746582,0.3028690814971924,0.30300402641296387,0.30319809913635254,0.3033590316772461,0.30350208282470703,0.30364108085632324,0.3037099838256836,0.3038899898529053,0.30403590202331543,0.3041870594024658,0.30428290367126465],"env":"Tiger","ubs":[87.19801910939043,87.19801910939043,77.873767190011,75.0496721778378,69.19133866226107,65.2740943775002,63.764604771930074,60.62140816263094,58.23062030345652,55.03726453712072,53.362129781483006,49.72860214302258,47.66851859372707,47.272361220691806,45.1299774070168,43.393105671950465,43.198019109390444,43.198019109390444,42.10628659922424,41.079081672827016,40.03619067141514,39.815306463835,38.84272739844522,38.39793583152955,37.2569784500902,36.16786175839724,35.607067643297306,35.18693244967531,34.60289448933909,34.097846187198485,33.90532187428466,33.508838230636336,31.81164941452878,31.19967441378154,30.89778428111913,29.652292718954044,29.067632776145885,28.695242079569145,28.350515107986887,28.00448587137555,27.733672674843383,27.500482592632935,26.424707275677115,26.344683235327448,26.05241119692217,25.900633381782214,25.683458733389646,25.4000853548158,24.624949202956557,24.50143534469104,24.380423584086444,24.3380737415018,23.816576051790115,23.58454224822754,23.090000780617423,22.67626886924496,22.55711915887938,22.39715646356428,22.261568986274206,22.22361280954217,21.795340255117495,21.70913696870148,21.46449255978044,21.088842430391292,21.06988521514056,20.903171940046633,20.70131568306426,20.589971114578432,20.518577718849947,20.514498761976302,20.43426499239396,20.38078772514328,20.132967612202947,20.132967612202947,20.025624000454464,19.98470063725842,19.93097918120195,19.909383406704805,19.872645145651237,19.83503461118017,19.82840853190271,19.81158510125681,19.77466901621847,19.68928043903704,19.68928043903704,19.677500973028714,19.650121187000213,19.624672471528836,19.604920628527832,19.59834519129138,19.588686920829545,19.573916296226052,19.547744070281045],"sim_r":null,"sim_rsigma":null,"solver":"SARSOP","env_full":"Tiger","final_lw":19.371290477882816,"timeout":false,"runtime":0.30428290367126465,"final_ub":19.547744070281045}