{"lbs":[-19.999999999999982,-19.999999999999982,-19.999999999999982,-17.247290390624986,-13.330880592603144,-9.661907378317487,-5.970734672157295,-3.6684162431493346,-1.6477042603497967,0.8183451830414183,2.598313446654492,2.9760022651896842,4.290798284622773,5.89279405915433,7.068104409108332,8.31585668548457,9.573413216254071,10.490585896864836,11.256560084702546,11.450237690921327,12.071929468999933,12.758929852987901,13.057390943870494,13.755604109787905,14.188600208294213,14.680043821639142,15.127871550045878,15.582884187367421,16.035683203808247,16.358387547242934,16.63362847534202,16.873019870866827,16.962954175413376,16.98130775964455,17.183280580753255,17.394006161115193,17.59290718966794,17.81642295024021,17.956199776398066,18.1301355047163,18.250233687045707,18.351088353310672,18.43604072279539,18.55305226711387,18.61732578901669,18.679983109632722,18.766503967401167,18.831340222026242,18.882535760305927,18.925931990006156,18.980197741615882,19.010937816033753,19.025790510156888,19.05599958099414,19.074886516888085,19.11132708153452,19.13945427076714,19.166327500592857,19.18929342580344,19.210052354892927,19.228278072780903,19.244520714325606,19.25888486220112,19.271638293685584,19.282938487268197,19.292961591803454,19.30184711327066,19.30802777105812,19.31284812539758,19.320120291116936,19.32568128262337,19.330948980849133,19.335486407441756,19.338718244731332,19.341616641796303,19.344850224200638],"times":[0.006591796875,0.006793975830078125,0.007059812545776367,0.007486820220947266,0.008159875869750977,0.00909280776977539,0.010090827941894531,0.010217905044555664,0.010296821594238281,0.010722875595092773,0.010854959487915039,0.010894775390625,0.011928796768188477,0.012188911437988281,0.013487815856933594,0.013788938522338867,0.013977766036987305,0.0140838623046875,0.014197826385498047,0.014251947402954102,0.014316797256469727,0.014433860778808594,0.014497995376586914,0.014615774154663086,0.014750957489013672,0.014887809753417969,0.015031814575195312,0.015160799026489258,0.016591787338256836,0.016714811325073242,0.016870975494384766,0.017036914825439453,0.017123937606811523,0.017210960388183594,0.01731085777282715,0.01743483543395996,0.01754593849182129,0.01910877227783203,0.019255876541137695,0.020825862884521484,0.020946979522705078,0.021089792251586914,0.02124786376953125,0.022967815399169922,0.023143768310546875,0.025000810623168945,0.026773929595947266,0.02768683433532715,0.027864933013916016,0.028807878494262695,0.029732942581176758,0.02986288070678711,0.032097816467285156,0.03222393989562988,0.03238177299499512,0.03456687927246094,0.03560495376586914,0.03659391403198242,0.03763294219970703,0.038623809814453125,0.039633989334106445,0.04062485694885254,0.041635990142822266,0.042619943618774414,0.04362797737121582,0.044609785079956055,0.04563283920288086,0.04578995704650879,0.04596281051635742,0.048169851303100586,0.049202919006347656,0.050267934799194336,0.05129599571228027,0.0514218807220459,0.0517268180847168,0.05184483528137207],"env":"Tiger","ubs":[45.06961860347886,45.06961860347886,38.62748543450869,38.627351678555726,37.3240908656622,36.050399913096314,35.563858340665874,34.905541615311854,34.82978993262127,34.23035386600401,32.555679341677376,32.2940002786157,32.2940002786157,31.055613297289444,31.055613297289444,30.493837347125307,30.493837347125307,29.09527189140332,29.01535137828187,28.45669652417022,27.74451264955902,27.295026561007184,27.097070934689405,26.629957155191605,26.50170664764911,26.433198823344743,26.354254998890234,26.22523215131952,26.094201294944376,25.47259423361446,25.039221991490038,24.920390389474086,24.757727937483114,24.420119690326445,24.19899724669528,23.855342972927176,23.546293076562037,23.478585274540613,22.858485848199248,22.818970552802995,22.342201070271685,22.174207606414853,22.146169765947427,21.91576087282423,21.58050970349536,21.578577225465935,21.369650229720026,21.116649831429278,20.949363681755962,20.949363681755962,20.771631727402827,20.628301652623385,20.628301652623385,20.50864062665295,20.50864062665295,20.477583911376847,20.3144048156542,20.232333412802497,20.134385919139483,20.05668075906894,19.983183515185942,19.919057541006637,19.86105086094568,19.809430433803847,19.763153678335748,19.72180510378152,19.684804464333112,19.651716947991638,19.651716947991638,19.636191087689802,19.597653974158316,19.57803384972271,19.554493639675705,19.53585608677904,19.53585608677904,19.518407678104985],"sim_r":null,"sim_rsigma":null,"solver":"EBIB-SARSOP","env_full":"Tiger","final_lw":19.344850224200638,"timeout":false,"runtime":0.05184483528137207,"final_ub":19.518407678104985}