{"lbs":[0.008857506748021169,0.2547154508528647,0.33464195607744446,0.3680614683007489,0.37751366250489937,0.38157223692624004,0.3841540291582974],"times":[0.19000482559204102,0.19032692909240723,0.19053387641906738,0.19098401069641113,0.19124984741210938,0.19170498847961426,0.19189882278442383],"env":"FrozenLake4","ubs":[0.38625977298665337,0.38625977298665337,0.38625977298665337,0.38625977298665337,0.38625725850804654,0.386257002465662,0.38625695934864007],"sim_r":null,"sim_rsigma":null,"solver":"BIB-SARSOP","env_full":"Frozen Lake (4)","final_lw":0.3841540291582974,"timeout":false,"runtime":0.19189882278442383,"final_ub":0.38625695934864007}