{"lbs":[0.495,0.495,0.495,0.495,0.495,0.495,0.495,0.495],"times":[0.36573195457458496,0.3658409118652344,0.3658900260925293,0.3659210205078125,0.36592793464660645,0.3659360408782959,0.36594200134277344,0.36594390869140625],"env":"ABC","ubs":[0.9942312139587186,0.9942312139587186,0.9942312139587186,0.9942312139587186,0.5278428624696746,0.5173387895065281,0.5019733101193947,0.495],"sim_r":null,"sim_rsigma":null,"solver":"SARSOP","env_full":"ABCModel","final_lw":0.495,"timeout":false,"runtime":0.36594390869140625,"final_ub":0.495}