{"lbs":[0.5,0.5,0.5,0.5,0.5],"times":[0.05629301071166992,0.08396100997924805,0.0839681625366211,0.0839691162109375,0.0839700698852539],"env":"ABC","ubs":[0.9500000000000037,0.9500000000000037,0.6302494097246115,0.5133420832795067,0.5],"sim_r":null,"sim_rsigma":null,"solver":"ETIB-SARSOP","env_full":"ABCModel","final_lw":0.5,"timeout":false,"runtime":0.0839700698852539,"final_ub":0.5}