{"lbs":[-19.999999999999982,-10.77798724525706,-7.964090794870497,-2.3801147957169526,0.8750254055571952,3.875001037597943,6.493587538494678,8.696777308670935,10.288639595753715,11.779996345025335,13.056839886144147,13.448780834121548,14.173769132049966,15.014506352427624,15.675270374782347,15.962333316120404,15.962333316120404,15.962333316120404,16.42461689655204,16.837414609466,16.99032565062901,17.342863956006365,17.562451843976124,17.861230264316262,18.115627860682935,18.16975747212914,18.319217774250767,18.368725995308377,18.478682186194554,18.547960054817302,18.625826667662288,18.816053899504666,18.863836231061576,18.90962429322019,18.9942522165638,19.023513191552638,19.05641114555717,19.083415528943046,19.109439556557376,19.13247726914644,19.15379169755579,19.206721451480675,19.221345327843103,19.227698538399878,19.24377616322922,19.250760941632855,19.263540288464817,19.289171562400206,19.296576577264716,19.303166095934905,19.3092458942036,19.320690968762023,19.325029831236364,19.334101009424955,19.340502170279073,19.34282962318236,19.343840764003655,19.347010851762576,19.348388067660522,19.35438666917367,19.355844854260585,19.359638184826288,19.36263497645828,19.363011890031046,19.365093215725857,19.3664750208131,19.367195615356348,19.36787874400434,19.368175523054607,19.368304456023438,19.368650177560646,19.369503571035604,19.369650083681996,19.36997229084008,19.370208074918764,19.370404712909846,19.370490140503037,19.370621416461667,19.370744133134096,19.370797446280314,19.370849143956022,19.370914584585925,19.371018019123824,19.371027390400887,19.371089754450267,19.371138057163872,19.371172258997383,19.371202689493785,19.37121590974717,19.371230157271675,19.37125096916926,19.371277009715264,19.371290477882816],"times":[0.4312119483947754,0.4313528537750244,0.43149685859680176,0.43160390853881836,0.4317929744720459,0.4319419860839844,0.4321608543395996,0.43237781524658203,0.43256378173828125,0.4327387809753418,0.4329359531402588,0.43311381340026855,0.4336388111114502,0.43401479721069336,0.4342639446258545,0.43446898460388184,0.4345099925994873,0.434553861618042,0.4348568916320801,0.4352588653564453,0.435471773147583,0.4357759952545166,0.4359619617462158,0.4363429546356201,0.43668580055236816,0.4368720054626465,0.43720293045043945,0.4374818801879883,0.4376659393310547,0.4380168914794922,0.4382288455963135,0.43859386444091797,0.438809871673584,0.4391498565673828,0.4394838809967041,0.4398059844970703,0.44000792503356934,0.4403209686279297,0.4404869079589844,0.4407517910003662,0.44090890884399414,0.44121289253234863,0.4413578510284424,0.44144678115844727,0.4416937828063965,0.4418950080871582,0.4420008659362793,0.4422738552093506,0.44242095947265625,0.4426138401031494,0.44272494316101074,0.44304394721984863,0.44320082664489746,0.4436187744140625,0.4438648223876953,0.44400787353515625,0.44414687156677246,0.44434285163879395,0.4445037841796875,0.4448268413543701,0.44496679306030273,0.4452629089355469,0.44551777839660645,0.4456667900085449,0.44599294662475586,0.4462149143218994,0.4471399784088135,0.4473249912261963,0.44743895530700684,0.4475569725036621,0.44777798652648926,0.45006394386291504,0.45026278495788574,0.45067286491394043,0.45100998878479004,0.45137786865234375,0.45171284675598145,0.452117919921875,0.45247578620910645,0.45273590087890625,0.45296287536621094,0.4534878730773926,0.4564650058746338,0.45670080184936523,0.4570298194885254,0.45731186866760254,0.45755887031555176,0.45780086517333984,0.4579179286956787,0.4582338333129883,0.4584817886352539,0.4587399959564209,0.4589049816131592],"env":"Tiger","ubs":[87.19801910939043,87.19801910939043,77.873767190011,75.0496721778378,69.19133866226107,65.2740943775002,63.764604771930074,60.62140816263094,58.23062030345652,55.03726453712072,53.362129781483006,49.72860214302258,47.66851859372707,47.272361220691806,45.1299774070168,43.393105671950465,43.198019109390444,43.198019109390444,42.10628659922424,41.079081672827016,40.03619067141514,39.815306463835,38.84272739844522,38.39793583152955,37.2569784500902,36.16786175839724,35.607067643297306,35.18693244967531,34.60289448933909,34.097846187198485,33.90532187428466,33.508838230636336,31.81164941452878,31.19967441378154,30.89778428111913,29.652292718954044,29.067632776145885,28.695242079569145,28.350515107986887,28.00448587137555,27.733672674843383,27.500482592632935,26.424707275677115,26.344683235327448,26.05241119692217,25.900633381782214,25.683458733389646,25.4000853548158,24.624949202956557,24.50143534469104,24.380423584086444,24.3380737415018,23.816576051790115,23.58454224822754,23.090000780617423,22.67626886924496,22.55711915887938,22.39715646356428,22.261568986274206,22.22361280954217,21.795340255117495,21.70913696870148,21.46449255978044,21.088842430391292,21.06988521514056,20.903171940046633,20.70131568306426,20.589971114578432,20.518577718849947,20.514498761976302,20.43426499239396,20.38078772514328,20.132967612202947,20.132967612202947,20.025624000454464,19.98470063725842,19.93097918120195,19.909383406704805,19.872645145651237,19.83503461118017,19.82840853190271,19.81158510125681,19.77466901621847,19.68928043903704,19.68928043903704,19.677500973028714,19.650121187000213,19.624672471528836,19.604920628527832,19.59834519129138,19.588686920829545,19.573916296226052,19.547744070281045],"sim_r":null,"sim_rsigma":null,"solver":"SARSOP","env_full":"Tiger","final_lw":19.371290477882816,"timeout":false,"runtime":0.4589049816131592,"final_ub":19.547744070281045}