{"lbs":[-19.999999999999982,-19.999999999999982,-19.999999999999982,-17.247290390624986,-13.451405269784455,-12.065111712316863,-9.61074349795994,-6.318127517466565,-4.0929006598394455,-1.9830393416877399,-1.48420616416109,0.11701398284355963,2.1564293033338027,3.738070388928033,5.100749472399691,6.807915811911625,7.94579535145139,8.411732111514823,9.357700145200461,10.278405333992323,10.678397359372173,11.644430509107796,11.801617318476863,12.289590050529018,13.00614421489782,13.529440009022904,14.130062400466489,14.618338470678243,15.02941972608593,15.420137365775531,15.589881103460069,16.011958995667023,16.134215802526576,16.322129104043917,16.640302409033833,16.94688132947356,17.176926787421685,17.377240136267872,17.592057278411566,17.763749149704026,17.937470072891955,18.054850626293053,18.190470217455612,18.300383837447484,18.345007207321643,18.427916705241472,18.515601039190088,18.547579586630693,18.615955302018513,18.702531943596803,18.76484215932706,18.82118218176164,18.8661221399286,18.925815906827673,18.974611150221644,19.011708617859256,19.050590509786772,19.083556082578784,19.11632011872375,19.14502892595943,19.170756683892968,19.188516054249988,19.204775910177013,19.22439386390932,19.24131803797797,19.255996941291517,19.266323672046898,19.270570404562687,19.279339050832654,19.289819708129713,19.29898194841254,19.30721635026171,19.31288803456541,19.317586246779165,19.32403684670254,19.3291848117497,19.333136290398024,19.33660882125475,19.34081510735345,19.344122067115833,19.347277615962867,19.349976623634348,19.351908822998144,19.35360551720055,19.35554226821369,19.35707241742466,19.358782814779815,19.360155126575616,19.36144931828895],"times":[1.6108009815216064,1.6110360622406006,1.6113882064819336,1.6119780540466309,1.6120531558990479,1.6129541397094727,1.6140930652618408,1.6154541969299316,1.615610122680664,1.6157209873199463,1.6158101558685303,1.6159720420837402,1.6161291599273682,1.616204023361206,1.6163511276245117,1.6164929866790771,1.6167240142822266,1.617401123046875,1.6190152168273926,1.6191329956054688,1.619253158569336,1.619535207748413,1.6196041107177734,1.6197881698608398,1.619966983795166,1.6201519966125488,1.6202871799468994,1.6204659938812256,1.6205651760101318,1.6207590103149414,1.620880126953125,1.6211462020874023,1.621258020401001,1.6214540004730225,1.6216630935668945,1.6235551834106445,1.6237750053405762,1.6258971691131592,1.6261661052703857,1.6284911632537842,1.628770112991333,1.6290221214294434,1.6291921138763428,1.6294441223144531,1.6296391487121582,1.6297550201416016,1.6300060749053955,1.6301422119140625,1.630364179611206,1.6315112113952637,1.6316730976104736,1.631904125213623,1.6342899799346924,1.6345510482788086,1.6356620788574219,1.635871171951294,1.6361980438232422,1.6364941596984863,1.6375792026519775,1.6379411220550537,1.6390111446380615,1.6391961574554443,1.6394431591033936,1.6398351192474365,1.6409051418304443,1.641355037689209,1.6416070461273193,1.6418201923370361,1.6423029899597168,1.643381118774414,1.6439201831817627,1.6449921131134033,1.6451611518859863,1.647848129272461,1.6491611003875732,1.6497981548309326,1.6500701904296875,1.6529490947723389,1.6536850929260254,1.6549220085144043,1.6557221412658691,1.656947135925293,1.6571011543273926,1.6579229831695557,1.658191204071045,1.6594741344451904,1.6602962017059326,1.6614410877227783,1.66231107711792],"env":"Tiger","ubs":[53.28451467325154,53.28451467325154,46.02907637684214,46.02892573449462,44.56113111366581,44.56113111365167,42.9357802585201,42.39696481723675,41.07714341273376,40.14617375617024,39.29333442949662,39.08807375955675,39.06445467084261,38.82552856223905,37.54263456442675,37.331669327706315,36.960920961437026,36.93803932745254,35.77039462730117,34.38239066133201,34.38239066133201,33.27114219295599,32.98355633940143,32.98355633940143,32.595751212513946,32.57453586916263,32.313340663148054,31.489633894053583,31.05950779752755,30.49476196529072,30.156541856042267,29.815571661914944,29.672433485710172,29.077879577231982,28.94235743230471,28.858348493434413,27.824658872227033,27.824658872227033,26.889151945952918,26.889151945952918,26.057274563150287,25.732799136267694,25.6489505635806,25.601965231355116,25.494759169705873,24.772653140716688,24.43196819319335,24.35433555699436,24.05267107173215,23.969823635031688,23.55337001683868,23.23266643161967,23.152933925749696,22.978757859565636,22.743443337346047,22.301542841584556,22.301542841584556,21.98668224980862,21.76075965654189,21.487755937524863,21.273440743831756,21.068876871904045,21.004943183894625,20.974122617778864,20.779047886481944,20.640863454916918,20.50264184980447,20.502636917191268,20.410157163010037,20.311418362835184,20.207768265245164,20.12124834404318,20.04136552353446,20.04136552353446,19.989262757939464,19.916514757763764,19.861996533710972,19.861996530249336,19.805074901442154,19.761356701601905,19.719350996549537,19.682951135039197,19.64992140092035,19.64992140092035,19.61991547255215,19.619915472549543,19.592370129326227,19.569565963304953,19.54842954193203],"sim_r":null,"sim_rsigma":null,"solver":"BIB-SARSOP","env_full":"Tiger","final_lw":19.36144931828895,"timeout":false,"runtime":1.66231107711792,"final_ub":19.54842954193203}