{"lbs":[0.475,0.475,0.475,0.475,0.475],"times":[3.1629350185394287,3.162973165512085,3.1629791259765625,3.16298508644104,3.162986993789673],"env":"ABC","ubs":[0.583015000000044,0.583015000000044,0.583015000000044,0.583015000000044,0.475],"sim_r":0.47642499999999727,"sim_rsigma":0.47502161416970506,"solver":"BIB-SARSOP","env_full":"ABCModel","final_lw":0.475,"timeout":false,"runtime":3.162986993789673,"final_ub":0.475}