{"env_full":"Frozen Lake (10)","timeout":false,"ubs":[0.5193082878723654,0.5193082878723654,0.5193082878723654,0.5172834534322449,0.5152586189921243,0.511924843553953,0.5116894949806374,0.511197684012143,0.5111976328780851,0.5111976328780851,0.5111976327308196,0.510428417129996,0.5102457283924042,0.5096655776146675,0.5092145661561862,0.5090781996719135,0.5087225304893516,0.5085515973878663,0.5084358234297216,0.5084009481197675,0.508161623989979,0.5078552054773438,0.5077413299781732,0.5077357635399562,0.507505961852937,0.5045482267421139,0.5043307953565846,0.5038858573282756,0.5038602997568696,0.503240575942594,0.5031248061280484,0.5028233818885042,0.502244576419342,0.5015494995796094,0.5014623721139019,0.5013390084639529,0.5012161872522544,0.5005353965125422,0.5003529047128111,0.500263670626256,0.5001693070539106,0.4996067241103984,0.49955886534447025,0.49912843889562897,0.49912843889562897,0.49912843889562897,0.49838484936096783,0.49777359953277733,0.49720631963833406,0.49636199972691497,0.49630404848001297,0.4962652933658147,0.4962652933658147,0.49625504372559615,0.4962523774049278,0.4962520736423426,0.49625205774336456,0.4962082397417995,0.495509699653647,0.4953873030253892,0.4953276417556041,0.4953201511962679,0.4953088819971086,0.4953086652116739,0.49530866402553836,0.49530866402246027,0.4952849527103171,0.49526355521377013,0.49526349976245615,0.49526349961916755,0.49526349961916755,0.49524797147335514,0.4948593014461547,0.4946427102851021,0.4945135074989399,0.49449383330986213,0.4939043112729223,0.4937590781483281,0.49375603693356174,0.49375331243792087,0.49374451224323634,0.49373186171130273,0.49372237118046874,0.4937119503693199,0.49352687097951975,0.4935049550142275,0.4934829696767996,0.4934727781630346,0.49346857340138817,0.49342863475237925,0.4933428734787471,0.4933428734787471,0.4933428734787471,0.49332873931495225,0.4933079450639306,0.4932400758329858,0.4931998317944993,0.49319537968868193],"runtime":3.515594005584717,"solver":"SARSOP","final_ub":0.49319537968868193,"lbs":[0.0,0.2458904902395387,0.3069126355525853,0.3573297485386304,0.3687302414420745,0.3827680420839791,0.39568737118045516,0.399435794485184,0.4011094346808031,0.40112422064598285,0.40419861399670987,0.4056918768020055,0.40573709502560756,0.4099088300236137,0.41159838995575193,0.41497036576094676,0.4181625088192814,0.42030692681500786,0.42030692681500786,0.42512512084989357,0.4260554191291235,0.42946298010439043,0.4406714792360779,0.44226710751577625,0.44718192085886377,0.4511054791442137,0.4511194876453951,0.459974801187796,0.4605746254911242,0.4618159812593139,0.4618159812593139,0.4645515931791953,0.4645515931791953,0.4662417797621563,0.4701868133938148,0.4701868133938148,0.4710008222720261,0.4710008222720261,0.47119414938060133,0.47180384842626916,0.4743804622323257,0.4743804622323257,0.4743804622323257,0.47508072864750067,0.47700736931829746,0.4781737896105068,0.4781737896105068,0.47853687981232834,0.478813904631728,0.4788207582410607,0.4788262945652621,0.4788269252951558,0.4788269583076503,0.4788269591162991,0.47912346693165103,0.4793146685331318,0.47968135276611906,0.48243485839212225,0.4830445510510942,0.48304510560055297,0.48304510560055297,0.48304510704055176,0.4832256392881455,0.48327518704710587,0.48327521602782864,0.4833601722887865,0.48347289005473815,0.48354281486615325,0.4840371149814421,0.484215176340923,0.4848409271350974,0.4854382034170354,0.48563307349819484,0.48563307349819484,0.4856953581496977,0.48583131853709666,0.48594002311113904,0.4860109673425976,0.48604329467079277,0.4860536893663353,0.48634356464447004,0.4864295498802818,0.4866078768724712,0.4866078768724712,0.48664749805617535,0.4866477142486867,0.48664790026062144,0.4866541254981614,0.48669661632854844,0.4872209883733246,0.4872209883733246,0.4872209883733246,0.4872209883733246,0.487345526733959,0.4873506372140769,0.48737289701694964,0.48778112401916507,0.48833598052610805],"env":"FrozenLake10","times":[2.0204780101776123,2.0244548320770264,2.0266449451446533,2.032406806945801,2.037632942199707,2.04306697845459,2.0931899547576904,2.0990359783172607,2.110729932785034,2.124321937561035,2.1355128288269043,2.1479978561401367,2.165475845336914,2.180393934249878,2.188292980194092,2.2042768001556396,2.2169888019561768,2.2280519008636475,2.2328429222106934,2.2527859210968018,2.2594118118286133,2.270059823989868,2.282395839691162,2.2980828285217285,2.302452802658081,2.323025941848755,2.328089952468872,2.4549269676208496,2.476651906967163,2.4796547889709473,2.485275983810425,2.5066699981689453,2.512852907180786,2.549142837524414,2.559391975402832,2.561492919921875,2.570272922515869,2.5723838806152344,2.5796258449554443,2.616868019104004,2.626030921936035,2.627699851989746,2.636382818222046,2.638134002685547,2.659317970275879,2.6968138217926025,2.7000269889831543,2.704535961151123,2.712707996368408,2.7166388034820557,2.722221851348877,2.728404998779297,2.7354519367218018,2.7432029247283936,2.7804408073425293,2.795097827911377,2.807642936706543,2.8189878463745117,2.8281638622283936,2.83833384513855,2.843080997467041,2.875302791595459,2.8948450088500977,2.9200258255004883,2.937809944152832,2.953981876373291,2.99442195892334,3.0097098350524902,3.0238168239593506,3.039355993270874,3.045884847640991,3.064279794692993,3.085899829864502,3.1215078830718994,3.135906934738159,3.138108968734741,3.1503539085388184,3.1669809818267822,3.182875871658325,3.2049288749694824,3.213239908218384,3.2667839527130127,3.2935218811035156,3.2982518672943115,3.3154489994049072,3.3309388160705566,3.3481569290161133,3.3600239753723145,3.401962995529175,3.4045839309692383,3.406024932861328,3.4074418544769287,3.453967809677124,3.4618988037109375,3.4737799167633057,3.4901928901672363,3.508476972579956,3.515594005584717],"final_lw":0.48833598052610805}