{"lbs":[0.008857506748021169,0.2547154508528647,0.31108465916001665,0.35881212692931364,0.36062156888096536,0.36821008825911433,0.374828421133826,0.3759326000769253,0.38081441945581057,0.38081441945581057,0.38229678412090295,0.38229678412090295,0.38229678412090295,0.38229678412090295,0.38229678412090295,0.38467230879927733,0.38467230879927733,0.38496644013357717,0.3855433701307945,0.3855433701307945,0.3855433701307945,0.3855433701307945,0.3861030190156812,0.3861030190156812,0.38613954817123497],"times":[0.11343598365783691,0.14046907424926758,0.14063787460327148,0.14086008071899414,0.14095807075500488,0.1411600112915039,0.14137506484985352,0.14147591590881348,0.1415400505065918,0.14168190956115723,0.14194703102111816,0.14202308654785156,0.1421520709991455,0.14241909980773926,0.14249205589294434,0.14283490180969238,0.14287209510803223,0.14314699172973633,0.14343810081481934,0.14358901977539062,0.14394807815551758,0.14409589767456055,0.1444258689880371,0.14447402954101562,0.14461088180541992],"env":"FrozenLake4","ubs":[0.4353366579608336,0.4353366579608336,0.42792130253819116,0.4173382627903971,0.4058560015843881,0.40406982506279193,0.4032121193515945,0.40313471141115886,0.4031271173771599,0.3985477306806039,0.3975001838000925,0.3975001838000925,0.3961195961429049,0.3960628991844675,0.3956298863236942,0.3948469944867454,0.3928948149801516,0.39146419887690065,0.3904779991149054,0.3904199926271856,0.39016953927929565,0.39014693586464866,0.3901448434268177,0.3901133323572159,0.38974697712483697],"sim_r":null,"sim_rsigma":null,"solver":"SARSOP","env_full":"Frozen Lake (4)","final_lw":0.38613954817123497,"timeout":false,"runtime":0.14461088180541992,"final_ub":0.38974697712483697}