{"env_full":"Tiger","timeout":false,"ubs":[219.58003550816255,219.58003550816255,209.59754625180076,208.7086243888396,208.27380448915022,207.61249361627551,204.3357604283659,202.81272709405903,202.62217757617861,199.51337260841757,196.94339288274972,196.3432937368696,195.84548553812152,194.02082479878177,190.22386293541828,189.25765388185005,186.66926774935038,183.9286077699286,182.34778524162127,182.00191421968594,178.85726485833248,176.12825004430766,175.26455228012247,174.82646558060839,172.12253884928825,170.15533636101685,170.15533636101685,168.8120816628506,167.18441774435132,165.62156109901366,163.49159866038485,161.11610884961448,159.1005009386422,157.14045472955422,152.49853449249184,150.92117719718928,149.38787204728993,148.95524229625,146.99495746084938,145.3152403777198,143.61314033698577,142.3920929172578,141.38270104069136,140.29239372155075,139.1659536442984,138.08892906168683,137.01106091900738,136.2086009173866,135.55615390201575,134.04782426809334,131.91489770053408,131.3482423494927,130.67758033162448,130.09225294047502,128.58564551489718,128.58564551489718,128.20130563335942,125.69808421533911,124.48390571105442,124.31060627421029,123.11404900558185,121.40361081274375,121.40361081274375,120.55839475173825,119.78941586764938,118.37066307558459,117.4313838590638,117.13466570173532,115.75780660756882,115.5222321784344,115.1657699872568,113.88185443405351,113.29998428082904,112.96970218696092,112.84138259241121,112.78868735289029,112.72933152363484,112.68142858163618,112.47888128809112,112.41709870810196,112.24982316480131,111.51318954970046,110.86764594960009,110.7380662999906,110.6840629245705,110.67558743878263,110.19248979328516,109.67472199300082,109.49634649042565,109.4424816123886,109.34801776737379,109.21345731009849,108.77593817667452,108.44620792616925,108.43154792094589,108.0808141506848,107.84098464120103,107.7850037076489,107.75237990715725,107.50058089870015,107.45586570038498,107.25305504428589,107.20885293750455,107.02613316960854],"runtime":8.464396953582764,"solver":"EBIB-SARSOP","final_ub":107.02613316960854,"lbs":[-99.99999999999991,-67.73861952549163,-64.36705941892,-61.082230909623505,-55.90036830288557,-46.653051917855436,-39.838636120606296,-35.9515588268594,-28.027347310601215,-20.147461893334654,-16.403536789046292,-13.899605986192926,-7.34964450878367,-0.5341794358820007,3.8072791794410454,11.039157520999861,16.30929529406454,20.247395297490556,22.866173792476058,27.483042592304393,31.880731306533654,35.072329336596816,37.69691859512602,42.67648255746812,47.64288561884486,48.21049882654888,49.50900006216158,51.946388282656976,54.57168533871915,57.26194126357093,59.875960189635364,62.284650952962764,64.51040958160681,70.48637571702963,72.34743450483064,74.08658730490409,75.36299698481699,78.32646898966127,80.39227330224605,82.9198438610781,84.01802362686368,85.06042128906496,86.05382300277338,87.0154752374064,87.97234269082202,88.82494037369287,89.64074575187482,90.32443760350962,91.996566665538,93.82264736781934,94.32428763843163,94.88477840588175,95.34573154632906,96.53887016396399,96.5929230247836,96.90242015299054,98.98058896983073,99.88869328039168,100.01460544549658,100.79750630438522,101.84669102939566,101.8713215911383,102.28078646581125,102.6974610614022,103.40831907883748,103.77626462630296,103.92203751291366,104.39303450859808,104.4885853409107,104.60544626824823,104.94478739346124,105.08726496154651,105.19402232808045,105.22665879065684,105.23443320410954,105.25408901895157,105.28578735131804,105.32454134895869,105.34852779664877,105.38718684277916,105.55981847401193,105.67893629680553,105.69851873939467,105.71084812270244,105.71759452575809,105.78872677426924,105.85968002744553,105.88185656676094,105.88990289690777,105.90094913415203,105.91814978393973,105.96226525470504,105.99059111427397,105.99165299889572,106.01965449890845,106.03497578627243,106.03731128652171,106.0384005751543,106.05163509111914,106.05397967510528,106.06367187591093,106.06567817582521,106.07317539645737,106.07391831798935],"env":"Tiger","times":[5.152133941650391,5.152598857879639,5.15346097946167,5.154752016067505,5.156430959701538,5.158534049987793,5.1610798835754395,5.1642069816589355,5.167421817779541,5.1709840297698975,5.175487041473389,5.180182933807373,5.1848859786987305,5.1900529861450195,5.1963050365448,5.20243501663208,5.208772897720337,5.216794967651367,5.226330995559692,5.235030889511108,5.242970943450928,5.2548439502716064,5.2679829597473145,5.280328989028931,5.294375896453857,5.312794923782349,5.333621978759766,5.352658033370972,5.37665581703186,5.398515939712524,5.418429851531982,5.439306020736694,5.465368032455444,5.486600875854492,5.512228965759277,5.5422070026397705,5.593271017074585,5.650686979293823,5.710502862930298,5.780066967010498,5.853396892547607,5.939956903457642,6.03399395942688,6.133728981018066,6.24146294593811,6.359256982803345,6.4846508502960205,6.61387300491333,6.649413824081421,6.681941986083984,6.8148720264434814,6.952967882156372,6.990133047103882,7.021697998046875,7.023566961288452,7.051710844039917,7.092672824859619,7.1237218379974365,7.127112865447998,7.152936935424805,7.193107843399048,7.194972038269043,7.214059829711914,7.242332935333252,7.278688907623291,7.3064539432525635,7.322295904159546,7.36351203918457,7.372740030288696,7.3901379108428955,7.434569835662842,7.458974838256836,7.477334976196289,7.480633020401001,7.482627868652344,7.486955881118774,7.49146294593811,7.50223183631897,7.779049873352051,7.784657001495361,7.825799942016602,7.862721920013428,7.867240905761719,7.871345043182373,7.8747239112854,7.900943994522095,7.938001871109009,7.952963829040527,7.956811904907227,7.962057828903198,7.9727208614349365,8.013245820999146,8.04363203048706,8.046686887741089,8.088733911514282,8.12087082862854,8.12696385383606,8.13073182106018,8.172539949417114,8.178635835647583,8.216452836990356,8.222995042800903,8.460011005401611,8.464396953582764],"final_lw":106.07391831798935}