{"env_full":"Tiger","timeout":false,"ubs":[87.0980496426884,79.64250091375689,77.7850273555729,71.32599975213813,65.91217045739238,62.006029243533526,59.96106271366755,57.06870662768407,55.4414178535221,53.88908473452217,52.517817909020835,51.02631826032139,50.54622534821935,49.67109565821788,48.123128504352906,45.547431965291516,42.825585161327396,41.71268848485745,41.71268848485745,41.47998943026404,39.730057148373966,38.7518466884913,37.64496305325527,36.89856708520789,35.299325217354315,34.96636882838962,34.53235833525387,34.10848448658032,34.03142037630419,33.6502651931192,33.54594426109392,33.26448264844994,33.130139652225886,32.369188889892996,31.286205526564714,30.19554989292488,30.19554989292488,29.667043363283767,29.400579938222428,29.07487303010172,28.36420005701008,27.906054890034213,26.554395312827438,26.205348979282434,26.205348979282434,25.942595078723386,25.942595078723386,25.7885220493838,25.6992728707542,25.009188831517406,24.965208388949335,24.303615985722757,24.070248519778133,23.510108404294556,23.074306018498092,22.625960311173486,22.625960311173486,22.344125901144906,22.151077102330035,21.854327784820498,21.56195082877828,21.56195082877828,21.302327435395142,20.778602125825813,20.778602125825813,20.631591323060576,20.535278960275605,20.535278960275605,20.450255455318626,20.15451273397605,20.15451273397605,20.15451273397605,20.061618910846974,19.97993985745839,19.89801091752912,19.85896541649433,19.82776398084772,19.776960498553365,19.74821388668755,19.71169009858862,19.692487112846536,19.67846599683142,19.63307658437421,19.63201807021116,19.595094876652396,19.582588501333078,19.543141377126418],"runtime":0.5020809173583984,"solver":"SARSOP","final_ub":19.543141377126418,"lbs":[-19.999999999999982,-10.77798724525706,-7.964090794870497,-2.3801147957169526,2.456059806810483,5.439583581473922,7.116861153013575,9.18033150839635,10.90601833733464,11.4227782966089,12.396988981573823,13.101630186207906,13.830992175048944,14.695094914192936,15.450765876039743,16.05741788508709,16.84495152800904,16.84495152800904,16.84495152800904,17.17148480013629,17.719554647369797,17.993247763433605,18.11215125736366,18.245227029929524,18.297096539215957,18.4477428436377,18.527579703831016,18.627711025944343,18.705179173230693,18.78233565321619,18.845039273136173,18.905800226057952,18.932197271408686,18.99476271309797,19.06558116255306,19.090305622506715,19.11641672604523,19.138501775907102,19.15944015797426,19.17813129807598,19.227779550514946,19.240074097376976,19.27216759967332,19.28095186391142,19.288990863309245,19.29629957773505,19.299474782482115,19.307521896591204,19.312397331315996,19.327594640288208,19.33140837518107,19.341156727789084,19.343835366765063,19.350538334160795,19.35238757607339,19.357007777788926,19.35828280170688,19.360330634263534,19.362047811021,19.36426573349904,19.365474825349466,19.36600010434649,19.36717975853736,19.368482175183992,19.368712023415185,19.369455718508227,19.3695535714146,19.36974901373528,19.369876433188686,19.37033950053887,19.370453822484382,19.370503488617565,19.370670229891168,19.37080917889829,19.370955686618515,19.370982690671045,19.37102970776013,19.37109793050069,19.37113591972087,19.371183853857254,19.37119439340276,19.37119897221279,19.371232611868095,19.371246362111783,19.371282024852178,19.371285931240664,19.371308922543886],"env":"Tiger","times":[0.48806190490722656,0.4881129264831543,0.48816609382629395,0.48821091651916504,0.48829102516174316,0.4883699417114258,0.48846888542175293,0.4885749816894531,0.4886748790740967,0.4887728691101074,0.48896193504333496,0.489077091217041,0.48918890953063965,0.4892890453338623,0.48940086364746094,0.4895460605621338,0.48966097831726074,0.48967790603637695,0.4896969795227051,0.48982691764831543,0.4899940490722656,0.4901258945465088,0.49016809463500977,0.4902980327606201,0.49041104316711426,0.4906730651855469,0.49088287353515625,0.4910259246826172,0.4912109375,0.49136805534362793,0.49152302742004395,0.4917280673980713,0.49187493324279785,0.4920210838317871,0.49217796325683594,0.49228906631469727,0.4923989772796631,0.49254393577575684,0.4926440715789795,0.4927799701690674,0.4929468631744385,0.49306201934814453,0.4932088851928711,0.49332499504089355,0.4934060573577881,0.4935319423675537,0.4936490058898926,0.4937310218811035,0.4938220977783203,0.4939849376678467,0.4940659999847412,0.49422597885131836,0.4943079948425293,0.4944489002227783,0.4945030212402344,0.4946610927581787,0.4947350025177002,0.49482297897338867,0.49521589279174805,0.4953880310058594,0.4955110549926758,0.4955899715423584,0.49576497077941895,0.4968750476837158,0.49700307846069336,0.4972078800201416,0.4972720146179199,0.49737000465393066,0.4974398612976074,0.4987649917602539,0.4989330768585205,0.4990410804748535,0.49925899505615234,0.4995129108428955,0.4997260570526123,0.4999570846557617,0.5000948905944824,0.5002820491790771,0.5004229545593262,0.5007588863372803,0.500891923904419,0.501007080078125,0.5012950897216797,0.5013959407806396,0.5016300678253174,0.5017659664154053,0.5020809173583984],"final_lw":19.371308922543886}