{"env_full":"Frozen Lake (4)","timeout":false,"ubs":[0.9279545788498255,0.9279545788498255,0.927954576607229,0.9279545752688332,0.9279545752688332,0.9279545743913129,0.92795457339927,0.9279545724268716,0.9279545724268716,0.9279545724268716],"runtime":7.825115919113159,"solver":"EBIB-SARSOP","final_ub":0.9279545724268716,"lbs":[0.0,0.5672034262109531,0.7901860528299047,0.8300032357446755,0.8690319595929166,0.882053633385248,0.8948174522509986,0.905983869833351,0.9169291702358546,0.919204918654105],"env":"FrozenLake4","times":[7.681452989578247,7.684356927871704,7.6872570514678955,7.708585977554321,7.720676898956299,7.733228921890259,7.746861934661865,7.799193859100342,7.81535005569458,7.825115919113159],"final_lw":0.919204918654105}