{"lbs":[-99.99999999999991,-67.73861952549163,-64.36705941892,-61.082230909623505,-43.17050757275619,-38.819880276636795,-34.65505807966653,-29.825742861057684,-25.096176021909912,-18.83686847417811,-11.604786436317333,-6.609387434817862,-3.986361519684344,1.8713683568495432,7.610316181416479,11.953423573165134,15.436169259298655,18.756131952663644,22.73507125101323,26.295804166944244,31.02648385681815,35.45779826272652,38.49248695878153,40.99093781512684,45.70361217983815,47.78363167963563,49.64925742381733,54.5236189639683,55.92331843927495,58.44444827893198,60.91934323947954,63.21529186638429,65.4258997948954,67.57320433165762,69.49295811704064,71.29357293733165,75.41664469129219,76.99736485551522,78.49717250573676,79.91966945382589,81.23015093796775,84.16328369612597,85.26015661203044,86.30377832849123,87.32433143384597,88.26368277340748,89.1568485752762,90.42979645969776,91.13251845230904,92.21098283710577,93.81780554216547,94.37362936284607,94.44601432865225,95.73615705873456,96.88283142384533,98.2962185512068,99.74354074828844,100.01360577162781,100.0473538396231,100.30386787857881,100.7758948678024,101.76416347378252,102.12909105245325,103.10133408847078,103.56642505880758,103.9583252469047,104.00378700799024,104.11539707409773,104.31168904094437,104.52622880876001,104.80133714304787,104.82785207748155,104.9400163345685,104.96100055427192,104.98166897609475,105.23023020512038,105.25855649959212,105.31205468335867,105.38746475817106,105.44815859717542,105.61162165172948,105.65124693459313,105.6808710222011,105.69682910209654,105.78658414917116,105.81377122747641,105.88695078099943,105.8968566460652,105.90304174925598,105.92130119705291,105.92786465936517,105.97229526159984,105.99465292918208,105.99630900117832,106.01398715986429,106.01863328391042,106.03937915958147,106.05064844685641,106.05423613599322,106.05580993957938,106.05657543627055,106.06724012593571,106.06827633388022,106.07025163863798,106.07251496838407,106.0738490136858,106.07604456769475,106.07702491633216],"times":[4.9797751903533936,4.980272054672241,4.9811320304870605,4.982446193695068,4.984096050262451,4.986241102218628,4.98885703086853,4.991732120513916,4.995061159133911,4.998581171035767,5.002533197402954,5.007110118865967,5.0126471519470215,5.01790714263916,5.023149013519287,5.030144214630127,5.037976026535034,5.0461671352386475,5.054311990737915,5.062164068222046,5.0699992179870605,5.078013181686401,5.089832067489624,5.102879047393799,5.114903211593628,5.1302971839904785,5.147515058517456,5.161259174346924,5.180570125579834,5.20120906829834,5.218682050704956,5.2352800369262695,5.254890203475952,5.273097038269043,5.308172225952148,5.3346030712127686,5.354434013366699,5.382728099822998,5.434067010879517,5.475867033004761,5.538985013961792,5.566230058670044,5.640916109085083,5.724720001220703,5.813868045806885,5.912071228027344,6.011918067932129,6.116443157196045,6.22698712348938,6.336412191390991,6.36212420463562,6.479497194290161,6.481129169464111,6.506379127502441,6.52933406829834,6.5485711097717285,6.577599048614502,6.591284990310669,6.59247899055481,6.60872220993042,6.623218059539795,6.646842002868652,6.660210132598877,6.6896281242370605,6.709132194519043,6.730223178863525,6.7326860427856445,6.740521192550659,6.756477117538452,6.770487070083618,6.79275107383728,6.795206069946289,6.808695077896118,6.812315225601196,6.813769102096558,6.838820219039917,6.841379165649414,6.852569103240967,6.863229036331177,6.873733997344971,6.900912046432495,6.909734010696411,6.916933059692383,6.919903039932251,6.945940017700195,6.952994108200073,6.983926057815552,6.9872519969940186,6.996653079986572,7.007201194763184,7.010131120681763,7.040821075439453,7.064087152481079,7.06684422492981,7.086152076721191,7.090126991271973,7.121348142623901,7.14604115486145,7.155367136001587,7.163495063781738,7.166238069534302,7.198966026306152,7.201966047286987,7.207118034362793,7.2131922245025635,7.21743106842041,7.22632622718811,7.2303290367126465],"env":"Tiger","ubs":[220.59741076627353,220.59741076627353,210.55442233991803,209.65894951072318,209.2213218671244,205.03880812455893,203.99337316258146,203.57080133820378,202.48131540537437,201.2371935051897,198.94610660290488,195.24178561919553,193.9240841434767,193.6380441846648,190.4099676072019,187.55222240475052,186.75443962470598,186.06319843343215,184.57913312954975,182.96216408076623,180.9509036799664,177.23120303174068,174.18681992123055,173.40928194730645,172.91464678269546,171.1727116191278,171.1727116191278,168.33810936658566,166.02420017384424,165.23045070729165,163.4713444449282,161.3182942150725,159.4053109285589,157.3243519599866,154.8313046323559,153.29086324485849,151.62124461095638,148.56426395516107,146.80362921113868,145.08718177091112,143.5509593134562,142.3169647810687,139.84735079280495,138.56990150479635,137.38062731608125,136.23288051392973,135.14843070210435,134.16896939417495,133.111048584204,132.44040230931557,131.3820711435088,129.7480853483171,129.18356025697187,129.18356025697187,127.90552699863554,126.63070766704655,124.98865293798198,123.10562145110518,122.60979532367907,122.60979532367907,122.37619477719679,121.65945274611678,120.26674228604176,119.64960678647557,118.01425707625336,117.09548690298936,116.24675602196439,116.18205605247249,115.89800838618879,115.45733814636546,114.9903590665183,114.12414520601968,114.09918146980246,113.7508801589753,113.66745058278099,113.60037583886647,112.81140323509723,112.70547869745968,112.47450730065978,112.22097078841803,111.96964731313614,111.1564011840787,110.94318456890096,110.77278804562079,110.74396123410853,110.12895300288048,109.96837993442495,109.45265742293114,109.36107217964245,109.32324726219332,109.136607714326,109.11061512996997,108.66113385676022,108.36645661457393,108.35240206200606,108.14024471741979,108.09213028917162,107.79991534693669,107.58779938553636,107.52165979895045,107.50232762538062,107.49091465473981,107.28127580718852,107.26761003659266,107.22583142796411,107.17520054094561,107.14571738031424,107.08923683114543],"sim_r":106.13181335840083,"sim_rsigma":69.57657088536254,"solver":"EBIB-SARSOP","env_full":"Tiger","final_lw":106.07702491633216,"timeout":false,"runtime":7.2303290367126465,"final_ub":107.08923683114543}