{"env_full":"SparseHallway1","timeout":true,"ubs":[1.4975268973671148],"runtime":0.6111941337585449,"solver":"SARSOP","final_ub":1.4975268973671148,"lbs":[0.012833374914155232],"env":"SparseHallway1","times":[0.6111941337585449],"final_lw":0.012833374914155232}