{"env_full":"Tiger","timeout":false,"ubs":[87.0980496426884,87.0980496426884,77.7850273555729,74.96384962803327,69.11551472328358,65.20293138241749,63.69583721575489,60.553674081385424,58.16579488382939,54.977393633100014,53.303557119029115,49.670463393602105,47.61170680028883,47.21565800727421,45.079343429972624,43.344933302072505,43.098049642688395,43.098049642688395,42.05859894891342,41.03231875432478,39.98688130805309,39.76509076194278,38.79304542337637,38.34784697876228,37.21119109623629,36.120906701005964,35.55960358670532,35.13962953595542,34.55605477821081,34.051019119074226,33.8586028612615,33.46512445176,31.770374824228988,31.162178200963258,30.85935260400504,29.6118869905332,29.030051053037223,28.661239377841696,28.31508173319656,27.970218370864444,27.699357373049356,27.462628467654664,26.389767408134,26.310101596747103,26.017203823360763,25.863718760301026,25.64631944763036,25.36644435046266,24.594656724516817,24.46851297789139,24.344541855466105,23.781465206379842,23.54911624646197,23.448742174253802,23.028258450777283,22.830442954047836,22.725066320654754,22.665770284263264,22.173243631713703,22.0025149473418,21.548072810375324,21.367994551439246,20.959334213701432,20.959334213701432,20.83752154968447,20.56530651404341,20.526935503613153,20.470454559448655,20.372671613252795,20.36447991617113,20.329802155055724,20.174712924715678,20.14568359822497,20.13668980840027,20.087782476773825,19.928520273816076,19.928520273816076,19.834661127545488,19.818131689704806,19.765333340867834,19.763507018849477,19.740760901720805,19.692015241352852,19.651068094720102,19.59641440441671,19.59641440441671,19.59387101553806,19.590787027134766,19.58692307460464,19.57829672518038,19.535711662459697],"runtime":0.48430395126342773,"solver":"SARSOP","final_ub":19.535711662459697,"lbs":[-19.999999999999982,-10.77798724525706,-7.964090794870497,-2.3801147957169526,0.8750254055571952,3.875001037597943,6.493587538494678,8.696777308670935,10.288639595753715,11.779996345025335,13.056839886144147,13.448780834121548,14.173769132049966,15.014506352427624,15.675270374782347,15.962333316120404,15.962333316120404,15.962333316120404,16.42461689655204,16.837414609466,16.99032565062901,17.342863956006365,17.562451843976124,17.861230264316262,18.115627860682935,18.16975747212914,18.319217774250767,18.368725995308377,18.478682186194554,18.547960054817302,18.625826667662288,18.816053899504666,18.863836231061576,18.90962429322019,18.9942522165638,19.023513191552638,19.05641114555717,19.083415528943046,19.109439556557376,19.13247726914644,19.15379169755579,19.206721451480675,19.221345327843103,19.227698538399878,19.24377616322922,19.250760941632855,19.263540288464817,19.289171562400206,19.296576577264716,19.303166095934905,19.3165339764483,19.32234153099093,19.326246799397687,19.336608765511013,19.33980298756618,19.342554081142872,19.345136969639707,19.351836474006774,19.35355506777279,19.357895661295373,19.358714900264474,19.361587995485454,19.361859523845073,19.362028734851748,19.363807054527072,19.364036691297024,19.365372301792632,19.36641057734805,19.366861646753726,19.367057609769205,19.368259734051325,19.36840670383997,19.368731182902273,19.3688721498903,19.369442287239846,19.36949276509882,19.370004725576067,19.370072087618812,19.370321418304925,19.370429737761953,19.37058583366709,19.37075469594439,19.370844812930272,19.370965787816836,19.370975088710694,19.370979129399736,19.370980884840474,19.371030929174026,19.371053433116533,19.371125537287888,19.37113174758716],"env":"Tiger","times":[0.40073299407958984,0.4008619785308838,0.4010019302368164,0.4011099338531494,0.40129804611206055,0.4014549255371094,0.4016730785369873,0.4019029140472412,0.402101993560791,0.40228700637817383,0.40249085426330566,0.40267205238342285,0.4545750617980957,0.45497608184814453,0.45523905754089355,0.45546889305114746,0.4555079936981201,0.4555530548095703,0.45586705207824707,0.4562840461730957,0.4565088748931885,0.456834077835083,0.4570329189300537,0.4574320316314697,0.4578080177307129,0.4580080509185791,0.45835399627685547,0.45865297317504883,0.45885300636291504,0.4592149257659912,0.45940589904785156,0.4597790241241455,0.4600028991699219,0.460345983505249,0.46068787574768066,0.4610109329223633,0.461245059967041,0.46157288551330566,0.4617609977722168,0.46204185485839844,0.46221494674682617,0.4625248908996582,0.4626798629760742,0.4627718925476074,0.46303701400756836,0.46325206756591797,0.46335792541503906,0.4636409282684326,0.46379804611206055,0.46399903297424316,0.4644298553466797,0.4645979404449463,0.4647388458251953,0.46509289741516113,0.46526288986206055,0.4654090404510498,0.4655890464782715,0.4659249782562256,0.466094970703125,0.4663569927215576,0.4666018486022949,0.4689309597015381,0.46918201446533203,0.4695749282836914,0.47008204460144043,0.4702739715576172,0.47162795066833496,0.47186899185180664,0.4720768928527832,0.4722778797149658,0.4727640151977539,0.473038911819458,0.4731910228729248,0.47334790229797363,0.4761660099029541,0.47645092010498047,0.47721290588378906,0.4776339530944824,0.47833704948425293,0.4786720275878906,0.4789609909057617,0.479503870010376,0.4798760414123535,0.4813690185546875,0.48163294792175293,0.481842041015625,0.4820098876953125,0.4823729991912842,0.4825019836425781,0.48404788970947266,0.48430395126342773],"final_lw":19.37113174758716}