{"env_full":"ABCModel","timeout":false,"ubs":[0.6598033200000002,0.6598033200000002,0.6598033200000002,0.6598033200000002,0.5029962539040307,0.5029962539040307,0.495],"runtime":2.029578924179077,"solver":"BIB-SARSOP","final_ub":0.495,"lbs":[0.495,0.495,0.495,0.495,0.495,0.495,0.495],"env":"ABC","times":[2.0295119285583496,2.0295498371124268,2.02956485748291,2.0295729637145996,2.029573917388916,2.0295779705047607,2.029578924179077],"final_lw":0.495}