{"env_full":"Tiger","timeout":false,"ubs":[220.59741076627353,220.59741076627353,210.55442233991803,209.65894951072318,209.2213218671244,205.03880812455893,203.99337316258146,203.57080133820378,202.48131540537437,201.2371935051897,198.94610660290488,195.24178561919553,193.9240841434767,193.6380441846648,190.4099676072019,187.55222240475052,186.75443962470598,186.06319843343215,184.57913312954975,182.96216408076623,180.9509036799664,177.23120303174068,174.18681992123055,173.40928194730645,172.91464678269546,171.1727116191278,171.1727116191278,168.33810936658566,166.02420017384424,165.23045070729165,163.4713444449282,161.3182942150725,159.4053109285589,157.3243519599866,154.8313046323559,153.29086324485849,151.62124461095638,148.56426395516107,146.80362921113868,145.08718177091112,143.5509593134562,142.3169647810687,139.84735079280495,138.56990150479635,137.38062731608125,136.23288051392973,135.14843070210435,134.16896939417495,133.111048584204,132.44040230931557,131.3820711435088,129.7480853483171,129.18356025697187,129.18356025697187,127.90552699863554,126.63070766704655,124.98865293798198,123.10562145110518,122.60979532367907,122.60979532367907,122.37619477719679,121.65945274611678,120.26674228604176,119.64960678647557,118.01425707625336,117.09548690298936,116.24675602196439,116.18205605247249,115.89800838618879,115.45733814636546,114.9903590665183,114.12414520601968,114.09918146980246,113.7508801589753,113.66745058278099,113.60037583886647,112.81140323509723,112.70547869745968,112.47450730065978,112.22097078841803,111.96964731313614,111.1564011840787,110.94318456890096,110.77278804562079,110.74396123410853,110.12895300288048,109.96837993442495,109.45265742293114,109.36107217964245,109.32324726219332,109.136607714326,109.11061512996997,108.66113385676022,108.36645661457393,108.35240206200606,108.14024471741979,108.09213028917162,107.79991534693669,107.58779938553636,107.52165979895045,107.50232762538062,107.49091465473981,107.28127580718852,107.26761003659266,107.22583142796411,107.17520054094561,107.14571738031424,107.08923683114543],"runtime":6.57620096206665,"solver":"EBIB-SARSOP","final_ub":107.08923683114543,"lbs":[-99.99999999999991,-67.73861952549163,-64.36705941892,-61.082230909623505,-43.17050757275619,-38.819880276636795,-34.65505807966653,-29.825742861057684,-25.096176021909912,-18.83686847417811,-11.604786436317333,-6.609387434817862,-3.986361519684344,1.8713683568495432,7.610316181416479,11.953423573165134,15.436169259298655,18.756131952663644,22.73507125101323,26.295804166944244,31.02648385681815,35.45779826272652,38.49248695878153,40.99093781512684,45.70361217983815,47.78363167963563,49.64925742381733,54.5236189639683,55.92331843927495,58.44444827893198,60.91934323947954,63.21529186638429,65.4258997948954,67.57320433165762,69.49295811704064,71.29357293733165,75.41664469129219,76.99736485551522,78.49717250573676,79.91966945382589,81.23015093796775,84.16328369612597,85.26015661203044,86.30377832849123,87.32433143384597,88.26368277340748,89.1568485752762,90.42979645969776,91.13251845230904,92.21098283710577,93.81780554216547,94.37362936284607,94.44601432865225,95.73615705873456,96.88283142384533,98.2962185512068,99.74354074828844,100.01360577162781,100.0473538396231,100.30386787857881,100.7758948678024,101.76416347378252,102.12909105245325,103.10133408847078,103.56642505880758,103.9583252469047,104.00378700799024,104.11539707409773,104.31168904094437,104.52622880876001,104.80133714304787,104.82785207748155,104.9400163345685,104.96100055427192,104.98166897609475,105.23023020512038,105.25855649959212,105.31205468335867,105.38746475817106,105.44815859717542,105.61162165172948,105.65124693459313,105.6808710222011,105.69682910209654,105.78658414917116,105.81377122747641,105.88695078099943,105.8968566460652,105.90304174925598,105.92130119705291,105.92786465936517,105.97229526159984,105.99465292918208,105.99630900117832,106.01398715986429,106.01863328391042,106.03937915958147,106.05064844685641,106.05423613599322,106.05580993957938,106.05657543627055,106.06724012593571,106.06827633388022,106.07025163863798,106.07251496838407,106.0738490136858,106.07604456769475,106.07702491633216],"env":"Tiger","times":[4.27068018913269,4.271142959594727,4.309401035308838,4.310666084289551,4.3122639656066895,4.314306974411011,4.316786050796509,4.319522142410278,4.322693109512329,4.326014995574951,4.329745054244995,4.334069013595581,4.33928108215332,4.344231128692627,4.349132061004639,4.355622053146362,4.362977981567383,4.370610952377319,4.378175973892212,4.385521173477173,4.392893075942993,4.400428056716919,4.411625146865845,4.423985004425049,4.43537712097168,4.449856996536255,4.465962171554565,4.478809118270874,4.497403144836426,4.518038988113403,4.535768985748291,4.552801132202148,4.5728840827941895,4.591452121734619,4.627140045166016,4.654033184051514,4.6739771366119385,4.702723026275635,4.754906177520752,4.797245979309082,4.861379146575928,4.889012098312378,4.964437961578369,5.048645973205566,5.139455080032349,5.238947153091431,5.341202974319458,5.448564052581787,5.5607781410217285,5.672688007354736,5.699120998382568,5.819740056991577,5.821280002593994,5.847165107727051,5.870471000671387,5.889934062957764,5.9192399978637695,5.932955026626587,5.934142112731934,5.950590133666992,5.96517014503479,5.989068031311035,6.0026021003723145,6.032555103302002,6.0524420738220215,6.073852062225342,6.0762779712677,6.084270000457764,6.100422143936157,6.1144890785217285,6.136973142623901,6.139425039291382,6.153086185455322,6.156738042831421,6.158194065093994,6.183547019958496,6.186042070388794,6.197191953659058,6.2078680992126465,6.218363046646118,6.245573997497559,6.254426002502441,6.261641979217529,6.264589071273804,6.290935039520264,6.2980101108551025,6.329416036605835,6.332719087600708,6.342148065567017,6.352697134017944,6.355563163757324,6.386145114898682,6.409502983093262,6.412196159362793,6.431539058685303,6.435461044311523,6.46694803237915,6.491682052612305,6.500977039337158,6.509145975112915,6.51192307472229,6.545071125030518,6.547944068908691,6.553115129470825,6.559170961380005,6.5634191036224365,6.572286128997803,6.57620096206665],"final_lw":106.07702491633216}