{"env_full":"K-out-of-N (3)","timeout":true,"ubs":[-1.5762175359648045],"runtime":4.979037046432495,"solver":"SARSOP","final_ub":-1.5762175359648045,"lbs":[-74.99999999999994],"env":"K-out-of-N3","times":[4.979037046432495],"final_lw":-74.99999999999994}