{"env_full":"RockSample ()","timeout":true,"ubs":[18.340299092828722],"runtime":4.670033931732178,"solver":"BIB-SARSOP","final_ub":18.340299092828722,"lbs":[8.1450625],"env":"RockSample5","times":[4.670033931732178],"final_lw":8.1450625}