{"env_full":"RockSample ()","timeout":false,"ubs":[23.47795521977625,23.47795521977625,23.47795521977625,23.47795521977625,23.466067844152498,23.456032796363747,23.454299342284987,23.454299342284987,23.454299342284987,23.454299342284987,23.44585159293942,23.442530840417476,23.43032673040451,23.41831928027951,23.36143059844796,23.322204624360626,23.297717945541415,23.291454049459187],"runtime":8.5781090259552,"solver":"BIB-SARSOP","final_ub":23.291454049459187,"lbs":[9.605960099999999,18.76926690427999,19.853952139149143,23.064728902885317,23.064728902885317,23.064728902885317,23.064728902885317,23.064728902885317,23.064728902885317,23.064728902885317,23.064728902885317,23.064728902885317,23.064728902885317,23.064728902885317,23.064728902885317,23.064728902885317,23.064728902885317,23.064728902885317],"env":"RockSample5","times":[8.57213282585144,8.572504997253418,8.572991847991943,8.573418855667114,8.573731899261475,8.574159860610962,8.57449197769165,8.574811935424805,8.575126886367798,8.575405836105347,8.575876951217651,8.576210975646973,8.576381921768188,8.576599836349487,8.577025890350342,8.577200889587402,8.577736854553223,8.5781090259552],"final_lw":23.064728902885317}