{"env_full":"Frozen Lake (10)","timeout":false,"ubs":[0.8792248633440128,0.8792248633440128,0.8792248633440128,0.8785369153288338,0.8778489673136548,0.8767404369054093,0.8763101375999017,0.8760283296745334,0.8759623859441422,0.8759623859441422,0.8759623859441422,0.8759290843602948,0.875904440355708,0.8758882000717491,0.8758801211404795,0.8758801211404795,0.8758801211404795,0.8758801211404795,0.8758556525518181,0.8756971166357356,0.8756638150518882,0.8756311729053445,0.875605576812387,0.8755718669633201,0.875563417059022,0.875563417059022,0.8755561174706274,0.8755485914566902,0.8755482278308198,0.8755482278308198,0.8755455068609753,0.8755448334200862,0.8755441733157782,0.8755415073936558,0.8755396742402984,0.8755378773869902,0.8755377140825812,0.8755333764464776,0.8754649749247966,0.8752751062115002,0.8752079389965804,0.8751287936021708,0.8750991947697044,0.8750679932564513,0.8750618276879641,0.8750553699979331,0.8750331457411443,0.8749987935454677,0.8749762006386029,0.8749615750753855,0.8749433235241709,0.874935537452968,0.8749257979282213,0.8749133865466098,0.874907740951904,0.8748962183740565,0.874887650301493,0.874887650301493,0.874883962923588,0.8748768090241809,0.8748733395751733,0.8748733395751733,0.8748733395751733,0.8748715298027501,0.8748654149276901,0.8748564479501063,0.8748497981719114,0.8748478073034799,0.8748457497632048,0.874842383387648,0.8748356076902788,0.8748356076902788,0.8747861164552314,0.8735712262713781,0.8734597116599206,0.8732490397947478,0.8732296975011448,0.8732195725638275,0.8732182179132185,0.8732105636843964,0.873112482947799,0.8730947766273858,0.8730947766273858,0.8730833118589367,0.8730723876994626,0.8730686435316617,0.8730667214143657,0.8730659294633623,0.8730654958400987,0.8728333947412353,0.8728199298046838,0.8725362374873545,0.8724858103780676,0.8724811662601806,0.8723184194915112,0.8723144929206859,0.8720718173801766,0.8720613778533793,0.8720370717331278],"runtime":94.67320013046265,"solver":"SARSOP","final_ub":0.8720370717331278,"lbs":[0.0,0.2855166819516088,0.30711855698932566,0.3120376728653727,0.31978889139355854,0.33376556310492894,0.40292406397172986,0.4079423459456928,0.4219759054340088,0.4222676275094989,0.42779799519595063,0.4355519142837401,0.468649478360495,0.5028935245976923,0.5274237460064348,0.5331175339367974,0.5405159172036946,0.5558893112703609,0.5642680394147849,0.5718060287276364,0.5794861022468311,0.5939312680881725,0.6085830468897536,0.6147341637446789,0.6384035551987305,0.674130432068897,0.6820962334181229,0.704381758324464,0.7117219924504762,0.7360697363495714,0.7613033767067817,0.7765427295903556,0.7913661098314055,0.7984581258366242,0.8022077894403637,0.8034071670402413,0.8034071670402413,0.8043914655514357,0.8043914655514357,0.8043914655514357,0.8043914655514357,0.8044984618261418,0.8056204366051437,0.8061651924446886,0.8073859392067486,0.8084851686816986,0.8091125524809043,0.809716293875112,0.8120364982781618,0.8128541730988609,0.8143626694837854,0.8147273449862258,0.8150893416282063,0.8156930788855196,0.8163242408431869,0.8165269087772183,0.8190730794029901,0.8201288516073466,0.8252034080439049,0.8276993801767845,0.8298243850561875,0.8303354818128584,0.8309640260193355,0.8310932650398796,0.8311532651578472,0.8312471929358963,0.831290398368893,0.8353356996292968,0.8402119006193499,0.8438027723264012,0.8458091876904771,0.8459502051448359,0.8461439239531193,0.8479729204173967,0.8492495067890768,0.8492495067890768,0.849762332301728,0.8499925226290692,0.8510481246251796,0.8510481246251796,0.8510481246251796,0.8530407671042812,0.8552433256012584,0.8552433256012584,0.8552433256012584,0.8553026858841424,0.8555991268887582,0.8567243686363173,0.8576531959005472,0.8579821489814697,0.8581548976580821,0.8581548976580821,0.8598091142698918,0.8612409811022895,0.8620735345868443,0.8631662512976443,0.8631662512976443,0.8631662512976443,0.8635961798484706],"env":"FrozenLake10","times":[3.961091995239258,4.0706541538238525,4.149526119232178,4.266613006591797,4.412776947021484,4.762228965759277,4.87116003036499,5.196367025375366,5.365916013717651,5.548788070678711,5.734657049179077,5.945600986480713,6.188863039016724,6.399197101593018,6.6083409786224365,6.744208097457886,6.933747053146362,7.101354122161865,7.313842058181763,7.531399965286255,7.962802171707153,8.210901021957397,8.555016040802002,8.757538080215454,9.415385961532593,9.665630102157593,10.001197099685669,10.342342138290405,10.780616044998169,11.082959175109863,11.334926128387451,11.829769134521484,12.745987176895142,15.219774007797241,15.956640005111694,16.549185037612915,17.786457061767578,18.46898102760315,19.146485090255737,20.40764594078064,20.977419137954712,21.463380098342896,21.93364906311035,23.046381950378418,23.704419136047363,24.365110158920288,24.812209129333496,26.1751389503479,26.63033103942871,27.41027808189392,27.932221174240112,28.44528102874756,29.989176988601685,30.483052015304565,30.973536014556885,31.613378047943115,32.324541091918945,32.95988917350769,34.99708914756775,35.86811304092407,36.88070011138916,37.477779150009155,38.178733110427856,38.829758167266846,41.17270612716675,41.79782700538635,42.49669313430786,43.22379112243652,43.80508208274841,51.982012033462524,53.45470404624939,60.9075231552124,62.74055004119873,71.02626705169678,71.93658995628357,72.29775595664978,72.74866008758545,73.2274820804596,73.65083599090576,73.7719841003418,75.51928997039795,77.45753717422485,78.339998960495,78.85606098175049,79.29991316795349,80.12038397789001,83.32133316993713,84.37894916534424,85.00258016586304,85.6830849647522,86.94168496131897,87.18314909934998,88.68403100967407,91.08206701278687,93.71570014953613,93.95799207687378,94.08919095993042,94.15366411209106,94.67320013046265],"final_lw":0.8635961798484706}