{"lbs":[0.008857506748021169,0.2547154508528647,0.31108465916001665,0.35881212692931364,0.36062156888096536,0.36821008825911433,0.374828421133826,0.3759326000769253,0.38081441945581057,0.38081441945581057,0.38229678412090295,0.38229678412090295,0.38229678412090295,0.38229678412090295,0.38229678412090295,0.38467230879927733,0.38467230879927733,0.38496644013357717,0.3855433701307945,0.3855433701307945,0.3855433701307945,0.3855433701307945,0.3861030190156812,0.3861030190156812,0.3862771698092195],"times":[0.5381488800048828,0.5384600162506104,0.5387167930603027,0.5390670299530029,0.5392270088195801,0.5395669937133789,0.5399048328399658,0.5400688648223877,0.5401628017425537,0.5404000282287598,0.5408298969268799,0.5409438610076904,0.5411579608917236,0.541579008102417,0.5416929721832275,0.5422549247741699,0.5423128604888916,0.5427520275115967,0.5432178974151611,0.5434439182281494,0.5440168380737305,0.5442299842834473,0.5447649955749512,0.5448389053344727,0.5454549789428711],"env":"FrozenLake4","ubs":[0.4353353349279467,0.4353353349279467,0.4279209255637829,0.41733652589600617,0.405855728840478,0.4040685681815493,0.40321119318154863,0.4031338150877985,0.403126831714827,0.39854342532434245,0.3974998792855641,0.3974998792855641,0.3961190396059214,0.39606112486458306,0.3956295214221697,0.3948453070860731,0.39289013977247894,0.3914641532427009,0.3904779528131598,0.3904199744776305,0.39016945416421916,0.39014684470593386,0.3901448042023228,0.3901090505130385,0.38974696174933693],"sim_r":null,"sim_rsigma":null,"solver":"SARSOP","env_full":"Frozen Lake (4)","final_lw":0.3862771698092195,"timeout":false,"runtime":0.5454549789428711,"final_ub":0.38974696174933693}