{"lbs":[0.495,0.495,0.495,0.495,0.495,0.495,0.495],"times":[0.85359787940979,0.8830568790435791,0.8830888271331787,0.8831019401550293,0.8831038475036621,0.8831088542938232,0.8831098079681396],"env":"ABC","ubs":[0.6598035026667847,0.6598035026667847,0.6598035026667847,0.6598035026667847,0.502996393158723,0.502996393158723,0.495],"sim_r":null,"sim_rsigma":null,"solver":"BIB-SARSOP","env_full":"ABCModel","final_lw":0.495,"timeout":false,"runtime":0.8831098079681396,"final_ub":0.495}