{"lbs":[9.605960099999999,18.76926690427999,19.762929611467992,20.746655691584117,20.746655691584117,21.911516601785728,23.064728902885317,23.064728902885317,23.064728902885317,23.064728902885317,23.064728902885317,23.064728902885317,23.064728902885317,23.064728902885317,23.064728902885317,23.064728902885317,23.064728902885317,23.064728902885317,23.064728902885317],"times":[4.047384023666382,4.047652006149292,4.047968864440918,4.048192024230957,4.048229932785034,4.048501968383789,4.048543930053711,4.048784017562866,4.048993825912476,4.049226999282837,4.0495429039001465,4.04978084564209,4.0500218868255615,4.050118923187256,4.050264835357666,4.050532817840576,4.050633907318115,4.050962924957275,4.051317930221558],"env":"RockSample5","ubs":[23.47795936366106,23.47795936366106,23.47795936366106,23.47795936366106,23.47795936366106,23.47795936366106,23.466071926189308,23.45430344473095,23.454303424115643,23.45430340370649,23.442534922248132,23.430884084990144,23.43088404437593,23.430330853674015,23.418323403549014,23.360557087413756,23.322712121887022,23.299311766039455,23.29093335981313],"sim_r":null,"sim_rsigma":null,"solver":"SARSOP","env_full":"RockSample ()","final_lw":23.064728902885317,"timeout":false,"runtime":4.051317930221558,"final_ub":23.29093335981313}