{"lbs":[0.008857506748021169,0.2547154508528647,0.33464195607744446,0.3680614683007489,0.37751366250489937,0.38157223692624004,0.3841540291582974],"times":[2.8848609924316406,2.885014057159424,2.885098934173584,2.885295867919922,2.885413885116577,2.885612964630127,2.8857040405273438],"env":"FrozenLake4","ubs":[0.3862597239138329,0.3862597239138329,0.3862597239138329,0.3862597239138329,0.3862572135137407,0.38625695748520256,0.38625691443811705],"sim_r":0.38739602411942364,"sim_rsigma":0.28552603796458215,"solver":"EBIB-SARSOP","env_full":"Frozen Lake (4)","final_lw":0.3841540291582974,"timeout":false,"runtime":2.8857040405273438,"final_ub":0.38625691443811705}