{"lbs":[0.008857506748021169,0.2547154508528647,0.33464195607744446,0.3680614683007489,0.37751366250489937,0.38157223692624004,0.3841540291582974],"times":[6.587435960769653,6.587702035903931,6.587860107421875,6.588268995285034,6.588485956192017,6.5888450145721436,6.588993072509766],"env":"FrozenLake4","ubs":[0.3862597239138329,0.3862597239138329,0.3862597239138329,0.3862597239138329,0.3862572135137407,0.38625695748520256,0.38625691443811705],"sim_r":0.3862014478987877,"sim_rsigma":0.2867071992148084,"solver":"EBIB-SARSOP","env_full":"Frozen Lake (4)","final_lw":0.3841540291582974,"timeout":false,"runtime":6.588993072509766,"final_ub":0.38625691443811705}