{"env_full":"Tag","timeout":true,"ubs":[-6.212770963625922],"runtime":8315.456055879593,"solver":"BIB-SARSOP","final_ub":-6.212770963625922,"lbs":[-99.99992926487926],"env":"Tag","times":[8315.456055879593],"final_lw":-99.99992926487926}