{"env_full":"Frozen Lake (4)","timeout":false,"ubs":[0.7049223846794803,0.7049223846794803,0.697078167241608,0.6966087656036071,0.6961637011341811,0.6961637011341358,0.6961636878866091,0.6937078571269666,0.6937021919066935,0.6914980373939048],"runtime":5.858229160308838,"solver":"BIB-SARSOP","final_ub":0.6914980373939048,"lbs":[0.0,0.470281909423828,0.5595431348576168,0.6179071772872179,0.6419723352538114,0.6637466625510077,0.669975752383499,0.6863130929368499,0.6863130929368499,0.687289708260539],"env":"FrozenLake4","times":[5.843815088272095,5.844397068023682,5.845449209213257,5.8464062213897705,5.849774122238159,5.851466178894043,5.853572130203247,5.8562541007995605,5.856419086456299,5.858229160308838],"final_lw":0.687289708260539}