{"env_full":"Frozen Lake (10)","timeout":false,"ubs":[0.5005187984723732,0.5005187984723732,0.5001182438315633,0.5001182438315633,0.49989072736327145,0.4962714966508054,0.49627101436879295,0.49627101232234916,0.4962710120351027,0.4962710118205622,0.4961418682677885,0.4961066877841358,0.49606995508477914,0.4960670209676349,0.49603546419326094,0.4959226656454201,0.4958717309920113,0.49586721747032936,0.49585556760301663,0.4957976400743831,0.49566150498225214,0.4956264359623809,0.49562643596238076,0.4953508207152214,0.4953508207152214,0.49449299896397647,0.4943599545329177,0.49430894425112604,0.494211847825357,0.49361375493925513,0.4935070705583176,0.49348588597678167,0.49331823511481887,0.4933127993781916,0.49317651782872657,0.4930423326031772,0.49295507998748544,0.4927564001927345,0.4925494464513832,0.49251575383556534,0.4925108952193974,0.492505455725664,0.49250164468036706,0.49250065328275444,0.49250054033703666,0.49250053458734955,0.4925005342864101,0.4925005342791332,0.49250053427895496,0.4925005342789529,0.49233521078475484,0.4922199225474033,0.49218445326914045,0.4917006745704785,0.49168604249056513,0.49167287616841704,0.4916728043361216,0.4916728039430932,0.4916728039420747,0.491672803942072,0.491672803942072,0.491672803942072,0.491672803942072,0.4916705553156434,0.4916664906209187,0.49165154374950093,0.4916106944403523,0.49143373780937294,0.49139489719436336,0.49138148050565533,0.4910571040434112,0.4910528530799695,0.4910528520928913,0.4910420821486188,0.4910321396515509,0.4910231253346147,0.49100773065333103,0.49099010987225356,0.49097374955482176,0.4908194617194005],"runtime":10.47193694114685,"solver":"EBIB-SARSOP","final_ub":0.4908194617194005,"lbs":[0.0,0.19511463331080095,0.29582229048172387,0.3313740253162465,0.36763986116641684,0.3862224896040611,0.39431329060753406,0.39615331579697866,0.39615784855809205,0.39660246993387294,0.4028583491388048,0.408452868499488,0.41363745970196797,0.41938910498450116,0.42838736893176677,0.430959880871257,0.43512066201654864,0.43955850288088477,0.44367847382401976,0.44367847382401976,0.45397098149720666,0.45930873990619253,0.45930873990619253,0.45930873990619253,0.45930873990619253,0.4598233242167601,0.4598233242167601,0.4647263303259702,0.4683701538396425,0.4689523858151113,0.47331276244865184,0.47331276244865184,0.47373395066920987,0.47373395066920987,0.47472084836039186,0.4759570238683129,0.4769276100289937,0.4771610477797177,0.47716298189186135,0.47716348502788125,0.47716354234803027,0.4771635453481752,0.47716354542072065,0.47716354542249767,0.4771635454225181,0.4771635454225183,0.4771635454225183,0.4774235033316596,0.4780353789511949,0.4782658931643565,0.47970480115891795,0.4804490888292977,0.4819666157173639,0.482152887632283,0.48215296445726635,0.48215296455183454,0.482152964551951,0.4821529645519511,0.4821529645519511,0.4821529645519511,0.4823792246189409,0.4825014615529586,0.4826298010155191,0.482742505465195,0.4837086703956273,0.4837086703956273,0.48379527401429245,0.4838332644225961,0.4843512803218695,0.4851411720689661,0.48541640851872264,0.48547093791266505,0.4854809574188768,0.4855079751847648,0.48551274268740024,0.4855806270933949,0.48571414061516976,0.4857601787368053,0.4859354152544918,0.4859770339274422],"env":"FrozenLake10","times":[8.787601947784424,8.791950941085815,8.794700145721436,8.800972938537598,8.806831121444702,8.81609296798706,8.82847809791565,8.83997106552124,8.847440958023071,8.855334997177124,8.901731014251709,8.910083055496216,8.925570964813232,8.932122945785522,8.942070960998535,8.948187112808228,8.95590615272522,8.978690147399902,8.994433164596558,8.997708082199097,9.011527061462402,9.015224933624268,9.037521123886108,9.058411121368408,9.070430994033813,9.098271131515503,9.112281084060669,9.136507034301758,9.180032014846802,9.18813705444336,9.218935012817383,9.253652095794678,9.281208992004395,9.414735078811646,9.457947015762329,9.466156005859375,9.479536056518555,9.48335599899292,9.488047122955322,9.493566036224365,9.499855041503906,9.506870985031128,9.514035940170288,9.549730062484741,9.557841062545776,9.566978931427002,9.576249122619629,9.599568128585815,9.617370128631592,9.679744005203247,9.684360980987549,9.694880962371826,9.707409143447876,9.718520164489746,9.730515003204346,9.74279499053955,9.756001949310303,9.807878971099854,9.822240114212036,9.836996078491211,9.866565942764282,9.894222021102905,9.968739986419678,9.988824129104614,9.996063947677612,10.016775131225586,10.045825958251953,10.0641930103302,10.076766967773438,10.158282041549683,10.178319931030273,10.203299045562744,10.228459119796753,10.263927936553955,10.284736156463623,10.3735671043396,10.400892972946167,10.430602073669434,10.450623035430908,10.47193694114685],"final_lw":0.4859770339274422}