{"env_full":"Frozen Lake (4)","timeout":false,"ubs":[0.6258044575681563,0.6258044575681563,0.6258044575681563,0.622610233732056,0.6221282116880538,0.6215938493263498,0.6212329845256006,0.6195464129925656,0.6173538700875804,0.6164827605210047,0.6164461961855301,0.6163837770173953,0.616376221508809,0.6163587834110182,0.6163214491141717,0.6162339797058811,0.6162137102367448],"runtime":4.466300964355469,"solver":"BIB-SARSOP","final_ub":0.6162137102367448,"lbs":[0.018288843441564832,0.384962728384392,0.5354084325256775,0.5713874393330893,0.5788824527632106,0.5942666011177133,0.6007146879450996,0.6042165383610044,0.6042165383610044,0.6083945640215483,0.6083945640215483,0.6083945640215483,0.6083945640215483,0.6083945640215483,0.6083945640215483,0.6085231551670992,0.6105873452304699],"env":"FrozenLake4","times":[4.407773017883301,4.408143043518066,4.409250020980835,4.436954975128174,4.437589168548584,4.4384119510650635,4.440062999725342,4.441015005111694,4.441205024719238,4.4422831535339355,4.4438090324401855,4.444318056106567,4.445542097091675,4.447613000869751,4.4481120109558105,4.459716081619263,4.466300964355469],"final_lw":0.6105873452304699}