{"lbs":[9.135172474836407],"times":[3609.2283170223236],"env":"RockSample10","ubs":[26.464515784397406],"sim_r":9.135172474836489,"sim_rsigma":7.994005487568512e-14,"solver":"EBIB-SARSOP","env_full":"RockSample (10)","final_lw":9.135172474836407,"timeout":true,"runtime":3609.2283170223236,"final_ub":26.464515784397406}