{"lbs":[-19.999999999999982,-19.999999999999982,-19.999999999999982,-17.247290390624986,-13.330880592603144,-9.661907378317487,-5.970734672157295,-3.6684162431493346,-1.6477042603497967,0.8183451830414183,2.598313446654492,2.9760022651896842,4.290798284622773,5.89279405915433,7.068104409108332,8.31585668548457,9.573413216254071,10.490585896864836,11.256560084702546,11.450237690921327,12.071929468999933,12.758929852987901,13.057390943870494,13.755604109787905,14.188600208294213,14.680043821639142,15.127871550045878,15.582884187367421,16.035683203808247,16.358387547242934,16.63362847534202,16.873019870866827,16.962954175413376,16.98130775964455,17.183280580753255,17.394006161115193,17.59290718966794,17.81642295024021,17.956199776398066,18.1301355047163,18.250233687045707,18.351088353310672,18.43604072279539,18.55305226711387,18.61732578901669,18.679983109632722,18.766503967401167,18.831340222026242,18.882535760305927,18.925931990006156,18.980197741615882,19.010937816033753,19.025790510156888,19.05599958099414,19.074886516888085,19.11132708153452,19.13945427076714,19.166327500592857,19.18929342580344,19.210052354892927,19.228278072780903,19.244520714325606,19.25888486220112,19.271638293685584,19.282938487268197,19.292961591803454,19.30184711327066,19.30802777105812,19.31284812539758,19.320120291116936,19.32568128262337,19.330948980849133,19.335486407441756,19.338718244731332,19.341616641796303,19.344850224200638],"times":[0.006492137908935547,0.006711006164550781,0.007048130035400391,0.007615089416503906,0.00852513313293457,0.00984501838684082,0.011268138885498047,0.011435985565185547,0.011547088623046875,0.012161016464233398,0.012335062026977539,0.012391090393066406,0.013879060745239258,0.014229059219360352,0.01621103286743164,0.01667499542236328,0.016950130462646484,0.017096996307373047,0.01726508140563965,0.017338991165161133,0.017431974411010742,0.017596006393432617,0.01768803596496582,0.0178530216217041,0.01804494857788086,0.01823711395263672,0.01844000816345215,0.01862192153930664,0.02065300941467285,0.020823001861572266,0.02104496955871582,0.021281957626342773,0.02140498161315918,0.021528005599975586,0.021667957305908203,0.02184295654296875,0.021997928619384766,0.024232149124145508,0.024438142776489258,0.02668905258178711,0.026858091354370117,0.02706003189086914,0.02728414535522461,0.0298919677734375,0.03013300895690918,0.032798051834106445,0.03535008430480957,0.036628007888793945,0.036878108978271484,0.038207054138183594,0.03949999809265137,0.03968095779418945,0.04291892051696777,0.04309892654418945,0.04332709312438965,0.046478986740112305,0.0479280948638916,0.049324989318847656,0.050755977630615234,0.05214214324951172,0.05356097221374512,0.05495595932006836,0.05637407302856445,0.0577700138092041,0.05918693542480469,0.0605769157409668,0.06201314926147461,0.06223607063293457,0.06248307228088379,0.06566309928894043,0.06711506843566895,0.06860613822937012,0.07006001472473145,0.07023811340332031,0.07067012786865234,0.07083606719970703],"env":"Tiger","ubs":[45.06961860347886,45.06961860347886,38.62748543450869,38.627351678555726,37.3240908656622,36.050399913096314,35.563858340665874,34.905541615311854,34.82978993262127,34.23035386600401,32.555679341677376,32.2940002786157,32.2940002786157,31.055613297289444,31.055613297289444,30.493837347125307,30.493837347125307,29.09527189140332,29.01535137828187,28.45669652417022,27.74451264955902,27.295026561007184,27.097070934689405,26.629957155191605,26.50170664764911,26.433198823344743,26.354254998890234,26.22523215131952,26.094201294944376,25.47259423361446,25.039221991490038,24.920390389474086,24.757727937483114,24.420119690326445,24.19899724669528,23.855342972927176,23.546293076562037,23.478585274540613,22.858485848199248,22.818970552802995,22.342201070271685,22.174207606414853,22.146169765947427,21.91576087282423,21.58050970349536,21.578577225465935,21.369650229720026,21.116649831429278,20.949363681755962,20.949363681755962,20.771631727402827,20.628301652623385,20.628301652623385,20.50864062665295,20.50864062665295,20.477583911376847,20.3144048156542,20.232333412802497,20.134385919139483,20.05668075906894,19.983183515185942,19.919057541006637,19.86105086094568,19.809430433803847,19.763153678335748,19.72180510378152,19.684804464333112,19.651716947991638,19.651716947991638,19.636191087689802,19.597653974158316,19.57803384972271,19.554493639675705,19.53585608677904,19.53585608677904,19.518407678104985],"sim_r":null,"sim_rsigma":null,"solver":"EBIB-SARSOP","env_full":"Tiger","final_lw":19.344850224200638,"timeout":false,"runtime":0.07083606719970703,"final_ub":19.518407678104985}