{"lbs":[0.475,0.475,0.475,0.475,0.475,0.475,0.475],"times":[0.011725902557373047,0.03974294662475586,0.03975987434387207,0.039766788482666016,0.03976798057556152,0.03976893424987793,0.039769887924194336],"env":"ABC","ubs":[0.9500000000000438,0.9500000000000438,0.9500000000000438,0.9500000000000438,0.487674979115552,0.487674979115552,0.475],"sim_r":null,"sim_rsigma":null,"solver":"SARSOP","env_full":"ABCModel","final_lw":0.475,"timeout":false,"runtime":0.039769887924194336,"final_ub":0.475}