{"lbs":[-19.999999999999982,-19.999999999999982,-19.999999999999982,-17.247290390624986,-13.451405269784455,-12.065111712316863,-9.61074349795994,-6.318127517466565,-4.0929006598394455,-1.9830393416877399,-1.48420616416109,0.11701398284355963,2.1564293033338027,3.738070388928033,5.100749472399691,6.807915811911625,7.94579535145139,8.411732111514823,9.357700145200461,10.278405333992323,10.678397359372173,11.644430509107796,11.801617318476863,12.289590050529018,13.00614421489782,13.529440009022904,14.130062400466489,14.618338470678243,15.02941972608593,15.420137365775531,15.589881103460069,16.011958995667023,16.134215802526576,16.322129104043917,16.640302409033833,16.94688132947356,17.176926787421685,17.377240136267872,17.592057278411566,17.763749149704026,17.937470072891955,18.054850626293053,18.190470217455612,18.300383837447484,18.345007207321643,18.427916705241472,18.515601039190088,18.547579586630693,18.615955302018513,18.702531943596803,18.76484215932706,18.82118218176164,18.8661221399286,18.925815906827673,18.974611150221644,19.011708617859256,19.050590509786772,19.083556082578784,19.11632011872375,19.14502892595943,19.170756683892968,19.188516054249988,19.204775910177013,19.22439386390932,19.24131803797797,19.255996941291517,19.266323672046898,19.270570404562687,19.279339050832654,19.289819708129713,19.29898194841254,19.30721635026171,19.31288803456541,19.317586246779165,19.32403684670254,19.3291848117497,19.333136290398024,19.33660882125475,19.34081510735345,19.344122067115833,19.347277615962867,19.349976623634348,19.351908822998144,19.35360551720055,19.35554226821369,19.35707241742466,19.358782814779815,19.360155126575616,19.36144931828895],"times":[0.2545192241668701,0.25467514991760254,0.2548840045928955,0.25525617599487305,0.2553060054779053,0.25591301918029785,0.2566680908203125,0.2575690746307373,0.2576720714569092,0.25774717330932617,0.25780606269836426,0.25791501998901367,0.25802111625671387,0.2580711841583252,0.25817012786865234,0.25826501846313477,0.2584190368652344,0.258864164352417,0.2599670886993408,0.26004910469055176,0.26012706756591797,0.26032304763793945,0.26037120819091797,0.26050400733947754,0.26063108444213867,0.2607600688934326,0.26085400581359863,0.26097702980041504,0.2610452175140381,0.26117801666259766,0.2612612247467041,0.2614450454711914,0.2615230083465576,0.261660099029541,0.26180601119995117,0.263106107711792,0.2632570266723633,0.26470303535461426,0.2648952007293701,0.2665071487426758,0.26670408248901367,0.26688313484191895,0.26700401306152344,0.2671811580657959,0.2673192024230957,0.26740121841430664,0.26758313179016113,0.2676990032196045,0.26786112785339355,0.2686641216278076,0.26877713203430176,0.268949031829834,0.2706010341644287,0.27078819274902344,0.27157020568847656,0.27171802520751953,0.27194905281066895,0.272158145904541,0.2729301452636719,0.27318406105041504,0.27393603324890137,0.2740640640258789,0.27423906326293945,0.27451610565185547,0.2752530574798584,0.27556514739990234,0.2757391929626465,0.2758960723876953,0.27623605728149414,0.2769920825958252,0.27736616134643555,0.2781071662902832,0.2782261371612549,0.28010010719299316,0.280987024307251,0.2814290523529053,0.2816162109375,0.28359508514404297,0.2841010093688965,0.28495121002197266,0.2854959964752197,0.28633618354797363,0.28644514083862305,0.287020206451416,0.2872130870819092,0.2881200313568115,0.28870511054992676,0.2895350456237793,0.29013800621032715],"env":"Tiger","ubs":[53.26906317814136,53.26906317814136,46.01515463695867,46.01500402637298,44.54751887912815,44.54751887911402,42.922510717127125,42.3844238625076,41.06557568079742,40.13499841798877,39.28248020728356,39.07730164001566,39.05369199875335,38.81485605799291,37.531678295991874,37.32068384558303,36.94984747088364,36.926959853961975,35.7589751445074,34.37189540600782,34.37189540600782,33.26085441636842,32.97339878683238,32.97339878683238,32.586015603299344,32.56480928032036,32.3029945379584,31.47892356325236,31.048601335121617,30.48430753531149,30.146931189837826,29.805200275445188,29.662123669759545,29.067788611919013,28.932237677005944,28.848250608177274,27.81538194727775,27.81538194727775,26.881065319989872,26.881065319989872,26.04997754500741,25.72513373692142,25.64131504046211,25.594290756892214,25.48634295621855,24.764900792659766,24.424512512568814,24.346898030378846,24.0452226894223,23.962410229680394,23.547257347572142,23.22566527260212,23.14597988401721,22.971138510049414,22.736467993927754,22.29545202574154,22.29545202574154,21.980462547548658,21.75433602697416,21.482356200010727,21.2684693158433,21.06448772822303,20.99984614836869,20.969010901336834,20.7746661249674,20.636867491274472,20.49909870685167,20.499093789209574,20.40556708726071,20.306468849564723,20.20368183022472,20.117455900488878,20.038028895527223,20.038028895527223,19.98599326734827,19.913705469761865,19.85943740372806,19.859437400285742,19.802629413530845,19.759232542238127,19.717425601092543,19.681239286768328,19.648386123771374,19.648386123771374,19.618309084235598,19.61830908423299,19.59081868239106,19.568224562137758,19.54721108729828],"sim_r":null,"sim_rsigma":null,"solver":"CTIB-SARSOP","env_full":"Tiger","final_lw":19.36144931828895,"timeout":false,"runtime":0.29013800621032715,"final_ub":19.54721108729828}