{"env_full":"Frozen Lake (10)","timeout":false,"ubs":[0.5005187984723732,0.5005187984723732,0.5001182438315633,0.5001182438315633,0.49989072736327145,0.4962714966508054,0.49627101436879295,0.49627101232234916,0.4962710120351027,0.4962710118205622,0.4961418682677885,0.4961066877841358,0.49606995508477914,0.4960670209676349,0.49603546419326094,0.4959226656454201,0.4958717309920113,0.49586721747032936,0.49585556760301663,0.4957976400743831,0.49566150498225214,0.4956264359623809,0.49562643596238076,0.4953508207152214,0.4953508207152214,0.49449299896397647,0.4943599545329177,0.49430894425112604,0.494211847825357,0.49361375493925513,0.4935070705583176,0.49348588597678167,0.49331823511481887,0.4933127993781916,0.49317651782872657,0.4930423326031772,0.49295507998748544,0.4927564001927345,0.4925494464513832,0.49251575383556534,0.4925108952193974,0.492505455725664,0.49250164468036706,0.49250065328275444,0.49250054033703666,0.49250053458734955,0.4925005342864101,0.4925005342791332,0.49250053427895496,0.4925005342789529,0.49233521078475484,0.4922199225474033,0.49218445326914045,0.4917006745704785,0.49168604249056513,0.49167287616841704,0.4916728043361216,0.4916728039430932,0.4916728039420747,0.491672803942072,0.491672803942072,0.491672803942072,0.491672803942072,0.4916705553156434,0.4916664906209187,0.49165154374950093,0.4916106944403523,0.49143373780937294,0.49139489719436336,0.49138148050565533,0.4910571040434112,0.4910528530799695,0.4910528520928913,0.4910420821486188,0.4910321396515509,0.4910231253346147,0.49100773065333103,0.49099010987225356,0.49097374955482176,0.4908194617194005],"runtime":10.571851015090942,"solver":"EBIB-SARSOP","final_ub":0.4908194617194005,"lbs":[0.0,0.19511463331080095,0.29582229048172387,0.3313740253162465,0.36763986116641684,0.3862224896040611,0.39431329060753406,0.39615331579697866,0.39615784855809205,0.39660246993387294,0.4028583491388048,0.408452868499488,0.41363745970196797,0.41938910498450116,0.42838736893176677,0.430959880871257,0.43512066201654864,0.43955850288088477,0.44367847382401976,0.44367847382401976,0.45397098149720666,0.45930873990619253,0.45930873990619253,0.45930873990619253,0.45930873990619253,0.4598233242167601,0.4598233242167601,0.4647263303259702,0.4683701538396425,0.4689523858151113,0.47331276244865184,0.47331276244865184,0.47373395066920987,0.47373395066920987,0.47472084836039186,0.4759570238683129,0.4769276100289937,0.4771610477797177,0.47716298189186135,0.47716348502788125,0.47716354234803027,0.4771635453481752,0.47716354542072065,0.47716354542249767,0.4771635454225181,0.4771635454225183,0.4771635454225183,0.4774235033316596,0.4780353789511949,0.4782658931643565,0.47970480115891795,0.4804490888292977,0.4819666157173639,0.482152887632283,0.48215296445726635,0.48215296455183454,0.482152964551951,0.4821529645519511,0.4821529645519511,0.4821529645519511,0.4823792246189409,0.4825014615529586,0.4826298010155191,0.482742505465195,0.4837086703956273,0.4837086703956273,0.48379527401429245,0.4838332644225961,0.4843512803218695,0.4851411720689661,0.48541640851872264,0.48547093791266505,0.4854809574188768,0.4855079751847648,0.48551274268740024,0.4855806270933949,0.48571414061516976,0.4857601787368053,0.4859354152544918,0.4859770339274422],"env":"FrozenLake10","times":[8.785093069076538,8.803786993026733,8.80669617652893,8.813088178634644,8.819030046463013,8.828402996063232,8.840871095657349,8.852550983428955,8.860237121582031,8.86833119392395,8.882160186767578,8.890552043914795,8.906220197677612,8.912759065628052,8.922773122787476,8.928874015808105,8.93662714958191,8.95943307876587,9.023252010345459,9.02652096748352,9.040403127670288,9.044075012207031,9.066626071929932,9.087606191635132,9.099503993988037,9.127211093902588,9.141218185424805,9.175971031188965,9.242583990097046,9.250486135482788,9.280912160873413,9.315729141235352,9.34326696395874,9.365071058273315,9.408622026443481,9.416855096817017,9.430150985717773,9.433942079544067,9.438565015792847,9.444001197814941,9.450314998626709,9.457419157028198,9.464637994766235,9.500806093215942,9.508826971054077,9.517763137817383,9.527023077011108,9.549919128417969,9.567843198776245,9.753282070159912,9.757905006408691,9.768457174301147,9.781008005142212,9.792155027389526,9.80423903465271,9.81653618812561,9.829825162887573,9.881235122680664,9.895609140396118,9.910382986068726,9.940155982971191,9.968615055084229,10.045850992202759,10.066238164901733,10.073511123657227,10.09443712234497,10.123908042907715,10.154654026031494,10.168344974517822,10.251240015029907,10.271342992782593,10.296988010406494,10.322764158248901,10.358925104141235,10.379906177520752,10.47127914428711,10.49918007850647,10.530045986175537,10.55017614364624,10.571851015090942],"final_lw":0.4859770339274422}