{"lbs":[0.008857506748021169,0.2547154508528647,0.33464195607744446,0.3680614683007489,0.37751366250489937,0.38157223692624004,0.3841540291582974],"times":[0.9157490730285645,0.9160070419311523,0.9161639213562012,0.9165010452270508,0.9166810512542725,0.9170150756835938,0.9171459674835205],"env":"FrozenLake4","ubs":[0.38625972392667707,0.38625972392667707,0.38625972392667707,0.38625972392667707,0.3862572135175204,0.38625695748819816,0.3862569144409571],"sim_r":null,"sim_rsigma":null,"solver":"EBIB-SARSOP","env_full":"Frozen Lake (4)","final_lw":0.3841540291582974,"timeout":false,"runtime":0.9171459674835205,"final_ub":0.3862569144409571}