{"env_full":"Tiger","timeout":false,"ubs":[87.19801910939043,87.19801910939043,77.873767190011,75.0496721778378,69.19133866226107,65.2740943775002,63.764604771930074,60.62140816263094,58.23062030345652,55.03726453712072,53.362129781483006,49.72860214302258,47.66851859372707,47.272361220691806,45.1299774070168,43.393105671950465,43.198019109390444,43.198019109390444,42.10628659922424,41.079081672827016,40.03619067141514,39.815306463835,38.84272739844522,38.39793583152955,37.2569784500902,36.16786175839724,35.607067643297306,35.18693244967531,34.60289448933909,34.097846187198485,33.90532187428466,33.508838230636336,31.81164941452878,31.19967441378154,30.89778428111913,29.652292718954044,29.067632776145885,28.695242079569145,28.350515107986887,28.00448587137555,27.733672674843383,27.500482592632935,26.424707275677115,26.344683235327448,26.05241119692217,25.900633381782214,25.683458733389646,25.4000853548158,24.624949202956557,24.50143534469104,24.380423584086444,24.3380737415018,23.816576051790115,23.58454224822754,23.090000780617423,22.67626886924496,22.55711915887938,22.39715646356428,22.261568986274206,22.22361280954217,21.795340255117495,21.70913696870148,21.46449255978044,21.088842430391292,21.06988521514056,20.903171940046633,20.70131568306426,20.589971114578432,20.518577718849947,20.514498761976302,20.43426499239396,20.38078772514328,20.132967612202947,20.132967612202947,20.025624000454464,19.98470063725842,19.93097918120195,19.909383406704805,19.872645145651237,19.83503461118017,19.82840853190271,19.81158510125681,19.77466901621847,19.68928043903704,19.68928043903704,19.677500973028714,19.650121187000213,19.624672471528836,19.604920628527832,19.59834519129138,19.588686920829545,19.573916296226052,19.547744070281045],"runtime":2.823781967163086,"solver":"SARSOP","final_ub":19.547744070281045,"lbs":[-19.999999999999982,-10.77798724525706,-7.964090794870497,-2.3801147957169526,0.8750254055571952,3.875001037597943,6.493587538494678,8.696777308670935,10.288639595753715,11.779996345025335,13.056839886144147,13.448780834121548,14.173769132049966,15.014506352427624,15.675270374782347,15.962333316120404,15.962333316120404,15.962333316120404,16.42461689655204,16.837414609466,16.99032565062901,17.342863956006365,17.562451843976124,17.861230264316262,18.115627860682935,18.16975747212914,18.319217774250767,18.368725995308377,18.478682186194554,18.547960054817302,18.625826667662288,18.816053899504666,18.863836231061576,18.90962429322019,18.9942522165638,19.023513191552638,19.05641114555717,19.083415528943046,19.109439556557376,19.13247726914644,19.15379169755579,19.206721451480675,19.221345327843103,19.227698538399878,19.24377616322922,19.250760941632855,19.263540288464817,19.289171562400206,19.296576577264716,19.303166095934905,19.3092458942036,19.320690968762023,19.325029831236364,19.334101009424955,19.340502170279073,19.34282962318236,19.343840764003655,19.347010851762576,19.348388067660522,19.35438666917367,19.355844854260585,19.359638184826288,19.36263497645828,19.363011890031046,19.365093215725857,19.3664750208131,19.367195615356348,19.36787874400434,19.368175523054607,19.368304456023438,19.368650177560646,19.369503571035604,19.369650083681996,19.36997229084008,19.370208074918764,19.370404712909846,19.370490140503037,19.370621416461667,19.370744133134096,19.370797446280314,19.370849143956022,19.370914584585925,19.371018019123824,19.371027390400887,19.371089754450267,19.371138057163872,19.371172258997383,19.371202689493785,19.37121590974717,19.371230157271675,19.37125096916926,19.371277009715264,19.371290477882816],"env":"Tiger","times":[2.80759596824646,2.8076720237731934,2.8077728748321533,2.8078320026397705,2.8079309463500977,2.8080108165740967,2.8081250190734863,2.8082449436187744,2.808353900909424,2.8084540367126465,2.808565855026245,2.808666944503784,2.808976888656616,2.8091979026794434,2.809337854385376,2.809459924697876,2.8094818592071533,2.8095078468322754,2.8096818923950195,2.8099098205566406,2.810034990310669,2.810220956802368,2.8103339672088623,2.810551881790161,2.8107528686523438,2.810865879058838,2.8110599517822266,2.811228036880493,2.8113420009613037,2.811544895172119,2.811659812927246,2.8118789196014404,2.812004804611206,2.812196969985962,2.8123888969421387,2.812570810317993,2.8126938343048096,2.812875986099243,2.812973976135254,2.813133955001831,2.8132200241088867,2.813391923904419,2.8134779930114746,2.8135299682617188,2.8136799335479736,2.81380295753479,2.813861846923828,2.8140199184417725,2.8141088485717773,2.8142218589782715,2.814288854598999,2.814478874206543,2.8145718574523926,2.8148179054260254,2.8149659633636475,2.8150529861450195,2.8151299953460693,2.8152449131011963,2.8153419494628906,2.8155388832092285,2.8156228065490723,2.815802812576294,2.815955877304077,2.816041946411133,2.816232919692993,2.816358804702759,2.816905975341797,2.8170180320739746,2.817085027694702,2.817157030105591,2.817288875579834,2.8186450004577637,2.818760871887207,2.819002866744995,2.8191978931427,2.8194119930267334,2.81960391998291,2.819851875305176,2.820063829421997,2.8202178478240967,2.8203518390655518,2.8206570148468018,2.8223328590393066,2.8224709033966064,2.8226678371429443,2.8228328227996826,2.8229830265045166,2.8231239318847656,2.8231940269470215,2.823375940322876,2.823523998260498,2.823673963546753,2.823781967163086],"final_lw":19.371290477882816}