{"env_full":"ABCModel","timeout":false,"ubs":[0.6598033200000002,0.6598033200000002,0.6598033200000002,0.6598033200000002,0.5029962539040307,0.5029962539040307,0.495],"runtime":3.0914289951324463,"solver":"BIB-SARSOP","final_ub":0.495,"lbs":[0.495,0.495,0.495,0.495,0.495,0.495,0.495],"env":"ABC","times":[3.0913379192352295,3.091387987136841,3.0914080142974854,3.091421127319336,3.0914220809936523,3.0914270877838135,3.0914289951324463],"final_lw":0.495}