{"env_full":"ABCModel","timeout":false,"ubs":[0.9500000000001757,0.9500000000001757,0.9500000000001757,0.9500000000001757,0.48767497911561974,0.48767497911561974,0.475],"runtime":4.099740982055664,"solver":"SARSOP","final_ub":0.475,"lbs":[0.475,0.475,0.475,0.475,0.475,0.475,0.475],"env":"ABC","times":[4.047181129455566,4.0996880531311035,4.0997209548950195,4.09973406791687,4.0997350215911865,4.099740028381348,4.099740982055664],"final_lw":0.475}