{"env_full":"ABCModel","timeout":false,"ubs":[0.99,0.99,0.99,0.99,0.5309055429551132,0.5151371174238033,0.4998370298991989],"runtime":0.40609097480773926,"solver":"SARSOP","final_ub":0.4998370298991989,"lbs":[0.495,0.495,0.495,0.495,0.495,0.495,0.495],"env":"ABC","times":[0.40567898750305176,0.40587687492370605,0.40598297119140625,0.4060490131378174,0.4060649871826172,0.4060819149017334,0.40609097480773926],"final_lw":0.495}