{"env_full":"SparseHallway2","timeout":true,"ubs":[5.518613459133583],"runtime":2210.2926800251007,"solver":"EBIB-SARSOP","final_ub":5.518613459133583,"lbs":[0.0006004860303106669],"env":"SparseHallway2","times":[2210.2926800251007],"final_lw":0.0006004860303106669}