{"env_full":"SparseHallway1","timeout":true,"ubs":[7.475768063369551,7.475768063369551,7.475768063369551,7.475768063369551,7.47570763739679,7.47570763739679,7.475672450789732,7.475672450789732,7.475631787170365,7.47531202223206,7.475106510838863,7.474382912112091,7.473886920248582,7.473844978377961,7.473842588227253,7.473827534491379,7.473772840706255,7.47374879087976,7.473740932807783,7.4737269024084405,7.473708865038964,7.473707714974406,7.473414419690426,7.473412470902368,7.473318760842514,7.473253568346801,7.473213929185407,7.473191124480629,7.473151458151468,7.472983187858762,7.472977643564103,7.472976825452067,7.472932667689356,7.47292205838866,7.472890267260514,7.472876494643517,7.47286324042919,7.472822393977321,7.47279223347855,7.4727575520122524,7.472745165655354,7.472678676131247,7.472658137933189,7.472401380337908,7.472292426542124,7.472277716299484,7.472188291095193,7.472186432011852,7.4721859581428385,7.472133239717607,7.472069351534853,7.4720504752621775,7.472045572381985,7.472040514517461,7.4720390751904615,7.471990988766373,7.471978921886826,7.47197413235803,7.471967605603883,7.471960978607304,7.47194409366864,7.471718213738419,7.471648261712431,7.471630776133723,7.4716102725827325,7.47160847362293,7.4715691434870735,7.471537545939075,7.471473048253336,7.471470283939613,7.471437505285245,7.4713255274882675,7.471303491279696,7.471287438919855,7.471194772025843,7.471189554341643,7.471183574959668,7.471145082819051,7.471113853792969,7.471066380995423,7.471058627349595,7.470982365289464,7.470940925745978,7.470905272449301,7.470882532464174,7.470882303450152,7.47086010606744,7.470808284152382,7.470779267820668,7.470773592523193,7.470737126552768,7.470694911457633,7.47062540779625,7.4703169604578905,7.470278319604115,7.470095185701903],"runtime":1802.3219380378723,"solver":"EBIB-SARSOP","final_ub":7.470095185701903,"lbs":[0.01980625124262278,0.49256946181604244,0.6375732969587695,0.7383880184681864,0.8744569620375144,1.3172231574318052,1.5885063831572772,2.012691150246302,2.3849300347152815,2.594642169693341,2.759328018928105,3.0092850423370034,3.1421006298017904,3.338521784696532,3.4666173011654373,3.647694946754073,3.7381638166843993,3.835894277783387,3.9448043264061705,4.038956005979127,4.1101403171808375,4.209884417394295,4.250608157257965,4.334860930717134,4.38554885225023,4.443031920724157,4.51333316502334,4.565170194579273,4.608405167236256,4.677060939973421,4.702892401420858,4.763861613615189,4.8091060788477105,4.859003228950934,4.89674400695897,4.945981009163954,4.975525519363893,5.0145023111999425,5.041130478542022,5.0791675471252535,5.1105450137946695,5.138048174834249,5.169211905116962,5.183989715107715,5.191723613457624,5.219548413604048,5.2438457852796345,5.262381809887933,5.272393626574428,5.3014243730981425,5.316025352707461,5.336023269903,5.345921575009472,5.349302581865187,5.37223675560693,5.3880830193858404,5.407587322116834,5.412543591771349,5.4273000761657215,5.433996065826254,5.4478694923745365,5.467941710371509,5.475498632261474,5.491603220183098,5.496863728409274,5.517740731939729,5.5307588934387955,5.538281249445378,5.542215837561171,5.552932368322557,5.556673479584083,5.566320319809641,5.581463777975099,5.594071533065431,5.598186563207235,5.606225020137691,5.618359069660425,5.6337244095016725,5.646236514683009,5.657170623735238,5.659789257687567,5.6687745230570155,5.669685667737669,5.673348662500841,5.678486971441583,5.686016734543544,5.700369277371592,5.708306833566701,5.717314268459754,5.721400170323369,5.727415936027908,5.734646605125288,5.737815932786686,5.746843041453392,5.755150650582527,5.762762999685462],"env":"SparseHallway1","times":[1335.5799541473389,1336.2807931900024,1337.1361520290375,1338.1168780326843,1339.1873161792755,1339.9922909736633,1340.8997690677643,1341.8467180728912,1342.7071261405945,1343.8114790916443,1344.7685260772705,1345.8781352043152,1347.0472509860992,1348.251986026764,1349.3648781776428,1350.661630153656,1352.0224649906158,1353.5419661998749,1354.9714391231537,1356.4711320400238,1358.0312550067902,1360.1017689704895,1361.9618082046509,1363.7989430427551,1365.7006530761719,1367.7671570777893,1369.6275629997253,1371.7014710903168,1373.8937101364136,1376.32155418396,1378.7955679893494,1381.0253641605377,1383.291923046112,1385.5538201332092,1388.0088109970093,1390.4689211845398,1393.2480981349945,1395.76891207695,1398.089702129364,1400.9024810791016,1403.6762521266937,1406.240040063858,1409.1230800151825,1411.618525981903,1415.3749651908875,1418.5457231998444,1421.6078660488129,1424.970489025116,1429.120096206665,1432.4403882026672,1436.5573291778564,1440.1163489818573,1444.7268331050873,1449.703509092331,1453.619826078415,1457.9628801345825,1462.3541650772095,1467.8426020145416,1474.4220080375671,1479.2687120437622,1484.1796021461487,1488.570484161377,1495.1021330356598,1500.7106351852417,1507.511782169342,1513.3187761306763,1519.3165571689606,1523.9478051662445,1531.3582091331482,1538.39630818367,1546.6107590198517,1551.2643840312958,1557.5225751399994,1563.2183849811554,1574.379317998886,1582.196976184845,1591.356194972992,1599.2957491874695,1608.11479306221,1616.9922201633453,1629.7025260925293,1642.1377201080322,1656.1234390735626,1669.4916319847107,1678.0666060447693,1685.1547801494598,1696.8066620826721,1709.7477750778198,1726.1550340652466,1736.7393701076508,1751.8878891468048,1764.9592361450195,1782.8826231956482,1789.7849190235138,1797.430920124054,1802.3219380378723],"final_lw":5.762762999685462}