{"lbs":[0.475,0.475,0.475,0.475,0.475],"times":[0.060482025146484375,0.06050705909729004,0.060511112213134766,0.060513973236083984,0.06051492691040039],"env":"ABC","ubs":[0.5830150000001757,0.5830150000001757,0.5830150000001757,0.5830150000001757,0.475],"sim_r":null,"sim_rsigma":null,"solver":"BIB-SARSOP","env_full":"ABCModel","final_lw":0.475,"timeout":false,"runtime":0.06051492691040039,"final_ub":0.475}