{"env_full":"Frozen Lake (4)","timeout":false,"ubs":[0.9324285299156831,0.9324285299156831,0.930148172243495,0.9299986955539488,0.9299986955539488,0.9298521787988492,0.9290858545722795,0.9290412898106473,0.9283347050828699,0.9283347050828699,0.9283347050828699],"runtime":5.338726997375488,"solver":"BIB-SARSOP","final_ub":0.9283347050828699,"lbs":[0.0,0.5672034262109531,0.7901860528287928,0.8300032357435636,0.8690319595929166,0.882053633385248,0.8948174522509986,0.8948174522509987,0.905983869833351,0.9169291702358546,0.919204918654105],"env":"FrozenLake4","times":[5.182753086090088,5.185480117797852,5.187950134277344,5.207432985305786,5.218063116073608,5.229244947433472,5.240683078765869,5.283340930938721,5.312433958053589,5.329149961471558,5.338726997375488],"final_lw":0.919204918654105}