{"env_full":"SparseHallway2","timeout":true,"ubs":[5.454285183751103,5.454285183751103,5.454285183751103,5.454214176108948,5.454214176108948,5.454214176108948,5.454214176108948,5.454214176108948,5.454214176108948,5.454214176108948,5.454214176108948,5.454214176108948,5.454214176108948,5.454214176108948,5.454214176108948,5.454214176108948,5.454214176108948,5.454214176108948,5.454214176108948,5.454214176108948,5.454214176108948,5.454214176108948,5.454214176108948,5.454214176108948,5.454214176108948,5.454214176108948,5.454214176108948,5.454214176108948,5.454214176108948,5.454214176108948,5.454214176108948,5.454214176108948,5.454214176108948,5.454214176108948,5.454214176108948,5.454214176108948,5.454214176108948,5.454214176108948,5.454214176108948,5.454214176108948,5.454214176108948,5.454214176108948,5.454214176108948,5.454214176108948,5.454214176108948,5.454214176108948,5.454214176108948,5.454214176108948,5.454214176108948,5.454214176108948,5.454214176108948,5.454214176108948,5.454214176108948,5.454214176108948,5.454214176108948,5.454214176108948,5.454214176108948,5.454214176108948,5.454214176108948,5.454214176108948,5.454214176108948,5.454214176108948,5.454214176108948,5.454214176108948,5.454214176108948,5.454214176108948,5.454214176108948,5.454214176108948,5.454214176108948,5.454214176108948,5.454214176108948,5.454214176108948,5.454214176108948,5.454214176108948,5.454214176108948,5.454214176108948,5.454214176108948,5.454214176108948,5.454214176108948,5.454214176108948,5.454214176108948,5.454214176108948,5.454214176108948,5.454214176108948],"runtime":3210.7276220321655,"solver":"EBIB-SARSOP","final_ub":5.454214176108948,"lbs":[0.0006004860303106669,0.10524676648296241,0.2189227322444383,0.31014459724359,0.3773720296424269,0.4351991526690834,0.4651000117890829,0.4934613838163443,0.5264206695959183,0.5559065694044081,0.5787252255117956,0.599954070765796,0.6151781249179731,0.633588047759795,0.6563566618033085,0.6745409803227036,0.6875544567517666,0.7006794554820373,0.7126996307304037,0.7287587253116375,0.7460635777259929,0.7552672893539033,0.7646843920564396,0.7759974609028524,0.7866223892224931,0.7976657002878939,0.8108426316301537,0.8237441009298357,0.8326451285640379,0.843665720261735,0.8508462795881854,0.855854267573898,0.8740187214862569,0.8823430921449706,0.8867931903180679,0.8911703546175609,0.894204469208949,0.898018630043731,0.9015449192906084,0.9043044533152946,0.9085028643061689,0.9172044183394024,0.9225382372653179,0.9262532913306989,0.9282285114319685,0.9294715426236654,0.9302577944769221,0.9315099948452683,0.9323769680490446,0.9331811272621839,0.934220114541536,0.9352638263345303,0.9364958033954862,0.9374755864457645,0.9383551320950239,0.940431540906297,0.9416737099681983,0.942621473044061,0.9434653088687821,0.9446574769167273,0.946158296464668,0.9497586635119515,0.9516788120513852,0.9537894356730818,0.9549068222389054,0.9562693045727175,0.9572066860772659,0.9579371338919688,0.9592931525893746,0.9611363015135383,0.9620817834529719,0.9636845018659808,0.9675606349366006,0.9697913554847977,0.975300102186108,0.9890491527502516,1.000130332162845,1.0076792876832266,1.0116684451877254,1.014976967369044,1.0171663740583121,1.0187575062071523,1.019917662985689,1.0211977552991254],"env":"SparseHallway2","times":[1851.9266259670258,1853.850508928299,1855.5990869998932,1857.4870810508728,1859.6221199035645,1861.9064710140228,1864.4375019073486,1867.1495690345764,1870.0770809650421,1873.297532081604,1876.7368171215057,1880.2831909656525,1884.298649072647,1888.2254939079285,1892.5354781150818,1897.0457570552826,1901.9486730098724,1907.4853930473328,1912.9566369056702,1918.7795701026917,1925.3958311080933,1931.5261960029602,1938.8655979633331,1946.0159311294556,1953.820545911789,1961.62837100029,1970.2428119182587,1979.538815021515,1989.0258600711823,1998.3161990642548,2008.3150939941406,2018.3399000167847,2029.6506271362305,2041.5618259906769,2053.779797077179,2066.0391290187836,2079.0883729457855,2094.166410923004,2109.43789601326,2124.9951469898224,2140.2888419628143,2156.9523169994354,2173.537698030472,2191.217607021332,2209.4414699077606,2227.733770132065,2246.866714000702,2265.842821121216,2285.193167924881,2304.663134098053,2325.0212581157684,2345.6964099407196,2367.5800399780273,2389.1165850162506,2412.2377479076385,2434.45041513443,2458.0570380687714,2480.9599480628967,2505.231997013092,2529.2541489601135,2553.848804950714,2578.1452169418335,2603.0700170993805,2627.8586740493774,2653.9132311344147,2681.5536811351776,2709.041328907013,2735.393219947815,2761.942176103592,2789.102113008499,2818.850522994995,2846.110377073288,2874.120232105255,2903.205640077591,2933.2364509105682,2962.3085749149323,2994.5243821144104,3024.8725299835205,3055.193221092224,3085.853614091873,3117.387193918228,3150.356652021408,3182.822681903839,3210.7276220321655],"final_lw":1.0211977552991254}