{"env_full":"RockSample ()","timeout":false,"ubs":[23.47795521977625,23.47795521977625,23.47795521977625,23.47795521977625,23.47795521977625,23.47795521977625,23.466067844152498,23.454299342284987,23.454299342284987,23.442530840417476,23.430880023568633,23.430880023568633,23.430880023568633,23.43032673040451,23.41831928027951,23.36055302751415,23.322708007302367,23.29930933237609,23.290929301420213],"runtime":0.49120497703552246,"solver":"SARSOP","final_ub":23.290929301420213,"lbs":[9.605960099999999,18.76926690427999,19.853952139149143,23.064728902885317,23.064728902885317,23.064728902885317,23.064728902885317,23.064728902885317,23.064728902885317,23.064728902885317,23.064728902885317,23.064728902885317,23.064728902885317,23.064728902885317,23.064728902885317,23.064728902885317,23.064728902885317,23.064728902885317,23.064728902885317],"env":"RockSample5","times":[0.4864950180053711,0.48676490783691406,0.4871079921722412,0.48742103576660156,0.4876999855041504,0.4879879951477051,0.4882619380950928,0.4884788990020752,0.4887218475341797,0.48897385597229004,0.4892568588256836,0.4894988536834717,0.48973989486694336,0.4898538589477539,0.49001193046569824,0.4903090000152588,0.4904308319091797,0.490811824798584,0.49120497703552246],"final_lw":23.064728902885317}