{"lbs":[0.475],"times":[7.9949469566345215],"env":"ABC","ubs":[0.47500000000004394],"sim_r":null,"sim_rsigma":null,"solver":"EBIB-SARSOP","env_full":"ABCModel","final_lw":0.475,"timeout":false,"runtime":7.9949469566345215,"final_ub":0.47500000000004394}