{"env_full":"ABCModel","timeout":false,"ubs":[0.4950001826667846],"runtime":4.9625091552734375,"solver":"EBIB-SARSOP","final_ub":0.4950001826667846,"lbs":[0.495],"env":"ABC","times":[4.9625091552734375],"final_lw":0.495}