{"lbs":[0.008857506748021169,0.2547154508528647,0.33464195607744446,0.3680614683007489,0.37751366250489937,0.38157223692624004,0.3841540291582974],"times":[0.1321120262145996,0.13237595558166504,0.13252902030944824,0.13286495208740234,0.1330430507659912,0.1333448886871338,0.1334700584411621],"env":"FrozenLake4","ubs":[0.38625977298665337,0.38625977298665337,0.38625977298665337,0.38625977298665337,0.38625725850804654,0.386257002465662,0.38625695934864007],"sim_r":null,"sim_rsigma":null,"solver":"BIB-SARSOP","env_full":"Frozen Lake (4)","final_lw":0.3841540291582974,"timeout":false,"runtime":0.1334700584411621,"final_ub":0.38625695934864007}