{"env_full":"SparseHallway2","timeout":true,"ubs":[5.213075408318484,5.213075408318484,5.213075408318484,5.213075408318484,5.213075408318484,5.213075408318484,5.213075408318484,5.213075408318484,5.213075408318484,5.213075408318484,5.213075408318484,5.213075408318484,5.213075408318484,5.213075408318484,5.213075408318484,5.213075408318484,5.213075408318484,5.213075408318484,5.213075408318484,5.213075408318484,5.213075408318484,5.213075408318484,5.213075408318484,5.213075408318484,5.213075408318484,5.213075408318484,5.213075408318484,5.213075408318484,5.213075408318484,5.213075408318484,5.213075408318484,5.213075408318484,5.213075408318484,5.213075408318484,5.213075408318484,5.213075408318484,5.213075408318484,5.213075408318484,5.213075408318484,5.213075408318484,5.213075408318484,5.213075408318484,5.213075408318484,5.213075408318484,5.213075408318484,5.213075408318484,5.213075408318484,5.213075408318484,5.213075408318484,5.213075408318484,5.213075408318484,5.213075408318484,5.213075408318484,5.213075408318484,5.213075408318484,5.213075408318484,5.213075408318484,5.213075408318484,5.213075408318484,5.213075408318484,5.213075408318484,5.213075408318484,5.213075408318484,5.213075408318484,5.213075408318484,5.213075408318484,5.213075408318484,5.213075408318484,5.213075408318484,5.213075408318484,5.213075408318484,5.213075408318484,5.213075408318484,5.213075408318484,5.213075408318484,5.213075408318484,5.213075408318484,5.213075408318484,5.213075408318484,5.213075408318484,5.213075408318484,5.213075408318484,5.213075408318484,5.213075408318484,5.213075408318484,5.213075408318484,5.213075408318484,5.213075408318484,5.213075408318484,5.213075408318484,5.213075408318484,5.213075408318484,5.213075408318484],"runtime":1828.915384054184,"solver":"SARSOP","final_ub":5.213075408318484,"lbs":[0.0006004860303106669,0.10524676648296241,0.2189227322444383,0.31090656064152705,0.38015609561770597,0.427735776719495,0.46494561671287155,0.5004230744513953,0.531404885367213,0.559765966773987,0.5782726372788796,0.6075424301958108,0.6317236006592826,0.6550875495583957,0.6766818076503065,0.6894455855279272,0.7116581247149374,0.721526528409377,0.732130086514496,0.7426528341609177,0.7531572840882652,0.7587245644628658,0.7651506397010512,0.7684675654423241,0.7713626289901865,0.7738318327373868,0.7759167858578264,0.7787534860313805,0.7874636052902755,0.7933744726573548,0.7983870971065397,0.8052385328917755,0.8089579525516378,0.8186231297464099,0.824072058447016,0.82960842136064,0.8340207031463316,0.8373713918289872,0.8391148643908474,0.841612914561219,0.8438143121815915,0.8456816032580506,0.8480547080793306,0.8497799749126067,0.8507085651128052,0.8516037281846924,0.8526743091649502,0.8542785206448402,0.8554307503951653,0.8566612445009719,0.8577841013724945,0.8588214425993164,0.8612372744057554,0.8629564074834887,0.8644070282004952,0.8657171953566964,0.867029951954116,0.8680569663732622,0.8705157247484419,0.8770501554608415,0.8915016212581957,0.901343288687383,0.905923120625544,0.911032891847926,0.9142401399854257,0.9167531075530276,0.9208067173678947,0.9272706557736352,0.9324766331315124,0.9384108875897286,0.9429142669090682,0.945903981039516,0.9484039495913749,0.9506870586400606,0.9543049940653312,0.9564527909911303,0.95808566922768,0.9597326715108694,0.968546917297044,0.9806451825822533,0.9913475559144336,0.9977274376676897,1.0017743259401872,1.0068280854048954,1.0111802168172228,1.0143362991074865,1.0166004340484047,1.018669037958734,1.0207725778051764,1.0221258076496174,1.0237395357147379,1.0269937613897515,1.029889853699774],"env":"SparseHallway2","times":[1.1566898822784424,1.2938518524169922,1.5553538799285889,1.9751579761505127,2.636145830154419,3.629542827606201,4.7185280323028564,6.074044942855835,7.880561828613281,10.180896997451782,13.547667026519775,18.400064945220947,24.090040922164917,31.045012950897217,38.6606650352478,46.484694957733154,55.88514995574951,65.62775087356567,75.91493582725525,86.60452604293823,98.41582489013672,110.08757495880127,122.29921102523804,136.30171298980713,150.0951428413391,164.5239589214325,179.05795788764954,193.77709794044495,209.47573804855347,226.53214597702026,242.55181789398193,257.68375396728516,271.1169629096985,285.4865119457245,300.4115459918976,315.57424092292786,331.4506268501282,347.23370385169983,363.69343304634094,380.62347888946533,397.541405916214,415.8813178539276,434.1883418560028,452.62665605545044,472.4440689086914,493.3979229927063,512.7101349830627,532.8922839164734,552.9284679889679,574.3986189365387,595.7492699623108,616.8956379890442,638.3144969940186,662.330992937088,686.1703879833221,710.6568689346313,735.6225008964539,761.610741853714,785.731372833252,811.0934770107269,836.4765410423279,861.708132982254,889.9267909526825,916.0725870132446,942.7478408813477,968.9321599006653,993.507159948349,1021.0920679569244,1046.370314836502,1072.724524974823,1099.5924398899078,1126.9007499217987,1156.1895389556885,1183.5501120090485,1212.9540638923645,1242.5566420555115,1271.3848509788513,1300.7306590080261,1333.7870299816132,1364.9416780471802,1396.1611878871918,1428.6843378543854,1460.8008258342743,1494.5203249454498,1532.4395780563354,1566.935555934906,1602.3997938632965,1638.6726260185242,1675.5594239234924,1711.11039686203,1748.3251819610596,1791.9952800273895,1828.915384054184],"final_lw":1.029889853699774}