{"lbs":[0.5,0.5,0.5,0.5,0.5],"times":[0.0048329830169677734,0.00486302375793457,0.004865884780883789,0.004868030548095703,0.004868030548095703],"env":"ABC","ubs":[0.9500000000000051,0.9500000000000051,0.6302494097246126,0.5133420832795077,0.5],"sim_r":null,"sim_rsigma":null,"solver":"TIB-SARSOP","env_full":"ABCModel","final_lw":0.5,"timeout":false,"runtime":0.004868030548095703,"final_ub":0.5}