{"env_full":"ABCModel","timeout":false,"ubs":[0.5830150000000001,0.5830150000000001,0.5830150000000001,0.5830150000000001,0.475],"runtime":4.9636499881744385,"solver":"BIB-SARSOP","final_ub":0.475,"lbs":[0.475,0.475,0.475,0.475,0.475],"env":"ABC","times":[4.963609933853149,4.963637113571167,4.963644027709961,4.963648080825806,4.9636499881744385],"final_lw":0.475}