{"lbs":[0.018288843441564832,0.384962728384392,0.5354084325256775,0.5713874393330893,0.5788824527632106,0.5942666011177133,0.6007146879450996,0.6042165383610044,0.6042165383610044,0.6083945640215483,0.6083945640215483,0.6083945640215483,0.6083945640215483,0.6083945640215483,0.6083945640215483,0.6085231551670992,0.6105873452304699],"times":[4.6333839893341064,4.633762836456299,4.634738922119141,4.641633033752441,4.642303943634033,4.643133878707886,4.6448540687561035,4.645833969116211,4.646023988723755,4.647135019302368,4.648715019226074,4.6492369174957275,4.650485038757324,4.652598857879639,4.6531219482421875,4.6651389598846436,4.671900033950806],"env":"FrozenLake4","ubs":[0.6258044575681563,0.6258044575681563,0.6258044575681563,0.622610233732056,0.6221282116880538,0.6215938493263498,0.6212329845256006,0.6195464129925656,0.6173538700875804,0.6164827605210047,0.6164461961855301,0.6163837770173953,0.616376221508809,0.6163587834110182,0.6163214491141717,0.6162339797058811,0.6162137102367448],"sim_r":0.6084904766052074,"sim_rsigma":0.39542082425301556,"solver":"BIB-SARSOP","env_full":"Frozen Lake (4)","final_lw":0.6105873452304699,"timeout":false,"runtime":4.671900033950806,"final_ub":0.6162137102367448}