{"env_full":"Frozen Lake (4)","timeout":false,"ubs":[0.7434589848367171,0.7434589848367171,0.7286457190491664,0.7115010041173427,0.7067661513192289,0.6990419278274581,0.6975497375382943,0.6975497375382943,0.6961953202865241,0.6961953202544402,0.6961952264198561],"runtime":1.9353768825531006,"solver":"SARSOP","final_ub":0.6961952264198561,"lbs":[0.0,0.6013367002978056,0.6013367002978056,0.649369339547343,0.6783568998411741,0.6832797594140936,0.6856270212175773,0.6877504541094701,0.6884309321861664,0.6889079090940582,0.6897315783301471],"env":"FrozenLake4","times":[1.9301807880401611,1.9305779933929443,1.9307968616485596,1.9313509464263916,1.9317739009857178,1.9325928688049316,1.9326629638671875,1.933290958404541,1.9343578815460205,1.934471845626831,1.9353768825531006],"final_lw":0.6897315783301471}