{"lbs":[-19.999999999999982,-8.006233762554974,-5.632441144646656,-3.3852612129424022,4.139372539505089,6.029114345754689,8.181873733250184,10.12925624615982,11.74913531839086,13.672724636346942,14.490290161536997,15.266675384553288,16.081988204533722,16.71520907373786,17.018107339370573,17.483958754444572,17.751020735583637,18.005372681887295,18.11587357989441,18.232485589636813,18.33115273419786,18.42467881181766,18.566458983931355,18.81191793865562,18.921706059113674,19.036002559607795,19.064936346253738,19.124942904167682,19.162337782868164,19.184825189425695,19.21566620773561,19.222682983043438,19.23912995839441,19.270353974167705,19.274462325453797,19.29428402325765,19.319021408449935,19.323003003367543,19.332109360905804,19.338745106383634,19.342880369359165,19.34937407082026,19.349962105173333,19.356543668146365,19.357742414642544,19.358263199194166,19.35975527513048,19.361963532756945,19.36251893332297,19.36276022206556,19.3637840812162,19.365608163239493,19.366431227778417,19.367233921569557,19.368185923402773,19.36893477568708,19.369508626201885,19.369947252422634,19.370282434523876],"times":[0.0052051544189453125,0.005500078201293945,0.005587100982666016,0.0056841373443603516,0.00637507438659668,0.006494998931884766,0.0066339969635009766,0.006821155548095703,0.006957054138183594,0.007130146026611328,0.007280111312866211,0.007462024688720703,0.007689952850341797,0.007831096649169922,0.007915973663330078,0.00811314582824707,0.008311033248901367,0.00852203369140625,0.008624076843261719,0.008725166320800781,0.008839130401611328,0.008952140808105469,0.009096145629882812,0.009292125701904297,0.009531974792480469,0.009721994400024414,0.009819984436035156,0.010071039199829102,0.010215997695922852,0.010326147079467773,0.010558128356933594,0.010663032531738281,0.010756969451904297,0.010908126831054688,0.010998964309692383,0.011183977127075195,0.012469053268432617,0.012577056884765625,0.012771129608154297,0.013012170791625977,0.013216972351074219,0.014651060104370117,0.014799118041992188,0.016543149948120117,0.016685962677001953,0.016802072525024414,0.016947031021118164,0.01719498634338379,0.017289161682128906,0.017359018325805664,0.017461061477661133,0.017740964889526367,0.01789999008178711,0.01801609992980957,0.019456148147583008,0.02011704444885254,0.020826101303100586,0.021535158157348633,0.022243022918701172],"env":"Tiger","ubs":[51.15499778195801,51.15499778195801,42.71925846521041,42.5709325862918,42.55386491281199,38.88895566438599,37.34350983432813,36.343505757354194,35.02409484462595,34.255414624285024,31.781479027516305,30.500341039867532,30.27034984937213,28.969082230379872,28.195704537960232,27.71436647471016,26.70189676210666,26.180726960990665,25.68871621995697,25.628875031043524,25.406046548578622,25.248314946498304,25.14602510214144,24.735790606424473,24.110880454758565,23.560945490169864,23.116006119880694,22.865800709121572,22.497779133441984,22.231932942718135,22.14942512154554,21.992235322362397,21.865179542939124,21.719324101975293,21.358344044824815,21.308796133274875,21.13979741778957,20.65019969299648,20.65019969299648,20.598755721522476,20.5053715275654,20.413682850916373,20.193075051038413,20.193075051038413,19.999720354126474,19.999720354126474,19.98613095882485,19.97795146263286,19.894598097896306,19.873250179675196,19.868076283592494,19.86139243511181,19.799855719257835,19.78296030646771,19.754669140616077,19.68008733289092,19.621924864335554,19.574978947678282,19.536881791249193],"sim_r":null,"sim_rsigma":null,"solver":"BIB-SARSOP","env_full":"Tiger","final_lw":19.370282434523876,"timeout":false,"runtime":0.022243022918701172,"final_ub":19.536881791249193}