{"lbs":[0.0],"times":[3602.845973968506],"env":"fourth","ubs":[0.08595924906420613],"sim_r":null,"sim_rsigma":null,"solver":"EBIB-SARSOP","env_full":"fourth","final_lw":0.0,"timeout":true,"runtime":3602.845973968506,"final_ub":0.08595924906420613}