{"lbs":[-19.999999999999982,-19.999999999999982,-19.999999999999982,-17.247290390624986,-13.451405269784455,-12.065111712316863,-9.61074349795994,-6.318127517466565,-4.0929006598394455,-1.9830393416877399,-1.48420616416109,0.11701398284355963,2.1564293033338027,3.738070388928033,5.100749472399691,6.807915811911625,7.94579535145139,8.411732111514823,9.357700145200461,10.278405333992323,10.678397359372173,11.644430509107796,11.801617318476863,12.289590050529018,13.00614421489782,13.529440009022904,14.130062400466489,14.618338470678243,15.02941972608593,15.420137365775531,15.589881103460069,16.011958995667023,16.134215802526576,16.322129104043917,16.640302409033833,16.94688132947356,17.176926787421685,17.377240136267872,17.592057278411566,17.763749149704026,17.937470072891955,18.054850626293053,18.190470217455612,18.300383837447484,18.345007207321643,18.427916705241472,18.515601039190088,18.547579586630693,18.615955302018513,18.702531943596803,18.76484215932706,18.82118218176164,18.8661221399286,18.925815906827673,18.974611150221644,19.011708617859256,19.050590509786772,19.083556082578784,19.11632011872375,19.14502892595943,19.170756683892968,19.188516054249988,19.204775910177013,19.22439386390932,19.24131803797797,19.255996941291517,19.266323672046898,19.270570404562687,19.279339050832654,19.289819708129713,19.29898194841254,19.30721635026171,19.31288803456541,19.317586246779165,19.32403684670254,19.3291848117497,19.333136290398024,19.33660882125475,19.34081510735345,19.344122067115833,19.347277615962867,19.349976623634348,19.351908822998144,19.35360551720055,19.35554226821369,19.35707241742466,19.358782814779815,19.360155126575616,19.36144931828895],"times":[0.29537296295166016,0.2955920696258545,0.2959270477294922,0.2964959144592285,0.2965679168701172,0.2974529266357422,0.2985689640045166,0.29987287521362305,0.3000209331512451,0.3001289367675781,0.3002128601074219,0.300368070602417,0.3005189895629883,0.30059003829956055,0.3007340431213379,0.3008699417114258,0.3010890483856201,0.3017418384552002,0.30335402488708496,0.3034658432006836,0.3035709857940674,0.30384397506713867,0.3039090633392334,0.30408596992492676,0.304257869720459,0.30443596839904785,0.3045659065246582,0.30474185943603516,0.3048369884490967,0.3050239086151123,0.30513906478881836,0.30539488792419434,0.30550193786621094,0.3056910037994385,0.3058960437774658,0.3077099323272705,0.3079240322113037,0.31000590324401855,0.3102729320526123,0.31252098083496094,0.3127908706665039,0.3130350112915039,0.3131999969482422,0.3134448528289795,0.3136329650878906,0.31374692916870117,0.31399106979370117,0.31412196159362793,0.31433701515197754,0.3154299259185791,0.31558704376220703,0.3158140182495117,0.3181169033050537,0.31836986541748047,0.31943392753601074,0.3196370601654053,0.31995201110839844,0.3202378749847412,0.32128190994262695,0.32163000106811523,0.3226609230041504,0.32283806800842285,0.323077917098999,0.3234529495239258,0.32448506355285645,0.3249189853668213,0.3251628875732422,0.32536792755126953,0.3258359432220459,0.3268718719482422,0.3273890018463135,0.32842302322387695,0.3285858631134033,0.3311729431152344,0.33243298530578613,0.33304595947265625,0.3333089351654053,0.3360869884490967,0.33679795265197754,0.33799099922180176,0.3387720584869385,0.3399529457092285,0.3401010036468506,0.3408949375152588,0.3411538600921631,0.3423800468444824,0.3431699275970459,0.3442728519439697,0.3451099395751953],"env":"Tiger","ubs":[53.26906317814136,53.26906317814136,46.01515463695867,46.01500402637298,44.54751887912815,44.54751887911402,42.922510717127125,42.3844238625076,41.06557568079742,40.13499841798877,39.28248020728356,39.07730164001566,39.05369199875335,38.81485605799291,37.531678295991874,37.32068384558303,36.94984747088364,36.926959853961975,35.7589751445074,34.37189540600782,34.37189540600782,33.26085441636842,32.97339878683238,32.97339878683238,32.586015603299344,32.56480928032036,32.3029945379584,31.47892356325236,31.048601335121617,30.48430753531149,30.146931189837826,29.805200275445188,29.662123669759545,29.067788611919013,28.932237677005944,28.848250608177274,27.81538194727775,27.81538194727775,26.881065319989872,26.881065319989872,26.04997754500741,25.72513373692142,25.64131504046211,25.594290756892214,25.48634295621855,24.764900792659766,24.424512512568814,24.346898030378846,24.0452226894223,23.962410229680394,23.547257347572142,23.22566527260212,23.14597988401721,22.971138510049414,22.736467993927754,22.29545202574154,22.29545202574154,21.980462547548658,21.75433602697416,21.482356200010727,21.2684693158433,21.06448772822303,20.99984614836869,20.969010901336834,20.7746661249674,20.636867491274472,20.49909870685167,20.499093789209574,20.40556708726071,20.306468849564723,20.20368183022472,20.117455900488878,20.038028895527223,20.038028895527223,19.98599326734827,19.913705469761865,19.85943740372806,19.859437400285742,19.802629413530845,19.759232542238127,19.717425601092543,19.681239286768328,19.648386123771374,19.648386123771374,19.618309084235598,19.61830908423299,19.59081868239106,19.568224562137758,19.54721108729828],"sim_r":null,"sim_rsigma":null,"solver":"CTIB-SARSOP","env_full":"Tiger","final_lw":19.36144931828895,"timeout":false,"runtime":0.3451099395751953,"final_ub":19.54721108729828}