{"lbs":[0.5,0.5,0.5,0.5,0.5],"times":[0.007867097854614258,0.007899999618530273,0.007905006408691406,0.00790715217590332,0.00790715217590332],"env":"ABC","ubs":[0.9500000000000512,0.9500000000000512,0.6302494097246432,0.5133420832795326,0.5],"sim_r":null,"sim_rsigma":null,"solver":"BIB-SARSOP","env_full":"ABCModel","final_lw":0.5,"timeout":false,"runtime":0.00790715217590332,"final_ub":0.5}