{"lbs":[0.5,0.5,0.5,0.5,0.5],"times":[0.0068318843841552734,0.006860017776489258,0.006863832473754883,0.006865978240966797,0.006865978240966797],"env":"ABC","ubs":[0.9500000000000396,0.9500000000000396,0.6302494097246354,0.5133420832795261,0.5],"sim_r":null,"sim_rsigma":null,"solver":"EBIB-SARSOP","env_full":"ABCModel","final_lw":0.5,"timeout":false,"runtime":0.006865978240966797,"final_ub":0.5}