{"env_full":"Tag","timeout":true,"ubs":[-5.2815465496807334],"runtime":869.5042090415955,"solver":"EBIB-SARSOP","final_ub":-5.2815465496807334,"lbs":[-19.999885736232503],"env":"Tag","times":[869.5042090415955],"final_lw":-19.999885736232503}