{"env_full":"Frozen Lake (4)","timeout":false,"ubs":[0.9420846263050595,0.9420846263050595,0.9378908236461563,0.9335654655481311,0.9335654655481311,0.9327570557475837,0.9314918789689152],"runtime":1.9588370323181152,"solver":"SARSOP","final_ub":0.9314918789689152,"lbs":[0.0,0.9019528052284368,0.9019528052284368,0.9107905813635597,0.9217088924012082,0.9229980448614798,0.9236361753293143],"env":"FrozenLake4","times":[1.9034919738769531,1.90665602684021,1.9169509410858154,1.9303789138793945,1.9397730827331543,1.9585199356079102,1.9588370323181152],"final_lw":0.9236361753293143}