{"env_full":"SparseHallway2","timeout":true,"ubs":[5.409374274481207],"runtime":3014.847429037094,"solver":"EBIB-SARSOP","final_ub":5.409374274481207,"lbs":[0.0006004860303106669],"env":"SparseHallway2","times":[3014.847429037094],"final_lw":0.0006004860303106669}