{"lbs":[-19.999999999999982,-8.006233762554974,-5.632441144646656,-3.3852612129424022,4.139372539505089,6.029114345754689,8.181873733250184,10.12925624615982,11.74913531839086,13.672724636346942,14.490290161536997,15.266675384553288,16.081988204533722,16.71520907373786,17.018107339370573,17.483958754444572,17.751020735583637,18.005372681887295,18.11587357989441,18.232485589636813,18.33115273419786,18.42467881181766,18.566458983931355,18.81191793865562,18.921706059113674,19.036002559607795,19.064936346253738,19.124942904167682,19.162337782868164,19.184825189425695,19.21566620773561,19.222682983043438,19.23912995839441,19.270353974167705,19.274462325453797,19.29428402325765,19.319021408449935,19.323003003367543,19.332109360905804,19.338745106383634,19.342880369359165,19.34937407082026,19.349962105173333,19.356543668146365,19.357742414642544,19.358263199194166,19.35975527513048,19.361963532756945,19.36251893332297,19.36276022206556,19.3637840812162,19.365608163239493,19.366431227778417,19.367233921569557,19.368185923402773,19.36893477568708,19.369508626201885,19.369947252422634,19.370282434523876],"times":[2.0929079055786133,2.093308925628662,2.093441963195801,2.09356689453125,2.094507932662964,2.0946578979492188,2.0948328971862793,2.095106840133667,2.095277786254883,2.0954878330230713,2.0956737995147705,2.0958969593048096,2.096198797225952,2.096369981765747,2.0964739322662354,2.0967109203338623,2.0969529151916504,2.097240924835205,2.0973639488220215,2.0975048542022705,2.0976428985595703,2.09778094291687,2.0979537963867188,2.0982189178466797,2.0985047817230225,2.0987329483032227,2.0988519191741943,2.099179983139038,2.0993549823760986,2.0994839668273926,2.099759817123413,2.0998849868774414,2.09999680519104,2.1001927852630615,2.1003057956695557,2.100529909133911,2.1021018028259277,2.10223388671875,2.102482795715332,2.102773904800415,2.1030218601226807,2.1047699451446533,2.1049468517303467,2.1070737838745117,2.1072468757629395,2.1073858737945557,2.1075599193573,2.1078789234161377,2.107991933822632,2.108076810836792,2.108198881149292,2.108538866043091,2.1087589263916016,2.108895778656006,2.1106457710266113,2.1114628314971924,2.1123359203338623,2.113212823867798,2.114093780517578],"env":"Tiger","ubs":[51.15499778195801,51.15499778195801,42.71925846521041,42.5709325862918,42.55386491281199,38.88895566438599,37.34350983432813,36.343505757354194,35.02409484462595,34.255414624285024,31.781479027516305,30.500341039867532,30.27034984937213,28.969082230379872,28.195704537960232,27.71436647471016,26.70189676210666,26.180726960990665,25.68871621995697,25.628875031043524,25.406046548578622,25.248314946498304,25.14602510214144,24.735790606424473,24.110880454758565,23.560945490169864,23.116006119880694,22.865800709121572,22.497779133441984,22.231932942718135,22.14942512154554,21.992235322362397,21.865179542939124,21.719324101975293,21.358344044824815,21.308796133274875,21.13979741778957,20.65019969299648,20.65019969299648,20.598755721522476,20.5053715275654,20.413682850916373,20.193075051038413,20.193075051038413,19.999720354126474,19.999720354126474,19.98613095882485,19.97795146263286,19.894598097896306,19.873250179675196,19.868076283592494,19.86139243511181,19.799855719257835,19.78296030646771,19.754669140616077,19.68008733289092,19.621924864335554,19.574978947678282,19.536881791249193],"sim_r":19.600114938649103,"sim_rsigma":30.242105692513295,"solver":"BIB-SARSOP","env_full":"Tiger","final_lw":19.370282434523876,"timeout":false,"runtime":2.114093780517578,"final_ub":19.536881791249193}