{"lbs":[0.5,0.5,0.5,0.5,0.5],"times":[0.007194042205810547,0.007224082946777344,0.0072290897369384766,0.007230043411254883,0.007230043411254883],"env":"ABC","ubs":[0.9500000000000396,0.9500000000000396,0.6302494097246354,0.5133420832795261,0.5],"sim_r":null,"sim_rsigma":null,"solver":"EBIB-SARSOP","env_full":"ABCModel","final_lw":0.5,"timeout":false,"runtime":0.007230043411254883,"final_ub":0.5}