{"env_full":"TigerGrid","timeout":true,"ubs":[2.6562914273685867],"runtime":0.5578310489654541,"solver":"SARSOP","final_ub":2.6562914273685867,"lbs":[0.0],"env":"SparseTigerGrid","times":[0.5578310489654541],"final_lw":0.0}