{"env_full":"SparseHallway2","timeout":true,"ubs":[5.841742620671342,5.841742620671342,5.841742620671342,5.841742620671342,5.841742620671342,5.841742620671342,5.841742620671342,5.841742620671342,5.841742620671342,5.841742620671342,5.841742620671342,5.841742620671342,5.841742620671342,5.841742620671342,5.841742620671342,5.841742620671342,5.841742620671342,5.841742620671342,5.841742620671342,5.841742620671342,5.841742620671342,5.841742620671342,5.841742620671342,5.841742620671342,5.841742620671342,5.841742620671342,5.841742620671342,5.841742620671342,5.841742620671342,5.841742620671342,5.841742620671342,5.841742620671342,5.841742620671342,5.841742620671342,5.841742620671342,5.841742620671342,5.841742620671342,5.841742620671342,5.841742620671342,5.841742620671342,5.841742620671342,5.841742620671342,5.841742620671342,5.841742620671342,5.841742620671342,5.841742620671342,5.841742620671342,5.841742620671342,5.841742620671342,5.841742620671342,5.841742620671342,5.841742620671342,5.841742620671342,5.841742620671342,5.841742620671342,5.841742620671342,5.841742620671342,5.841742620671342,5.841742620671342,5.841742620671342,5.841742620671342,5.841742620671342,5.841742620671342,5.841742620671342,5.841742620671342,5.841742620671342,5.841742620671342,5.841742620671342,5.841742620671342,5.841742620671342,5.841742620671342,5.841742620671342,5.841742620671342,5.841742620671342,5.841742620671342,5.841742620671342,5.841742620671342,5.841742620671342,5.841742620671342,5.841742620671342,5.841742620671342,5.841742620671342,5.841742620671342,5.841742620671342,5.841742620671342,5.841742620671342,5.841742620671342,5.841742620671342,5.841742620671342,5.841742620671342,5.841742620671342,5.841742620671342,5.841742620671342,5.841742620671342,5.841742620671342,5.841742620671342,5.841742620671342,5.841742620671342,5.841742620671342,5.841742620671342,5.841742620671342,5.841742620671342,5.841742620671342,5.841742620671342,5.841742620671342,5.841742620671342,5.841742620671342,5.841742620671342,5.841742620671342,5.841742620671342,5.841742620671342,5.841742620671342,5.841742620671342,5.841742620671342,5.841742620671342,5.841742620671342,5.841742620671342,5.841742620671342,5.841742620671342,5.841742620671342,5.841742620671342,5.841742620671342,5.841742620671342,5.841742620671342,5.841742620671342,5.841742620671342,5.841742620671342,5.841742620671342,5.841742620671342,5.841742620671342],"runtime":3205.202944993973,"solver":"SARSOP","final_ub":5.841742620671342,"lbs":[0.0006004860303106669,0.10486577105534156,0.21856180756133628,0.3000679390871778,0.3583835695149057,0.400563671767007,0.44723401976400623,0.49075308001859846,0.5242366811963293,0.5481358972229442,0.5842704072509965,0.6028310680969774,0.6217281432881858,0.6386152019134161,0.6618889615522734,0.6757737022568779,0.686278504394991,0.7014476751012905,0.7116104802438075,0.7211752310229038,0.7374475663642597,0.7512070211129621,0.7657060031531014,0.7742147295891109,0.7856587540262956,0.7983049438374001,0.8071525296039117,0.8186748902304013,0.8281614825942283,0.8334788139736851,0.837051794038558,0.8420566060628709,0.851360995716096,0.859361442784712,0.8656906295403053,0.8698039445026664,0.8748053158250539,0.8775792850499111,0.8805354231027405,0.8822659431053621,0.885702846314418,0.8873369529589443,0.8895145257739037,0.8910658187384226,0.8954825705086964,0.8983256303477181,0.9020213881314456,0.913063064723708,0.920797244490916,0.925171460476716,0.9310550621406871,0.9360731345338806,0.9391851611529394,0.9409465366306542,0.9420415998790799,0.944221752945072,0.9449765202911288,0.9460013400401248,0.9464105370274207,0.9469505910219865,0.9473230534271893,0.9475501937054736,0.9478933827731104,0.9481412052035514,0.9483961301216575,0.9485982229257158,0.9501037840966469,0.9510550366451355,0.9518111587761702,0.9523718294613184,0.9529074164439959,0.9534473599372899,0.9541472330877891,0.954302048113531,0.9545629690735085,0.9547813027273051,0.9552222217055628,0.9556872417416429,0.9564215940654202,0.9585382733732126,0.9616111409168286,0.9666577935731745,0.969237124128708,0.9716078618654065,0.9732331780934074,0.9745206667725721,0.9756785795299745,0.9776084801892282,0.9828308569102076,0.9865230054531633,0.988865722770015,0.9902262901091377,0.9909859446570979,0.9919754452295038,0.9954169524944154,1.007108727111621,1.01438115839876,1.0197735585355243,1.0228779493919895,1.02623842808802,1.028142302943622,1.0298000900575925,1.0317345345835827,1.0331414992951162,1.0357150882955901,1.0423214701689179,1.0485309560072475,1.0539706535140718,1.060439576315376,1.065086771861429,1.0688782138540243,1.0731444544333657,1.0833371668133887,1.0898152044391245,1.0920294259949435,1.0943066414108316,1.0960467851907068,1.0972877886917864,1.0980926214638402,1.0987879316611302,1.0994085186753675,1.1000739201557064,1.1006707199522945,1.1014248442279508,1.1024533929347253,1.1030389939277805,1.1035247964264931,1.1038965841149837,1.1044883815006918,1.1055070382024006],"env":"SparseHallway2","times":[65.3923008441925,65.50189399719238,65.67006492614746,65.91898083686829,66.33801794052124,66.88553500175476,67.54128885269165,68.45841479301453,69.5098009109497,70.72273778915405,72.12045788764954,73.75254988670349,75.60593390464783,77.5602068901062,79.78827786445618,82.27869987487793,85.04546689987183,88.03782200813293,91.53788185119629,95.3771288394928,100.2131187915802,105.62940287590027,112.72457098960876,119.69351887702942,127.7214708328247,136.20612001419067,145.07104086875916,154.09798979759216,164.37827897071838,174.25193095207214,185.0154688358307,196.27912497520447,207.51449179649353,219.46208381652832,231.55829691886902,243.97962188720703,257.3565299510956,270.14117789268494,283.42634892463684,297.9788408279419,312.30109786987305,327.35539388656616,343.3438789844513,358.91326785087585,374.7709319591522,391.51082396507263,407.70227098464966,425.0529589653015,442.88363099098206,461.1810908317566,479.39307379722595,497.5317449569702,516.4393827915192,537.0283188819885,557.5246539115906,578.1273128986359,598.7260189056396,621.5270738601685,643.2777848243713,665.6163158416748,688.5531358718872,711.2341358661652,736.0030198097229,759.5766878128052,783.2350180149078,807.6462159156799,832.2499368190765,859.941990852356,885.9606099128723,911.6820509433746,937.5687799453735,963.7810900211334,992.3635568618774,1020.2830059528351,1048.3562569618225,1077.0881168842316,1106.6579568386078,1138.603810787201,1169.396775007248,1199.7921829223633,1231.3938739299774,1261.405277967453,1293.3167707920074,1327.4815509319305,1359.3745739459991,1391.263680934906,1423.8494868278503,1457.649496793747,1492.0449049472809,1528.619875907898,1562.5912549495697,1597.391273021698,1632.626545906067,1669.0829420089722,1705.530681848526,1742.5002908706665,1783.9074268341064,1821.121123790741,1860.2783567905426,1898.1626780033112,1936.4045519828796,1974.0251898765564,2011.9153549671173,2054.4287099838257,2092.3591549396515,2132.4157688617706,2171.5641129016876,2211.6608970165253,2252.941586971283,2294.7678079605103,2335.886183977127,2383.9836897850037,2426.619768857956,2468.339469909668,2510.8563528060913,2553.043284893036,2596.3298428058624,2641.0013949871063,2685.940442800522,2736.4728679656982,2781.055835008621,2825.7813148498535,2871.8087379932404,2917.964430809021,2964.3521869182587,3009.935388803482,3055.4483938217163,3101.932580947876,3158.164282798767,3205.202944993973],"final_lw":1.1055070382024006}