{"lbs":[0.475,0.475,0.475,0.475,0.475,0.475,0.475],"times":[0.015373945236206055,0.0583798885345459,0.058400869369506836,0.0584108829498291,0.05841207504272461,0.05841493606567383,0.058415889739990234],"env":"ABC","ubs":[0.9500000000000438,0.9500000000000438,0.9500000000000438,0.9500000000000438,0.487674979115552,0.487674979115552,0.475],"sim_r":null,"sim_rsigma":null,"solver":"SARSOP","env_full":"ABCModel","final_lw":0.475,"timeout":false,"runtime":0.058415889739990234,"final_ub":0.475}