{"lbs":[0.008857506748021169,0.2547154508528647,0.31108465916001665,0.35881212692931364,0.36062156888096536,0.36821008825911433,0.374828421133826,0.3759326000769253,0.38081441945581057,0.38081441945581057,0.38229678412090295,0.38229678412090295,0.38229678412090295,0.38229678412090295,0.38229678412090295,0.38467230879927733,0.38467230879927733,0.38496644013357717,0.3855433701307945,0.3855433701307945,0.3855433701307945,0.3855433701307945,0.3861030190156812,0.3861030190156812,0.38613954817123497],"times":[0.11304903030395508,0.14002203941345215,0.1401960849761963,0.14042210578918457,0.14052891731262207,0.14073801040649414,0.1409590244293213,0.14106297492980957,0.1411290168762207,0.14127206802368164,0.14155006408691406,0.14162588119506836,0.1417551040649414,0.1420300006866455,0.14210295677185059,0.14245104789733887,0.14248991012573242,0.1427760124206543,0.14307498931884766,0.14323210716247559,0.14359593391418457,0.14373397827148438,0.14407110214233398,0.1441209316253662,0.14426398277282715],"env":"FrozenLake4","ubs":[0.4353366579608336,0.4353366579608336,0.42792130253819116,0.4173382627903971,0.4058560015843881,0.40406982506279193,0.4032121193515945,0.40313471141115886,0.4031271173771599,0.3985477306806039,0.3975001838000925,0.3975001838000925,0.3961195961429049,0.3960628991844675,0.3956298863236942,0.3948469944867454,0.3928948149801516,0.39146419887690065,0.3904779991149054,0.3904199926271856,0.39016953927929565,0.39014693586464866,0.3901448434268177,0.3901133323572159,0.38974697712483697],"sim_r":null,"sim_rsigma":null,"solver":"SARSOP","env_full":"Frozen Lake (4)","final_lw":0.38613954817123497,"timeout":false,"runtime":0.14426398277282715,"final_ub":0.38974697712483697}