{"lbs":[0.008857506748021169,0.2547154508528647,0.31108465916001665,0.35881212692931364,0.36062156888096536,0.36821008825911433,0.374828421133826,0.3759326000769253,0.38081441945581057,0.38081441945581057,0.38229678412090295,0.38229678412090295,0.38229678412090295,0.38229678412090295,0.38229678412090295,0.38467230879927733,0.38467230879927733,0.38496644013357717,0.3855433701307945,0.3855433701307945,0.3855433701307945,0.3855433701307945,0.3861030190156812,0.3861030190156812,0.3862771698092195],"times":[0.15260696411132812,0.18494081497192383,0.18513798713684082,0.18540000915527344,0.1855168342590332,0.18575286865234375,0.18600797653198242,0.18612289428710938,0.18619585037231445,0.18635797500610352,0.18667101860046387,0.18675899505615234,0.1869039535522461,0.18721485137939453,0.18729901313781738,0.1876978874206543,0.18774080276489258,0.1880638599395752,0.18840885162353516,0.18858885765075684,0.18899989128112793,0.18915700912475586,0.18953895568847656,0.18959689140319824,0.190032958984375],"env":"FrozenLake4","ubs":[0.43533533504907557,0.43533533504907557,0.42792092568513784,0.41733652601080984,0.40585572895578553,0.4040685682966217,0.40321119329607447,0.40313381520227504,0.40312683182099285,0.3985434254401119,0.39749987937758086,0.39749987937758086,0.3961190397190257,0.3960611249736615,0.3956295215183802,0.3948453071945659,0.39289013988755167,0.3914641533190779,0.39047795288762793,0.390419974551548,0.3901694542457227,0.39014684478812195,0.3901448042839409,0.39010905062859413,0.38974696182162855],"sim_r":null,"sim_rsigma":null,"solver":"SARSOP","env_full":"Frozen Lake (4)","final_lw":0.3862771698092195,"timeout":false,"runtime":0.190032958984375,"final_ub":0.38974696182162855}