{"lbs":[0.5,0.5,0.5,0.5,0.5],"times":[0.005123138427734375,0.005146026611328125,0.0051500797271728516,0.005151033401489258,0.005151987075805664],"env":"ABC","ubs":[0.950000000000003,0.950000000000003,0.6302494097246111,0.5133420832795064,0.5],"sim_r":null,"sim_rsigma":null,"solver":"ETIB-SARSOP","env_full":"ABCModel","final_lw":0.5,"timeout":false,"runtime":0.005151987075805664,"final_ub":0.5}