{"lbs":[-19.999999999999982,-8.006233762554974,-5.632441144646656,-3.3852612129424022,4.139372539505089,6.029114345754689,8.181873733250184,10.12925624615982,11.74913531839086,13.672724636346942,14.490290161536997,15.266675384553288,16.081988204533722,16.71520907373786,17.018107339370573,17.483958754444572,17.751020735583637,18.005372681887295,18.11587357989441,18.232485589636813,18.33115273419786,18.42467881181766,18.566458983931355,18.81191793865562,18.921706059113674,19.036002559607795,19.064936346253738,19.124942904167682,19.162337782868164,19.184825189425695,19.21566620773561,19.222682983043438,19.23912995839441,19.270353974167705,19.274462325453797,19.29428402325765,19.319021408449935,19.323003003367543,19.332109360905804,19.338745106383634,19.342880369359165,19.34937407082026,19.349962105173333,19.356543668146365,19.357742414642544,19.358263199194166,19.35975527513048,19.361963532756945,19.36251893332297,19.36276022206556,19.3637840812162,19.365608163239493,19.366431227778417,19.367233921569557,19.368185923402773,19.36893477568708,19.369508626201885,19.369947252422634,19.370282434523876],"times":[0.004026889801025391,0.00423884391784668,0.00429987907409668,0.004362821578979492,0.004799842834472656,0.0048749446868896484,0.004962921142578125,0.005081892013549805,0.005167961120605469,0.005277872085571289,0.0053730010986328125,0.005487918853759766,0.00564885139465332,0.005738019943237305,0.005791902542114258,0.005914926528930664,0.0060389041900634766,0.006172895431518555,0.0062389373779296875,0.006304025650024414,0.0063779354095458984,0.006451845169067383,0.006544828414916992,0.006682872772216797,0.0068378448486328125,0.006963968276977539,0.007029056549072266,0.007192850112915039,0.007288932800292969,0.007359027862548828,0.0075109004974365234,0.007587909698486328,0.007648944854736328,0.007750988006591797,0.007810831069946289,0.007933855056762695,0.008791923522949219,0.00886392593383789,0.008992910385131836,0.009150981903076172,0.009287834167480469,0.010232925415039062,0.010332822799682617,0.011479854583740234,0.011580944061279297,0.011658906936645508,0.011754989624023438,0.011919021606445312,0.011981964111328125,0.012028932571411133,0.012097835540771484,0.01228189468383789,0.012392044067382812,0.01247096061706543,0.01343393325805664,0.013888835906982422,0.014368057250976562,0.014850854873657227,0.015327930450439453],"env":"Tiger","ubs":[51.15499778195801,51.15499778195801,42.71925846521041,42.5709325862918,42.55386491281199,38.88895566438599,37.34350983432813,36.343505757354194,35.02409484462595,34.255414624285024,31.781479027516305,30.500341039867532,30.27034984937213,28.969082230379872,28.195704537960232,27.71436647471016,26.70189676210666,26.180726960990665,25.68871621995697,25.628875031043524,25.406046548578622,25.248314946498304,25.14602510214144,24.735790606424473,24.110880454758565,23.560945490169864,23.116006119880694,22.865800709121572,22.497779133441984,22.231932942718135,22.14942512154554,21.992235322362397,21.865179542939124,21.719324101975293,21.358344044824815,21.308796133274875,21.13979741778957,20.65019969299648,20.65019969299648,20.598755721522476,20.5053715275654,20.413682850916373,20.193075051038413,20.193075051038413,19.999720354126474,19.999720354126474,19.98613095882485,19.97795146263286,19.894598097896306,19.873250179675196,19.868076283592494,19.86139243511181,19.799855719257835,19.78296030646771,19.754669140616077,19.68008733289092,19.621924864335554,19.574978947678282,19.536881791249193],"sim_r":null,"sim_rsigma":null,"solver":"BIB-SARSOP","env_full":"Tiger","final_lw":19.370282434523876,"timeout":false,"runtime":0.015327930450439453,"final_ub":19.536881791249193}