{"env_full":"RockSample ()","timeout":false,"ubs":[23.47795521977625,23.47795521977625,23.47795521977625,23.47795521977625,23.47795521977625,23.47795521977625,23.466067844152498,23.454299342284987,23.454299342284987,23.442530840417476,23.430880023568633,23.430880023568633,23.430880023568633,23.43032673040451,23.41831928027951,23.36055302751415,23.322708007302367,23.29930933237609,23.290929301420213],"runtime":1.0938079357147217,"solver":"SARSOP","final_ub":23.290929301420213,"lbs":[9.605960099999999,18.76926690427999,19.853952139149143,23.064728902885317,23.064728902885317,23.064728902885317,23.064728902885317,23.064728902885317,23.064728902885317,23.064728902885317,23.064728902885317,23.064728902885317,23.064728902885317,23.064728902885317,23.064728902885317,23.064728902885317,23.064728902885317,23.064728902885317,23.064728902885317],"env":"RockSample5","times":[1.0758650302886963,1.0763781070709229,1.0781240463256836,1.0787250995635986,1.0803799629211426,1.0809540748596191,1.0825860500335693,1.0829999446868896,1.0845849514007568,1.085068941116333,1.0867280960083008,1.0872070789337158,1.0888090133666992,1.0890300273895264,1.089306116104126,1.090986967086792,1.0912189483642578,1.0930640697479248,1.0938079357147217],"final_lw":23.064728902885317}