{"env_full":"Tag","timeout":true,"ubs":[-6.2127709629533285],"runtime":2210.315843105316,"solver":"BIB-SARSOP","final_ub":-6.2127709629533285,"lbs":[-99.99992926487926],"env":"Tag","times":[2210.315843105316],"final_lw":-99.99992926487926}