{"env_full":"Frozen Lake (10)","timeout":false,"ubs":[0.5035499496923483,0.5035499496923483,0.5035499496923483,0.5035499496923483,0.5034012096343897,0.5000908009460722,0.5000736833076554,0.5000736340090864,0.5000735994692765,0.5000695662258171,0.499705896591644,0.4996201616180461,0.4994787902023924,0.4991425908495416,0.49914244807098773,0.49903302532353333,0.4989251983945977,0.49889397455772744,0.49888686210923194,0.4988514223883129,0.4988049990936121,0.49873858164545426,0.4987163802525193,0.4986514915174778,0.4986514805782588,0.4985315520815665,0.49852111383193753,0.4985211137247002,0.49836677879467517,0.49832523163264875,0.49828573506898466,0.4981869130242116,0.49801057929547154,0.4971160116884591,0.49700880170307726,0.49699178260294463,0.49681531700637227,0.4959744296368188,0.4958807687775949,0.4958538193163192,0.49583260873643376,0.4941986536376667,0.4940154266554832,0.4933962857270883,0.4933954973834295,0.4928632583382405,0.492848534494455,0.4927351241826519,0.49268719203929545,0.49268294107585375,0.49240020386268313,0.49234629173934796,0.49224951707007,0.49204724578420594,0.49189776521049894,0.49181166289382783,0.4917870194510499,0.4917623093918708,0.4917557871260935,0.4914970050204342,0.4914969970027494,0.4914891941755741,0.4914667647894879,0.4912028859859246,0.4911653885201294,0.49095632055095756,0.4908843357662506],"runtime":14.154242992401123,"solver":"BIB-SARSOP","final_ub":0.4908843357662506,"lbs":[0.0,0.20594228935325398,0.3143807856487014,0.3711963307448778,0.3835491690321774,0.3916682373647364,0.4005040750537478,0.4035677688235112,0.4037067054724873,0.4037067054724873,0.4037067054724873,0.4048727855449246,0.40523761804385466,0.41101471406684204,0.41182559596963697,0.41182559596963697,0.41182559596963697,0.41366167103809715,0.41644717921588953,0.4229164479602332,0.4262023842571365,0.4334239742776216,0.4427838639226854,0.4450560319898632,0.44600359924465566,0.4463218868549844,0.4518796502161467,0.45363967722227133,0.4565738703250407,0.4565738703250407,0.4586552574412116,0.4598495316211761,0.4598495316211761,0.462263715233189,0.4671546596585564,0.46896387434031284,0.4701343514047359,0.47073431006623684,0.47144150223229825,0.4729958119887534,0.4749569777864509,0.47691435041735725,0.47691435041735725,0.47691435041735725,0.4789111665015157,0.4789111665015157,0.47925642196543966,0.47925642196543966,0.4800387260824019,0.4802316195336977,0.4806923847821361,0.4806923847821361,0.4813536544500687,0.4828227716966478,0.48312048310209743,0.48321608747382666,0.4833718200177127,0.48366700995078565,0.48371692878297623,0.4837375360626536,0.4837752868926065,0.4843379728690717,0.48470501694181706,0.48470501694181706,0.4854992141505063,0.4860123336567147,0.4861257652585268],"env":"FrozenLake10","times":[11.296869039535522,11.306649923324585,11.315188884735107,11.325666904449463,11.339730024337769,11.351269960403442,11.367209911346436,11.385265827178955,11.498025894165039,11.523101806640625,11.550159931182861,11.580874919891357,11.585992813110352,11.61241102218628,11.618834018707275,11.626085996627808,11.648880958557129,11.665009021759033,11.699124813079834,11.712142944335938,11.738117933273315,11.748268842697144,11.799777030944824,11.82105302810669,11.862470865249634,11.875066041946411,11.904616832733154,11.942716836929321,11.964406967163086,11.982096910476685,11.99638295173645,12.06851601600647,12.091110944747925,12.106467962265015,12.3974609375,12.435405969619751,12.449687957763672,12.492785930633545,12.519235849380493,12.575918912887573,12.595939874649048,12.624631881713867,12.652115821838379,12.73427700996399,12.751369953155518,12.766366004943848,12.780596017837524,12.79768681526184,12.82026481628418,12.981632947921753,13.017956972122192,13.062882900238037,13.07114291191101,13.135041952133179,13.224485874176025,13.44092082977295,13.50810194015503,13.518285989761353,13.550264835357666,13.607117891311646,13.843277931213379,13.862803936004639,13.88425087928772,13.900503873825073,13.933156967163086,13.960014820098877,14.154242992401123],"final_lw":0.4861257652585268}