{"lbs":[-19.999999999999982,-10.77798724525706,-7.964090794870497,-2.3801147957169526,0.8750254055571952,3.875001037597943,6.493587538494678,8.696777308670935,10.288639595753715,11.779996345025335,13.056839886144147,13.448780834121548,14.173769132049966,15.014506352427624,15.675270374782347,15.962333316120404,15.962333316120404,15.962333316120404,16.42461689655204,16.837414609466,16.99032565062901,17.342863956006365,17.562451843976124,17.861230264316262,18.115627860682935,18.16975747212914,18.319217774250767,18.368725995308377,18.478682186194554,18.547960054817302,18.625826667662288,18.816053899504666,18.863836231061576,18.90962429322019,18.9942522165638,19.023513191552638,19.05641114555717,19.083415528943046,19.109439556557376,19.13247726914644,19.15379169755579,19.206721451480675,19.221345327843103,19.227698538399878,19.24377616322922,19.250760941632855,19.263540288464817,19.289171562400206,19.296576577264716,19.303166095934905,19.3092458942036,19.320690968762023,19.325029831236364,19.334101009424955,19.340502170279073,19.34282962318236,19.343840764003655,19.347010851762576,19.348388067660522,19.35438666917367,19.355844854260585,19.359638184826288,19.36263497645828,19.363011890031046,19.365093215725857,19.3664750208131,19.367195615356348,19.36787874400434,19.368175523054607,19.368304456023438,19.368650177560646,19.369503571035604,19.369650083681996,19.36997229084008,19.370208074918764,19.370404712909846,19.370490140503037,19.370621416461667,19.370744133134096,19.370797446280314,19.370849143956022,19.370914584585925,19.371018019123824,19.371027390400887,19.371089754450267,19.371138057163872,19.371172258997383,19.371202689493785,19.37121590974717,19.371230157271675,19.37125096916926,19.371277009715264,19.371290477882816],"times":[0.0027930736541748047,0.028789997100830078,0.028872966766357422,0.028929948806762695,0.029024124145507812,0.029098033905029297,0.029196977615356445,0.029317140579223633,0.029415130615234375,0.029507160186767578,0.029608964920043945,0.029699087142944336,0.02997112274169922,0.030161142349243164,0.030285120010375977,0.03039693832397461,0.030416011810302734,0.030437946319580078,0.030591964721679688,0.030792951583862305,0.030905961990356445,0.031064987182617188,0.031163930892944336,0.031356096267700195,0.031533002853393555,0.03163313865661621,0.03180193901062012,0.03194999694824219,0.03204703330993652,0.0322260856628418,0.032328128814697266,0.032508134841918945,0.032618045806884766,0.03278613090515137,0.03295111656188965,0.0331110954284668,0.0332181453704834,0.03338313102722168,0.03347015380859375,0.03361201286315918,0.03368806838989258,0.033837080001831055,0.03391408920288086,0.033959150314331055,0.034091949462890625,0.03419899940490723,0.03425192832946777,0.03438997268676758,0.0344691276550293,0.03456997871398926,0.034629106521606445,0.03479313850402832,0.03487515449523926,0.035089969635009766,0.03521895408630371,0.035295963287353516,0.03536415100097656,0.03546500205993652,0.03555107116699219,0.0357210636138916,0.035797119140625,0.03594708442687988,0.036080121994018555,0.03615593910217285,0.03632402420043945,0.03643512725830078,0.0369110107421875,0.03700900077819824,0.03706812858581543,0.03713202476501465,0.037245988845825195,0.03841996192932129,0.03852105140686035,0.03874015808105469,0.038912057876586914,0.03909897804260254,0.03926801681518555,0.0394740104675293,0.03966093063354492,0.0397951602935791,0.03991413116455078,0.04018211364746094,0.04164695739746094,0.041767120361328125,0.04193902015686035,0.042083024978637695,0.04221010208129883,0.04233503341674805,0.04239606857299805,0.042556047439575195,0.042684078216552734,0.042816162109375,0.04290199279785156],"env":"Tiger","ubs":[87.19801910939043,87.19801910939043,77.873767190011,75.0496721778378,69.19133866226107,65.2740943775002,63.764604771930074,60.62140816263094,58.23062030345652,55.03726453712072,53.362129781483006,49.72860214302258,47.66851859372707,47.272361220691806,45.1299774070168,43.393105671950465,43.198019109390444,43.198019109390444,42.10628659922424,41.079081672827016,40.03619067141514,39.815306463835,38.84272739844522,38.39793583152955,37.2569784500902,36.16786175839724,35.607067643297306,35.18693244967531,34.60289448933909,34.097846187198485,33.90532187428466,33.508838230636336,31.81164941452878,31.19967441378154,30.89778428111913,29.652292718954044,29.067632776145885,28.695242079569145,28.350515107986887,28.00448587137555,27.733672674843383,27.500482592632935,26.424707275677115,26.344683235327448,26.05241119692217,25.900633381782214,25.683458733389646,25.4000853548158,24.624949202956557,24.50143534469104,24.380423584086444,24.3380737415018,23.816576051790115,23.58454224822754,23.090000780617423,22.67626886924496,22.55711915887938,22.39715646356428,22.261568986274206,22.22361280954217,21.795340255117495,21.70913696870148,21.46449255978044,21.088842430391292,21.06988521514056,20.903171940046633,20.70131568306426,20.589971114578432,20.518577718849947,20.514498761976302,20.43426499239396,20.38078772514328,20.132967612202947,20.132967612202947,20.025624000454464,19.98470063725842,19.93097918120195,19.909383406704805,19.872645145651237,19.83503461118017,19.82840853190271,19.81158510125681,19.77466901621847,19.68928043903704,19.68928043903704,19.677500973028714,19.650121187000213,19.624672471528836,19.604920628527832,19.59834519129138,19.588686920829545,19.573916296226052,19.547744070281045],"sim_r":null,"sim_rsigma":null,"solver":"SARSOP","env_full":"Tiger","final_lw":19.371290477882816,"timeout":false,"runtime":0.04290199279785156,"final_ub":19.547744070281045}