{"lbs":[-19.999999999999982,-8.006233762554974,-5.632441144646656,-3.3852612129424022,4.139372539505089,6.029114345754689,8.181873733250184,10.12925624615982,11.74913531839086,13.672724636346942,14.490290161536997,15.266675384553288,16.081988204533722,16.71520907373786,17.018107339370573,17.483958754444572,17.751020735583637,18.005372681887295,18.11587357989441,18.232485589636813,18.33115273419786,18.42467881181766,18.566458983931355,18.81191793865562,18.921706059113674,19.036002559607795,19.064936346253738,19.124942904167682,19.162337782868164,19.184825189425695,19.21566620773561,19.222682983043438,19.23912995839441,19.270353974167705,19.274462325453797,19.29428402325765,19.319021408449935,19.323003003367543,19.332109360905804,19.338745106383634,19.342880369359165,19.34937407082026,19.349962105173333,19.356543668146365,19.357742414642544,19.358263199194166,19.35975527513048,19.361963532756945,19.36251893332297,19.36276022206556,19.3637840812162,19.365608163239493,19.366431227778417,19.367233921569557,19.368185923402773,19.36893477568708,19.369508626201885,19.369947252422634,19.370282434523876],"times":[0.006387948989868164,0.006742000579833984,0.006840944290161133,0.006948947906494141,0.007730007171630859,0.007868051528930664,0.008029937744140625,0.00824594497680664,0.008400917053222656,0.008599042892456055,0.008773088455200195,0.008989095687866211,0.009248971939086914,0.009411096572875977,0.009509086608886719,0.009746074676513672,0.009975910186767578,0.010218143463134766,0.010334014892578125,0.010448932647705078,0.010580062866210938,0.010710000991821289,0.010872125625610352,0.011099100112915039,0.011369943618774414,0.011588096618652344,0.011701107025146484,0.011990070343017578,0.01215505599975586,0.012275934219360352,0.012536048889160156,0.012658119201660156,0.01276397705078125,0.01293802261352539,0.013045072555541992,0.013256072998046875,0.014739036560058594,0.014863014221191406,0.015082120895385742,0.015360116958618164,0.015594959259033203,0.017225980758666992,0.017393112182617188,0.019390106201171875,0.01955413818359375,0.019685983657836914,0.019850969314575195,0.02013111114501953,0.020236968994140625,0.02031707763671875,0.020437002182006836,0.020756006240844727,0.020936965942382812,0.021068096160888672,0.022696971893310547,0.023442983627319336,0.02424907684326172,0.025054931640625,0.02587103843688965],"env":"Tiger","ubs":[51.15499778195801,51.15499778195801,42.71925846521041,42.5709325862918,42.55386491281199,38.88895566438599,37.34350983432813,36.343505757354194,35.02409484462595,34.255414624285024,31.781479027516305,30.500341039867532,30.27034984937213,28.969082230379872,28.195704537960232,27.71436647471016,26.70189676210666,26.180726960990665,25.68871621995697,25.628875031043524,25.406046548578622,25.248314946498304,25.14602510214144,24.735790606424473,24.110880454758565,23.560945490169864,23.116006119880694,22.865800709121572,22.497779133441984,22.231932942718135,22.14942512154554,21.992235322362397,21.865179542939124,21.719324101975293,21.358344044824815,21.308796133274875,21.13979741778957,20.65019969299648,20.65019969299648,20.598755721522476,20.5053715275654,20.413682850916373,20.193075051038413,20.193075051038413,19.999720354126474,19.999720354126474,19.98613095882485,19.97795146263286,19.894598097896306,19.873250179675196,19.868076283592494,19.86139243511181,19.799855719257835,19.78296030646771,19.754669140616077,19.68008733289092,19.621924864335554,19.574978947678282,19.536881791249193],"sim_r":null,"sim_rsigma":null,"solver":"BIB-SARSOP","env_full":"Tiger","final_lw":19.370282434523876,"timeout":false,"runtime":0.02587103843688965,"final_ub":19.536881791249193}