{"env_full":"Frozen Lake (4)","timeout":false,"ubs":[0.9324242460505625,0.9324242460505625,0.9301451560768972,0.9299964364536122,0.9299964364536122,0.9298506622077352,0.9290849814238775,0.929035017227245,0.9283344626357397,0.9283344626357397,0.9283344626357397],"runtime":3.64208984375,"solver":"BIB-SARSOP","final_ub":0.9283344626357397,"lbs":[0.0,0.5672034262109531,0.7901860528287928,0.8300032357435636,0.8690319595929166,0.882053633385248,0.8948174522509986,0.8948174522509987,0.905983869833351,0.9169291702358546,0.919204918654105],"env":"FrozenLake4","times":[3.437469959259033,3.4404048919677734,3.4431447982788086,3.4640908241271973,3.47530198097229,3.487370014190674,3.5002219676971436,3.5786828994750977,3.611665964126587,3.6313538551330566,3.64208984375],"final_lw":0.919204918654105}