{"lbs":[-99.99992926487926],"times":[3605.454623937607],"env":"Tag","ubs":[-6.212770957747201],"sim_r":-97.09896485168335,"sim_rsigma":17.444974198109836,"solver":"BIB-SARSOP","env_full":"Tag","final_lw":-99.99992926487926,"timeout":true,"runtime":3605.454623937607,"final_ub":-6.212770957747201}