{"lbs":[-19.999999999999982,-19.999999999999982,-19.999999999999982,-17.247290390624986,-13.451405269784455,-12.065111712316863,-9.61074349795994,-6.318127517466565,-4.0929006598394455,-1.9830393416877399,-1.48420616416109,0.11701398284355963,2.1564293033338027,3.738070388928033,5.100749472399691,6.807915811911625,7.94579535145139,8.411732111514823,9.357700145200461,10.278405333992323,10.678397359372173,11.644430509107796,11.801617318476863,12.289590050529018,13.00614421489782,13.529440009022904,14.130062400466489,14.618338470678243,15.02941972608593,15.420137365775531,15.589881103460069,16.011958995667023,16.134215802526576,16.322129104043917,16.640302409033833,16.94688132947356,17.176926787421685,17.377240136267872,17.592057278411566,17.763749149704026,17.937470072891955,18.054850626293053,18.190470217455612,18.300383837447484,18.345007207321643,18.427916705241472,18.515601039190088,18.547579586630693,18.615955302018513,18.702531943596803,18.76484215932706,18.82118218176164,18.8661221399286,18.925815906827673,18.974611150221644,19.011708617859256,19.050590509786772,19.083556082578784,19.11632011872375,19.14502892595943,19.170756683892968,19.188516054249988,19.204775910177013,19.22439386390932,19.24131803797797,19.255996941291517,19.266323672046898,19.270570404562687,19.279339050832654,19.289819708129713,19.29898194841254,19.30721635026171,19.31288803456541,19.317586246779165,19.32403684670254,19.3291848117497,19.333136290398024,19.33660882125475,19.34081510735345,19.344122067115833,19.347277615962867,19.349976623634348,19.351908822998144,19.35360551720055,19.35554226821369,19.35707241742466,19.358782814779815,19.360155126575616,19.36144931828895],"times":[0.004514932632446289,0.004682064056396484,0.004879951477050781,0.005193948745727539,0.005234956741333008,0.005702018737792969,0.006273031234741211,0.0069561004638671875,0.007042884826660156,0.007100105285644531,0.007144927978515625,0.00722503662109375,0.007303953170776367,0.007342100143432617,0.007415056228637695,0.0074920654296875,0.007606983184814453,0.007941961288452148,0.008742094039916992,0.00880289077758789,0.008858919143676758,0.008996009826660156,0.009031057357788086,0.009120941162109375,0.009208917617797852,0.009300947189331055,0.009368896484375,0.009457111358642578,0.00951695442199707,0.009612083435058594,0.009670019149780273,0.009799003601074219,0.009855031967163086,0.009948968887329102,0.010050058364868164,0.010957956314086914,0.011063098907470703,0.012084007263183594,0.012217998504638672,0.01335597038269043,0.013504981994628906,0.013632059097290039,0.01371908187866211,0.01384592056274414,0.013946056365966797,0.014005899429321289,0.014132976531982422,0.014204025268554688,0.014316082000732422,0.014911890029907227,0.014996051788330078,0.015113115310668945,0.016297101974487305,0.01643204689025879,0.01701498031616211,0.01712203025817871,0.017286062240600586,0.01743602752685547,0.017999887466430664,0.018186092376708984,0.018733978271484375,0.018826961517333984,0.018951892852783203,0.0191500186920166,0.019711971282958984,0.0199429988861084,0.02007007598876953,0.020179033279418945,0.020426034927368164,0.020987987518310547,0.02126288414001465,0.021815061569213867,0.021902084350585938,0.023235082626342773,0.0239410400390625,0.024266958236694336,0.024403095245361328,0.025841951370239258,0.02622199058532715,0.026865005493164062,0.02727508544921875,0.02790999412536621,0.027991056442260742,0.0284121036529541,0.028567075729370117,0.02922797203063965,0.0296630859375,0.030260086059570312,0.030719995498657227],"env":"Tiger","ubs":[53.28451467325154,53.28451467325154,46.02907637684214,46.02892573449462,44.56113111366581,44.56113111365167,42.9357802585201,42.39696481723675,41.07714341273376,40.14617375617024,39.29333442949662,39.08807375955675,39.06445467084261,38.82552856223905,37.54263456442675,37.331669327706315,36.960920961437026,36.93803932745254,35.77039462730117,34.38239066133201,34.38239066133201,33.27114219295599,32.98355633940143,32.98355633940143,32.595751212513946,32.57453586916263,32.313340663148054,31.489633894053583,31.05950779752755,30.49476196529072,30.156541856042267,29.815571661914944,29.672433485710172,29.077879577231982,28.94235743230471,28.858348493434413,27.824658872227033,27.824658872227033,26.889151945952918,26.889151945952918,26.057274563150287,25.732799136267694,25.6489505635806,25.601965231355116,25.494759169705873,24.772653140716688,24.43196819319335,24.35433555699436,24.05267107173215,23.969823635031688,23.55337001683868,23.23266643161967,23.152933925749696,22.978757859565636,22.743443337346047,22.301542841584556,22.301542841584556,21.98668224980862,21.76075965654189,21.487755937524863,21.273440743831756,21.068876871904045,21.004943183894625,20.974122617778864,20.779047886481944,20.640863454916918,20.50264184980447,20.502636917191268,20.410157163010037,20.311418362835184,20.207768265245164,20.12124834404318,20.04136552353446,20.04136552353446,19.989262757939464,19.916514757763764,19.861996533710972,19.861996530249336,19.805074901442154,19.761356701601905,19.719350996549537,19.682951135039197,19.64992140092035,19.64992140092035,19.61991547255215,19.619915472549543,19.592370129326227,19.569565963304953,19.54842954193203],"sim_r":null,"sim_rsigma":null,"solver":"BIB-SARSOP","env_full":"Tiger","final_lw":19.36144931828895,"timeout":false,"runtime":0.030719995498657227,"final_ub":19.54842954193203}