{"env_full":"ABCModel","timeout":false,"ubs":[0.659803321200209,0.659803321200209,0.659803321200209,0.659803321200209,0.5029962548190012,0.5029962548190012,0.495],"runtime":3.2977590560913086,"solver":"BIB-SARSOP","final_ub":0.495,"lbs":[0.495,0.495,0.495,0.495,0.495,0.495,0.495],"env":"ABC","times":[3.2975940704345703,3.297682046890259,3.2977230548858643,3.2977449893951416,3.29774808883667,3.2977569103240967,3.2977590560913086],"final_lw":0.495}