{"lbs":[-99.99999999999991,-67.73861952549163,-64.36705941892,-61.082230909623505,-43.17050757275619,-38.819880276636795,-34.65505807966653,-29.825742861057684,-25.096176021909912,-18.83686847417811,-11.604786436317333,-6.609387434817862,-3.986361519684344,1.8713683568495432,7.610316181416479,11.953423573165134,15.436169259298655,18.756131952663644,22.73507125101323,26.295804166944244,31.02648385681815,35.45779826272652,38.49248695878153,40.99093781512684,45.70361217983815,47.78363167963563,49.64925742381733,54.5236189639683,55.92331843927495,58.44444827893198,60.91934323947954,63.21529186638429,65.4258997948954,67.57320433165762,69.49295811704064,71.29357293733165,75.41664469129219,76.99736485551522,78.49717250573676,79.91966945382589,81.23015093796775,84.16328369612597,85.26015661203044,86.30377832849123,87.32433143384597,88.26368277340748,89.1568485752762,90.42979645969776,91.13251845230904,92.21098283710577,93.81780554216547,94.37362936284607,94.44601432865225,95.73615705873456,96.88283142384533,98.2962185512068,99.74354074828844,100.01360577162781,100.0473538396231,100.30386787857881,100.7758948678024,101.76416347378252,102.12909105245325,103.10133408847078,103.56642505880758,103.9583252469047,104.00378700799024,104.11539707409773,104.31168904094437,104.52622880876001,104.80133714304787,104.82785207748155,104.9400163345685,104.96100055427192,104.98166897609475,105.23023020512038,105.25855649959212,105.31205468335867,105.38746475817106,105.44815859717542,105.61162165172948,105.65124693459313,105.6808710222011,105.69682910209654,105.78658414917116,105.81377122747641,105.88695078099943,105.8968566460652,105.90304174925598,105.92130119705291,105.92786465936517,105.97229526159984,105.99465292918208,105.99630900117832,106.01398715986429,106.01863328391042,106.03937915958147,106.05064844685641,106.05423613599322,106.05580993957938,106.05657543627055,106.06724012593571,106.06827633388022,106.07025163863798,106.07251496838407,106.0738490136858,106.07604456769475,106.07702491633216],"times":[8.092123031616211,8.12279200553894,8.12362813949585,8.124872207641602,8.126451015472412,8.128512144088745,8.130971193313599,8.169167041778564,8.172309160232544,8.175610065460205,8.179340124130249,8.183634042739868,8.188813209533691,8.193710088729858,8.198586225509644,8.205024003982544,8.212331056594849,8.219946146011353,8.22751522064209,8.234832048416138,8.242165088653564,8.249688148498535,8.261097192764282,8.273441076278687,8.284953117370605,8.299519062042236,8.315701007843018,8.328824043273926,8.347511053085327,8.368550062179565,8.385940074920654,8.402234077453613,8.42164921760559,8.439560174942017,8.474492073059082,8.500867128372192,8.520565032958984,8.548869132995605,8.600886106491089,8.643927097320557,8.708558082580566,8.73614501953125,8.810862064361572,8.894636154174805,8.984247207641602,9.08184814453125,9.182240009307861,9.287552118301392,9.399555206298828,9.511175155639648,9.537466049194336,9.658173084259033,9.6597421169281,9.685494184494019,9.709023237228394,9.728682041168213,9.758278131484985,9.772202014923096,9.77342414855957,9.790045022964478,9.80479121208191,9.828979015350342,9.842657089233398,9.87300705909729,9.893189191818237,9.914987087249756,9.917452096939087,9.925474166870117,9.941834211349487,9.95604419708252,9.978901147842407,9.981383085250854,9.995319128036499,9.999045133590698,10.000530004501343,10.026381015777588,10.028948068618774,10.040415048599243,10.05135703086853,10.06207013130188,10.089814186096191,10.098972082138062,10.106427192687988,10.109482049942017,10.136443138122559,10.143659114837646,10.175281047821045,10.178548097610474,10.187977075576782,10.198498010635376,10.201349020004272,10.232040166854858,10.2553231716156,10.257997035980225,10.277528047561646,10.281482219696045,10.313265085220337,10.33814001083374,10.3475661277771,10.355865001678467,10.358678102493286,10.392141103744507,10.39503002166748,10.40025806427002,10.406347036361694,10.410625219345093,10.419558048248291,10.423519134521484],"env":"Tiger","ubs":[220.59741076627353,220.59741076627353,210.55442233991803,209.65894951072318,209.2213218671244,205.03880812455893,203.99337316258146,203.57080133820378,202.48131540537437,201.2371935051897,198.94610660290488,195.24178561919553,193.9240841434767,193.6380441846648,190.4099676072019,187.55222240475052,186.75443962470598,186.06319843343215,184.57913312954975,182.96216408076623,180.9509036799664,177.23120303174068,174.18681992123055,173.40928194730645,172.91464678269546,171.1727116191278,171.1727116191278,168.33810936658566,166.02420017384424,165.23045070729165,163.4713444449282,161.3182942150725,159.4053109285589,157.3243519599866,154.8313046323559,153.29086324485849,151.62124461095638,148.56426395516107,146.80362921113868,145.08718177091112,143.5509593134562,142.3169647810687,139.84735079280495,138.56990150479635,137.38062731608125,136.23288051392973,135.14843070210435,134.16896939417495,133.111048584204,132.44040230931557,131.3820711435088,129.7480853483171,129.18356025697187,129.18356025697187,127.90552699863554,126.63070766704655,124.98865293798198,123.10562145110518,122.60979532367907,122.60979532367907,122.37619477719679,121.65945274611678,120.26674228604176,119.64960678647557,118.01425707625336,117.09548690298936,116.24675602196439,116.18205605247249,115.89800838618879,115.45733814636546,114.9903590665183,114.12414520601968,114.09918146980246,113.7508801589753,113.66745058278099,113.60037583886647,112.81140323509723,112.70547869745968,112.47450730065978,112.22097078841803,111.96964731313614,111.1564011840787,110.94318456890096,110.77278804562079,110.74396123410853,110.12895300288048,109.96837993442495,109.45265742293114,109.36107217964245,109.32324726219332,109.136607714326,109.11061512996997,108.66113385676022,108.36645661457393,108.35240206200606,108.14024471741979,108.09213028917162,107.79991534693669,107.58779938553636,107.52165979895045,107.50232762538062,107.49091465473981,107.28127580718852,107.26761003659266,107.22583142796411,107.17520054094561,107.14571738031424,107.08923683114543],"sim_r":null,"sim_rsigma":null,"solver":"EBIB-SARSOP","env_full":"Tiger","final_lw":106.07702491633216,"timeout":false,"runtime":10.423519134521484,"final_ub":107.08923683114543}