{"env_full":"Tag","timeout":true,"ubs":[-5.2843324742837705],"runtime":934.9582390785217,"solver":"BIB-SARSOP","final_ub":-5.2843324742837705,"lbs":[-19.999885736232503],"env":"Tag","times":[934.9582390785217],"final_lw":-19.999885736232503}