{"lbs":[0.475,0.475,0.475,0.475,0.475],"times":[0.01230621337890625,0.012325048446655273,0.0123291015625,0.01233220100402832,0.012333154678344727],"env":"ABC","ubs":[0.5830150000000109,0.5830150000000109,0.5830150000000109,0.5830150000000109,0.475],"sim_r":null,"sim_rsigma":null,"solver":"BIB-SARSOP","env_full":"ABCModel","final_lw":0.475,"timeout":false,"runtime":0.012333154678344727,"final_ub":0.475}