{"lbs":[-19.999999999999982,-19.999999999999982,-19.999999999999982,-17.247290390624986,-13.330880592603144,-9.661907378317487,-5.970734672157295,-3.6684162431493346,-1.6477042603497967,0.8183451830414183,2.598313446654492,2.9760022651896842,4.290798284622773,5.89279405915433,7.068104409108332,8.31585668548457,9.573413216254071,10.490585896864836,11.256560084702546,11.450237690921327,12.071929468999933,12.758929852987901,13.057390943870494,13.755604109787905,14.188600208294213,14.680043821639142,15.127871550045878,15.582884187367421,16.035683203808247,16.358387547242934,16.63362847534202,16.873019870866827,16.962954175413376,16.98130775964455,17.183280580753255,17.394006161115193,17.59290718966794,17.81642295024021,17.956199776398066,18.1301355047163,18.250233687045707,18.351088353310672,18.43604072279539,18.55305226711387,18.61732578901669,18.679983109632722,18.766503967401167,18.831340222026242,18.882535760305927,18.925931990006156,18.980197741615882,19.010937816033753,19.025790510156888,19.05599958099414,19.074886516888085,19.11132708153452,19.13945427076714,19.166327500592857,19.18929342580344,19.210052354892927,19.228278072780903,19.244520714325606,19.25888486220112,19.271638293685584,19.282938487268197,19.292961591803454,19.30184711327066,19.30802777105812,19.31284812539758,19.320120291116936,19.32568128262337,19.330948980849133,19.335486407441756,19.338718244731332,19.341616641796303,19.344850224200638],"times":[0.0076580047607421875,0.00787806510925293,0.008216142654418945,0.008793115615844727,0.009690999984741211,0.0109710693359375,0.012356996536254883,0.01252293586730957,0.012629985809326172,0.013226032257080078,0.013395071029663086,0.01345205307006836,0.014907121658325195,0.01524806022644043,0.017084121704101562,0.01748800277709961,0.0177309513092041,0.017872095108032227,0.01802802085876465,0.018099069595336914,0.018188953399658203,0.018347978591918945,0.01843714714050293,0.018599987030029297,0.018785953521728516,0.018973112106323242,0.019170045852661133,0.019346952438354492,0.021337032318115234,0.02150702476501465,0.021723031997680664,0.021952152252197266,0.02206897735595703,0.0221860408782959,0.02232193946838379,0.02249598503112793,0.022645950317382812,0.024834156036376953,0.02503514289855957,0.027311086654663086,0.027478933334350586,0.027677059173583984,0.027894973754882812,0.030292034149169922,0.030532121658325195,0.03313708305358887,0.03565216064453125,0.03692197799682617,0.037164926528930664,0.03845715522766113,0.03971600532531738,0.03989100456237793,0.04304313659667969,0.04321599006652832,0.04343700408935547,0.046504974365234375,0.0479130744934082,0.04926800727844238,0.05066108703613281,0.05200910568237305,0.05338597297668457,0.054746150970458984,0.05612611770629883,0.05748605728149414,0.058862924575805664,0.06021714210510254,0.06161308288574219,0.0618290901184082,0.062066078186035156,0.0651540756225586,0.06657004356384277,0.06802105903625488,0.06943702697753906,0.06961297988891602,0.07003593444824219,0.07019615173339844],"env":"Tiger","ubs":[45.06969896870544,45.06969896870544,38.62755784328028,38.62742408716211,37.32416166465641,36.05046913899906,35.563923363243994,34.90560175398528,34.829849509309895,34.230411961932504,32.555732006531585,32.294052148133765,32.294052148133765,31.055659666475485,31.055659666475485,30.493882292882045,30.493882292882045,29.095325148475766,29.01540596309333,28.45674523070671,27.74456607813656,27.295074807382484,27.09711845170878,26.630009941463815,26.501759360012052,26.433252133529376,26.354308859733113,26.22528794557062,26.094257345614253,25.472640306120773,25.03927548223619,24.920443568794127,24.757772827176467,24.420162002252514,24.199040022209488,23.855388567751554,23.546341531022932,23.47863441046426,22.85852709787401,22.81901121355461,22.34223509413093,22.17424152274362,22.146203546126962,21.915800974009795,21.580540537653107,21.578607917215102,21.369679978250623,21.116674916678505,20.94938673316531,20.94938673316531,20.771652156375325,20.628320001123328,20.628320001123328,20.508667407244747,20.508667407244747,20.477619469312806,20.31443174241125,20.232359358166573,20.134408374426936,20.056701146781332,19.98320162828926,19.9190737912429,19.861065375733475,19.80944342429494,19.7631652941767,19.721815494643394,19.684813757701733,19.651725260470222,19.651725260470222,19.6362011878006,19.59766162767928,19.57804125221562,19.5545000359553,19.535861898480295,19.535861898480295,19.518414055391084],"sim_r":null,"sim_rsigma":null,"solver":"ETIB-SARSOP","env_full":"Tiger","final_lw":19.344850224200638,"timeout":false,"runtime":0.07019615173339844,"final_ub":19.518414055391084}