{"env_full":"TigerGrid","timeout":true,"ubs":[13.519003310636098],"runtime":926.1223628520966,"solver":"EBIB-SARSOP","final_ub":13.519003310636098,"lbs":[0.0],"env":"SparseTigerGrid","times":[926.1223628520966],"final_lw":0.0}