{"env_full":"RockSample ()","timeout":false,"ubs":[23.47795521977744,23.47795521977744,23.477955219777428,23.47795521977742,23.466067844153663,23.456032796364937,23.454299342286152,23.454299342286152,23.454299342286152,23.454299342286145,23.445851592940603,23.442530840418627,23.430326730405696,23.4183192802807,23.361430598449104,23.322204624361806,23.297717945542594,23.29145404946034],"runtime":341.10490703582764,"solver":"BIB-SARSOP","final_ub":23.29145404946034,"lbs":[9.605960099999999,18.76926690427999,19.853952139149143,23.064728902885317,23.064728902885317,23.064728902885317,23.064728902885317,23.064728902885317,23.064728902885317,23.064728902885317,23.064728902885317,23.064728902885317,23.064728902885317,23.064728902885317,23.064728902885317,23.064728902885317,23.064728902885317,23.064728902885317],"env":"RockSample5","times":[341.100625038147,341.1009330749512,341.10128688812256,341.10158491134644,341.1017940044403,341.1020860671997,341.10231494903564,341.10252690315247,341.1027889251709,341.1029899120331,341.10331296920776,341.1035969257355,341.1037049293518,341.10385489463806,341.10409688949585,341.10421204566956,341.10456800460815,341.10490703582764],"final_lw":23.064728902885317}