{"lbs":[0.5,0.5,0.5,0.5,0.5],"times":[0.00683903694152832,0.006865978240966797,0.0068700313568115234,0.00687098503112793,0.00687098503112793],"env":"ABC","ubs":[0.950000000000003,0.950000000000003,0.6302494097246111,0.5133420832795064,0.5],"sim_r":null,"sim_rsigma":null,"solver":"ETIB-SARSOP","env_full":"ABCModel","final_lw":0.5,"timeout":false,"runtime":0.00687098503112793,"final_ub":0.5}