{"lbs":[0.475,0.475,0.475,0.475,0.475,0.475,0.475],"times":[0.040986061096191406,0.06871795654296875,0.06873798370361328,0.06874513626098633,0.06874513626098633,0.06874704360961914,0.06874799728393555],"env":"ABC","ubs":[0.9500000000000438,0.9500000000000438,0.9500000000000438,0.9500000000000438,0.487674979115552,0.487674979115552,0.475],"sim_r":null,"sim_rsigma":null,"solver":"SARSOP","env_full":"ABCModel","final_lw":0.475,"timeout":false,"runtime":0.06874799728393555,"final_ub":0.475}