{"lbs":[0.008857506748021169,0.2547154508528647,0.31108465916001665,0.35881212692931364,0.36062156888096536,0.36821008825911433,0.374828421133826,0.3759326000769253,0.38081441945581057,0.38081441945581057,0.38229678412090295,0.38229678412090295,0.38229678412090295,0.38229678412090295,0.38229678412090295,0.38467230879927733,0.38467230879927733,0.38496644013357717,0.3855433701307945,0.3855433701307945,0.3855433701307945,0.3855433701307945,0.3861030190156812,0.3861030190156812,0.3862771698092195],"times":[0.09806108474731445,0.1240999698638916,0.12425088882446289,0.12442493438720703,0.12450599670410156,0.12465906143188477,0.12481904029846191,0.12489700317382812,0.12494206428527832,0.12505292892456055,0.1252729892730713,0.12532901763916016,0.12542510032653809,0.12563109397888184,0.1256859302520752,0.12595391273498535,0.12598299980163574,0.12620306015014648,0.12644195556640625,0.12656211853027344,0.1268460750579834,0.12695789337158203,0.12723493576049805,0.1272740364074707,0.12758302688598633],"env":"FrozenLake4","ubs":[0.4353353349279467,0.4353353349279467,0.4279209255637829,0.41733652589600617,0.405855728840478,0.4040685681815493,0.40321119318154863,0.4031338150877985,0.403126831714827,0.39854342532434245,0.3974998792855641,0.3974998792855641,0.3961190396059214,0.39606112486458306,0.3956295214221697,0.3948453070860731,0.39289013977247894,0.3914641532427009,0.3904779528131598,0.3904199744776305,0.39016945416421916,0.39014684470593386,0.3901448042023228,0.3901090505130385,0.38974696174933693],"sim_r":null,"sim_rsigma":null,"solver":"SARSOP","env_full":"Frozen Lake (4)","final_lw":0.3862771698092195,"timeout":false,"runtime":0.12758302688598633,"final_ub":0.38974696174933693}