{"lbs":[0.475],"times":[9.945411205291748],"env":"ABC","ubs":[0.47500000000004394],"sim_r":null,"sim_rsigma":null,"solver":"EBIB-SARSOP","env_full":"ABCModel","final_lw":0.475,"timeout":false,"runtime":9.945411205291748,"final_ub":0.47500000000004394}