{"lbs":[9.605960099999999,18.76926690427999,19.853952139149143,23.064728902885317,23.064728902885317,23.064728902885317,23.064728902885317,23.064728902885317,23.064728902885317,23.064728902885317,23.064728902885317,23.064728902885317,23.064728902885317,23.064728902885317,23.064728902885317,23.064728902885317,23.064728902885317,23.064728902885317],"times":[140.0476610660553,140.04782104492188,140.04797387123108,140.0481128692627,140.04820895195007,140.04838705062866,140.04849290847778,140.04858994483948,140.0487048625946,140.04879188537598,140.04893898963928,140.04904794692993,140.04909992218018,140.04917192459106,140.0493040084839,140.04935789108276,140.04952692985535,140.05498385429382],"env":"RockSample5","ubs":[23.477955219957856,23.477955219957856,23.477955219956037,23.477955219955142,23.466067844330496,23.456032796545355,23.454299342462974,23.454299342462974,23.454299342462974,23.454299342462086,23.44585159312102,23.44253084059369,23.430326730586113,23.418319280461116,23.361430598624203,23.322204624540827,23.29772199518382,23.29267566775738],"sim_r":null,"sim_rsigma":null,"solver":"BIB-SARSOP","env_full":"RockSample ()","final_lw":23.064728902885317,"timeout":false,"runtime":140.05498385429382,"final_ub":23.29267566775738}