{"lbs":[-19.999999999999982,-8.006233762554974,-5.632441144646656,-3.3852612129424022,4.139372539505089,6.029114345754689,8.181873733250184,10.12925624615982,11.74913531839086,13.672724636346942,14.490290161536997,15.266675384553288,16.081988204533722,16.71520907373786,17.018107339370573,17.483958754444572,17.751020735583637,18.005372681887295,18.11587357989441,18.232485589636813,18.33115273419786,18.42467881181766,18.566458983931355,18.81191793865562,18.921706059113674,19.036002559607795,19.064936346253738,19.124942904167682,19.162337782868164,19.184825189425695,19.21566620773561,19.222682983043438,19.23912995839441,19.270353974167705,19.274462325453797,19.29428402325765,19.319021408449935,19.323003003367543,19.332109360905804,19.338745106383634,19.342880369359165,19.34937407082026,19.349962105173333,19.356543668146365,19.357742414642544,19.358263199194166,19.35975527513048,19.361963532756945,19.36251893332297,19.36276022206556,19.3637840812162,19.365608163239493,19.366431227778417,19.367233921569557,19.368185923402773,19.36893477568708,19.369508626201885,19.369947252422634,19.370282434523876],"times":[0.6966471672058105,0.6969699859619141,0.6970670223236084,0.6971709728240967,0.6979210376739502,0.6980500221252441,0.6981990337371826,0.6984021663665771,0.6985499858856201,0.6987390518188477,0.6989021301269531,0.6991021633148193,0.6993589401245117,0.6995329856872559,0.6996321678161621,0.6998519897460938,0.7000739574432373,0.7003121376037598,0.7004251480102539,0.7005391120910645,0.7006790637969971,0.7008049488067627,0.7009611129760742,0.7011749744415283,0.7014360427856445,0.7016451358795166,0.7017550468444824,0.7020289897918701,0.7021870613098145,0.7023031711578369,0.702552080154419,0.7026660442352295,0.7027699947357178,0.702937126159668,0.7030351161956787,0.7032380104064941,0.7047300338745117,0.7048499584197998,0.7050659656524658,0.7053310871124268,0.7055561542510986,0.7071330547332764,0.7072949409484863,0.7093050479888916,0.7094659805297852,0.709597110748291,0.7097611427307129,0.7100410461425781,0.7101500034332275,0.7102301120758057,0.7103450298309326,0.7106659412384033,0.7108409404754639,0.7109701633453369,0.7126150131225586,0.7133650779724121,0.7141690254211426,0.7149770259857178,0.7157871723175049],"env":"Tiger","ubs":[51.15499778195801,51.15499778195801,42.71925846521041,42.5709325862918,42.55386491281199,38.88895566438599,37.34350983432813,36.343505757354194,35.02409484462595,34.255414624285024,31.781479027516305,30.500341039867532,30.27034984937213,28.969082230379872,28.195704537960232,27.71436647471016,26.70189676210666,26.180726960990665,25.68871621995697,25.628875031043524,25.406046548578622,25.248314946498304,25.14602510214144,24.735790606424473,24.110880454758565,23.560945490169864,23.116006119880694,22.865800709121572,22.497779133441984,22.231932942718135,22.14942512154554,21.992235322362397,21.865179542939124,21.719324101975293,21.358344044824815,21.308796133274875,21.13979741778957,20.65019969299648,20.65019969299648,20.598755721522476,20.5053715275654,20.413682850916373,20.193075051038413,20.193075051038413,19.999720354126474,19.999720354126474,19.98613095882485,19.97795146263286,19.894598097896306,19.873250179675196,19.868076283592494,19.86139243511181,19.799855719257835,19.78296030646771,19.754669140616077,19.68008733289092,19.621924864335554,19.574978947678282,19.536881791249193],"sim_r":null,"sim_rsigma":null,"solver":"BIB-SARSOP","env_full":"Tiger","final_lw":19.370282434523876,"timeout":false,"runtime":0.7157871723175049,"final_ub":19.536881791249193}