{"env_full":"Frozen Lake (4)","timeout":false,"ubs":[0.7434589848367171,0.7434589848367171,0.7286457190491664,0.7115010041173427,0.7067661513192289,0.6990419278274581,0.6975497375382943,0.6975497375382943,0.6961953202865241,0.6961953202544402,0.6961952264198561],"runtime":3.315272092819214,"solver":"SARSOP","final_ub":0.6961952264198561,"lbs":[0.0,0.6013367002978056,0.6013367002978056,0.649369339547343,0.6783568998411741,0.6832797594140936,0.6856270212175773,0.6877504541094701,0.6884309321861664,0.6889079090940582,0.6897315783301471],"env":"FrozenLake4","times":[3.3044049739837646,3.3052499294281006,3.3057119846343994,3.3069100379943848,3.307835102081299,3.309520959854126,3.309678077697754,3.3109800815582275,3.3132240772247314,3.313469886779785,3.315272092819214],"final_lw":0.6897315783301471}