{"env_full":"RockSample ()","timeout":true,"ubs":[18.340299092828722],"runtime":6.3832361698150635,"solver":"EBIB-SARSOP","final_ub":18.340299092828722,"lbs":[8.1450625],"env":"RockSample5","times":[6.3832361698150635],"final_lw":8.1450625}