{"lbs":[0.008857506748021169,0.2547154508528647,0.31108465916001665,0.35881212692931364,0.36062156888096536,0.36821008825911433,0.374828421133826,0.3759326000769253,0.38081441945581057,0.38081441945581057,0.38229678412090295,0.38229678412090295,0.38229678412090295,0.38229678412090295,0.38229678412090295,0.38467230879927733,0.38467230879927733,0.38496644013357717,0.3855433701307945,0.3855433701307945,0.3855433701307945,0.3855433701307945,0.3861030190156812,0.3861030190156812,0.38613954817123497],"times":[0.10693883895874023,0.13377594947814941,0.13394880294799805,0.13417387008666992,0.13427400588989258,0.13447880744934082,0.13469386100769043,0.13479185104370117,0.13485383987426758,0.1349937915802002,0.13526201248168945,0.13533496856689453,0.1354668140411377,0.1357579231262207,0.13582777976989746,0.13617491722106934,0.13621187210083008,0.13648700714111328,0.13678693771362305,0.1369338035583496,0.13728785514831543,0.1374199390411377,0.1377418041229248,0.1377878189086914,0.13792181015014648],"env":"FrozenLake4","ubs":[0.4353366579608336,0.4353366579608336,0.42792130253819116,0.4173382627903971,0.4058560015843881,0.40406982506279193,0.4032121193515945,0.40313471141115886,0.4031271173771599,0.3985477306806039,0.3975001838000925,0.3975001838000925,0.3961195961429049,0.3960628991844675,0.3956298863236942,0.3948469944867454,0.3928948149801516,0.39146419887690065,0.3904779991149054,0.3904199926271856,0.39016953927929565,0.39014693586464866,0.3901448434268177,0.3901133323572159,0.38974697712483697],"sim_r":null,"sim_rsigma":null,"solver":"SARSOP","env_full":"Frozen Lake (4)","final_lw":0.38613954817123497,"timeout":false,"runtime":0.13792181015014648,"final_ub":0.38974697712483697}