{"env_full":"ABCModel","timeout":false,"ubs":[0.99,0.99,0.99,0.99,0.5309055429551132,0.5151371174238033,0.4998370298991989],"runtime":0.3549480438232422,"solver":"SARSOP","final_ub":0.4998370298991989,"lbs":[0.495,0.495,0.495,0.495,0.495,0.495,0.495],"env":"ABC","times":[0.35465002059936523,0.3547852039337158,0.35486698150634766,0.354917049407959,0.35492920875549316,0.35494112968444824,0.3549480438232422],"final_lw":0.495}