{"env_full":"Tag","timeout":true,"ubs":[-5.054715442563706],"runtime":2.435930013656616,"solver":"SARSOP","final_ub":-5.054715442563706,"lbs":[-99.99992926487926],"env":"Tag","times":[2.435930013656616],"final_lw":-99.99992926487926}