{"env_full":"ABCModel","timeout":false,"ubs":[0.495],"runtime":4.547116994857788,"solver":"EBIB-SARSOP","final_ub":0.495,"lbs":[0.495],"env":"ABC","times":[4.547116994857788],"final_lw":0.495}