{"lbs":[0.008857506748021169,0.2547154508528647,0.31108465916001665,0.35881212692931364,0.36062156888096536,0.36821008825911433,0.374828421133826,0.3759326000769253,0.38081441945581057,0.38081441945581057,0.38229678412090295,0.38229678412090295,0.38229678412090295,0.38229678412090295,0.38229678412090295,0.38467230879927733,0.38467230879927733,0.38496644013357717,0.3855433701307945,0.3855433701307945,0.3855433701307945,0.3855433701307945,0.3861030190156812,0.3861030190156812,0.3862771698092195],"times":[0.13533687591552734,0.1688988208770752,0.16910791397094727,0.16936588287353516,0.16948390007019043,0.16971683502197266,0.16996383666992188,0.17008280754089355,0.17016196250915527,0.17032194137573242,0.1706538200378418,0.17074298858642578,0.17088890075683594,0.1712019443511963,0.17128396034240723,0.17168188095092773,0.1717238426208496,0.17204499244689941,0.17238283157348633,0.17256402969360352,0.1729729175567627,0.17312884330749512,0.17351102828979492,0.19906091690063477,0.19957494735717773],"env":"FrozenLake4","ubs":[0.4353353349279467,0.4353353349279467,0.4279209255637829,0.41733652589600617,0.405855728840478,0.4040685681815493,0.40321119318154863,0.4031338150877985,0.403126831714827,0.39854342532434245,0.3974998792855641,0.3974998792855641,0.3961190396059214,0.39606112486458306,0.3956295214221697,0.3948453070860731,0.39289013977247894,0.3914641532427009,0.3904779528131598,0.3904199744776305,0.39016945416421916,0.39014684470593386,0.3901448042023228,0.3901090505130385,0.38974696174933693],"sim_r":null,"sim_rsigma":null,"solver":"SARSOP","env_full":"Frozen Lake (4)","final_lw":0.3862771698092195,"timeout":false,"runtime":0.19957494735717773,"final_ub":0.38974696174933693}