{"env_full":"Frozen Lake (10)","timeout":false,"ubs":[0.8792248633440128,0.8792248633440128,0.8792248633440128,0.8785369153288338,0.8778489673136548,0.8767404369054093,0.8763101375999017,0.8760283296745334,0.8759623859441422,0.8759623859441422,0.8759623859441422,0.8759290843602948,0.875904440355708,0.8758882000717491,0.8758801211404795,0.8758801211404795,0.8758801211404795,0.8758801211404795,0.8758556525518181,0.8756971166357356,0.8756638150518882,0.8756311729053445,0.875605576812387,0.8755718669633201,0.875563417059022,0.875563417059022,0.8755561174706274,0.8755485914566902,0.8755482278308198,0.8755482278308198,0.8755455068609753,0.8755448334200862,0.8755441733157782,0.8755415073936558,0.8755396742402984,0.8755378773869902,0.8755377140825812,0.8755333764464776,0.8754649749247966,0.8752751062115002,0.8752079389965804,0.8751287936021708,0.8750991947697044,0.8750679932564513,0.8750618276879641,0.8750553699979331,0.8750331457411443,0.8749987935454677,0.8749762006386029,0.8749615750753855,0.8749433235241709,0.874935537452968,0.8749257979282213,0.8749133865466098,0.874907740951904,0.8748962183740565,0.874887650301493,0.874887650301493,0.874883962923588,0.8748768090241809,0.8748733395751733,0.8748733395751733,0.8748733395751733,0.8748715298027501,0.8748654149276901,0.8748564479501063,0.8748497981719114,0.8748478073034799,0.8748457497632048,0.874842383387648,0.8748356076902788,0.8748356076902788,0.8747861164552314,0.8735712262713781,0.8734597116599206,0.8732490397947478,0.8732296975011448,0.8732195725638275,0.8732182179132185,0.8732105636843964,0.873112482947799,0.8730947766273858,0.8730947766273858,0.8730833118589367,0.8730723876994626,0.8730686435316617,0.8730667214143657,0.8730659294633623,0.8730654958400987,0.8728333947412353,0.8728199298046838,0.8725362374873545,0.8724858103780676,0.8724811662601806,0.8723184194915112,0.8723144929206859,0.8720718173801766,0.8720613778533793,0.8720370717331278],"runtime":89.97429895401001,"solver":"SARSOP","final_ub":0.8720370717331278,"lbs":[0.0,0.2855166819516088,0.30711855698932566,0.3120376728653727,0.31978889139355854,0.33376556310492894,0.40292406397172986,0.4079423459456928,0.4219759054340088,0.4222676275094989,0.42779799519595063,0.4355519142837401,0.468649478360495,0.5028935245976923,0.5274237460064348,0.5331175339367974,0.5405159172036946,0.5558893112703609,0.5642680394147849,0.5718060287276364,0.5794861022468311,0.5939312680881725,0.6085830468897536,0.6147341637446789,0.6384035551987305,0.674130432068897,0.6820962334181229,0.704381758324464,0.7117219924504762,0.7360697363495714,0.7613033767067817,0.7765427295903556,0.7913661098314055,0.7984581258366242,0.8022077894403637,0.8034071670402413,0.8034071670402413,0.8043914655514357,0.8043914655514357,0.8043914655514357,0.8043914655514357,0.8044984618261418,0.8056204366051437,0.8061651924446886,0.8073859392067486,0.8084851686816986,0.8091125524809043,0.809716293875112,0.8120364982781618,0.8128541730988609,0.8143626694837854,0.8147273449862258,0.8150893416282063,0.8156930788855196,0.8163242408431869,0.8165269087772183,0.8190730794029901,0.8201288516073466,0.8252034080439049,0.8276993801767845,0.8298243850561875,0.8303354818128584,0.8309640260193355,0.8310932650398796,0.8311532651578472,0.8312471929358963,0.831290398368893,0.8353356996292968,0.8402119006193499,0.8438027723264012,0.8458091876904771,0.8459502051448359,0.8461439239531193,0.8479729204173967,0.8492495067890768,0.8492495067890768,0.849762332301728,0.8499925226290692,0.8510481246251796,0.8510481246251796,0.8510481246251796,0.8530407671042812,0.8552433256012584,0.8552433256012584,0.8552433256012584,0.8553026858841424,0.8555991268887582,0.8567243686363173,0.8576531959005472,0.8579821489814697,0.8581548976580821,0.8581548976580821,0.8598091142698918,0.8612409811022895,0.8620735345868443,0.8631662512976443,0.8631662512976443,0.8631662512976443,0.8635961798484706],"env":"FrozenLake10","times":[3.177586078643799,3.208359956741333,3.3122029304504395,3.3642330169677734,3.445488929748535,3.5258090496063232,3.784214973449707,3.911237955093384,4.0493879318237305,4.214486122131348,4.384271144866943,4.57518196105957,4.797681093215942,4.9818971157073975,5.165257930755615,5.28204607963562,5.446378946304321,5.5871901512146,5.769438028335571,5.937973976135254,6.172799110412598,6.324840068817139,6.553089141845703,6.737677097320557,7.367187023162842,7.595322132110596,7.91967511177063,8.235603094100952,8.652608156204224,8.904729127883911,9.098242044448853,9.512901067733765,10.218398094177246,12.37506914138794,13.036765098571777,13.584412097930908,15.327155113220215,15.94509506225586,16.61299204826355,17.986902952194214,18.615968942642212,19.12186598777771,19.63883113861084,20.907674074172974,21.669193029403687,22.42013907432556,22.94597601890564,24.41366410255432,24.904967069625854,25.762171030044556,26.324932098388672,26.89082407951355,28.613538026809692,29.093371152877808,29.580624103546143,30.203465938568115,30.88698410987854,31.509233951568604,33.73903799057007,34.62565302848816,35.59850001335144,36.21329712867737,36.943488121032715,37.62718200683594,40.10266399383545,40.732414960861206,41.42853498458862,42.15333604812622,42.70225811004639,51.26140308380127,52.71407508850098,59.50407814979553,61.135498046875,69.33294796943665,70.19906806945801,70.53433299064636,70.95533394813538,71.40956902503967,71.85109210014343,71.95460796356201,73.79060506820679,75.60918712615967,76.45464301109314,76.95483803749084,77.3403799533844,78.1470890045166,81.004958152771,81.88732409477234,82.27341294288635,82.69793009757996,83.34663414955139,83.50750303268433,84.72394299507141,86.7608950138092,89.25984501838684,89.42456197738647,89.53886198997498,89.5899760723114,89.97429895401001],"final_lw":0.8635961798484706}