{"env_full":"Tag","timeout":true,"ubs":[-6.20002557738535],"runtime":1218.1676170825958,"solver":"EBIB-SARSOP","final_ub":-6.20002557738535,"lbs":[-99.99992926487926],"env":"Tag","times":[1218.1676170825958],"final_lw":-99.99992926487926}