{"env_full":"RockSample ()","timeout":false,"ubs":[23.47795521977625,23.47795521977625,23.47795521977625,23.47795521977625,23.466067844152498,23.456032796363747,23.454299342284987,23.454299342284987,23.454299342284987,23.454299342284987,23.44585159293942,23.442530840417476,23.43032673040451,23.41831928027951,23.36143059844796,23.322204624360626,23.297717945541415,23.291454049459187],"runtime":2.6021881103515625,"solver":"BIB-SARSOP","final_ub":23.291454049459187,"lbs":[9.605960099999999,18.76926690427999,19.853952139149143,23.064728902885317,23.064728902885317,23.064728902885317,23.064728902885317,23.064728902885317,23.064728902885317,23.064728902885317,23.064728902885317,23.064728902885317,23.064728902885317,23.064728902885317,23.064728902885317,23.064728902885317,23.064728902885317,23.064728902885317],"env":"RockSample5","times":[2.5998709201812744,2.600039005279541,2.6002390384674072,2.6004080772399902,2.600527048110962,2.6006999015808105,2.6008260250091553,2.600943088531494,2.6010611057281494,2.6011669635772705,2.601346015930176,2.6014740467071533,2.6015379428863525,2.6016221046447754,2.6017839908599854,2.60184907913208,2.6020500659942627,2.6021881103515625],"final_lw":23.064728902885317}