{"env_full":"Frozen Lake (4)","timeout":false,"ubs":[0.38625977297362724,0.38625977297362724,0.38625977297362724,0.38625977297362724,0.3862572585041817,0.3862570024626038,0.386256959345739],"runtime":2.6107358932495117,"solver":"BIB-SARSOP","final_ub":0.386256959345739,"lbs":[0.008857506748021169,0.2547154508528647,0.33464195607744446,0.3680614683007489,0.37751366250489937,0.38157223692624004,0.3841540291582974],"env":"FrozenLake4","times":[2.609210968017578,2.6094858646392822,2.6096508502960205,2.610028028488159,2.610229969024658,2.6105899810791016,2.6107358932495117],"final_lw":0.3841540291582974}