{"lbs":[0.018288843441564832,0.3949568038010687,0.5612017427356253,0.5746679509536656,0.5774593319152145,0.5782647074527791,0.5782647074527791,0.5927997862846385,0.595820959510781,0.5991652534765113,0.6001162704364286,0.6001162704364286,0.6001162704364286,0.6041975627423299,0.6051875812031108,0.6074525438665666,0.6080100370452538,0.6104533936358767,0.6104533936358767,0.6104533936358767,0.6104533936358767,0.6104533936358767,0.6104533936358767,0.6104533936358767,0.6116245869122775,0.6119646076264852,0.612114647727985,0.6127631157078791,0.6138382253819078,0.6138382253819078,0.6138382253819078,0.6138382253819078,0.6138382253819078,0.6138382253819078,0.614147625134678,0.614147625134678,0.614147625134678,0.6142269001490857,0.6142269001490857,0.6142269001490857,0.6142269001490857,0.6142269001490857,0.6142269001490857,0.6142489338535041,0.6142489338535041,0.6142489338535041,0.6142556370810037,0.6142556370810037,0.6142556370810037,0.6142588395859114,0.6142596164327389,0.6142598051725753,0.6142598051725753,0.6142598051725753,0.6142598509879927,0.6142599217240355,0.6142599217240355,0.6142599444285816,0.6142599444285816,0.6142599444285816],"times":[5.266653060913086,5.30178689956665,5.302662134170532,5.309421062469482,5.310599088668823,5.311950922012329,5.313307046890259,5.314434051513672,5.31463098526001,5.3160560131073,5.316479921340942,5.322605133056641,5.323278903961182,5.32563591003418,5.326184034347534,5.329153060913086,5.329668045043945,5.332777976989746,5.33417010307312,5.334367990493774,5.337086915969849,5.337780952453613,5.338620901107788,5.343146085739136,5.3441009521484375,5.348423004150391,5.349854946136475,5.353826999664307,5.3615570068359375,5.36219596862793,5.363235950469971,5.368104934692383,5.368729114532471,5.369118928909302,5.369699001312256,5.375720977783203,5.37630295753479,5.376941919326782,5.377480983734131,5.377803087234497,5.378499984741211,5.385649919509888,5.386014938354492,5.386505126953125,5.387784004211426,5.388205051422119,5.389315128326416,5.396660089492798,5.400418043136597,5.407941102981567,5.408638000488281,5.409125089645386,5.409729957580566,5.410413980484009,5.411056995391846,5.418268918991089,5.418694019317627,5.419555902481079,5.4208879470825195,5.422122001647949],"env":"FrozenLake4","ubs":[0.6643252160337838,0.6643252160337838,0.6621564595971778,0.6553223351828544,0.6533853660447133,0.6511051462228017,0.64608345745849,0.6430510950397065,0.6427165670629026,0.6427165670629026,0.6411051462228017,0.6401592941538298,0.6377726655352541,0.6337774386134548,0.6322605367231557,0.6322605367231557,0.6319603349434202,0.6319603349434202,0.6319603349434202,0.6304673928787793,0.6279519631599649,0.6279491294057487,0.6273217855407497,0.6271244539674742,0.6271051134999774,0.6270698039436823,0.6270663432540698,0.6270069169666674,0.6269704479186395,0.6259919095500133,0.625335013261933,0.6250238116258492,0.6247885138975996,0.6247387129004152,0.6247074314616682,0.6246271420512091,0.6239335180118191,0.623576244302144,0.6233588972236827,0.6233375950365226,0.6232799160202783,0.623180062341598,0.6229052972455918,0.6227174044704789,0.6226279916586139,0.6221522750120169,0.6219255380932525,0.6218566906193114,0.6218417142823981,0.6218402464516174,0.6217322619521137,0.6217322619521137,0.6217322619521137,0.6213541798435251,0.6213222721048204,0.621282088999887,0.6209530757430912,0.6206621239010355,0.6206009735337438,0.619773692992722],"sim_r":0.6157176316463985,"sim_rsigma":0.383908427087751,"solver":"SARSOP","env_full":"Frozen Lake (4)","final_lw":0.6142599444285816,"timeout":false,"runtime":5.422122001647949,"final_ub":0.619773692992722}