{"env_full":"Frozen Lake (10)","timeout":false,"ubs":[0.5005187984723732,0.5005187984723732,0.5001182438315633,0.5001182438315633,0.49989072736327145,0.4962714966508054,0.49627101436879295,0.49627101232234916,0.4962710120351027,0.4962710118205622,0.4961418682677885,0.4961066877841358,0.49606995508477914,0.4960670209676349,0.49603546419326094,0.4959226656454201,0.4958717309920113,0.49586721747032936,0.49585556760301663,0.4957976400743831,0.49566150498225214,0.4956264359623809,0.49562643596238076,0.4953508207152214,0.4953508207152214,0.49449299896397647,0.4943599545329177,0.49430894425112604,0.494211847825357,0.49361375493925513,0.4935070705583176,0.49348588597678167,0.49331823511481887,0.4933127993781916,0.49317651782872657,0.4930423326031772,0.49295507998748544,0.4927564001927345,0.4925494464513832,0.49251575383556534,0.4925108952193974,0.492505455725664,0.49250164468036706,0.49250065328275444,0.49250054033703666,0.49250053458734955,0.4925005342864101,0.4925005342791332,0.49250053427895496,0.4925005342789529,0.49233521078475484,0.4922199225474033,0.49218445326914045,0.4917006745704785,0.49168604249056513,0.49167287616841704,0.4916728043361216,0.4916728039430932,0.4916728039420747,0.491672803942072,0.491672803942072,0.491672803942072,0.491672803942072,0.4916705553156434,0.4916664906209187,0.49165154374950093,0.4916106944403523,0.49143373780937294,0.49139489719436336,0.49138148050565533,0.4910571040434112,0.4910528530799695,0.4910528520928913,0.4910420821486188,0.4910321396515509,0.4910231253346147,0.49100773065333103,0.49099010987225356,0.49097374955482176,0.4908194617194005],"runtime":18.81350016593933,"solver":"EBIB-SARSOP","final_ub":0.4908194617194005,"lbs":[0.0,0.19511463331080095,0.29582229048172387,0.3313740253162465,0.36763986116641684,0.3862224896040611,0.39431329060753406,0.39615331579697866,0.39615784855809205,0.39660246993387294,0.4028583491388048,0.408452868499488,0.41363745970196797,0.41938910498450116,0.42838736893176677,0.430959880871257,0.43512066201654864,0.43955850288088477,0.44367847382401976,0.44367847382401976,0.45397098149720666,0.45930873990619253,0.45930873990619253,0.45930873990619253,0.45930873990619253,0.4598233242167601,0.4598233242167601,0.4647263303259702,0.4683701538396425,0.4689523858151113,0.47331276244865184,0.47331276244865184,0.47373395066920987,0.47373395066920987,0.47472084836039186,0.4759570238683129,0.4769276100289937,0.4771610477797177,0.47716298189186135,0.47716348502788125,0.47716354234803027,0.4771635453481752,0.47716354542072065,0.47716354542249767,0.4771635454225181,0.4771635454225183,0.4771635454225183,0.4774235033316596,0.4780353789511949,0.4782658931643565,0.47970480115891795,0.4804490888292977,0.4819666157173639,0.482152887632283,0.48215296445726635,0.48215296455183454,0.482152964551951,0.4821529645519511,0.4821529645519511,0.4821529645519511,0.4823792246189409,0.4825014615529586,0.4826298010155191,0.482742505465195,0.4837086703956273,0.4837086703956273,0.48379527401429245,0.4838332644225961,0.4843512803218695,0.4851411720689661,0.48541640851872264,0.48547093791266505,0.4854809574188768,0.4855079751847648,0.48551274268740024,0.4855806270933949,0.48571414061516976,0.4857601787368053,0.4859354152544918,0.4859770339274422],"env":"FrozenLake10","times":[15.728105068206787,15.735582113265991,15.740705013275146,15.751681089401245,15.761725187301636,15.824002981185913,15.846863985061646,15.868033170700073,15.882551193237305,15.89848017692566,15.926122188568115,15.943164110183716,15.974605083465576,15.988057136535645,16.008097171783447,16.02076506614685,16.036980152130127,16.084691047668457,16.118304014205933,16.125169038772583,16.15323519706726,16.16096305847168,16.20857000350952,16.251708030700684,16.27733016014099,16.503791093826294,16.52736806869507,16.567541122436523,16.645318031311035,16.65897011756897,16.717576026916504,16.77811312675476,16.824722051620483,16.862109184265137,16.940149068832397,16.954171180725098,16.975946187973022,16.983071088790894,16.99174404144287,17.0018630027771,17.013617038726807,17.02648901939392,17.037944078445435,17.10294198989868,17.116023063659668,17.130312204360962,17.14504599571228,17.18253517150879,17.21233105659485,17.328662157058716,17.338019132614136,17.355176210403442,17.375819206237793,17.393168210983276,17.41185998916626,17.43142318725586,17.45230221748352,17.545746088027954,17.568117141723633,17.592239141464233,17.6472270488739,17.693198204040527,17.83065915107727,17.862711191177368,17.874293088912964,17.908290147781372,17.969048023223877,18.00728702545166,18.033929109573364,18.199035167694092,18.24090814590454,18.293991088867188,18.347557067871094,18.425135135650635,18.46971106529236,18.638915061950684,18.68419909477234,18.735809087753296,18.769649982452393,18.81350016593933],"final_lw":0.4859770339274422}