{"env_full":"Frozen Lake (4)","timeout":false,"ubs":[0.9324285299156831,0.9324285299156831,0.930148172243495,0.9299986955539488,0.9299986955539488,0.9298521787988492,0.9290858545722795,0.9290412898106473,0.9283347050828699,0.9283347050828699,0.9283347050828699],"runtime":8.346176862716675,"solver":"BIB-SARSOP","final_ub":0.9283347050828699,"lbs":[0.0,0.5672034262109531,0.7901860528287928,0.8300032357435636,0.8690319595929166,0.882053633385248,0.8948174522509986,0.8948174522509987,0.905983869833351,0.9169291702358546,0.919204918654105],"env":"FrozenLake4","times":[7.860145807266235,7.866437911987305,7.8724448680877686,7.91309380531311,7.932698965072632,7.954527854919434,7.979633808135986,8.07527494430542,8.280310869216919,8.322857856750488,8.346176862716675],"final_lw":0.919204918654105}