{"env_full":"ABCModel","timeout":false,"ubs":[0.9942312139587186,0.9942312139587186,0.9942312139587186,0.9942312139587186,0.5278428624696746,0.5173387895065281,0.5019733101193947,0.495],"runtime":2.7341439723968506,"solver":"SARSOP","final_ub":0.495,"lbs":[0.495,0.495,0.495,0.495,0.495,0.495,0.495,0.495],"env":"ABC","times":[2.700748920440674,2.734009027481079,2.734076976776123,2.734117031097412,2.7341248989105225,2.7341339588165283,2.7341408729553223,2.7341439723968506],"final_lw":0.495}