{"env_full":"RockSample ()","timeout":true,"ubs":[23.47795521977625],"runtime":8.337565898895264,"solver":"EBIB-SARSOP","final_ub":23.47795521977625,"lbs":[9.605960099999999],"env":"RockSample5","times":[8.337565898895264],"final_lw":9.605960099999999}