{"env_full":"ABCModel","timeout":false,"ubs":[0.583015000000044,0.583015000000044,0.583015000000044,0.583015000000044,0.475],"runtime":1.9373340606689453,"solver":"BIB-SARSOP","final_ub":0.475,"lbs":[0.475,0.475,0.475,0.475,0.475],"env":"ABC","times":[1.9372990131378174,1.9373250007629395,1.9373290538787842,1.937333106994629,1.9373340606689453],"final_lw":0.475}