{"lbs":[-19.999999999999982,-10.77798724525706,-7.964090794870497,-2.3801147957169526,0.8750254055571952,3.875001037597943,6.493587538494678,8.696777308670935,10.288639595753715,11.779996345025335,13.056839886144147,13.448780834121548,14.173769132049966,15.014506352427624,15.675270374782347,15.962333316120404,15.962333316120404,15.962333316120404,16.42461689655204,16.837414609466,16.99032565062901,17.342863956006365,17.562451843976124,17.861230264316262,18.115627860682935,18.16975747212914,18.319217774250767,18.368725995308377,18.478682186194554,18.547960054817302,18.625826667662288,18.816053899504666,18.863836231061576,18.90962429322019,18.9942522165638,19.023513191552638,19.05641114555717,19.083415528943046,19.109439556557376,19.13247726914644,19.15379169755579,19.206721451480675,19.221345327843103,19.227698538399878,19.24377616322922,19.250760941632855,19.263540288464817,19.289171562400206,19.296576577264716,19.303166095934905,19.3092458942036,19.320690968762023,19.325029831236364,19.334101009424955,19.340502170279073,19.34282962318236,19.343840764003655,19.347010851762576,19.348388067660522,19.35438666917367,19.355844854260585,19.359638184826288,19.36263497645828,19.363011890031046,19.365093215725857,19.3664750208131,19.367195615356348,19.36787874400434,19.368175523054607,19.368304456023438,19.368650177560646,19.369503571035604,19.369650083681996,19.36997229084008,19.370208074918764,19.370404712909846,19.370490140503037,19.370621416461667,19.370744133134096,19.370797446280314,19.370849143956022,19.370914584585925,19.371018019123824,19.371027390400887,19.371089754450267,19.371138057163872,19.371172258997383,19.371202689493785,19.37121590974717,19.371230157271675,19.37125096916926,19.371277009715264,19.371290477882816],"times":[0.002171039581298828,0.027106046676635742,0.027172088623046875,0.027215003967285156,0.027281999588012695,0.02733588218688965,0.027404069900512695,0.02747488021850586,0.02753901481628418,0.027597904205322266,0.027662992477416992,0.027719974517822266,0.027896881103515625,0.028018951416015625,0.028100013732910156,0.02817702293395996,0.028189897537231445,0.028203964233398438,0.0283050537109375,0.028436899185180664,0.02851104736328125,0.028614044189453125,0.02867889404296875,0.02880406379699707,0.028918981552124023,0.02898406982421875,0.029094934463500977,0.029193878173828125,0.029258012771606445,0.029373884201049805,0.029440879821777344,0.029560089111328125,0.029633045196533203,0.02974390983581543,0.029852867126464844,0.02995896339416504,0.030035018920898438,0.030147075653076172,0.03021097183227539,0.03030705451965332,0.03035902976989746,0.03046107292175293,0.030514001846313477,0.030545949935913086,0.030636072158813477,0.03070998191833496,0.030746936798095703,0.030843019485473633,0.030909061431884766,0.030977964401245117,0.031018972396850586,0.031131982803344727,0.031193017959594727,0.0313410758972168,0.03142905235290527,0.031481027603149414,0.03152894973754883,0.03159904479980469,0.03165698051452637,0.031774044036865234,0.031826019287109375,0.031929969787597656,0.032022953033447266,0.03207588195800781,0.032196998596191406,0.03227400779724121,0.03260207176208496,0.03267192840576172,0.03271293640136719,0.03275799751281738,0.032837867736816406,0.03366208076477051,0.03373098373413086,0.03387808799743652,0.0339970588684082,0.034126996994018555,0.03424692153930664,0.03438997268676758,0.03451991081237793,0.03461408615112305,0.03469705581665039,0.03488302230834961,0.03589892387390137,0.03598308563232422,0.03610396385192871,0.03622293472290039,0.036316871643066406,0.03640389442443848,0.03644704818725586,0.03655886650085449,0.03664898872375488,0.03674507141113281,0.03680586814880371],"env":"Tiger","ubs":[87.19801910939043,87.19801910939043,77.873767190011,75.0496721778378,69.19133866226107,65.2740943775002,63.764604771930074,60.62140816263094,58.23062030345652,55.03726453712072,53.362129781483006,49.72860214302258,47.66851859372707,47.272361220691806,45.1299774070168,43.393105671950465,43.198019109390444,43.198019109390444,42.10628659922424,41.079081672827016,40.03619067141514,39.815306463835,38.84272739844522,38.39793583152955,37.2569784500902,36.16786175839724,35.607067643297306,35.18693244967531,34.60289448933909,34.097846187198485,33.90532187428466,33.508838230636336,31.81164941452878,31.19967441378154,30.89778428111913,29.652292718954044,29.067632776145885,28.695242079569145,28.350515107986887,28.00448587137555,27.733672674843383,27.500482592632935,26.424707275677115,26.344683235327448,26.05241119692217,25.900633381782214,25.683458733389646,25.4000853548158,24.624949202956557,24.50143534469104,24.380423584086444,24.3380737415018,23.816576051790115,23.58454224822754,23.090000780617423,22.67626886924496,22.55711915887938,22.39715646356428,22.261568986274206,22.22361280954217,21.795340255117495,21.70913696870148,21.46449255978044,21.088842430391292,21.06988521514056,20.903171940046633,20.70131568306426,20.589971114578432,20.518577718849947,20.514498761976302,20.43426499239396,20.38078772514328,20.132967612202947,20.132967612202947,20.025624000454464,19.98470063725842,19.93097918120195,19.909383406704805,19.872645145651237,19.83503461118017,19.82840853190271,19.81158510125681,19.77466901621847,19.68928043903704,19.68928043903704,19.677500973028714,19.650121187000213,19.624672471528836,19.604920628527832,19.59834519129138,19.588686920829545,19.573916296226052,19.547744070281045],"sim_r":null,"sim_rsigma":null,"solver":"SARSOP","env_full":"Tiger","final_lw":19.371290477882816,"timeout":false,"runtime":0.03680586814880371,"final_ub":19.547744070281045}