{"lbs":[-19.999999999999982,-8.006233762554974,-5.632441144646656,-3.3852612129424022,4.139372539505089,6.029114345754689,8.181873733250184,10.12925624615982,11.74913531839086,13.672724636346942,14.490290161536997,15.266675384553288,16.081988204533722,16.71520907373786,17.018107339370573,17.483958754444572,17.751020735583637,18.005372681887295,18.11587357989441,18.232485589636813,18.33115273419786,18.42467881181766,18.566458983931355,18.81191793865562,18.921706059113674,19.036002559607795,19.064936346253738,19.124942904167682,19.162337782868164,19.184825189425695,19.21566620773561,19.222682983043438,19.23912995839441,19.270353974167705,19.274462325453797,19.29428402325765,19.319021408449935,19.323003003367543,19.332109360905804,19.338745106383634,19.342880369359165,19.34937407082026,19.349962105173333,19.356543668146365,19.357742414642544,19.358263199194166,19.35975527513048,19.361963532756945,19.36251893332297,19.36276022206556,19.3637840812162,19.365608163239493,19.366431227778417,19.367233921569557,19.368185923402773,19.36893477568708,19.369508626201885,19.369947252422634,19.370282434523876],"times":[1.100139856338501,1.1006219387054443,1.100782871246338,1.1009669303894043,1.102241039276123,1.1024730205535889,1.1027400493621826,1.1031160354614258,1.1033809185028076,1.1037209033966064,1.1040239334106445,1.1043858528137207,1.1048378944396973,1.105133056640625,1.1053059101104736,1.1056900024414062,1.106086015701294,1.1065008640289307,1.1066980361938477,1.1069018840789795,1.107132911682129,1.107356071472168,1.1076350212097168,1.1080238819122314,1.108489990234375,1.1088600158691406,1.1090569496154785,1.1095478534698486,1.1098308563232422,1.1100449562072754,1.11049485206604,1.1107070446014404,1.1109049320220947,1.1112189292907715,1.1113979816436768,1.1117689609527588,1.1143279075622559,1.1145448684692383,1.1149370670318604,1.1154160499572754,1.1158180236816406,1.118638038635254,1.1189360618591309,1.1223549842834473,1.1226379871368408,1.1228649616241455,1.1231608390808105,1.1236450672149658,1.1238269805908203,1.1239700317382812,1.124168872833252,1.1247148513793945,1.1250309944152832,1.125256061553955,1.1281788349151611,1.1295089721679688,1.1309218406677246,1.1323368549346924,1.133749008178711],"env":"Tiger","ubs":[51.15499778195801,51.15499778195801,42.71925846521041,42.5709325862918,42.55386491281199,38.88895566438599,37.34350983432813,36.343505757354194,35.02409484462595,34.255414624285024,31.781479027516305,30.500341039867532,30.27034984937213,28.969082230379872,28.195704537960232,27.71436647471016,26.70189676210666,26.180726960990665,25.68871621995697,25.628875031043524,25.406046548578622,25.248314946498304,25.14602510214144,24.735790606424473,24.110880454758565,23.560945490169864,23.116006119880694,22.865800709121572,22.497779133441984,22.231932942718135,22.14942512154554,21.992235322362397,21.865179542939124,21.719324101975293,21.358344044824815,21.308796133274875,21.13979741778957,20.65019969299648,20.65019969299648,20.598755721522476,20.5053715275654,20.413682850916373,20.193075051038413,20.193075051038413,19.999720354126474,19.999720354126474,19.98613095882485,19.97795146263286,19.894598097896306,19.873250179675196,19.868076283592494,19.86139243511181,19.799855719257835,19.78296030646771,19.754669140616077,19.68008733289092,19.621924864335554,19.574978947678282,19.536881791249193],"sim_r":null,"sim_rsigma":null,"solver":"BIB-SARSOP","env_full":"Tiger","final_lw":19.370282434523876,"timeout":false,"runtime":1.133749008178711,"final_ub":19.536881791249193}