{"env_full":"RockSample ()","timeout":false,"ubs":[23.477955247003578,23.477955247003578,23.477955247003575,23.477955247003575,23.477955247003575,23.47795524700357,23.47791252298897,23.477082865397378,23.46606787103589,23.454299369240033,23.45372302198387,23.453435711654944,23.437982741255944,23.430326757496378,23.421829279551694,23.418319307371377,23.366007290318908,23.323509570182633,23.301664211187795,23.300149216698582,23.292675694432795],"runtime":16.035865783691406,"solver":"SARSOP","final_ub":23.292675694432795,"lbs":[9.605960099999999,23.064728902885317,23.064728902885317,23.064728902885317,23.064728902885317,23.064728902885317,23.064728902885317,23.064728902885317,23.064728902885317,23.064728902885317,23.064728902885317,23.064728902885317,23.064728902885317,23.064728902885317,23.064728902885317,23.064728902885317,23.064728902885317,23.064728902885317,23.064728902885317,23.064728902885317,23.064728902885317],"env":"RockSample5","times":[16.031590938568115,16.032070875167847,16.032156944274902,16.03225088119507,16.0324969291687,16.03277087211609,16.03297996520996,16.03314185142517,16.033376932144165,16.033588886260986,16.03376793861389,16.033967971801758,16.034149885177612,16.034268856048584,16.03447699546814,16.03459596633911,16.03491497039795,16.035043001174927,16.035356998443604,16.035631895065308,16.035865783691406],"final_lw":23.064728902885317}