{"env_full":"RockSample ()","timeout":false,"ubs":[23.477955219957856,23.477955219957856,23.477955219956037,23.477955219955142,23.466067844330496,23.456032796545355,23.454299342462974,23.454299342462974,23.454299342462974,23.454299342462086,23.44585159312102,23.44253084059369,23.430326730586113,23.418319280461116,23.361430598624203,23.322204624540827,23.29772199518382,23.29267566775738],"runtime":232.5377459526062,"solver":"BIB-SARSOP","final_ub":23.29267566775738,"lbs":[9.605960099999999,18.76926690427999,19.853952139149143,23.064728902885317,23.064728902885317,23.064728902885317,23.064728902885317,23.064728902885317,23.064728902885317,23.064728902885317,23.064728902885317,23.064728902885317,23.064728902885317,23.064728902885317,23.064728902885317,23.064728902885317,23.064728902885317,23.064728902885317],"env":"RockSample5","times":[232.53336906433105,232.5336799621582,232.5340130329132,232.53431797027588,232.53452801704407,232.5348219871521,232.5350480079651,232.53526091575623,232.53552293777466,232.53572392463684,232.53604793548584,232.53628492355347,232.53639793395996,232.53655004501343,232.53684306144714,232.53695797920227,232.53732705116272,232.5377459526062],"final_lw":23.064728902885317}