{"env_full":"RockSample ()","timeout":true,"ubs":[18.340299092828722],"runtime":0.4400639533996582,"solver":"SARSOP","final_ub":18.340299092828722,"lbs":[8.1450625],"env":"RockSample5","times":[0.4400639533996582],"final_lw":8.1450625}