{"lbs":[-19.999999999999982,-10.77798724525706,-7.964090794870497,-2.3801147957169526,0.8750254055571952,3.875001037597943,6.493587538494678,8.696777308670935,10.288639595753715,11.779996345025335,13.056839886144147,13.448780834121548,14.173769132049966,15.014506352427624,15.675270374782347,15.962333316120404,15.962333316120404,15.962333316120404,16.42461689655204,16.837414609466,16.99032565062901,17.342863956006365,17.562451843976124,17.861230264316262,18.115627860682935,18.16975747212914,18.319217774250767,18.368725995308377,18.478682186194554,18.547960054817302,18.625826667662288,18.816053899504666,18.863836231061576,18.90962429322019,18.9942522165638,19.023513191552638,19.05641114555717,19.083415528943046,19.109439556557376,19.13247726914644,19.15379169755579,19.206721451480675,19.221345327843103,19.227698538399878,19.24377616322922,19.250760941632855,19.263540288464817,19.289171562400206,19.296576577264716,19.303166095934905,19.3092458942036,19.320690968762023,19.325029831236364,19.334101009424955,19.340502170279073,19.34282962318236,19.343840764003655,19.347010851762576,19.348388067660522,19.35438666917367,19.355844854260585,19.359638184826288,19.36263497645828,19.363011890031046,19.365093215725857,19.3664750208131,19.367195615356348,19.36787874400434,19.368175523054607,19.368304456023438,19.368650177560646,19.369503571035604,19.369650083681996,19.36997229084008,19.370208074918764,19.370404712909846,19.370490140503037,19.370621416461667,19.370744133134096,19.370797446280314,19.370849143956022,19.370914584585925,19.371018019123824,19.371027390400887,19.371089754450267,19.371138057163872,19.371172258997383,19.371202689493785,19.37121590974717,19.371230157271675,19.37125096916926,19.371277009715264,19.371290477882816],"times":[0.002747058868408203,0.029124021530151367,0.02920699119567871,0.02926802635192871,0.02936410903930664,0.029439926147460938,0.029541015625,0.029649972915649414,0.029748916625976562,0.029839038848876953,0.029940128326416016,0.0300290584564209,0.03030109405517578,0.030488967895507812,0.030612945556640625,0.030724048614501953,0.030744075775146484,0.030766010284423828,0.030920028686523438,0.031121015548706055,0.03123307228088379,0.031394004821777344,0.031494140625,0.031687021255493164,0.03186392784118652,0.03196406364440918,0.032135009765625,0.03228306770324707,0.03238105773925781,0.03255891799926758,0.032662153244018555,0.03284311294555664,0.03295302391052246,0.03312993049621582,0.0332951545715332,0.03345608711242676,0.033564090728759766,0.03372502326965332,0.03381204605102539,0.03395414352416992,0.03403115272521973,0.0341799259185791,0.034256935119628906,0.03430294990539551,0.034436941146850586,0.0345461368560791,0.03459811210632324,0.03473806381225586,0.03481698036193848,0.03491806983947754,0.034976959228515625,0.035143136978149414,0.03522515296936035,0.03543996810913086,0.03557014465332031,0.03564715385437012,0.03571510314941406,0.03581714630126953,0.03590512275695801,0.03607606887817383,0.03615212440490723,0.03630399703979492,0.036438941955566406,0.03651595115661621,0.03668498992919922,0.03679800033569336,0.037281036376953125,0.03738093376159668,0.03744101524353027,0.037506103515625,0.03762197494506836,0.038802146911621094,0.03890395164489746,0.039118051528930664,0.0392911434173584,0.039489030838012695,0.039659976959228516,0.03986811637878418,0.04005694389343262,0.04019308090209961,0.040313005447387695,0.04058194160461426,0.042053937911987305,0.0421750545501709,0.04234910011291504,0.04249405860900879,0.042623043060302734,0.04274797439575195,0.04280996322631836,0.04297208786010742,0.04310011863708496,0.043235063552856445,0.043322086334228516],"env":"Tiger","ubs":[87.19801910939043,87.19801910939043,77.873767190011,75.0496721778378,69.19133866226107,65.2740943775002,63.764604771930074,60.62140816263094,58.23062030345652,55.03726453712072,53.362129781483006,49.72860214302258,47.66851859372707,47.272361220691806,45.1299774070168,43.393105671950465,43.198019109390444,43.198019109390444,42.10628659922424,41.079081672827016,40.03619067141514,39.815306463835,38.84272739844522,38.39793583152955,37.2569784500902,36.16786175839724,35.607067643297306,35.18693244967531,34.60289448933909,34.097846187198485,33.90532187428466,33.508838230636336,31.81164941452878,31.19967441378154,30.89778428111913,29.652292718954044,29.067632776145885,28.695242079569145,28.350515107986887,28.00448587137555,27.733672674843383,27.500482592632935,26.424707275677115,26.344683235327448,26.05241119692217,25.900633381782214,25.683458733389646,25.4000853548158,24.624949202956557,24.50143534469104,24.380423584086444,24.3380737415018,23.816576051790115,23.58454224822754,23.090000780617423,22.67626886924496,22.55711915887938,22.39715646356428,22.261568986274206,22.22361280954217,21.795340255117495,21.70913696870148,21.46449255978044,21.088842430391292,21.06988521514056,20.903171940046633,20.70131568306426,20.589971114578432,20.518577718849947,20.514498761976302,20.43426499239396,20.38078772514328,20.132967612202947,20.132967612202947,20.025624000454464,19.98470063725842,19.93097918120195,19.909383406704805,19.872645145651237,19.83503461118017,19.82840853190271,19.81158510125681,19.77466901621847,19.68928043903704,19.68928043903704,19.677500973028714,19.650121187000213,19.624672471528836,19.604920628527832,19.59834519129138,19.588686920829545,19.573916296226052,19.547744070281045],"sim_r":null,"sim_rsigma":null,"solver":"SARSOP","env_full":"Tiger","final_lw":19.371290477882816,"timeout":false,"runtime":0.043322086334228516,"final_ub":19.547744070281045}