{"env_full":"ABCModel","timeout":false,"ubs":[0.47500000000004394],"runtime":4.417212009429932,"solver":"EBIB-SARSOP","final_ub":0.47500000000004394,"lbs":[0.475],"env":"ABC","times":[4.417212009429932],"final_lw":0.475}