{"lbs":[0.0006004860303106669,0.10486577105534156,0.21856180756133628,0.3000679390871778,0.3583835695149057,0.400563671767007,0.44723401976400623,0.49075308001859846,0.5242366811963293,0.5481358972229442,0.5842704072509965,0.6028310680969774,0.6217281432881858,0.6386152019134161,0.6618889615522734,0.6757737022568779,0.686278504394991,0.7014476751012905,0.7116104802438075,0.7211752310229038,0.7374475663642597,0.7512070211129621,0.7657060031531014,0.7742147295891109,0.7856587540262956,0.7983049438374001,0.8071525296039117,0.8186748902304013,0.8281614825942283,0.8334788139736851,0.837051794038558,0.8420566060628709,0.851360995716096,0.859361442784712,0.8656906295403053,0.8698039445026664,0.8748053158250539,0.8775792850499111,0.8805354231027405,0.8822659431053621,0.885702846314418,0.8873369529589443,0.8895145257739037,0.8910658187384226,0.8954825705086964,0.8983256303477181,0.9020213881314456,0.913063064723708,0.920797244490916,0.925171460476716,0.9310550621406871,0.9360731345338806,0.9391851611529394,0.9409465366306542,0.9420415998790799,0.944221752945072,0.9449765202911288,0.9460013400401248,0.9464105370274207,0.9469505910219865,0.9473230534271893,0.9475501937054736,0.9478933827731104,0.9481412052035514,0.9483961301216575,0.9485982229257158,0.9501037840966469,0.9510550366451355,0.9518111587761702,0.9523718294613184,0.9529074164439959,0.9534473599372899,0.9541472330877891,0.954302048113531,0.9545629690735085,0.9547813027273051,0.9552222217055628,0.9556872417416429,0.9564215940654202,0.9585382733732126,0.9616111409168286,0.9666577935731745,0.969237124128708,0.9716078618654065,0.9732331780934074,0.9745206667725721,0.9756785795299745,0.9776084801892282,0.9828308569102076,0.9865230054531633,0.988865722770015,0.9902262901091377,0.9909859446570979,0.9919754452295038,0.9954169524944154,1.007108727111621,1.01438115839876,1.0197735585355243,1.0228779493919895,1.02623842808802,1.028142302943622,1.0298000900575925,1.0317345345835827,1.0331414992951162,1.0357150882955901,1.0423214701689179,1.0485309560072475,1.0539706535140718,1.060439576315376,1.065086771861429,1.0688782138540243,1.0731444544333657,1.0833371668133887,1.0898152044391245,1.0920294259949435,1.0943066414108316,1.0960467851907068,1.0972877886917864,1.0980926214638402,1.0987879316611302,1.0994085186753675,1.1000739201557064,1.1006707199522945,1.1014248442279508,1.1024533929347253,1.1030389939277805,1.1035247964264931,1.1038965841149837,1.1044883815006918,1.1055070382024006,1.1061839051456999],"times":[79.26557612419128,79.392009973526,79.5649139881134,79.90110301971436,80.32967615127563,80.8749041557312,81.52992296218872,82.35886096954346,83.39741492271423,84.57360410690308,85.9238851070404,87.50997614860535,89.33337092399597,91.27773594856262,93.46054196357727,95.92131495475769,98.70421195030212,102.18237805366516,105.72609114646912,109.850919008255,115.22856402397156,121.23685002326965,128.2121000289917,135.754732131958,144.32079815864563,153.1167449951172,162.28326416015625,171.65831208229065,182.25650310516357,192.37454199790955,203.40715909004211,214.9237129688263,226.5190351009369,238.91233706474304,251.4034881591797,264.18434405326843,278.0503931045532,291.18995809555054,304.9346580505371,319.9636609554291,334.4948670864105,349.8201780319214,366.23468494415283,382.0455961227417,398.190092086792,415.08608412742615,431.3871519565582,448.82789397239685,466.7613251209259,485.2813551425934,503.399964094162,521.5559599399567,540.4256129264832,560.8197751045227,581.1131939888,602.1024830341339,622.3859159946442,644.9905779361725,666.5213129520416,688.3725121021271,710.3416850566864,732.7000460624695,757.4476389884949,780.8801009654999,804.2892429828644,828.4644601345062,853.0027830600739,880.8423409461975,906.6934111118317,931.9263949394226,957.3889920711517,983.0609519481659,1011.3790149688721,1038.3559670448303,1065.328388929367,1092.5567920207977,1120.3372769355774,1150.6830921173096,1180.0036280155182,1208.7469160556793,1238.6523461341858,1267.611778974533,1298.6014840602875,1332.031753063202,1363.2263779640198,1394.6442890167236,1426.613165140152,1459.1377370357513,1491.7610881328583,1527.8150341510773,1560.580570936203,1593.9908270835876,1627.931235074997,1662.9008131027222,1697.3018381595612,1731.8511199951172,1770.617800951004,1805.1859159469604,1841.4583821296692,1877.061469078064,1913.6598370075226,1950.1891300678253,1985.8932781219482,2027.0682981014252,2063.6059970855713,2101.9579849243164,2140.2324390411377,2179.953455924988,2220.0571830272675,2260.223536968231,2299.544886112213,2345.4283990859985,2386.030594110489,2427.3679139614105,2470.16877412796,2512.938369989395,2556.218840122223,2599.5386440753937,2642.875092983246,2692.97110414505,2736.1057739257812,2779.8280770778656,2824.809674024582,2871.1868331432343,2917.9626400470734,2964.0655150413513,3009.7385029792786,3056.04900598526,3113.088730096817,3160.932348012924,3212.165069103241],"env":"SparseHallway2","ubs":[5.841742620671342,5.841742620671342,5.841742620671342,5.841742620671342,5.841742620671342,5.841742620671342,5.841742620671342,5.841742620671342,5.841742620671342,5.841742620671342,5.841742620671342,5.841742620671342,5.841742620671342,5.841742620671342,5.841742620671342,5.841742620671342,5.841742620671342,5.841742620671342,5.841742620671342,5.841742620671342,5.841742620671342,5.841742620671342,5.841742620671342,5.841742620671342,5.841742620671342,5.841742620671342,5.841742620671342,5.841742620671342,5.841742620671342,5.841742620671342,5.841742620671342,5.841742620671342,5.841742620671342,5.841742620671342,5.841742620671342,5.841742620671342,5.841742620671342,5.841742620671342,5.841742620671342,5.841742620671342,5.841742620671342,5.841742620671342,5.841742620671342,5.841742620671342,5.841742620671342,5.841742620671342,5.841742620671342,5.841742620671342,5.841742620671342,5.841742620671342,5.841742620671342,5.841742620671342,5.841742620671342,5.841742620671342,5.841742620671342,5.841742620671342,5.841742620671342,5.841742620671342,5.841742620671342,5.841742620671342,5.841742620671342,5.841742620671342,5.841742620671342,5.841742620671342,5.841742620671342,5.841742620671342,5.841742620671342,5.841742620671342,5.841742620671342,5.841742620671342,5.841742620671342,5.841742620671342,5.841742620671342,5.841742620671342,5.841742620671342,5.841742620671342,5.841742620671342,5.841742620671342,5.841742620671342,5.841742620671342,5.841742620671342,5.841742620671342,5.841742620671342,5.841742620671342,5.841742620671342,5.841742620671342,5.841742620671342,5.841742620671342,5.841742620671342,5.841742620671342,5.841742620671342,5.841742620671342,5.841742620671342,5.841742620671342,5.841742620671342,5.841742620671342,5.841742620671342,5.841742620671342,5.841742620671342,5.841742620671342,5.841742620671342,5.841742620671342,5.841742620671342,5.841742620671342,5.841742620671342,5.841742620671342,5.841742620671342,5.841742620671342,5.841742620671342,5.841742620671342,5.841742620671342,5.841742620671342,5.841742620671342,5.841742620671342,5.841742620671342,5.841742620671342,5.841742620671342,5.841742620671342,5.841742620671342,5.841742620671342,5.841742620671342,5.841742620671342,5.841742620671342,5.841742620671342,5.841742620671342,5.841742620671342,5.841742620671342,5.841742620671342,5.841742620671342,5.841742620671342,5.841742620671342],"sim_r":3.0841138438052456,"sim_rsigma":0.8103145758797181,"solver":"SARSOP","env_full":"SparseHallway2","final_lw":1.1061839051456999,"timeout":true,"runtime":3212.165069103241,"final_ub":5.841742620671342}