{"env_full":"SparseHallway2","timeout":true,"ubs":[5.466544699167559,5.466544699167559,5.466544699167559,5.466473509041908,5.466473509041908,5.466473509041908,5.466473509041908,5.466473509041908,5.466473509041908,5.466473509041908,5.466473509041908,5.466473509041908,5.466473509041908,5.466473509041908,5.466473509041908,5.466473509041908,5.466473509041908,5.466473509041908,5.466473509041908,5.466473509041908,5.466473509041908,5.466473509041908,5.466473509041908,5.466473509041908,5.466473509041908,5.466473509041908,5.466473509041908,5.466473509041908,5.466473509041908,5.466473509041908,5.466473509041908,5.466473509041908,5.466473509041908,5.466473509041908,5.466473509041908,5.466473509041908,5.466473509041908,5.466473509041908,5.466473509041908,5.466473509041908,5.466473509041908,5.466473509041908,5.466473509041908,5.466473509041908,5.466473509041908,5.466473509041908,5.466473509041908,5.466473509041908,5.466473509041908,5.466473509041908,5.466473509041908,5.466473509041908,5.466473509041908,5.466473509041908,5.466473509041908,5.466473509041908,5.466473509041908,5.466473509041908,5.466473509041908,5.466473509041908,5.466473509041908,5.466473509041908,5.466473509041908,5.466473509041908,5.466473509041908,5.466473509041908,5.466473509041908,5.466473509041908,5.466473509041908,5.466473509041908,5.466473509041908,5.466473509041908,5.466473509041908,5.466473509041908,5.466473509041908,5.466473509041908,5.466473509041908,5.466473509041908,5.466473509041908,5.466473509041908,5.466473509041908,5.466473509041908,5.466473509041908,5.466473509041908,5.466473509041908,5.466473509041908,5.466473509041908,5.466473509041908,5.466473509041908,5.466473509041908,5.466473509041908,5.466473509041908,5.466473509041908,5.466473509041908,5.466473509041908,5.466473509041908,5.466473509041908,5.466473509041908,5.466473509041908,5.466473509041908,5.466473509041908,5.466473509041908,5.466473509041908,5.466473509041908,5.466473509041908,5.466473509041908,5.466473509041908,5.466473509041908,5.466473509041908,5.466473509041908,5.466473509041908,5.466473509041908,5.466473509041908,5.466473509041908,5.466473509041908,5.466473509041908,5.466473509041908,5.466473509041908,5.466473509041908,5.466473509041908],"runtime":3222.028064966202,"solver":"BIB-SARSOP","final_ub":5.466473509041908,"lbs":[0.0006004860303106669,0.10524676648296241,0.2189227322444383,0.31014459724359,0.3773720296424269,0.4351991526690834,0.4636993621156832,0.4906643328426631,0.5135447242662965,0.5428497817334537,0.5577899314812294,0.5831339090805651,0.603352333848535,0.6235079570864901,0.6511554271327734,0.6733281724922242,0.6862347269466912,0.7037265691571807,0.7198308379950333,0.732374312323562,0.7473874372162728,0.7573588625088127,0.7700925935087231,0.7781547826756141,0.788211852223613,0.8022758382773281,0.8132450043361135,0.8234857801342252,0.8313565774081901,0.8417279115076358,0.8486020377261607,0.8578432052715235,0.8639542506079727,0.8686204891341178,0.8791976089008258,0.8832602563466155,0.8861336798977861,0.8899013842372998,0.8939788828264,0.9006567998386901,0.9058274990458921,0.9103741630729063,0.913717259594264,0.9173383371173232,0.9233431589185861,0.9271852029595221,0.9299140899709749,0.9314427864279089,0.9331430934484761,0.934884815293083,0.9368788950000808,0.9381003762456128,0.9394156005317336,0.9405419648911076,0.9424904932271048,0.9436399932911336,0.9448884694236017,0.9456889361283891,0.9463886885334791,0.9472303787173164,0.9490354742162859,0.9501085540249081,0.9513806840637002,0.9522706012997724,0.9534655587974277,0.9543199538987468,0.9551402152982966,0.9564487055815591,0.9594297205530109,0.9608562441107762,0.9624686078914735,0.9634866409375986,0.9641149208659823,0.9649881402908317,0.9656165444463849,0.9659050992307008,0.9664303727896938,0.9668570241546517,0.9672155122601334,0.9676973246102684,0.9680662368178454,0.9685806834158825,0.9690205800506536,0.9693473831364616,0.9696733526529853,0.9711413109235958,0.9769249372232451,0.993121615474353,1.0030803203650365,1.0097418845013753,1.014799393810757,1.0195743383678302,1.0220144951215941,1.0242036849578189,1.0256739795214873,1.026654531982728,1.027360397164002,1.0282014156916857,1.0289125116786284,1.0300639080054634,1.0308830673014944,1.0316921115365312,1.0324411414997803,1.0332231513896435,1.0340596820190058,1.0349317006850187,1.0371496929425492,1.0383179315470958,1.0392772254823168,1.0401439401831072,1.0408633774189389,1.0416273564565237,1.0445928868656829,1.0494037254888977,1.0604968212112678,1.0681713206396555,1.0724303199929528,1.0755286924796867,1.0783759950585137,1.0805176864864499],"env":"SparseHallway2","times":[525.0024108886719,526.0970637798309,527.1359038352966,528.2969658374786,529.6651799678802,531.2669079303741,533.0481958389282,534.923092842102,537.0001518726349,539.3854467868805,541.9504318237305,544.6587150096893,547.6926047801971,551.0846560001373,554.7741279602051,559.0579810142517,563.5410628318787,568.4158248901367,574.3266890048981,580.3237109184265,587.0353438854218,594.000855922699,602.00718998909,609.147136926651,618.3686978816986,626.9995498657227,636.2061378955841,645.5147008895874,655.5192358493805,666.1721348762512,677.2900199890137,689.1577789783478,701.6462779045105,714.128369808197,727.526074886322,741.8337559700012,754.8991329669952,768.9493148326874,784.2463629245758,799.3083980083466,815.0145819187164,832.0644388198853,848.5090069770813,865.5862720012665,883.8033587932587,901.2741248607635,918.7993159294128,938.6067488193512,956.8654267787933,976.2954249382019,994.7546989917755,1015.339772939682,1035.3085718154907,1055.5768039226532,1076.8677508831024,1099.8496298789978,1121.5827178955078,1144.1942539215088,1167.1013479232788,1191.2689898014069,1213.8672749996185,1237.2485558986664,1260.5773198604584,1284.8532798290253,1310.3302638530731,1335.72092795372,1360.2834329605103,1385.067757844925,1410.6560549736023,1438.528678894043,1464.6917939186096,1491.7194797992706,1518.7893679141998,1546.216216802597,1577.104416847229,1605.5520977973938,1635.26282787323,1663.9059669971466,1693.9223418235779,1723.3831839561462,1756.1578438282013,1787.0450248718262,1818.4798698425293,1849.5462119579315,1879.8391559123993,1910.5914409160614,1945.511557817459,1977.5569059848785,2010.468249797821,2044.0037159919739,2077.420172929764,2111.5220379829407,2148.99037194252,2182.8711819648743,2217.1816987991333,2252.4563817977905,2287.662500858307,2323.6611478328705,2360.507733821869,2400.915182828903,2438.294009923935,2475.721701860428,2513.840577840805,2551.402809858322,2590.1935498714447,2628.376336812973,2672.429951906204,2711.187325000763,2750.7168679237366,2791.423313856125,2833.882994890213,2875.7577979564667,2917.229489803314,2958.960191965103,3006.812217950821,3048.932694911957,3092.504378795624,3136.087343931198,3180.2406418323517,3222.028064966202],"final_lw":1.0805176864864499}