{"env_full":"Frozen Lake (10)","timeout":true,"ubs":[0.8792248633440128],"runtime":3.3331940174102783,"solver":"SARSOP","final_ub":0.8792248633440128,"lbs":[0.0],"env":"FrozenLake10","times":[3.3331940174102783],"final_lw":0.0}