{"env_full":"SparseHallway1","timeout":true,"ubs":[7.230442350137876],"runtime":0.9546990394592285,"solver":"SARSOP","final_ub":7.230442350137876,"lbs":[0.01980625124262278],"env":"SparseHallway1","times":[0.9546990394592285],"final_lw":0.01980625124262278}