{"env_full":"Frozen Lake (10)","timeout":false,"ubs":[0.5005224151369554,0.5005224151369554,0.5001209731500574,0.5001209731500574,0.49989376212699865,0.4962738696065435,0.49627320701685873,0.4962731770618769,0.4962731668996947,0.49627315911247794,0.4961439903544126,0.49610880351488296,0.4960720655956391,0.49606913146100784,0.4960375259885974,0.49592469680335405,0.4958741390145749,0.4958692311000631,0.4958583458013184,0.4958583325395731,0.495801130093668,0.4956637432552101,0.49563502739497045,0.49563502739496945,0.4953805833311623,0.4953805833311623,0.4943874604562133,0.4942710511773847,0.49419855280641145,0.4936055009170047,0.4934888759466512,0.49347638553808265,0.49339618603973306,0.49332142603231344,0.4933191288923684,0.4932319461641649,0.4931362584515739,0.493066273656432,0.4930436599026737,0.49292981942589464,0.4928298144680133,0.49272067855490853,0.4925761191451642,0.4925739037524419,0.4925622256648619,0.49249957688874735,0.49249957688874735,0.49249115774823743,0.49248435679284336,0.4924835819888909,0.49248354143553913,0.49248354045493253,0.4924835404309124,0.49248354043063647,0.4924835404306333,0.4924835404306333,0.49247473839169353,0.4924480288729864,0.4924238385786243,0.4924155673412876,0.49241317023894565,0.49178597203172364,0.4917800909441416,0.49175792761248754,0.4917420623760744,0.4917418785113694,0.49173762754792755,0.4914676591640156,0.4912804835975994,0.49108570388557937,0.49108570341046487,0.4910840710859178,0.4910825980504516,0.49108259423310086,0.49107564677010973,0.49106741630060124,0.49105632572516467],"runtime":9.711711168289185,"solver":"EBIB-SARSOP","final_ub":0.49105632572516467,"lbs":[0.0,0.19511463331080095,0.29400278172226474,0.3309694759970216,0.36752522564480244,0.3862100816049823,0.39430599796837884,0.39614580315424586,0.3961503354308162,0.3965858719639621,0.4028319158203447,0.4084348148757328,0.4136269811471916,0.4193768950981116,0.4283769426084127,0.4283769426084127,0.4348049164529239,0.4374904092054464,0.44228339855575055,0.44580906394130115,0.44624704356881617,0.4555813768445549,0.46000633414437697,0.46000633414437697,0.46000633414437697,0.46000633414437697,0.46041004233823585,0.4627678854816754,0.46688971561557513,0.46746224869008457,0.4710539203002567,0.4710539203002567,0.47128830096259433,0.4726691589665694,0.4726691589665694,0.4742035866633133,0.47541250804636476,0.47688797316048653,0.4785741276530271,0.47874295878548656,0.48075913613165205,0.48117029961139357,0.48117029961139357,0.48136484475659225,0.481364888821716,0.481364901007117,0.48136490164490275,0.4813649016605254,0.48136490166070484,0.48136490166070695,0.48136490166070695,0.48136490166070695,0.48136490166070695,0.4814380834262658,0.481439534049128,0.4814591904435223,0.4814959485118683,0.48161056386517437,0.4816817728621165,0.4817480149995004,0.4827583363693917,0.4829278467207754,0.48301194118318524,0.48316899485280107,0.4836914060502838,0.4838411760657966,0.4838461174617757,0.4840230546582703,0.4850455930099887,0.4851874604694922,0.4851874891200036,0.48531388647816676,0.48537611758756477,0.485443983112472,0.4861106194275451,0.4861106194275451,0.4862297204445307],"env":"FrozenLake10","times":[8.149235010147095,8.153475046157837,8.15648102760315,8.184700012207031,8.190721035003662,8.199977159500122,8.21242904663086,8.2239670753479,8.231597185134888,8.239778995513916,8.253604173660278,8.26206111907959,8.27771520614624,8.284415006637573,8.294476985931396,8.297446012496948,8.302093982696533,8.32265305519104,8.335455179214478,8.364091157913208,8.367366075515747,8.374351024627686,8.378396034240723,8.51210618019104,8.52403998374939,8.556900978088379,8.57174301147461,8.611773014068604,8.633486986160278,8.639384984970093,8.64759111404419,8.679917097091675,8.698782205581665,8.713917016983032,8.724881172180176,8.773553133010864,8.788851022720337,8.822885990142822,8.832252979278564,8.837776184082031,8.883589029312134,8.903911113739014,8.918661117553711,8.922847986221313,8.928020000457764,8.93511700630188,8.942933082580566,8.951598167419434,8.993097066879272,9.002828121185303,9.01278018951416,9.023651123046875,9.034605026245117,9.056454181671143,9.070650100708008,9.135233163833618,9.153627157211304,9.173670053482056,9.190996170043945,9.210461139678955,9.22639799118042,9.293322086334229,9.314526081085205,9.348059177398682,9.361662149429321,9.369216203689575,9.37490701675415,9.398045063018799,9.49286699295044,9.507122993469238,9.52170705795288,9.55466604232788,9.578845024108887,9.593855142593384,9.609462022781372,9.689053058624268,9.711711168289185],"final_lw":0.4862297204445307}