{"env_full":"Frozen Lake (4)","timeout":false,"ubs":[0.7049223846794803,0.7049223846794803,0.697078167241608,0.6966087656036071,0.6961637011341811,0.6961637011341358,0.6961636878866091,0.6937078571269666,0.6937021919066935,0.6914980373939048],"runtime":3.652179002761841,"solver":"BIB-SARSOP","final_ub":0.6914980373939048,"lbs":[0.0,0.470281909423828,0.5595431348576168,0.6179071772872179,0.6419723352538114,0.6637466625510077,0.669975752383499,0.6863130929368499,0.6863130929368499,0.687289708260539],"env":"FrozenLake4","times":[3.644563913345337,3.644918918609619,3.64544677734375,3.645927906036377,3.6477088928222656,3.6486599445343018,3.649763822555542,3.651171922683716,3.651247978210449,3.652179002761841],"final_lw":0.687289708260539}