{"lbs":[0.018288843441564832,0.384962728384392,0.5354084325256775,0.5713874393330893,0.5788824527632106,0.5942666011177133,0.6007146879450996,0.6042165383610044,0.6042165383610044,0.6083945640215483,0.6083945640215483,0.6083945640215483,0.6083945640215483,0.6083945640215483,0.6083945640215483,0.6085231551670992,0.6105873452304699],"times":[3.7729129791259766,3.7732138633728027,3.774056911468506,3.779468059539795,3.7799949645996094,3.7807090282440186,3.7821600437164307,3.7829620838165283,3.7831220626831055,3.7840569019317627,3.7853870391845703,3.7858219146728516,3.786879062652588,3.7886550426483154,3.7890870571136475,3.799510955810547,3.805194854736328],"env":"FrozenLake4","ubs":[0.6258044575681563,0.6258044575681563,0.6258044575681563,0.622610233732056,0.6221282116880538,0.6215938493263498,0.6212329845256006,0.6195464129925656,0.6173538700875804,0.6164827605210047,0.6164461961855301,0.6163837770173953,0.616376221508809,0.6163587834110182,0.6163214491141717,0.6162339797058811,0.6162137102367448],"sim_r":null,"sim_rsigma":null,"solver":"BIB-SARSOP","env_full":"Frozen Lake (4)","final_lw":0.6105873452304699,"timeout":false,"runtime":3.805194854736328,"final_ub":0.6162137102367448}