{"env_full":"Frozen Lake (4)","timeout":false,"ubs":[0.7434589848367171,0.7434589848367171,0.7286457190491664,0.7115010041173427,0.7067661513192289,0.6990419278274581,0.6975497375382943,0.6975497375382943,0.6961953202865241,0.6961953202544402,0.6961952264198561],"runtime":2.1738109588623047,"solver":"SARSOP","final_ub":0.6961952264198561,"lbs":[0.0,0.6013367002978056,0.6013367002978056,0.649369339547343,0.6783568998411741,0.6832797594140936,0.6856270212175773,0.6877504541094701,0.6884309321861664,0.6889079090940582,0.6897315783301471],"env":"FrozenLake4","times":[2.169076919555664,2.169447898864746,2.169646978378296,2.170140027999878,2.170517921447754,2.171229839324951,2.1712939739227295,2.1718649864196777,2.172839879989624,2.172945976257324,2.1738109588623047],"final_lw":0.6897315783301471}