{"env_full":"ABCModel","timeout":false,"ubs":[0.5830150000000001,0.5830150000000001,0.5830150000000001,0.5830150000000001,0.475],"runtime":3.6601309776306152,"solver":"BIB-SARSOP","final_ub":0.475,"lbs":[0.475,0.475,0.475,0.475,0.475],"env":"ABC","times":[3.660107135772705,3.6601240634918213,3.660128116607666,3.660130023956299,3.6601309776306152],"final_lw":0.475}