{"lbs":[-99.99999999999991,-67.73861952549163,-64.36705941892,-61.082230909623505,-43.17050757275619,-38.819880276636795,-34.65505807966653,-29.825742861057684,-25.096176021909912,-18.83686847417811,-11.604786436317333,-6.609387434817862,-3.986361519684344,1.8713683568495432,7.610316181416479,11.953423573165134,15.436169259298655,18.756131952663644,22.73507125101323,26.295804166944244,31.02648385681815,35.45779826272652,38.49248695878153,40.99093781512684,45.70361217983815,47.78363167963563,49.64925742381733,54.5236189639683,55.92331843927495,58.44444827893198,60.91934323947954,63.21529186638429,65.4258997948954,67.57320433165762,69.49295811704064,71.29357293733165,75.41664469129219,76.99736485551522,78.49717250573676,79.91966945382589,81.23015093796775,84.16328369612597,85.26015661203044,86.30377832849123,87.32433143384597,88.26368277340748,89.1568485752762,90.42979645969776,91.13251845230904,92.21098283710577,93.81780554216547,94.37362936284607,94.44601432865225,95.73615705873456,96.88283142384533,98.2962185512068,99.74354074828844,100.01360577162781,100.0473538396231,100.30386787857881,100.7758948678024,101.76416347378252,102.12909105245325,103.10133408847078,103.56642505880758,103.9583252469047,104.00378700799024,104.11539707409773,104.31168904094437,104.52622880876001,104.80133714304787,104.82785207748155,104.9400163345685,104.96100055427192,104.98166897609475,105.23023020512038,105.25855649959212,105.31205468335867,105.38746475817106,105.44815859717542,105.61162165172948,105.65124693459313,105.6808710222011,105.69682910209654,105.78658414917116,105.81377122747641,105.88695078099943,105.8968566460652,105.90304174925598,105.92130119705291,105.92786465936517,105.97229526159984,105.99465292918208,105.99630900117832,106.01398715986429,106.01863328391042,106.03937915958147,106.05064844685641,106.05423613599322,106.05580993957938,106.05657543627055,106.06724012593571,106.06827633388022,106.07025163863798,106.07251496838407,106.0738490136858,106.07604456769475,106.07702491633216],"times":[21.6041419506073,21.634113073349,21.634931087493896,21.636162042617798,21.637734174728394,21.639721155166626,21.642150163650513,21.644840002059937,21.647923946380615,21.65118408203125,21.654827117919922,21.65904211997986,21.66414213180542,21.669021129608154,21.67383313179016,21.68022108078003,21.687453985214233,21.6950900554657,21.70273494720459,21.74472999572754,21.752998113632202,21.760749101638794,21.77203917503357,21.78412413597107,21.79528307914734,21.809585094451904,21.825314044952393,21.83760905265808,21.854774951934814,21.873332977294922,21.889106035232544,21.904124975204468,21.922150135040283,21.938915967941284,21.97149395942688,21.996104955673218,22.01469612121582,22.041434049606323,22.090018033981323,22.12992811203003,22.190322160720825,22.216140031814575,22.287142992019653,22.36636209487915,22.4518461227417,22.544474124908447,22.654086112976074,22.76039409637451,22.871276140213013,22.980127096176147,23.005645036697388,23.123497009277344,23.124950170516968,23.150134086608887,23.172924995422363,23.19198703765869,23.220703125,23.234091997146606,23.235219955444336,23.25123405456543,23.265591144561768,23.289016008377075,23.30230402946472,23.331595182418823,23.35102415084839,23.37202215194702,23.374406099319458,23.382163047790527,23.39798903465271,23.41166400909424,23.433715105056763,23.43605899810791,23.449442148208618,23.453005075454712,23.454426050186157,23.479348182678223,23.481815099716187,23.492812156677246,23.5033700466156,23.51375102996826,23.540369987487793,23.549029111862183,23.556053161621094,23.558969974517822,23.58475399017334,23.59160804748535,23.622868061065674,23.626070976257324,23.63534712791443,23.6457781791687,23.648455142974854,23.675570011138916,23.696230173110962,23.69865608215332,23.715907096862793,23.719419956207275,23.74750018119812,23.769459009170532,23.77765703201294,23.784897089004517,23.787350177764893,23.816694974899292,23.81924796104431,23.823822021484375,23.829264163970947,23.83302903175354,23.8409161567688,23.844359159469604],"env":"Tiger","ubs":[220.59741076627353,220.59741076627353,210.55442233991803,209.65894951072318,209.2213218671244,205.03880812455893,203.99337316258146,203.57080133820378,202.48131540537437,201.2371935051897,198.94610660290488,195.24178561919553,193.9240841434767,193.6380441846648,190.4099676072019,187.55222240475052,186.75443962470598,186.06319843343215,184.57913312954975,182.96216408076623,180.9509036799664,177.23120303174068,174.18681992123055,173.40928194730645,172.91464678269546,171.1727116191278,171.1727116191278,168.33810936658566,166.02420017384424,165.23045070729165,163.4713444449282,161.3182942150725,159.4053109285589,157.3243519599866,154.8313046323559,153.29086324485849,151.62124461095638,148.56426395516107,146.80362921113868,145.08718177091112,143.5509593134562,142.3169647810687,139.84735079280495,138.56990150479635,137.38062731608125,136.23288051392973,135.14843070210435,134.16896939417495,133.111048584204,132.44040230931557,131.3820711435088,129.7480853483171,129.18356025697187,129.18356025697187,127.90552699863554,126.63070766704655,124.98865293798198,123.10562145110518,122.60979532367907,122.60979532367907,122.37619477719679,121.65945274611678,120.26674228604176,119.64960678647557,118.01425707625336,117.09548690298936,116.24675602196439,116.18205605247249,115.89800838618879,115.45733814636546,114.9903590665183,114.12414520601968,114.09918146980246,113.7508801589753,113.66745058278099,113.60037583886647,112.81140323509723,112.70547869745968,112.47450730065978,112.22097078841803,111.96964731313614,111.1564011840787,110.94318456890096,110.77278804562079,110.74396123410853,110.12895300288048,109.96837993442495,109.45265742293114,109.36107217964245,109.32324726219332,109.136607714326,109.11061512996997,108.66113385676022,108.36645661457393,108.35240206200606,108.14024471741979,108.09213028917162,107.79991534693669,107.58779938553636,107.52165979895045,107.50232762538062,107.49091465473981,107.28127580718852,107.26761003659266,107.22583142796411,107.17520054094561,107.14571738031424,107.08923683114543],"sim_r":null,"sim_rsigma":null,"solver":"WBIB-SARSOP","env_full":"Tiger","final_lw":106.07702491633216,"timeout":false,"runtime":23.844359159469604,"final_ub":107.08923683114543}