{"lbs":[-19.999999999999982,-10.77798724525706,-7.964090794870497,-2.3801147957169526,0.8750254055571952,3.875001037597943,6.493587538494678,8.696777308670935,10.288639595753715,11.779996345025335,13.056839886144147,13.448780834121548,14.173769132049966,15.014506352427624,15.675270374782347,15.962333316120404,15.962333316120404,15.962333316120404,16.42461689655204,16.837414609466,16.99032565062901,17.342863956006365,17.562451843976124,17.861230264316262,18.115627860682935,18.16975747212914,18.319217774250767,18.368725995308377,18.478682186194554,18.547960054817302,18.625826667662288,18.816053899504666,18.863836231061576,18.90962429322019,18.9942522165638,19.023513191552638,19.05641114555717,19.083415528943046,19.109439556557376,19.13247726914644,19.15379169755579,19.206721451480675,19.221345327843103,19.227698538399878,19.24377616322922,19.250760941632855,19.263540288464817,19.289171562400206,19.296576577264716,19.303166095934905,19.3092458942036,19.320690968762023,19.325029831236364,19.334101009424955,19.340502170279073,19.34282962318236,19.343840764003655,19.347010851762576,19.348388067660522,19.35438666917367,19.355844854260585,19.359638184826288,19.36263497645828,19.363011890031046,19.365093215725857,19.3664750208131,19.367195615356348,19.36787874400434,19.368175523054607,19.368304456023438,19.368650177560646,19.369503571035604,19.369650083681996,19.36997229084008,19.370208074918764,19.370404712909846,19.370490140503037,19.370621416461667,19.370744133134096,19.370797446280314,19.370849143956022,19.370914584585925,19.371018019123824,19.371027390400887,19.371089754450267,19.371138057163872,19.371172258997383,19.371202689493785,19.37121590974717,19.371230157271675,19.37125096916926,19.371277009715264,19.371290477882816],"times":[0.0027778148651123047,0.029436826705932617,0.029520034790039062,0.029575824737548828,0.029671907424926758,0.029747962951660156,0.02984786033630371,0.02995586395263672,0.03006601333618164,0.030158042907714844,0.0302579402923584,0.030354022979736328,0.03062582015991211,0.030813932418823242,0.03093695640563965,0.031047821044921875,0.031065940856933594,0.031088829040527344,0.03124094009399414,0.03144097328186035,0.031553030014038086,0.03171181678771973,0.03181099891662598,0.032002925872802734,0.03217887878417969,0.032279014587402344,0.03244900703430176,0.03259587287902832,0.03269386291503906,0.03287100791931152,0.03297281265258789,0.03315401077270508,0.0332639217376709,0.0334320068359375,0.033596038818359375,0.03375697135925293,0.03386402130126953,0.03402996063232422,0.03411698341369629,0.03425884246826172,0.03433489799499512,0.034483909606933594,0.03455996513366699,0.03460502624511719,0.03473782539367676,0.034845829010009766,0.03489804267883301,0.035037994384765625,0.035115957260131836,0.0352170467376709,0.035275936126708984,0.035440921783447266,0.0355229377746582,0.03573799133300781,0.03586602210998535,0.035943031311035156,0.0360109806060791,0.03611183166503906,0.03619790077209473,0.03636789321899414,0.03644299507141113,0.03659391403198242,0.036728858947753906,0.036804914474487305,0.03697395324707031,0.03708600997924805,0.03756594657897949,0.03766489028930664,0.03772592544555664,0.03778886795043945,0.037904977798461914,0.03909492492675781,0.03919696807861328,0.0394129753112793,0.03958702087402344,0.03977704048156738,0.0399470329284668,0.04015493392944336,0.0403439998626709,0.04047989845275879,0.040599822998046875,0.04086899757385254,0.04234600067138672,0.04246783256530762,0.04264187812805176,0.04278683662414551,0.04291582107543945,0.04304194450378418,0.043103933334350586,0.04326581954956055,0.043393850326538086,0.04352998733520508,0.04361701011657715],"env":"Tiger","ubs":[87.19801910939043,87.19801910939043,77.873767190011,75.0496721778378,69.19133866226107,65.2740943775002,63.764604771930074,60.62140816263094,58.23062030345652,55.03726453712072,53.362129781483006,49.72860214302258,47.66851859372707,47.272361220691806,45.1299774070168,43.393105671950465,43.198019109390444,43.198019109390444,42.10628659922424,41.079081672827016,40.03619067141514,39.815306463835,38.84272739844522,38.39793583152955,37.2569784500902,36.16786175839724,35.607067643297306,35.18693244967531,34.60289448933909,34.097846187198485,33.90532187428466,33.508838230636336,31.81164941452878,31.19967441378154,30.89778428111913,29.652292718954044,29.067632776145885,28.695242079569145,28.350515107986887,28.00448587137555,27.733672674843383,27.500482592632935,26.424707275677115,26.344683235327448,26.05241119692217,25.900633381782214,25.683458733389646,25.4000853548158,24.624949202956557,24.50143534469104,24.380423584086444,24.3380737415018,23.816576051790115,23.58454224822754,23.090000780617423,22.67626886924496,22.55711915887938,22.39715646356428,22.261568986274206,22.22361280954217,21.795340255117495,21.70913696870148,21.46449255978044,21.088842430391292,21.06988521514056,20.903171940046633,20.70131568306426,20.589971114578432,20.518577718849947,20.514498761976302,20.43426499239396,20.38078772514328,20.132967612202947,20.132967612202947,20.025624000454464,19.98470063725842,19.93097918120195,19.909383406704805,19.872645145651237,19.83503461118017,19.82840853190271,19.81158510125681,19.77466901621847,19.68928043903704,19.68928043903704,19.677500973028714,19.650121187000213,19.624672471528836,19.604920628527832,19.59834519129138,19.588686920829545,19.573916296226052,19.547744070281045],"sim_r":null,"sim_rsigma":null,"solver":"SARSOP","env_full":"Tiger","final_lw":19.371290477882816,"timeout":false,"runtime":0.04361701011657715,"final_ub":19.547744070281045}