{"env_full":"Frozen Lake (10)","timeout":false,"ubs":[0.5035499496923483,0.5035499496923483,0.5035499496923483,0.5035499496923483,0.5034012096343897,0.5000908009460722,0.5000736833076554,0.5000736340090864,0.5000735994692765,0.5000695662258171,0.499705896591644,0.4996201616180461,0.4994787902023924,0.4991425908495416,0.49914244807098773,0.49903302532353333,0.4989251983945977,0.49889397455772744,0.49888686210923194,0.4988514223883129,0.4988049990936121,0.49873858164545426,0.4987163802525193,0.4986514915174778,0.4986514805782588,0.4985315520815665,0.49852111383193753,0.4985211137247002,0.49836677879467517,0.49832523163264875,0.49828573506898466,0.4981869130242116,0.49801057929547154,0.4971160116884591,0.49700880170307726,0.49699178260294463,0.49681531700637227,0.4959744296368188,0.4958807687775949,0.4958538193163192,0.49583260873643376,0.4941986536376667,0.4940154266554832,0.4933962857270883,0.4933954973834295,0.4928632583382405,0.492848534494455,0.4927351241826519,0.49268719203929545,0.49268294107585375,0.49240020386268313,0.49234629173934796,0.49224951707007,0.49204724578420594,0.49189776521049894,0.49181166289382783,0.4917870194510499,0.4917623093918708,0.4917557871260935,0.4914970050204342,0.4914969970027494,0.4914891941755741,0.4914667647894879,0.4912028859859246,0.4911653885201294,0.49095632055095756,0.4908843357662506],"runtime":7.1862969398498535,"solver":"BIB-SARSOP","final_ub":0.4908843357662506,"lbs":[0.0,0.20594228935325398,0.3143807856487014,0.3711963307448778,0.3835491690321774,0.3916682373647364,0.4005040750537478,0.4035677688235112,0.4037067054724873,0.4037067054724873,0.4037067054724873,0.4048727855449246,0.40523761804385466,0.41101471406684204,0.41182559596963697,0.41182559596963697,0.41182559596963697,0.41366167103809715,0.41644717921588953,0.4229164479602332,0.4262023842571365,0.4334239742776216,0.4427838639226854,0.4450560319898632,0.44600359924465566,0.4463218868549844,0.4518796502161467,0.45363967722227133,0.4565738703250407,0.4565738703250407,0.4586552574412116,0.4598495316211761,0.4598495316211761,0.462263715233189,0.4671546596585564,0.46896387434031284,0.4701343514047359,0.47073431006623684,0.47144150223229825,0.4729958119887534,0.4749569777864509,0.47691435041735725,0.47691435041735725,0.47691435041735725,0.4789111665015157,0.4789111665015157,0.47925642196543966,0.47925642196543966,0.4800387260824019,0.4802316195336977,0.4806923847821361,0.4806923847821361,0.4813536544500687,0.4828227716966478,0.48312048310209743,0.48321608747382666,0.4833718200177127,0.48366700995078565,0.48371692878297623,0.4837375360626536,0.4837752868926065,0.4843379728690717,0.48470501694181706,0.48470501694181706,0.4854992141505063,0.4860123336567147,0.4861257652585268],"env":"FrozenLake10","times":[5.978193044662476,6.000231027603149,6.00396203994751,6.008668899536133,6.015697956085205,6.02131986618042,6.029247045516968,6.038538932800293,6.0532050132751465,6.065692901611328,6.079478025436401,6.095010995864868,6.097792863845825,6.111734867095947,6.115170001983643,6.119171857833862,6.131012916564941,6.139477014541626,6.209839820861816,6.216867923736572,6.2302539348602295,6.235595941543579,6.264569997787476,6.275699853897095,6.2966859340667725,6.303311824798584,6.317986965179443,6.337169885635376,6.348148822784424,6.35735297203064,6.365218877792358,6.400014877319336,6.4107420444488525,6.4182820320129395,6.441387891769409,6.460023880004883,6.466961860656738,6.488878965377808,6.502485036849976,6.531342029571533,6.542281866073608,6.557394981384277,6.572069883346558,6.602413892745972,6.61316704750061,6.62266993522644,6.631877899169922,6.642350912094116,6.656116962432861,6.694684028625488,6.7038328647613525,6.71392297744751,6.715711832046509,6.727116823196411,6.7447509765625,6.791165828704834,6.934170961380005,6.939656019210815,6.95793890953064,6.989209890365601,7.051693916320801,7.063238859176636,7.0770180225372314,7.08743691444397,7.10782790184021,7.124769926071167,7.1862969398498535],"final_lw":0.4861257652585268}