{"lbs":[-19.999999999999982,-19.999999999999982,-19.999999999999982,-17.247290390624986,-13.451405269784455,-12.065111712316863,-9.61074349795994,-6.318127517466565,-4.0929006598394455,-1.9830393416877399,-1.48420616416109,0.11701398284355963,2.1564293033338027,3.738070388928033,5.100749472399691,6.807915811911625,7.94579535145139,8.411732111514823,9.357700145200461,10.278405333992323,10.678397359372173,11.644430509107796,11.801617318476863,12.289590050529018,13.00614421489782,13.529440009022904,14.130062400466489,14.618338470678243,15.02941972608593,15.420137365775531,15.589881103460069,16.011958995667023,16.134215802526576,16.322129104043917,16.640302409033833,16.94688132947356,17.176926787421685,17.377240136267872,17.592057278411566,17.763749149704026,17.937470072891955,18.054850626293053,18.190470217455612,18.300383837447484,18.345007207321643,18.427916705241472,18.515601039190088,18.547579586630693,18.615955302018513,18.702531943596803,18.76484215932706,18.82118218176164,18.8661221399286,18.925815906827673,18.974611150221644,19.011708617859256,19.050590509786772,19.083556082578784,19.11632011872375,19.14502892595943,19.170756683892968,19.188516054249988,19.204775910177013,19.22439386390932,19.24131803797797,19.255996941291517,19.266323672046898,19.270570404562687,19.279339050832654,19.289819708129713,19.29898194841254,19.30721635026171,19.31288803456541,19.317586246779165,19.32403684670254,19.3291848117497,19.333136290398024,19.33660882125475,19.34081510735345,19.344122067115833,19.347277615962867,19.349976623634348,19.351908822998144,19.35360551720055,19.35554226821369,19.35707241742466,19.358782814779815,19.360155126575616,19.36144931828895],"times":[0.0026319026947021484,0.002791881561279297,0.0029969215393066406,0.003403902053833008,0.003453969955444336,0.004045009613037109,0.004808902740478516,0.005724906921386719,0.0058290958404541016,0.005908012390136719,0.005970001220703125,0.006085872650146484,0.006197929382324219,0.006250858306884766,0.006356000900268555,0.006455898284912109,0.006618022918701172,0.007091045379638672,0.008204936981201172,0.008285045623779297,0.008359909057617188,0.008553028106689453,0.008599996566772461,0.008727073669433594,0.008849859237670898,0.008976936340332031,0.009072065353393555,0.009195089340209961,0.009260892868041992,0.00940394401550293,0.009485960006713867,0.009664058685302734,0.009739875793457031,0.009871959686279297,0.010011911392211914,0.011288881301879883,0.01143503189086914,0.012880086898803711,0.013072013854980469,0.014677047729492188,0.014872074127197266,0.015049934387207031,0.015172958374023438,0.015356063842773438,0.015495061874389648,0.015575885772705078,0.015750885009765625,0.015846967697143555,0.01600193977355957,0.016794919967651367,0.0169069766998291,0.01706695556640625,0.01868891716003418,0.01886892318725586,0.019620895385742188,0.019763946533203125,0.019986867904663086,0.02019190788269043,0.020932912826538086,0.02118206024169922,0.021925926208496094,0.022049903869628906,0.02222299575805664,0.022500038146972656,0.023233890533447266,0.023540973663330078,0.02371501922607422,0.02386188507080078,0.024194955825805664,0.02492499351501465,0.025299072265625,0.026051998138427734,0.026174068450927734,0.028056859970092773,0.028966903686523438,0.02941107749938965,0.029597043991088867,0.031594038009643555,0.03211188316345215,0.03298306465148926,0.033540964126586914,0.034381866455078125,0.03448796272277832,0.03504800796508789,0.03523588180541992,0.03611302375793457,0.03667807579040527,0.03746390342712402,0.038060903549194336],"env":"Tiger","ubs":[53.2845107314422,53.2845107314422,46.02907282528651,46.0289221829471,44.56112764106766,44.561127641053524,42.93577687334591,42.3969616179313,41.07714046170581,40.14617090524533,39.29333166049115,39.088071011496375,39.06445192519236,38.82552583959139,37.5426317693884,37.33166652521531,36.960918136494314,36.93803650098353,35.77039171409287,34.38238798390206,34.38238798390206,33.27113956845567,32.98355374812238,32.98355374812238,32.595748728876266,32.574533387826136,32.3133380237625,31.489631161756044,31.05950501519515,30.49475929827568,30.156539404278625,29.815569016085014,29.672430855587415,29.077877002939914,28.942354850668067,28.858345917377004,27.824656505603663,27.824656505603663,26.889149882985063,26.889149882985063,26.05727270161818,25.732797180758375,25.648948615692966,25.601963273530657,25.494757022657403,24.772651163026,24.431966291185077,24.354333659617332,24.052669171585745,23.969821743808204,23.553368457444158,23.232664645563766,23.152932151713816,22.978755915804015,22.743441557875922,22.301541287765023,22.301541287765023,21.98668066310906,21.760758017818716,21.487754560005357,21.273439475577696,21.068875752195723,21.004941883597,20.974121313736006,20.779046768656876,20.6408624355122,20.502640945918206,20.502636013308827,20.410155992042217,20.311417100171756,20.207767222760424,20.121247376558195,20.041364672331945,20.041364672331945,19.989261923864284,19.916514041090224,19.861995880854895,19.861995877393262,19.805074277577148,19.761356159710573,19.719350505364588,19.68295069833197,19.64992100925794,19.64992100925794,19.61991506274867,19.61991506274606,19.592369733538767,19.56956562110197,19.548429231093778],"sim_r":null,"sim_rsigma":null,"solver":"TIB-SARSOP","env_full":"Tiger","final_lw":19.36144931828895,"timeout":false,"runtime":0.038060903549194336,"final_ub":19.548429231093778}