{"lbs":[0.5,0.5,0.5,0.5,0.5],"times":[0.2527189254760742,0.25273990631103516,0.2527439594268799,0.2527449131011963,0.2527461051940918],"env":"ABC","ubs":[0.950000000000003,0.950000000000003,0.6302494097246111,0.5133420832795064,0.5],"sim_r":null,"sim_rsigma":null,"solver":"CTIB-SARSOP","env_full":"ABCModel","final_lw":0.5,"timeout":false,"runtime":0.2527461051940918,"final_ub":0.5}