{"env_full":"Frozen Lake (4)","timeout":false,"ubs":[0.744339238940797,0.744339238940797,0.7296484654703255,0.7126931909852019,0.7073143917144169,0.69865984782425,0.6975627767527234,0.6975627767527234,0.6966720600771772,0.6965621220506085],"runtime":6.501097202301025,"solver":"SARSOP","final_ub":0.6965621220506085,"lbs":[0.0,0.6013367002978056,0.6013367002978056,0.652504380521858,0.6798330537036394,0.6835571614180229,0.6853437955545368,0.6890849899472793,0.6890849899472793,0.6897078600020855],"env":"FrozenLake4","times":[6.49692702293396,6.497344017028809,6.497567176818848,6.498133182525635,6.498526096343994,6.49928617477417,6.499357223510742,6.500193119049072,6.500249147415161,6.501097202301025],"final_lw":0.6897078600020855}