{"lbs":[0.475,0.475,0.475,0.475,0.475,0.475,0.475],"times":[0.036795854568481445,0.06505584716796875,0.06507396697998047,0.06508207321166992,0.06508207321166992,0.06508398056030273,0.06508493423461914],"env":"ABC","ubs":[0.9500000180639924,0.9500000180639924,0.9500000180639924,0.9500000180639924,0.4876749883885371,0.4876749883885371,0.475],"sim_r":null,"sim_rsigma":null,"solver":"SARSOP","env_full":"ABCModel","final_lw":0.475,"timeout":false,"runtime":0.06508493423461914,"final_ub":0.475}