{"env_full":"RockSample ()","timeout":false,"ubs":[23.47795936366106,23.47795936366106,23.47795936366106,23.47795936366106,23.47795936366106,23.47795936366106,23.466071926189308,23.45430344473095,23.454303424115643,23.45430340370649,23.442534922248132,23.430884084990144,23.43088404437593,23.430330853674015,23.418323403549014,23.360557087413756,23.322712121887022,23.299311766039455,23.29093335981313],"runtime":13.576728105545044,"solver":"SARSOP","final_ub":23.29093335981313,"lbs":[9.605960099999999,18.76926690427999,19.762929611467992,20.746655691584117,20.746655691584117,21.911516601785728,23.064728902885317,23.064728902885317,23.064728902885317,23.064728902885317,23.064728902885317,23.064728902885317,23.064728902885317,23.064728902885317,23.064728902885317,23.064728902885317,23.064728902885317,23.064728902885317,23.064728902885317],"env":"RockSample5","times":[13.509454011917114,13.56908917427063,13.569762229919434,13.570188045501709,13.570274114608765,13.570863008499146,13.570962190628052,13.571473121643066,13.571930170059204,13.57241415977478,13.573045015335083,13.573559999465942,13.574060201644897,13.574255228042603,13.574541091918945,13.57506513595581,13.575278997421265,13.575929164886475,13.576728105545044],"final_lw":23.064728902885317}