{"env_full":"ABCModel","timeout":false,"ubs":[0.495],"runtime":8.483169794082642,"solver":"EBIB-SARSOP","final_ub":0.495,"lbs":[0.495],"env":"ABC","times":[8.483169794082642],"final_lw":0.495}