{"lbs":[0.475,0.475,0.475,0.475,0.475],"times":[0.6916060447692871,0.7240989208221436,0.7241110801696777,0.724113941192627,0.7241148948669434],"env":"ABC","ubs":[0.583015000000044,0.583015000000044,0.583015000000044,0.583015000000044,0.475],"sim_r":null,"sim_rsigma":null,"solver":"BIB-SARSOP","env_full":"ABCModel","final_lw":0.475,"timeout":false,"runtime":0.7241148948669434,"final_ub":0.475}