{"env_full":"Frozen Lake (4)","timeout":false,"ubs":[0.9324240663986526,0.9324240663986526,0.9301449786528488,0.9299962603591658,0.9299962603591658,0.9298504869850435,0.9290848071867104,0.9290348375753353,0.9283342893645818,0.9283342893645818,0.9283342893645818],"runtime":6.987834930419922,"solver":"BIB-SARSOP","final_ub":0.9283342893645818,"lbs":[0.0,0.5672034262109531,0.7901860528287928,0.8300032357435636,0.8690319595929166,0.882053633385248,0.8948174522509986,0.8948174522509987,0.905983869833351,0.9169291702358546,0.919204918654105],"env":"FrozenLake4","times":[6.573515892028809,6.578918933868408,6.583953857421875,6.621672868728638,6.641885995864868,6.6638898849487305,6.68691086769104,6.767889976501465,6.931658983230591,6.967896938323975,6.987834930419922],"final_lw":0.919204918654105}