{"lbs":[-19.999999999999982,-5.632441144646656,-3.3852612129424022,-1.377721566326951,4.846083797906023,7.1833269680023975,9.034539725584331,10.93030168270802,12.750019184503032,13.675708724203055,14.686396573133162,15.816659865091712,16.1690820058259,16.82172199498376,17.3108450866433,17.37586011442448,17.587804014912933,17.88466887965685,18.10825915751561,18.303626073222915,18.52046762256138,18.665969042985935,18.80089026204559,18.86681449544407,18.928482159770248,19.01400629512443,19.05522457235027,19.10819944099328,19.150694842838764,19.181952744548035,19.19553245667089,19.25044927779064,19.273653382696246,19.283734195785286,19.31117805229558,19.315924015737977,19.328701780269263,19.33716174271641,19.34389944365117,19.350353740929563,19.35530837489665,19.359096112976367,19.36199061155721],"times":[0.0061779022216796875,0.006502866744995117,0.006597995758056641,0.006715059280395508,0.006918907165527344,0.007009029388427734,0.007113933563232422,0.007241010665893555,0.007382869720458984,0.007494926452636719,0.007611989974975586,0.0077838897705078125,0.007868051528930664,0.007966995239257812,0.008154869079589844,0.00818490982055664,0.008239984512329102,0.00836801528930664,0.008472919464111328,0.008580923080444336,0.008718013763427734,0.008795022964477539,0.008928060531616211,0.009025096893310547,0.00910496711730957,0.009224891662597656,0.009304046630859375,0.009387969970703125,0.009545087814331055,0.009623050689697266,0.00969696044921875,0.010802030563354492,0.01091909408569336,0.010966062545776367,0.012212038040161133,0.012276887893676758,0.012459993362426758,0.012575864791870117,0.01273488998413086,0.013007879257202148,0.013295888900756836,0.013580083847045898,0.013907909393310547],"env":"Tiger","ubs":[42.802575114651944,42.802575114651944,35.30119514295953,35.30119514295953,35.21035883309395,32.22791595606127,31.355173998390214,30.55365167854191,29.405131076550163,27.896537141216818,27.667764278235445,27.254886987075558,26.027009558209134,25.23340351235583,24.577601753468045,23.976716827658834,23.976716827658834,23.886682206160195,23.436129905476854,23.132672333571627,22.937274536431357,22.532808985070286,22.313474236623428,21.807661845024306,21.528380468048155,21.317948884011173,21.031728429926183,20.875484439449913,20.735822336486994,20.601193932886996,20.46677774879187,20.42956851909203,20.148939318167805,20.071272987581345,20.069497665749655,19.88614542899068,19.88614542899068,19.8386053814001,19.788024372074922,19.718978424275143,19.648439354386092,19.596797967067864,19.55467523659227],"sim_r":null,"sim_rsigma":null,"solver":"EBIB-SARSOP","env_full":"Tiger","final_lw":19.36199061155721,"timeout":false,"runtime":0.013907909393310547,"final_ub":19.55467523659227}