{"lbs":[-19.999999999999982,-19.999999999999982,-19.999999999999982,-17.247290390624986,-13.330880592603144,-9.661907378317487,-5.970734672157295,-3.6684162431493346,-1.6477042603497967,0.8183451830414183,2.598313446654492,2.9760022651896842,4.290798284622773,5.89279405915433,7.068104409108332,8.31585668548457,9.573413216254071,10.490585896864836,11.256560084702546,11.450237690921327,12.071929468999933,12.758929852987901,13.057390943870494,13.755604109787905,14.188600208294213,14.680043821639142,15.127871550045878,15.582884187367421,16.035683203808247,16.358387547242934,16.63362847534202,16.873019870866827,16.962954175413376,16.98130775964455,17.183280580753255,17.394006161115193,17.59290718966794,17.81642295024021,17.956199776398066,18.1301355047163,18.250233687045707,18.351088353310672,18.43604072279539,18.55305226711387,18.61732578901669,18.679983109632722,18.766503967401167,18.831340222026242,18.882535760305927,18.925931990006156,18.980197741615882,19.010937816033753,19.025790510156888,19.05599958099414,19.074886516888085,19.11132708153452,19.13945427076714,19.166327500592857,19.18929342580344,19.210052354892927,19.228278072780903,19.244520714325606,19.25888486220112,19.271638293685584,19.282938487268197,19.292961591803454,19.30184711327066,19.30802777105812,19.31284812539758,19.320120291116936,19.32568128262337,19.330948980849133,19.335486407441756,19.338718244731332,19.341616641796303,19.344850224200638],"times":[0.03089594841003418,0.031070947647094727,0.03127694129943848,0.03164505958557129,0.032269954681396484,0.03322410583496094,0.034304141998291016,0.034423112869262695,0.034503936767578125,0.03497505187988281,0.03509807586669922,0.03513908386230469,0.03620100021362305,0.0364530086517334,0.037802934646606445,0.03810310363769531,0.03827810287475586,0.038381099700927734,0.038494110107421875,0.03854703903198242,0.038613080978393555,0.038728952407836914,0.03879404067993164,0.03891491889953613,0.03905200958251953,0.03919100761413574,0.0393369197845459,0.03946805000305176,0.04091310501098633,0.041036128997802734,0.04119300842285156,0.041357994079589844,0.041441917419433594,0.04152798652648926,0.0416259765625,0.041749000549316406,0.04186105728149414,0.04344797134399414,0.0435941219329834,0.04520106315612793,0.04533505439758301,0.04548001289367676,0.0456390380859375,0.0473630428314209,0.047534942626953125,0.049410104751586914,0.05120706558227539,0.05208897590637207,0.05226397514343262,0.05318093299865723,0.05408501625061035,0.05421113967895508,0.05647611618041992,0.05660104751586914,0.05675911903381348,0.05897998809814453,0.05999612808227539,0.06098294258117676,0.06196403503417969,0.0629119873046875,0.0639030933380127,0.06485700607299805,0.06583094596862793,0.06681394577026367,0.06780314445495605,0.06875991821289062,0.06976199150085449,0.06991910934448242,0.07009005546569824,0.07228803634643555,0.07329511642456055,0.07434797286987305,0.07536911964416504,0.07549500465393066,0.07580208778381348,0.07592391967773438],"env":"Tiger","ubs":[45.06969896870544,45.06969896870544,38.62755784328028,38.62742408716211,37.32416166465641,36.05046913899906,35.563923363243994,34.90560175398528,34.829849509309895,34.230411961932504,32.555732006531585,32.294052148133765,32.294052148133765,31.055659666475485,31.055659666475485,30.493882292882045,30.493882292882045,29.095325148475766,29.01540596309333,28.45674523070671,27.74456607813656,27.295074807382484,27.09711845170878,26.630009941463815,26.501759360012052,26.433252133529376,26.354308859733113,26.22528794557062,26.094257345614253,25.472640306120773,25.03927548223619,24.920443568794127,24.757772827176467,24.420162002252514,24.199040022209488,23.855388567751554,23.546341531022932,23.47863441046426,22.85852709787401,22.81901121355461,22.34223509413093,22.17424152274362,22.146203546126962,21.915800974009795,21.580540537653107,21.578607917215102,21.369679978250623,21.116674916678505,20.94938673316531,20.94938673316531,20.771652156375325,20.628320001123328,20.628320001123328,20.508667407244747,20.508667407244747,20.477619469312806,20.31443174241125,20.232359358166573,20.134408374426936,20.056701146781332,19.98320162828926,19.9190737912429,19.861065375733475,19.80944342429494,19.7631652941767,19.721815494643394,19.684813757701733,19.651725260470222,19.651725260470222,19.6362011878006,19.59766162767928,19.57804125221562,19.5545000359553,19.535861898480295,19.535861898480295,19.518414055391084],"sim_r":null,"sim_rsigma":null,"solver":"ETIB-SARSOP","env_full":"Tiger","final_lw":19.344850224200638,"timeout":false,"runtime":0.07592391967773438,"final_ub":19.518414055391084}