{"env_full":"ABCModel","timeout":false,"ubs":[0.99,0.78408,0.78408,0.78408,0.5309055429551132,0.5099857462495653,0.4998370298991989],"runtime":0.48986196517944336,"solver":"SARSOP","final_ub":0.4998370298991989,"lbs":[0.495,0.495,0.495,0.495,0.495,0.495,0.495],"env":"ABC","times":[0.489699125289917,0.4897799491882324,0.4898209571838379,0.48984599113464355,0.489854097366333,0.48985910415649414,0.48986196517944336],"final_lw":0.495}