{"lbs":[0.008857506748021169,0.2547154508528647,0.33464195607744446,0.3680614683007489,0.37751366250489937,0.38157223692624004,0.3841540291582974],"times":[0.12176704406738281,0.12203097343444824,0.12218809127807617,0.122528076171875,0.122711181640625,0.12302398681640625,0.12315011024475098],"env":"FrozenLake4","ubs":[0.38625977298665337,0.38625977298665337,0.38625977298665337,0.38625977298665337,0.38625725850804654,0.386257002465662,0.38625695934864007],"sim_r":null,"sim_rsigma":null,"solver":"BIB-SARSOP","env_full":"Frozen Lake (4)","final_lw":0.3841540291582974,"timeout":false,"runtime":0.12315011024475098,"final_ub":0.38625695934864007}