{"lbs":[-19.999999999999982,-10.77798724525706,-7.964090794870497,-2.3801147957169526,0.8750254055571952,3.875001037597943,6.493587538494678,8.696777308670935,10.288639595753715,11.779996345025335,13.056839886144147,13.448780834121548,14.173769132049966,15.014506352427624,15.675270374782347,15.962333316120404,15.962333316120404,15.962333316120404,16.42461689655204,16.837414609466,16.99032565062901,17.342863956006365,17.562451843976124,17.861230264316262,18.115627860682935,18.16975747212914,18.319217774250767,18.368725995308377,18.478682186194554,18.547960054817302,18.625826667662288,18.816053899504666,18.863836231061576,18.90962429322019,18.9942522165638,19.023513191552638,19.05641114555717,19.083415528943046,19.109439556557376,19.13247726914644,19.15379169755579,19.206721451480675,19.221345327843103,19.227698538399878,19.24377616322922,19.250760941632855,19.263540288464817,19.289171562400206,19.296576577264716,19.303166095934905,19.3092458942036,19.320690968762023,19.325029831236364,19.334101009424955,19.340502170279073,19.34282962318236,19.343840764003655,19.347010851762576,19.348388067660522,19.35438666917367,19.355844854260585,19.359638184826288,19.36263497645828,19.363011890031046,19.365093215725857,19.3664750208131,19.367195615356348,19.36787874400434,19.368175523054607,19.368304456023438,19.368650177560646,19.369503571035604,19.369650083681996,19.36997229084008,19.370208074918764,19.370404712909846,19.370490140503037,19.370621416461667,19.370744133134096,19.370797446280314,19.370849143956022,19.370914584585925,19.371018019123824,19.371027390400887,19.371089754450267,19.371138057163872,19.371172258997383,19.371202689493785,19.37121590974717,19.371230157271675,19.37125096916926,19.371277009715264,19.371290477882816],"times":[2.707803964614868,2.741802930831909,2.741899013519287,2.741964101791382,2.742079973220825,2.7421810626983643,2.742302894592285,2.7424380779266357,2.7425570487976074,2.742669105529785,2.7427899837493896,2.7428970336914062,2.743242025375366,2.7434840202331543,2.7436320781707764,2.743762969970703,2.7437849044799805,2.7438130378723145,2.7439939975738525,2.744252920150757,2.744386911392212,2.744576930999756,2.744694948196411,2.7449259757995605,2.7451369762420654,2.745266914367676,2.745469093322754,2.7456440925598145,2.7457590103149414,2.7459700107574463,2.746090888977051,2.74631404876709,2.7464680671691895,2.746669054031372,2.7468669414520264,2.7470579147338867,2.7471868991851807,2.747407913208008,2.7475109100341797,2.74767804145813,2.747767925262451,2.747943878173828,2.748034954071045,2.748089075088501,2.74824595451355,2.748373031616211,2.748455047607422,2.748624086380005,2.7487170696258545,2.748836040496826,2.7489049434661865,2.7491018772125244,2.7491979598999023,2.7494540214538574,2.7496280670166016,2.7497189044952393,2.7497990131378174,2.749919891357422,2.750020980834961,2.7502219676971436,2.750309944152832,2.7504889965057373,2.7506699562072754,2.750760078430176,2.7509570121765137,2.7510879039764404,2.7516889572143555,2.7518069744110107,2.751878023147583,2.751952886581421,2.7520899772644043,2.75349497795105,2.7536160945892334,2.753882884979248,2.754086971282959,2.7543110847473145,2.7545108795166016,2.754762887954712,2.754995107650757,2.7551538944244385,2.75531005859375,2.7556259632110596,2.757373094558716,2.7575159072875977,2.7577199935913086,2.7578890323638916,2.7580599784851074,2.7582058906555176,2.7582778930664062,2.758466958999634,2.758620023727417,2.7587780952453613,2.7588798999786377],"env":"Tiger","ubs":[87.19801910939043,87.19801910939043,77.873767190011,75.0496721778378,69.19133866226107,65.2740943775002,63.764604771930074,60.62140816263094,58.23062030345652,55.03726453712072,53.362129781483006,49.72860214302258,47.66851859372707,47.272361220691806,45.1299774070168,43.393105671950465,43.198019109390444,43.198019109390444,42.10628659922424,41.079081672827016,40.03619067141514,39.815306463835,38.84272739844522,38.39793583152955,37.2569784500902,36.16786175839724,35.607067643297306,35.18693244967531,34.60289448933909,34.097846187198485,33.90532187428466,33.508838230636336,31.81164941452878,31.19967441378154,30.89778428111913,29.652292718954044,29.067632776145885,28.695242079569145,28.350515107986887,28.00448587137555,27.733672674843383,27.500482592632935,26.424707275677115,26.344683235327448,26.05241119692217,25.900633381782214,25.683458733389646,25.4000853548158,24.624949202956557,24.50143534469104,24.380423584086444,24.3380737415018,23.816576051790115,23.58454224822754,23.090000780617423,22.67626886924496,22.55711915887938,22.39715646356428,22.261568986274206,22.22361280954217,21.795340255117495,21.70913696870148,21.46449255978044,21.088842430391292,21.06988521514056,20.903171940046633,20.70131568306426,20.589971114578432,20.518577718849947,20.514498761976302,20.43426499239396,20.38078772514328,20.132967612202947,20.132967612202947,20.025624000454464,19.98470063725842,19.93097918120195,19.909383406704805,19.872645145651237,19.83503461118017,19.82840853190271,19.81158510125681,19.77466901621847,19.68928043903704,19.68928043903704,19.677500973028714,19.650121187000213,19.624672471528836,19.604920628527832,19.59834519129138,19.588686920829545,19.573916296226052,19.547744070281045],"sim_r":19.504533545985545,"sim_rsigma":30.108028004825385,"solver":"SARSOP","env_full":"Tiger","final_lw":19.371290477882816,"timeout":false,"runtime":2.7588798999786377,"final_ub":19.547744070281045}