{"lbs":[0.018288843441564832,0.384962728384392,0.5354084325256775,0.5713874393330893,0.5788824527632106,0.5942666011177133,0.6007146879450996,0.6042165383610044,0.6042165383610044,0.6083945640215483,0.6083945640215483,0.6083945640215483,0.6083945640215483,0.6083945640215483,0.6083945640215483,0.6085231551670992,0.6105873452304699],"times":[3.429893970489502,3.430208921432495,3.4308629035949707,3.435260057449341,3.435708999633789,3.436311960220337,3.437511920928955,3.438185930252075,3.438325881958008,3.4390969276428223,3.440185070037842,3.4405548572540283,3.4414708614349365,3.4429609775543213,3.443337917327881,3.4516348838806152,3.4562249183654785],"env":"FrozenLake4","ubs":[0.6258044575681563,0.6258044575681563,0.6258044575681563,0.622610233732056,0.6221282116880538,0.6215938493263498,0.6212329845256006,0.6195464129925656,0.6173538700875804,0.6164827605210047,0.6164461961855301,0.6163837770173953,0.616376221508809,0.6163587834110182,0.6163214491141717,0.6162339797058811,0.6162137102367448],"sim_r":null,"sim_rsigma":null,"solver":"BIB-SARSOP","env_full":"Frozen Lake (4)","final_lw":0.6105873452304699,"timeout":false,"runtime":3.4562249183654785,"final_ub":0.6162137102367448}