{"env_full":"Frozen Lake (4)","timeout":false,"ubs":[0.7049223846794803,0.7049223846794803,0.697078167241608,0.6966087656036071,0.6961637011341811,0.6961637011341358,0.6961636878866091,0.6937078571269666,0.6937021919066935,0.6914980373939048],"runtime":6.849822044372559,"solver":"BIB-SARSOP","final_ub":0.6914980373939048,"lbs":[0.0,0.470281909423828,0.5595431348576168,0.6179071772872179,0.6419723352538114,0.6637466625510077,0.669975752383499,0.6863130929368499,0.6863130929368499,0.687289708260539],"env":"FrozenLake4","times":[6.833243131637573,6.833953142166138,6.835167169570923,6.836410045623779,6.840440034866333,6.8424391746521,6.844659090042114,6.847792148590088,6.847990989685059,6.849822044372559],"final_lw":0.687289708260539}