{"env_full":"Tag","timeout":true,"ubs":[-4.694444251153265],"runtime":2.2925238609313965,"solver":"SARSOP","final_ub":-4.694444251153265,"lbs":[-19.999885736232503],"env":"Tag","times":[2.2925238609313965],"final_lw":-19.999885736232503}