{"lbs":[-19.999999999999982,-10.77798724525706,-7.964090794870497,-2.3801147957169526,0.8750254055571952,3.875001037597943,6.493587538494678,8.696777308670935,10.288639595753715,11.779996345025335,13.056839886144147,13.448780834121548,14.173769132049966,15.014506352427624,15.675270374782347,15.962333316120404,15.962333316120404,15.962333316120404,16.42461689655204,16.837414609466,16.99032565062901,17.342863956006365,17.562451843976124,17.861230264316262,18.115627860682935,18.16975747212914,18.319217774250767,18.368725995308377,18.478682186194554,18.547960054817302,18.625826667662288,18.816053899504666,18.863836231061576,18.90962429322019,18.9942522165638,19.023513191552638,19.05641114555717,19.083415528943046,19.109439556557376,19.13247726914644,19.15379169755579,19.206721451480675,19.221345327843103,19.227698538399878,19.24377616322922,19.250760941632855,19.263540288464817,19.289171562400206,19.296576577264716,19.303166095934905,19.3092458942036,19.320690968762023,19.325029831236364,19.334101009424955,19.340502170279073,19.34282962318236,19.343840764003655,19.347010851762576,19.348388067660522,19.35438666917367,19.355844854260585,19.359638184826288,19.36263497645828,19.363011890031046,19.365093215725857,19.3664750208131,19.367195615356348,19.36787874400434,19.368175523054607,19.368304456023438,19.368650177560646,19.369503571035604,19.369650083681996,19.36997229084008,19.370208074918764,19.370404712909846,19.370490140503037,19.370621416461667,19.370744133134096,19.370797446280314,19.370849143956022,19.370914584585925,19.371018019123824,19.371027390400887,19.371089754450267,19.371138057163872,19.371172258997383,19.371202689493785,19.37121590974717,19.371230157271675,19.37125096916926,19.371277009715264,19.371290477882816],"times":[0.0027098655700683594,0.030022859573364258,0.030108928680419922,0.030171871185302734,0.030270814895629883,0.030349016189575195,0.03045487403869629,0.030568838119506836,0.0306699275970459,0.030761003494262695,0.030872821807861328,0.030963897705078125,0.031242847442626953,0.031433820724487305,0.03155779838562012,0.03166794776916504,0.031687021255493164,0.03171086311340332,0.03186488151550293,0.03206992149353027,0.03218197822570801,0.03234100341796875,0.0324399471282959,0.03263592720031738,0.032814979553222656,0.032913923263549805,0.03308391571044922,0.03323197364807129,0.033329010009765625,0.033505916595458984,0.03360700607299805,0.033798933029174805,0.03390979766845703,0.03408002853393555,0.034245967864990234,0.03440594673156738,0.03451395034790039,0.03467297554016113,0.03476095199584961,0.03490185737609863,0.034976959228515625,0.035127878189086914,0.03520488739013672,0.03525185585021973,0.0353848934173584,0.035492897033691406,0.03554582595825195,0.035687923431396484,0.03576779365539551,0.03586888313293457,0.03592681884765625,0.036093950271606445,0.03617596626281738,0.03639388084411621,0.03652501106262207,0.036602020263671875,0.03666996955871582,0.03677201271057129,0.03685784339904785,0.03704190254211426,0.03711700439453125,0.037268877029418945,0.037405967712402344,0.037483930587768555,0.03765392303466797,0.03777289390563965,0.03826093673706055,0.0383608341217041,0.038420915603637695,0.03848385810852051,0.03859996795654297,0.03979992866516113,0.03990292549133301,0.04011893272399902,0.040292978286743164,0.04048299789428711,0.04065299034118652,0.040860891342163086,0.041049957275390625,0.04118490219116211,0.0413060188293457,0.041577816009521484,0.04307389259338379,0.04319596290588379,0.043370962142944336,0.04351687431335449,0.04364490509033203,0.04376983642578125,0.043831825256347656,0.043991804122924805,0.044119834899902344,0.044255971908569336,0.0443418025970459],"env":"Tiger","ubs":[87.19801910939043,87.19801910939043,77.873767190011,75.0496721778378,69.19133866226107,65.2740943775002,63.764604771930074,60.62140816263094,58.23062030345652,55.03726453712072,53.362129781483006,49.72860214302258,47.66851859372707,47.272361220691806,45.1299774070168,43.393105671950465,43.198019109390444,43.198019109390444,42.10628659922424,41.079081672827016,40.03619067141514,39.815306463835,38.84272739844522,38.39793583152955,37.2569784500902,36.16786175839724,35.607067643297306,35.18693244967531,34.60289448933909,34.097846187198485,33.90532187428466,33.508838230636336,31.81164941452878,31.19967441378154,30.89778428111913,29.652292718954044,29.067632776145885,28.695242079569145,28.350515107986887,28.00448587137555,27.733672674843383,27.500482592632935,26.424707275677115,26.344683235327448,26.05241119692217,25.900633381782214,25.683458733389646,25.4000853548158,24.624949202956557,24.50143534469104,24.380423584086444,24.3380737415018,23.816576051790115,23.58454224822754,23.090000780617423,22.67626886924496,22.55711915887938,22.39715646356428,22.261568986274206,22.22361280954217,21.795340255117495,21.70913696870148,21.46449255978044,21.088842430391292,21.06988521514056,20.903171940046633,20.70131568306426,20.589971114578432,20.518577718849947,20.514498761976302,20.43426499239396,20.38078772514328,20.132967612202947,20.132967612202947,20.025624000454464,19.98470063725842,19.93097918120195,19.909383406704805,19.872645145651237,19.83503461118017,19.82840853190271,19.81158510125681,19.77466901621847,19.68928043903704,19.68928043903704,19.677500973028714,19.650121187000213,19.624672471528836,19.604920628527832,19.59834519129138,19.588686920829545,19.573916296226052,19.547744070281045],"sim_r":null,"sim_rsigma":null,"solver":"SARSOP","env_full":"Tiger","final_lw":19.371290477882816,"timeout":false,"runtime":0.0443418025970459,"final_ub":19.547744070281045}