{"lbs":[0.008857506748021169,0.2547154508528647,0.33464195607744446,0.3680614683007489,0.37751366250489937,0.38157223692624004,0.3841540291582974],"times":[0.37516212463378906,0.3754899501800537,0.3756530284881592,0.3760221004486084,0.376223087310791,0.3765850067138672,0.37673401832580566],"env":"FrozenLake4","ubs":[0.3862560932071491,0.3862560932071491,0.3862560932071491,0.3862560932071491,0.3862560932071065,0.3862560932071015,0.38625609320710086],"sim_r":null,"sim_rsigma":null,"solver":"EBIB-SARSOP","env_full":"Frozen Lake (4)","final_lw":0.3841540291582974,"timeout":false,"runtime":0.37673401832580566,"final_ub":0.38625609320710086}