{"lbs":[0.475,0.475,0.475,0.475,0.475,0.475,0.475],"times":[0.010277032852172852,0.04300117492675781,0.043020009994506836,0.04302811622619629,0.04302811622619629,0.04303121566772461,0.043032169342041016],"env":"ABC","ubs":[0.9500000001382153,0.9500000001382153,0.9500000001382153,0.9500000001382153,0.4876749791864814,0.4876749791864814,0.475],"sim_r":null,"sim_rsigma":null,"solver":"SARSOP","env_full":"ABCModel","final_lw":0.475,"timeout":false,"runtime":0.043032169342041016,"final_ub":0.475}