{"lbs":[-19.999999999999982,-19.999999999999982,-19.999999999999982,-17.247290390624986,-13.330880592603144,-9.661907378317487,-5.970734672157295,-3.6684162431493346,-1.6477042603497967,0.8183451830414183,2.598313446654492,2.9760022651896842,4.290798284622773,5.89279405915433,7.068104409108332,8.31585668548457,9.573413216254071,10.490585896864836,11.256560084702546,11.450237690921327,12.071929468999933,12.758929852987901,13.057390943870494,13.755604109787905,14.188600208294213,14.680043821639142,15.127871550045878,15.582884187367421,16.035683203808247,16.358387547242934,16.63362847534202,16.873019870866827,16.962954175413376,16.98130775964455,17.183280580753255,17.394006161115193,17.59290718966794,17.81642295024021,17.956199776398066,18.1301355047163,18.250233687045707,18.351088353310672,18.43604072279539,18.55305226711387,18.61732578901669,18.679983109632722,18.766503967401167,18.831340222026242,18.882535760305927,18.925931990006156,18.980197741615882,19.010937816033753,19.025790510156888,19.05599958099414,19.074886516888085,19.11132708153452,19.13945427076714,19.166327500592857,19.18929342580344,19.210052354892927,19.228278072780903,19.244520714325606,19.25888486220112,19.271638293685584,19.282938487268197,19.292961591803454,19.30184711327066,19.30802777105812,19.31284812539758,19.320120291116936,19.32568128262337,19.330948980849133,19.335486407441756,19.338718244731332,19.341616641796303,19.344850224200638],"times":[0.006062984466552734,0.006234884262084961,0.006443977355957031,0.006762981414794922,0.0072629451751708984,0.007970809936523438,0.00874185562133789,0.008842945098876953,0.008903980255126953,0.009233951568603516,0.009335994720458984,0.009366989135742188,0.010124921798706055,0.010327816009521484,0.011287927627563477,0.011523008346557617,0.011668920516967773,0.01174783706665039,0.011832952499389648,0.011873006820678711,0.011921882629394531,0.012008905410766602,0.012056827545166016,0.012143850326538086,0.012242794036865234,0.01234292984008789,0.012448787689208984,0.01255178451538086,0.013599872589111328,0.013691902160644531,0.013808965682983398,0.01393580436706543,0.014001846313476562,0.014067888259887695,0.014143943786621094,0.01423788070678711,0.014322996139526367,0.015526771545410156,0.015639781951904297,0.016832828521728516,0.016927003860473633,0.017036914825439453,0.01715993881225586,0.01847696304321289,0.0186159610748291,0.020051002502441406,0.021526813507080078,0.022241830825805664,0.022380828857421875,0.023114919662475586,0.023842811584472656,0.023942947387695312,0.025662899017333984,0.025761842727661133,0.02588486671447754,0.027576923370361328,0.028386831283569336,0.029155969619750977,0.02995777130126953,0.03072190284729004,0.03151082992553711,0.03227591514587402,0.03307080268859863,0.03384280204772949,0.03463387489318848,0.03539586067199707,0.036209821701049805,0.03633284568786621,0.036476850509643555,0.038205862045288086,0.039016008377075195,0.039862871170043945,0.04067277908325195,0.04077291488647461,0.041008949279785156,0.041104793548583984],"env":"Tiger","ubs":[45.06961860347886,45.06961860347886,38.62748543450869,38.627351678555726,37.3240908656622,36.050399913096314,35.563858340665874,34.905541615311854,34.82978993262127,34.23035386600401,32.555679341677376,32.2940002786157,32.2940002786157,31.055613297289444,31.055613297289444,30.493837347125307,30.493837347125307,29.09527189140332,29.01535137828187,28.45669652417022,27.74451264955902,27.295026561007184,27.097070934689405,26.629957155191605,26.50170664764911,26.433198823344743,26.354254998890234,26.22523215131952,26.094201294944376,25.47259423361446,25.039221991490038,24.920390389474086,24.757727937483114,24.420119690326445,24.19899724669528,23.855342972927176,23.546293076562037,23.478585274540613,22.858485848199248,22.818970552802995,22.342201070271685,22.174207606414853,22.146169765947427,21.91576087282423,21.58050970349536,21.578577225465935,21.369650229720026,21.116649831429278,20.949363681755962,20.949363681755962,20.771631727402827,20.628301652623385,20.628301652623385,20.50864062665295,20.50864062665295,20.477583911376847,20.3144048156542,20.232333412802497,20.134385919139483,20.05668075906894,19.983183515185942,19.919057541006637,19.86105086094568,19.809430433803847,19.763153678335748,19.72180510378152,19.684804464333112,19.651716947991638,19.651716947991638,19.636191087689802,19.597653974158316,19.57803384972271,19.554493639675705,19.53585608677904,19.53585608677904,19.518407678104985],"sim_r":null,"sim_rsigma":null,"solver":"EBIB-SARSOP","env_full":"Tiger","final_lw":19.344850224200638,"timeout":false,"runtime":0.041104793548583984,"final_ub":19.518407678104985}