{"lbs":[0.5,0.5,0.5,0.5,0.5],"times":[0.29576706886291504,0.2957921028137207,0.2957949638366699,0.29579710960388184,0.29579710960388184],"env":"ABC","ubs":[0.950000000000003,0.950000000000003,0.6302494097246111,0.5133420832795064,0.5],"sim_r":null,"sim_rsigma":null,"solver":"CTIB-SARSOP","env_full":"ABCModel","final_lw":0.5,"timeout":false,"runtime":0.29579710960388184,"final_ub":0.5}