{"env_full":"Tiger","timeout":true,"ubs":[264.635588670248],"runtime":3.3232979774475098,"solver":"BIB-SARSOP","final_ub":264.635588670248,"lbs":[-99.99999999999991],"env":"Tiger","times":[3.3232979774475098],"final_lw":-99.99999999999991}