{"env_full":"ABCModel","timeout":false,"ubs":[0.6598033200000002,0.6598033200000002,0.6598033200000002,0.6598033200000002,0.5029962539040307,0.5029962539040307,0.495],"runtime":6.304363965988159,"solver":"BIB-SARSOP","final_ub":0.495,"lbs":[0.495,0.495,0.495,0.495,0.495,0.495,0.495],"env":"ABC","times":[6.304194927215576,6.304286003112793,6.304327011108398,6.304349899291992,6.3043529987335205,6.30436110496521,6.304363965988159],"final_lw":0.495}