{"lbs":[9.605960099999999,18.76926690427999,19.853952139149143,23.064728902885317,23.064728902885317,23.064728902885317,23.064728902885317,23.064728902885317,23.064728902885317,23.064728902885317,23.064728902885317,23.064728902885317,23.064728902885317,23.064728902885317,23.064728902885317,23.064728902885317,23.064728902885317,23.064728902885317],"times":[245.15892004966736,245.15924501419067,245.15962100028992,245.15994906425476,245.16017293930054,245.1604859828949,245.16072702407837,245.16095495224,245.16123509407043,245.16144609451294,245.1617910861969,245.16204500198364,245.16216611862183,245.1623251438141,245.1626319885254,245.16275215148926,245.16313910484314,245.16356015205383],"env":"RockSample5","ubs":[23.477955219957856,23.477955219957856,23.477955219956037,23.477955219955142,23.466067844330496,23.456032796545355,23.454299342462974,23.454299342462974,23.454299342462974,23.454299342462086,23.44585159312102,23.44253084059369,23.430326730586113,23.418319280461116,23.361430598624203,23.322204624540827,23.29772199518382,23.29267566775738],"sim_r":23.05179415220433,"sim_rsigma":8.002036075971585,"solver":"EBIB-SARSOP","env_full":"RockSample ()","final_lw":23.064728902885317,"timeout":false,"runtime":245.16356015205383,"final_ub":23.29267566775738}