{"lbs":[0.495,0.495,0.495,0.495,0.495,0.495,0.495,0.495],"times":[2.709768056869507,2.744683027267456,2.744753122329712,2.74479603767395,2.7448041439056396,2.7448129653930664,2.7448201179504395,2.7448229789733887],"env":"ABC","ubs":[0.9942312139587186,0.9942312139587186,0.9942312139587186,0.9942312139587186,0.5278428624696746,0.5173387895065281,0.5019733101193947,0.495],"sim_r":0.49470300000000217,"sim_rsigma":0.4950246627519412,"solver":"SARSOP","env_full":"ABCModel","final_lw":0.495,"timeout":false,"runtime":2.7448229789733887,"final_ub":0.495}