{"lbs":[0.5,0.5,0.5,0.5,0.5],"times":[0.005904197692871094,0.005925178527832031,0.00592803955078125,0.005930185317993164,0.005930185317993164],"env":"ABC","ubs":[0.9500000000000396,0.9500000000000396,0.6302494097246354,0.5133420832795261,0.5],"sim_r":null,"sim_rsigma":null,"solver":"EBIB-SARSOP","env_full":"ABCModel","final_lw":0.5,"timeout":false,"runtime":0.005930185317993164,"final_ub":0.5}