{"lbs":[0.008857506748021169,0.2547154508528647,0.31108465916001665,0.35881212692931364,0.36062156888096536,0.36821008825911433,0.374828421133826,0.3759326000769253,0.38081441945581057,0.38081441945581057,0.38229678412090295,0.38229678412090295,0.38229678412090295,0.38229678412090295,0.38229678412090295,0.38467230879927733,0.38467230879927733,0.38496644013357717,0.3855433701307945,0.3855433701307945,0.3855433701307945,0.3855433701307945,0.3861030190156812,0.3861030190156812,0.3862771698092195],"times":[2.7303531169891357,2.750417947769165,2.7505528926849365,2.7507081031799316,2.7507829666137695,2.7509140968322754,2.7510459423065186,2.751110076904297,2.7511489391326904,2.751244068145752,2.7514569759368896,2.7515079975128174,2.751595973968506,2.751771926879883,2.751821994781494,2.7520530223846436,2.7520790100097656,2.752268075942993,2.7524709701538086,2.7525761127471924,2.752819061279297,2.752916097640991,2.753148078918457,2.753180980682373,2.7534520626068115],"env":"FrozenLake4","ubs":[0.4353353349279467,0.4353353349279467,0.4279209255637829,0.41733652589600617,0.405855728840478,0.4040685681815493,0.40321119318154863,0.4031338150877985,0.403126831714827,0.39854342532434245,0.3974998792855641,0.3974998792855641,0.3961190396059214,0.39606112486458306,0.3956295214221697,0.3948453070860731,0.39289013977247894,0.3914641532427009,0.3904779528131598,0.3904199744776305,0.39016945416421916,0.39014684470593386,0.3901448042023228,0.3901090505130385,0.38974696174933693],"sim_r":0.38355367773581733,"sim_rsigma":0.2865353814017777,"solver":"SARSOP","env_full":"Frozen Lake (4)","final_lw":0.3862771698092195,"timeout":false,"runtime":2.7534520626068115,"final_ub":0.38974696174933693}