{"env_full":"RockSample ()","timeout":false,"ubs":[23.477955219957856,23.477955219957856,23.477955219956037,23.477955219955142,23.466067844330496,23.456032796545355,23.454299342462974,23.454299342462974,23.454299342462974,23.454299342462086,23.44585159312102,23.44253084059369,23.430326730586113,23.418319280461116,23.361430598624203,23.322204624540827,23.29772199518382,23.29267566775738],"runtime":207.15806913375854,"solver":"EBIB-SARSOP","final_ub":23.29267566775738,"lbs":[9.605960099999999,18.76926690427999,19.853952139149143,23.064728902885317,23.064728902885317,23.064728902885317,23.064728902885317,23.064728902885317,23.064728902885317,23.064728902885317,23.064728902885317,23.064728902885317,23.064728902885317,23.064728902885317,23.064728902885317,23.064728902885317,23.064728902885317,23.064728902885317],"env":"RockSample5","times":[207.15405416488647,207.15433502197266,207.15464401245117,207.15492820739746,207.15512108802795,207.1553921699524,207.15560221672058,207.15579915046692,207.15604901313782,207.15623712539673,207.15653705596924,207.15675616264343,207.15685606002808,207.156996011734,207.15726518630981,207.15737104415894,207.15770316123962,207.15806913375854],"final_lw":23.064728902885317}