{"lbs":[0.475],"times":[0.04592394828796387],"env":"ABC","ubs":[0.47500000000001097],"sim_r":null,"sim_rsigma":null,"solver":"EBIB-SARSOP","env_full":"ABCModel","final_lw":0.475,"timeout":false,"runtime":0.04592394828796387,"final_ub":0.47500000000001097}