{"lbs":[-19.999999999999982,-19.999999999999982,-19.999999999999982,-17.247290390624986,-13.451405269784455,-12.065111712316863,-9.61074349795994,-6.318127517466565,-4.0929006598394455,-1.9830393416877399,-1.48420616416109,0.11701398284355963,2.1564293033338027,3.738070388928033,5.100749472399691,6.807915811911625,7.94579535145139,8.411732111514823,9.357700145200461,10.278405333992323,10.678397359372173,11.644430509107796,11.801617318476863,12.289590050529018,13.00614421489782,13.529440009022904,14.130062400466489,14.618338470678243,15.02941972608593,15.420137365775531,15.589881103460069,16.011958995667023,16.134215802526576,16.322129104043917,16.640302409033833,16.94688132947356,17.176926787421685,17.377240136267872,17.592057278411566,17.763749149704026,17.937470072891955,18.054850626293053,18.190470217455612,18.300383837447484,18.345007207321643,18.427916705241472,18.515601039190088,18.547579586630693,18.615955302018513,18.702531943596803,18.76484215932706,18.82118218176164,18.8661221399286,18.925815906827673,18.974611150221644,19.011708617859256,19.050590509786772,19.083556082578784,19.11632011872375,19.14502892595943,19.170756683892968,19.188516054249988,19.204775910177013,19.22439386390932,19.24131803797797,19.255996941291517,19.266323672046898,19.270570404562687,19.279339050832654,19.289819708129713,19.29898194841254,19.30721635026171,19.31288803456541,19.317586246779165,19.32403684670254,19.3291848117497,19.333136290398024,19.33660882125475,19.34081510735345,19.344122067115833,19.347277615962867,19.349976623634348,19.351908822998144,19.35360551720055,19.35554226821369,19.35707241742466,19.358782814779815,19.360155126575616,19.36144931828895],"times":[0.003910064697265625,0.004147052764892578,0.004469156265258789,0.005037069320678711,0.005109071731567383,0.005977153778076172,0.007075071334838867,0.008378982543945312,0.008527994155883789,0.008638143539428711,0.008722066879272461,0.008877992630004883,0.009032964706420898,0.009104013442993164,0.009245157241821289,0.009382009506225586,0.009600162506103516,0.010253190994262695,0.011803150177001953,0.011914968490600586,0.012024164199829102,0.012292146682739258,0.012356996536254883,0.012534141540527344,0.012705087661743164,0.012883186340332031,0.013015985488891602,0.013187170028686523,0.013283014297485352,0.01346898078918457,0.013585090637207031,0.013839006423950195,0.013946056365966797,0.014137029647827148,0.01433706283569336,0.01614999771118164,0.016360044479370117,0.018407106399536133,0.01866602897644043,0.02090907096862793,0.021180152893066406,0.021422147750854492,0.021586179733276367,0.021828174591064453,0.02202010154724121,0.02213311195373535,0.022375106811523438,0.022505998611450195,0.0227200984954834,0.023815155029296875,0.02397298812866211,0.024195194244384766,0.026499032974243164,0.02675008773803711,0.027813196182250977,0.028017044067382812,0.028330087661743164,0.02861499786376953,0.02965998649597168,0.03000807762145996,0.03103804588317871,0.031211137771606445,0.0314481258392334,0.03182196617126465,0.03285098075866699,0.033286094665527344,0.03352808952331543,0.03373312950134277,0.034200191497802734,0.03523612022399902,0.03575301170349121,0.03678607940673828,0.03695106506347656,0.03953909873962402,0.04079914093017578,0.041409969329833984,0.04167008399963379,0.04444718360900879,0.04515719413757324,0.04634904861450195,0.047126054763793945,0.048307180404663086,0.04845619201660156,0.049250125885009766,0.04950714111328125,0.05073404312133789,0.0515291690826416,0.05263400077819824,0.053475141525268555],"env":"Tiger","ubs":[53.2845107314422,53.2845107314422,46.02907282528651,46.0289221829471,44.56112764106766,44.561127641053524,42.93577687334591,42.3969616179313,41.07714046170581,40.14617090524533,39.29333166049115,39.088071011496375,39.06445192519236,38.82552583959139,37.5426317693884,37.33166652521531,36.960918136494314,36.93803650098353,35.77039171409287,34.38238798390206,34.38238798390206,33.27113956845567,32.98355374812238,32.98355374812238,32.595748728876266,32.574533387826136,32.3133380237625,31.489631161756044,31.05950501519515,30.49475929827568,30.156539404278625,29.815569016085014,29.672430855587415,29.077877002939914,28.942354850668067,28.858345917377004,27.824656505603663,27.824656505603663,26.889149882985063,26.889149882985063,26.05727270161818,25.732797180758375,25.648948615692966,25.601963273530657,25.494757022657403,24.772651163026,24.431966291185077,24.354333659617332,24.052669171585745,23.969821743808204,23.553368457444158,23.232664645563766,23.152932151713816,22.978755915804015,22.743441557875922,22.301541287765023,22.301541287765023,21.98668066310906,21.760758017818716,21.487754560005357,21.273439475577696,21.068875752195723,21.004941883597,20.974121313736006,20.779046768656876,20.6408624355122,20.502640945918206,20.502636013308827,20.410155992042217,20.311417100171756,20.207767222760424,20.121247376558195,20.041364672331945,20.041364672331945,19.989261923864284,19.916514041090224,19.861995880854895,19.861995877393262,19.805074277577148,19.761356159710573,19.719350505364588,19.68295069833197,19.64992100925794,19.64992100925794,19.61991506274867,19.61991506274606,19.592369733538767,19.56956562110197,19.548429231093778],"sim_r":null,"sim_rsigma":null,"solver":"TIB-SARSOP","env_full":"Tiger","final_lw":19.36144931828895,"timeout":false,"runtime":0.053475141525268555,"final_ub":19.548429231093778}