{"lbs":[-19.999999999999982,-8.006233762554974,-5.632441144646656,-3.3852612129424022,4.139372539505089,6.029114345754689,8.181873733250184,10.12925624615982,11.74913531839086,13.672724636346942,14.490290161536997,15.266675384553288,16.081988204533722,16.71520907373786,17.018107339370573,17.483958754444572,17.751020735583637,18.005372681887295,18.11587357989441,18.232485589636813,18.33115273419786,18.42467881181766,18.566458983931355,18.81191793865562,18.921706059113674,19.036002559607795,19.064936346253738,19.124942904167682,19.162337782868164,19.184825189425695,19.21566620773561,19.222682983043438,19.23912995839441,19.270353974167705,19.274462325453797,19.29428402325765,19.319021408449935,19.323003003367543,19.332109360905804,19.338745106383634,19.342880369359165,19.34937407082026,19.349962105173333,19.356543668146365,19.357742414642544,19.358263199194166,19.35975527513048,19.361963532756945,19.36251893332297,19.36276022206556,19.3637840812162,19.365608163239493,19.366431227778417,19.367233921569557,19.368185923402773,19.36893477568708,19.369508626201885,19.369947252422634,19.370282434523876],"times":[0.006543159484863281,0.006919145584106445,0.007030010223388672,0.007146120071411133,0.007987022399902344,0.008128166198730469,0.008292198181152344,0.008513212203979492,0.008674144744873047,0.008877038955688477,0.009053230285644531,0.009267091751098633,0.009533166885375977,0.009699106216430664,0.009800195693969727,0.010032176971435547,0.010263204574584961,0.010514020919799805,0.010635137557983398,0.010755062103271484,0.010891199111938477,0.01102900505065918,0.011201143264770508,0.01143503189086914,0.011719226837158203,0.01195216178894043,0.012070178985595703,0.012369155883789062,0.01254415512084961,0.012672185897827148,0.01295018196105957,0.01307821273803711,0.01319122314453125,0.013376235961914062,0.013485193252563477,0.013711214065551758,0.015273094177246094,0.015403032302856445,0.015636205673217773,0.015929222106933594,0.016180038452148438,0.017918109893798828,0.018098115921020508,0.0202181339263916,0.020392179489135742,0.020533084869384766,0.02070903778076172,0.02101302146911621,0.02112603187561035,0.021213054656982422,0.02133917808532715,0.021680116653442383,0.021881103515625,0.022030115127563477,0.02380514144897461,0.024644136428833008,0.025535106658935547,0.026424169540405273,0.027312040328979492],"env":"Tiger","ubs":[51.15499778195801,51.15499778195801,42.71925846521041,42.5709325862918,42.55386491281199,38.88895566438599,37.34350983432813,36.343505757354194,35.02409484462595,34.255414624285024,31.781479027516305,30.500341039867532,30.27034984937213,28.969082230379872,28.195704537960232,27.71436647471016,26.70189676210666,26.180726960990665,25.68871621995697,25.628875031043524,25.406046548578622,25.248314946498304,25.14602510214144,24.735790606424473,24.110880454758565,23.560945490169864,23.116006119880694,22.865800709121572,22.497779133441984,22.231932942718135,22.14942512154554,21.992235322362397,21.865179542939124,21.719324101975293,21.358344044824815,21.308796133274875,21.13979741778957,20.65019969299648,20.65019969299648,20.598755721522476,20.5053715275654,20.413682850916373,20.193075051038413,20.193075051038413,19.999720354126474,19.999720354126474,19.98613095882485,19.97795146263286,19.894598097896306,19.873250179675196,19.868076283592494,19.86139243511181,19.799855719257835,19.78296030646771,19.754669140616077,19.68008733289092,19.621924864335554,19.574978947678282,19.536881791249193],"sim_r":null,"sim_rsigma":null,"solver":"BIB-SARSOP","env_full":"Tiger","final_lw":19.370282434523876,"timeout":false,"runtime":0.027312040328979492,"final_ub":19.536881791249193}