{"lbs":[9.605960099999999,18.76926690427999,19.853952139149143,23.064728902885317,23.064728902885317,23.064728902885317,23.064728902885317,23.064728902885317,23.064728902885317,23.064728902885317,23.064728902885317,23.064728902885317,23.064728902885317,23.064728902885317,23.064728902885317,23.064728902885317,23.064728902885317,23.064728902885317],"times":[189.67556595802307,189.6758348941803,189.6761178970337,189.67639899253845,189.67657780647278,189.6768319606781,189.6770269870758,189.67720985412598,189.67743587493896,189.67760801315308,189.67788887023926,189.67809295654297,189.67818689346313,189.67831897735596,189.67857193946838,189.6786708831787,189.67898201942444,189.6793248653412],"env":"RockSample5","ubs":[23.477955219957856,23.477955219957856,23.477955219956037,23.477955219955142,23.466067844330496,23.456032796545355,23.454299342462974,23.454299342462974,23.454299342462974,23.454299342462086,23.44585159312102,23.44253084059369,23.430326730586113,23.418319280461116,23.361430598624203,23.322204624540827,23.29772199518382,23.29267566775738],"sim_r":null,"sim_rsigma":null,"solver":"BIB-SARSOP","env_full":"RockSample ()","final_lw":23.064728902885317,"timeout":false,"runtime":189.6793248653412,"final_ub":23.29267566775738}