{"env_full":"RockSample (10)","timeout":true,"ubs":[26.464515784397406],"runtime":3608.4055960178375,"solver":"BIB-SARSOP","final_ub":26.464515784397406,"lbs":[9.135172474836407],"env":"RockSample10","times":[3608.4055960178375],"final_lw":9.135172474836407}