{"env_full":"Frozen Lake (4)","timeout":false,"ubs":[0.7049572776185682,0.7049572776185682,0.6971022078223212,0.6966264926265999,0.6961756878647236,0.6961756878646781,0.6961756744462897,0.6937526179128171,0.6937148498616897,0.6914911301972848],"runtime":2.2909679412841797,"solver":"BIB-SARSOP","final_ub":0.6914911301972848,"lbs":[0.0,0.470281909423828,0.5595431348576168,0.6179071772872179,0.6419723352538114,0.6637466625510077,0.669975752383499,0.669975752383499,0.6863346309377137,0.6873125337623651],"env":"FrozenLake4","times":[2.277817964553833,2.278209924697876,2.2788729667663574,2.279444932937622,2.2815029621124268,2.28250789642334,2.283806800842285,2.2878949642181396,2.2898449897766113,2.2909679412841797],"final_lw":0.6873125337623651}