{"env_full":"Tiger","timeout":false,"ubs":[220.59741076627353,220.59741076627353,210.55442233991803,209.65894951072318,209.2213218671244,205.03880812455893,203.99337316258146,203.57080133820378,202.48131540537437,201.2371935051897,198.94610660290488,195.24178561919553,193.9240841434767,193.6380441846648,190.4099676072019,187.55222240475052,186.75443962470598,186.06319843343215,184.57913312954975,182.96216408076623,180.9509036799664,177.23120303174068,174.18681992123055,173.40928194730645,172.91464678269546,171.1727116191278,171.1727116191278,168.33810936658566,166.02420017384424,165.23045070729165,163.4713444449282,161.3182942150725,159.4053109285589,157.3243519599866,154.8313046323559,153.29086324485849,151.62124461095638,148.56426395516107,146.80362921113868,145.08718177091112,143.5509593134562,142.3169647810687,139.84735079280495,138.56990150479635,137.38062731608125,136.23288051392973,135.14843070210435,134.16896939417495,133.111048584204,132.44040230931557,131.3820711435088,129.7480853483171,129.18356025697187,129.18356025697187,127.90552699863554,126.63070766704655,124.98865293798198,123.10562145110518,122.60979532367907,122.60979532367907,122.37619477719679,121.65945274611678,120.26674228604176,119.64960678647557,118.01425707625336,117.09548690298936,116.24675602196439,116.18205605247249,115.89800838618879,115.45733814636546,114.9903590665183,114.12414520601968,114.09918146980246,113.7508801589753,113.66745058278099,113.60037583886647,112.81140323509723,112.70547869745968,112.47450730065978,112.22097078841803,111.96964731313614,111.1564011840787,110.94318456890096,110.77278804562079,110.74396123410853,110.12895300288048,109.96837993442495,109.45265742293114,109.36107217964245,109.32324726219332,109.136607714326,109.11061512996997,108.66113385676022,108.36645661457393,108.35240206200606,108.14024471741979,108.09213028917162,107.79991534693669,107.58779938553636,107.52165979895045,107.50232762538062,107.49091465473981,107.28127580718852,107.26761003659266,107.22583142796411,107.17520054094561,107.14571738031424,107.08923683114543],"runtime":6.412980079650879,"solver":"EBIB-SARSOP","final_ub":107.08923683114543,"lbs":[-99.99999999999991,-67.73861952549163,-64.36705941892,-61.082230909623505,-43.17050757275619,-38.819880276636795,-34.65505807966653,-29.825742861057684,-25.096176021909912,-18.83686847417811,-11.604786436317333,-6.609387434817862,-3.986361519684344,1.8713683568495432,7.610316181416479,11.953423573165134,15.436169259298655,18.756131952663644,22.73507125101323,26.295804166944244,31.02648385681815,35.45779826272652,38.49248695878153,40.99093781512684,45.70361217983815,47.78363167963563,49.64925742381733,54.5236189639683,55.92331843927495,58.44444827893198,60.91934323947954,63.21529186638429,65.4258997948954,67.57320433165762,69.49295811704064,71.29357293733165,75.41664469129219,76.99736485551522,78.49717250573676,79.91966945382589,81.23015093796775,84.16328369612597,85.26015661203044,86.30377832849123,87.32433143384597,88.26368277340748,89.1568485752762,90.42979645969776,91.13251845230904,92.21098283710577,93.81780554216547,94.37362936284607,94.44601432865225,95.73615705873456,96.88283142384533,98.2962185512068,99.74354074828844,100.01360577162781,100.0473538396231,100.30386787857881,100.7758948678024,101.76416347378252,102.12909105245325,103.10133408847078,103.56642505880758,103.9583252469047,104.00378700799024,104.11539707409773,104.31168904094437,104.52622880876001,104.80133714304787,104.82785207748155,104.9400163345685,104.96100055427192,104.98166897609475,105.23023020512038,105.25855649959212,105.31205468335867,105.38746475817106,105.44815859717542,105.61162165172948,105.65124693459313,105.6808710222011,105.69682910209654,105.78658414917116,105.81377122747641,105.88695078099943,105.8968566460652,105.90304174925598,105.92130119705291,105.92786465936517,105.97229526159984,105.99465292918208,105.99630900117832,106.01398715986429,106.01863328391042,106.03937915958147,106.05064844685641,106.05423613599322,106.05580993957938,106.05657543627055,106.06724012593571,106.06827633388022,106.07025163863798,106.07251496838407,106.0738490136858,106.07604456769475,106.07702491633216],"env":"Tiger","times":[4.2435691356658936,4.244013071060181,4.244826078414917,4.246061086654663,4.247637033462524,4.249645948410034,4.252100944519043,4.254826068878174,4.2579569816589355,4.261276960372925,4.265000104904175,4.269320964813232,4.274538040161133,4.279482126235962,4.284391164779663,4.290889024734497,4.298242092132568,4.305912017822266,4.313535928726196,4.320949077606201,4.328370094299316,4.335945129394531,4.3472981452941895,4.360054016113281,4.3718421459198,4.386768102645874,4.403417110443115,4.416801929473877,4.435743093490601,4.456396102905273,4.4739649295806885,4.490545988082886,4.5102150440216064,4.528402090072632,4.563336133956909,4.589224100112915,4.608772039413452,4.636629104614258,4.686398029327393,4.726766109466553,4.787467002868652,4.813331127166748,4.884230136871338,4.9637291431427,5.049407958984375,5.143337965011597,5.239943981170654,5.3403480052948,5.446287155151367,5.5523459911346436,5.577432155609131,5.691822052001953,5.6933159828186035,5.717653036117554,5.739552974700928,5.757817029953003,5.785340070724487,5.798227071762085,5.799345016479492,5.814732074737549,5.828405141830444,5.85087513923645,5.86355996131897,5.891706943511963,5.9104509353637695,5.930642127990723,5.932918071746826,5.940400123596191,5.955618143081665,5.968881130218506,5.990121126174927,5.992443084716797,6.005373954772949,6.008835077285767,6.0101940631866455,6.034343957901001,6.036764144897461,6.047465085983276,6.057712078094482,6.067775011062622,6.0940070152282715,6.1025049686431885,6.109425067901611,6.112271070480347,6.13747501373291,6.14425802230835,6.174481153488159,6.17765212059021,6.1867711544036865,6.196944952011108,6.199748992919922,6.229182004928589,6.251707077026367,6.254313945770264,6.2730700969696045,6.276885032653809,6.3073410987854,6.331279039382935,6.3402299880981445,6.348114967346191,6.35080099105835,6.382774114608765,6.3855531215667725,6.39056396484375,6.3964879512786865,6.400608062744141,6.40918493270874,6.412980079650879],"final_lw":106.07702491633216}