{"env_full":"Frozen Lake (4)","timeout":false,"ubs":[0.3862597239138329,0.3862597239138329,0.3862597239138329,0.3862597239138329,0.3862572135137407,0.38625695748520256,0.38625691443811705],"runtime":4.912308931350708,"solver":"EBIB-SARSOP","final_ub":0.38625691443811705,"lbs":[0.008857506748021169,0.2547154508528647,0.33464195607744446,0.3680614683007489,0.37751366250489937,0.38157223692624004,0.3841540291582974],"env":"FrozenLake4","times":[4.9107818603515625,4.911042928695679,4.911198854446411,4.9115729331970215,4.911803960800171,4.912163972854614,4.912308931350708],"final_lw":0.3841540291582974}