{"lbs":[0.475,0.475,0.475,0.475,0.475],"times":[0.020146846771240234,0.02017498016357422,0.020180940628051758,0.02018594741821289,0.020187854766845703],"env":"ABC","ubs":[0.5830150000000109,0.5830150000000109,0.5830150000000109,0.5830150000000109,0.475],"sim_r":null,"sim_rsigma":null,"solver":"BIB-SARSOP","env_full":"ABCModel","final_lw":0.475,"timeout":false,"runtime":0.020187854766845703,"final_ub":0.475}