{"env_full":"ABCModel","timeout":false,"ubs":[0.475],"runtime":3.6822118759155273,"solver":"EBIB-SARSOP","final_ub":0.475,"lbs":[0.475],"env":"ABC","times":[3.6822118759155273],"final_lw":0.475}