{"env_full":"Frozen Lake (10)","timeout":false,"ubs":[0.5193082878723654,0.5193082878723654,0.5193082878723654,0.5172834534322449,0.5152586189921243,0.511924843553953,0.5116894949806374,0.511197684012143,0.5111976328780851,0.5111976328780851,0.5111976327308196,0.510428417129996,0.5102457283924042,0.5096655776146675,0.5092145661561862,0.5090781996719135,0.5087225304893516,0.5085515973878663,0.5084358234297216,0.5084009481197675,0.508161623989979,0.5078552054773438,0.5077413299781732,0.5077357635399562,0.507505961852937,0.5045482267421139,0.5043307953565846,0.5038858573282756,0.5038602997568696,0.503240575942594,0.5031248061280484,0.5028233818885042,0.502244576419342,0.5015494995796094,0.5014623721139019,0.5013390084639529,0.5012161872522544,0.5005353965125422,0.5003529047128111,0.500263670626256,0.5001693070539106,0.4996067241103984,0.49955886534447025,0.49912843889562897,0.49912843889562897,0.49912843889562897,0.49838484936096783,0.49777359953277733,0.49720631963833406,0.49636199972691497,0.49630404848001297,0.4962652933658147,0.4962652933658147,0.49625504372559615,0.4962523774049278,0.4962520736423426,0.49625205774336456,0.4962082397417995,0.495509699653647,0.4953873030253892,0.4953276417556041,0.4953201511962679,0.4953088819971086,0.4953086652116739,0.49530866402553836,0.49530866402246027,0.4952849527103171,0.49526355521377013,0.49526349976245615,0.49526349961916755,0.49526349961916755,0.49524797147335514,0.4948593014461547,0.4946427102851021,0.4945135074989399,0.49449383330986213,0.4939043112729223,0.4937590781483281,0.49375603693356174,0.49375331243792087,0.49374451224323634,0.49373186171130273,0.49372237118046874,0.4937119503693199,0.49352687097951975,0.4935049550142275,0.4934829696767996,0.4934727781630346,0.49346857340138817,0.49342863475237925,0.4933428734787471,0.4933428734787471,0.4933428734787471,0.49332873931495225,0.4933079450639306,0.4932400758329858,0.4931998317944993,0.49319537968868193],"runtime":6.238511085510254,"solver":"SARSOP","final_ub":0.49319537968868193,"lbs":[0.0,0.2458904902395387,0.3069126355525853,0.3573297485386304,0.3687302414420745,0.3827680420839791,0.39568737118045516,0.399435794485184,0.4011094346808031,0.40112422064598285,0.40419861399670987,0.4056918768020055,0.40573709502560756,0.4099088300236137,0.41159838995575193,0.41497036576094676,0.4181625088192814,0.42030692681500786,0.42030692681500786,0.42512512084989357,0.4260554191291235,0.42946298010439043,0.4406714792360779,0.44226710751577625,0.44718192085886377,0.4511054791442137,0.4511194876453951,0.459974801187796,0.4605746254911242,0.4618159812593139,0.4618159812593139,0.4645515931791953,0.4645515931791953,0.4662417797621563,0.4701868133938148,0.4701868133938148,0.4710008222720261,0.4710008222720261,0.47119414938060133,0.47180384842626916,0.4743804622323257,0.4743804622323257,0.4743804622323257,0.47508072864750067,0.47700736931829746,0.4781737896105068,0.4781737896105068,0.47853687981232834,0.478813904631728,0.4788207582410607,0.4788262945652621,0.4788269252951558,0.4788269583076503,0.4788269591162991,0.47912346693165103,0.4793146685331318,0.47968135276611906,0.48243485839212225,0.4830445510510942,0.48304510560055297,0.48304510560055297,0.48304510704055176,0.4832256392881455,0.48327518704710587,0.48327521602782864,0.4833601722887865,0.48347289005473815,0.48354281486615325,0.4840371149814421,0.484215176340923,0.4848409271350974,0.4854382034170354,0.48563307349819484,0.48563307349819484,0.4856953581496977,0.48583131853709666,0.48594002311113904,0.4860109673425976,0.48604329467079277,0.4860536893663353,0.48634356464447004,0.4864295498802818,0.4866078768724712,0.4866078768724712,0.48664749805617535,0.4866477142486867,0.48664790026062144,0.4866541254981614,0.48669661632854844,0.4872209883733246,0.4872209883733246,0.4872209883733246,0.4872209883733246,0.487345526733959,0.4873506372140769,0.48737289701694964,0.48778112401916507,0.48833598052610805],"env":"FrozenLake10","times":[3.5548150539398193,3.562047004699707,3.5661001205444336,3.64178204536438,3.651163101196289,3.6605241298675537,3.672701120376587,3.6830949783325195,3.7014851570129395,3.7238831520080566,3.74236798286438,3.7645950317382812,3.7954599857330322,3.821593999862671,3.8351850509643555,3.863551139831543,3.883661985397339,3.9034481048583984,3.911760091781616,4.117694139480591,4.129094123840332,4.14717698097229,4.169648170471191,4.197688102722168,4.2049291133880615,4.24349308013916,4.253077983856201,4.285361051559448,4.327267169952393,4.333112001419067,4.3440141677856445,4.384907007217407,4.396744012832642,4.465543031692505,4.4851319789886475,4.489189147949219,4.506595134735107,4.510656118392944,4.524808168411255,4.596197128295898,4.613824129104614,4.6171040534973145,4.634191036224365,4.637566089630127,4.677950143814087,4.750131130218506,4.756352186203003,4.76492714881897,4.780623197555542,4.787990093231201,4.798688173294067,4.8106369972229,4.824071168899536,4.839215993881226,4.910693168640137,4.93942403793335,4.963083982467651,4.985445022583008,5.003111124038696,5.022778034210205,5.031787157058716,5.091565132141113,5.12897515296936,5.170629978179932,5.20474910736084,5.236087083816528,5.309337139129639,5.334318161010742,5.357795000076294,5.385207176208496,5.39631199836731,5.4282732009887695,5.466179132461548,5.531213998794556,5.555584192276001,5.559144973754883,5.579647064208984,5.6078619956970215,5.634702205657959,5.67289400100708,5.6871490478515625,5.782412052154541,5.832769155502319,5.841462135314941,5.872788190841675,5.9018731117248535,5.934007167816162,5.957208156585693,6.03173303604126,6.036415100097656,6.039121150970459,6.041903972625732,6.1282031536102295,6.142125129699707,6.16355299949646,6.193039178848267,6.22534704208374,6.238511085510254],"final_lw":0.48833598052610805}