{"lbs":[-19.999999999999982,-19.999999999999982,-19.999999999999982,-17.247290390624986,-13.451405269784455,-12.065111712316863,-9.61074349795994,-6.318127517466565,-4.0929006598394455,-1.9830393416877399,-1.48420616416109,0.11701398284355963,2.1564293033338027,3.738070388928033,5.100749472399691,6.807915811911625,7.94579535145139,8.411732111514823,9.357700145200461,10.278405333992323,10.678397359372173,11.644430509107796,11.801617318476863,12.289590050529018,13.00614421489782,13.529440009022904,14.130062400466489,14.618338470678243,15.02941972608593,15.420137365775531,15.589881103460069,16.011958995667023,16.134215802526576,16.322129104043917,16.640302409033833,16.94688132947356,17.176926787421685,17.377240136267872,17.592057278411566,17.763749149704026,17.937470072891955,18.054850626293053,18.190470217455612,18.300383837447484,18.345007207321643,18.427916705241472,18.515601039190088,18.547579586630693,18.615955302018513,18.702531943596803,18.76484215932706,18.82118218176164,18.8661221399286,18.925815906827673,18.974611150221644,19.011708617859256,19.050590509786772,19.083556082578784,19.11632011872375,19.14502892595943,19.170756683892968,19.188516054249988,19.204775910177013,19.22439386390932,19.24131803797797,19.255996941291517,19.266323672046898,19.270570404562687,19.279339050832654,19.289819708129713,19.29898194841254,19.30721635026171,19.31288803456541,19.317586246779165,19.32403684670254,19.3291848117497,19.333136290398024,19.33660882125475,19.34081510735345,19.344122067115833,19.347277615962867,19.349976623634348,19.351908822998144,19.35360551720055,19.35554226821369,19.35707241742466,19.358782814779815,19.360155126575616,19.36144931828895],"times":[0.005185842514038086,0.00538182258605957,0.00564885139465332,0.006072998046875,0.006126880645751953,0.0067539215087890625,0.007553815841674805,0.008500814437866211,0.008615970611572266,0.008694887161254883,0.008756875991821289,0.008870840072631836,0.008981943130493164,0.009034872055053711,0.009137868881225586,0.009235858917236328,0.009395837783813477,0.009858846664428711,0.01096796989440918,0.011050939559936523,0.011127948760986328,0.011322975158691406,0.01137089729309082,0.011497974395751953,0.011627912521362305,0.01175689697265625,0.011850833892822266,0.011976003646850586,0.012044906616210938,0.01217794418334961,0.012260913848876953,0.01244497299194336,0.012523889541625977,0.012657880783081055,0.012802839279174805,0.01409292221069336,0.014243841171264648,0.015698909759521484,0.015887975692749023,0.017470836639404297,0.01766681671142578,0.017841815948486328,0.0179598331451416,0.01813483238220215,0.01827096939086914,0.01835179328918457,0.01852583885192871,0.018620967864990234,0.018773794174194336,0.019577980041503906,0.019690990447998047,0.019850969314575195,0.021481990814208984,0.021663904190063477,0.02244400978088379,0.022588014602661133,0.022813796997070312,0.02301788330078125,0.02377486228942871,0.024025917053222656,0.024765968322753906,0.02489185333251953,0.025061845779418945,0.025331974029541016,0.026072978973388672,0.02638387680053711,0.02655792236328125,0.02670598030090332,0.02704000473022461,0.0277860164642334,0.02815985679626465,0.02890181541442871,0.029018878936767578,0.030846834182739258,0.03179287910461426,0.032234907150268555,0.03242182731628418,0.034379005432128906,0.03489089012145996,0.035756826400756836,0.03630781173706055,0.03715682029724121,0.03726482391357422,0.03783392906188965,0.03801894187927246,0.038899898529052734,0.03947281837463379,0.04027080535888672,0.04087686538696289],"env":"Tiger","ubs":[53.28451467325154,53.28451467325154,46.02907637684214,46.02892573449462,44.56113111366581,44.56113111365167,42.9357802585201,42.39696481723675,41.07714341273376,40.14617375617024,39.29333442949662,39.08807375955675,39.06445467084261,38.82552856223905,37.54263456442675,37.331669327706315,36.960920961437026,36.93803932745254,35.77039462730117,34.38239066133201,34.38239066133201,33.27114219295599,32.98355633940143,32.98355633940143,32.595751212513946,32.57453586916263,32.313340663148054,31.489633894053583,31.05950779752755,30.49476196529072,30.156541856042267,29.815571661914944,29.672433485710172,29.077879577231982,28.94235743230471,28.858348493434413,27.824658872227033,27.824658872227033,26.889151945952918,26.889151945952918,26.057274563150287,25.732799136267694,25.6489505635806,25.601965231355116,25.494759169705873,24.772653140716688,24.43196819319335,24.35433555699436,24.05267107173215,23.969823635031688,23.55337001683868,23.23266643161967,23.152933925749696,22.978757859565636,22.743443337346047,22.301542841584556,22.301542841584556,21.98668224980862,21.76075965654189,21.487755937524863,21.273440743831756,21.068876871904045,21.004943183894625,20.974122617778864,20.779047886481944,20.640863454916918,20.50264184980447,20.502636917191268,20.410157163010037,20.311418362835184,20.207768265245164,20.12124834404318,20.04136552353446,20.04136552353446,19.989262757939464,19.916514757763764,19.861996533710972,19.861996530249336,19.805074901442154,19.761356701601905,19.719350996549537,19.682951135039197,19.64992140092035,19.64992140092035,19.61991547255215,19.619915472549543,19.592370129326227,19.569565963304953,19.54842954193203],"sim_r":null,"sim_rsigma":null,"solver":"BIB-SARSOP","env_full":"Tiger","final_lw":19.36144931828895,"timeout":false,"runtime":0.04087686538696289,"final_ub":19.54842954193203}