{"env_full":"Frozen Lake (10)","timeout":false,"ubs":[0.5005187984723732,0.5005187984723732,0.5001182438315633,0.5001182438315633,0.49989072736327145,0.4962714966508054,0.49627101436879295,0.49627101232234916,0.4962710120351027,0.4962710118205622,0.4961418682677885,0.4961066877841358,0.49606995508477914,0.4960670209676349,0.49603546419326094,0.4959226656454201,0.4958717309920113,0.49586721747032936,0.49585556760301663,0.4957976400743831,0.49566150498225214,0.4956264359623809,0.49562643596238076,0.4953508207152214,0.4953508207152214,0.49449299896397647,0.4943599545329177,0.49430894425112604,0.494211847825357,0.49361375493925513,0.4935070705583176,0.49348588597678167,0.49331823511481887,0.4933127993781916,0.49317651782872657,0.4930423326031772,0.49295507998748544,0.4927564001927345,0.4925494464513832,0.49251575383556534,0.4925108952193974,0.492505455725664,0.49250164468036706,0.49250065328275444,0.49250054033703666,0.49250053458734955,0.4925005342864101,0.4925005342791332,0.49250053427895496,0.4925005342789529,0.49233521078475484,0.4922199225474033,0.49218445326914045,0.4917006745704785,0.49168604249056513,0.49167287616841704,0.4916728043361216,0.4916728039430932,0.4916728039420747,0.491672803942072,0.491672803942072,0.491672803942072,0.491672803942072,0.4916705553156434,0.4916664906209187,0.49165154374950093,0.4916106944403523,0.49143373780937294,0.49139489719436336,0.49138148050565533,0.4910571040434112,0.4910528530799695,0.4910528520928913,0.4910420821486188,0.4910321396515509,0.4910231253346147,0.49100773065333103,0.49099010987225356,0.49097374955482176,0.4908194617194005],"runtime":12.57894492149353,"solver":"EBIB-SARSOP","final_ub":0.4908194617194005,"lbs":[0.0,0.19511463331080095,0.29582229048172387,0.3313740253162465,0.36763986116641684,0.3862224896040611,0.39431329060753406,0.39615331579697866,0.39615784855809205,0.39660246993387294,0.4028583491388048,0.408452868499488,0.41363745970196797,0.41938910498450116,0.42838736893176677,0.430959880871257,0.43512066201654864,0.43955850288088477,0.44367847382401976,0.44367847382401976,0.45397098149720666,0.45930873990619253,0.45930873990619253,0.45930873990619253,0.45930873990619253,0.4598233242167601,0.4598233242167601,0.4647263303259702,0.4683701538396425,0.4689523858151113,0.47331276244865184,0.47331276244865184,0.47373395066920987,0.47373395066920987,0.47472084836039186,0.4759570238683129,0.4769276100289937,0.4771610477797177,0.47716298189186135,0.47716348502788125,0.47716354234803027,0.4771635453481752,0.47716354542072065,0.47716354542249767,0.4771635454225181,0.4771635454225183,0.4771635454225183,0.4774235033316596,0.4780353789511949,0.4782658931643565,0.47970480115891795,0.4804490888292977,0.4819666157173639,0.482152887632283,0.48215296445726635,0.48215296455183454,0.482152964551951,0.4821529645519511,0.4821529645519511,0.4821529645519511,0.4823792246189409,0.4825014615529586,0.4826298010155191,0.482742505465195,0.4837086703956273,0.4837086703956273,0.48379527401429245,0.4838332644225961,0.4843512803218695,0.4851411720689661,0.48541640851872264,0.48547093791266505,0.4854809574188768,0.4855079751847648,0.48551274268740024,0.4855806270933949,0.48571414061516976,0.4857601787368053,0.4859354152544918,0.4859770339274422],"env":"FrozenLake10","times":[10.721356868743896,10.742174863815308,10.745358943939209,10.75224494934082,10.758566856384277,10.768563985824585,10.781735897064209,10.794094800949097,10.802214860916138,10.810839891433716,10.825445890426636,10.834341764450073,10.850674867630005,10.857676982879639,10.868129968643188,10.874586820602417,10.882885932922363,10.90693998336792,10.978764772415161,10.982244968414307,10.996742963790894,11.000664949417114,11.02464485168457,11.046442985534668,11.059823989868164,11.088789939880371,11.1038978099823,11.129982948303223,11.176161766052246,11.184780836105347,11.217627763748169,11.253990888595581,11.283771991729736,11.30716586112976,11.352175951004028,11.361118793487549,11.37517499923706,11.379247903823853,11.38414478302002,11.389927864074707,11.39667797088623,11.404075860977173,11.411809921264648,11.449094772338867,11.457803964614868,11.467520952224731,11.477334976196289,11.502080917358398,11.520845890045166,11.728076934814453,11.733150959014893,11.74442195892334,11.757858991622925,11.769742965698242,11.782610893249512,11.795801877975464,11.809886932373047,11.86350679397583,11.87890076637268,11.894682884216309,11.926130771636963,11.956255912780762,12.038390874862671,12.060296773910522,12.06815791130066,12.09048080444336,12.12205982208252,12.141763925552368,12.155220985412598,12.241126775741577,12.262630939483643,12.289882898330688,12.317058801651001,12.355414867401123,12.377681970596313,12.472339868545532,12.502103805541992,12.534405946731567,12.555917978286743,12.57894492149353],"final_lw":0.4859770339274422}