{"env_full":"RockSample ()","timeout":false,"ubs":[23.47795521977625,23.47795521977625,23.47795521977625,23.47795521977625,23.466067844152498,23.456032796363747,23.454299342284987,23.454299342284987,23.454299342284987,23.454299342284987,23.44585159293942,23.442530840417476,23.43032673040451,23.41831928027951,23.36143059844796,23.322204624360626,23.297717945541415,23.291454049459187],"runtime":14.868414878845215,"solver":"EBIB-SARSOP","final_ub":23.291454049459187,"lbs":[9.605960099999999,18.76926690427999,19.853952139149143,23.064728902885317,23.064728902885317,23.064728902885317,23.064728902885317,23.064728902885317,23.064728902885317,23.064728902885317,23.064728902885317,23.064728902885317,23.064728902885317,23.064728902885317,23.064728902885317,23.064728902885317,23.064728902885317,23.064728902885317],"env":"RockSample5","times":[14.861634016036987,14.862051010131836,14.862617015838623,14.86310887336731,14.863451957702637,14.86395788192749,14.864341020584106,14.86470890045166,14.865084886550903,14.865409851074219,14.865938901901245,14.866322994232178,14.8665030002594,14.86674189567566,14.867224931716919,14.867411851882935,14.867998838424683,14.868414878845215],"final_lw":23.064728902885317}