{"env_full":"RockSample ()","timeout":false,"ubs":[23.47795521977625,23.47795521977625,23.47795521977625,23.47795521977625,23.47795521977625,23.47795521977625,23.466067844152498,23.454299342284987,23.454299342284987,23.442530840417476,23.430880023568633,23.430880023568633,23.430880023568633,23.43032673040451,23.41831928027951,23.36055302751415,23.322708007302367,23.29930933237609,23.290929301420213],"runtime":0.3952169418334961,"solver":"SARSOP","final_ub":23.290929301420213,"lbs":[9.605960099999999,18.76926690427999,19.853952139149143,23.064728902885317,23.064728902885317,23.064728902885317,23.064728902885317,23.064728902885317,23.064728902885317,23.064728902885317,23.064728902885317,23.064728902885317,23.064728902885317,23.064728902885317,23.064728902885317,23.064728902885317,23.064728902885317,23.064728902885317,23.064728902885317],"env":"RockSample5","times":[0.3900620937347412,0.3903660774230957,0.3907639980316162,0.39110708236694336,0.39142608642578125,0.39174795150756836,0.39203310012817383,0.39226794242858887,0.392535924911499,0.39281201362609863,0.39311909675598145,0.393388032913208,0.3936610221862793,0.3937809467315674,0.39394593238830566,0.39426112174987793,0.39438605308532715,0.3947911262512207,0.3952169418334961],"final_lw":23.064728902885317}