{"env_full":"Frozen Lake (10)","timeout":false,"ubs":[0.5193082878725386,0.5193082878725386,0.5193082878725344,0.5172834534324116,0.5152586189922929,0.512079864687301,0.5116915717189913,0.5111976840123074,0.5111976328782492,0.511197632878249,0.5111976327309836,0.5104284171301587,0.5102457283925668,0.5096655776148289,0.5092145661563499,0.5090781996720741,0.5087225304895117,0.5085515973880259,0.5084358234298809,0.5084009481199295,0.5081616239901381,0.507855205477505,0.5077413299783319,0.5077357635401168,0.5075834724196887,0.5045482267422667,0.5043307953567349,0.5039378103236152,0.5038858573284248,0.503240575942743,0.5032236156746633,0.5022529263543843,0.5015151504003138,0.5012743149444043,0.5010979563462286,0.500837351204052,0.49992300821851043,0.499587211025756,0.4992034917750694,0.49869008067264275,0.49849990625174023,0.49849990625174023,0.49849990625174023,0.4984072943217033,0.4970642766309182,0.4964763278763714,0.4958655092359873,0.49559311255609084,0.4955031947876118,0.4954814033238987,0.49547494647986645,0.49545407240880035,0.49545407240880013,0.4954501915113618,0.4954474724575941,0.49536373290990604,0.49536302558076034,0.49536294499775607,0.49536294078002996,0.49525878007411783,0.49523404180314945,0.49493285130706266,0.4945755689737459,0.4945321319755259,0.4944671433371718,0.49444355424818154,0.4944187101085228,0.49439634556963885,0.4943775788025856,0.4943607439843065,0.4943606521375762,0.49436065163648235,0.49426803583787515,0.4940496072109195,0.4940496072109116,0.49404960721090596,0.49404960721090463,0.49403928855379176,0.49403000173151956,0.49400846940826193,0.4936776326973952,0.4936682069370345,0.49362321512787943,0.49358886390814805,0.4935604845790894,0.49353139424027703,0.49351412268235295,0.49350673674543444,0.4935040082969062,0.4935015703310437,0.49349746864561594,0.4934964217134874,0.4934862733818677,0.49348407488169854,0.4933673015979394,0.49334287347892025,0.49334287347892025,0.49334287347892025,0.49323671413071035,0.4931506611666525,0.49304632239845453,0.4930439401438448,0.493036571452079,0.493030544010479,0.493027665873696,0.4930172771998919,0.4929499674413543,0.49294199500029634,0.4929320730104373,0.49292126424197374,0.4929192634690464,0.49290672267438246,0.49289276887470457,0.4928728852791004,0.4928441053513875,0.4928313431302091],"runtime":7.405343055725098,"solver":"SARSOP","final_ub":0.4928313431302091,"lbs":[0.0,0.2458904902395387,0.3069126355525853,0.3573297485386304,0.3687302414420745,0.3827680420839791,0.39568737118045516,0.399435794485184,0.4011094346808031,0.40112422064598285,0.40419861399670987,0.4056918768020055,0.40573709502560756,0.4099088300236137,0.41159838995575193,0.41497036576094676,0.4181625088192814,0.42030692681500786,0.42030692681500786,0.42512512084989357,0.4260554191291235,0.42946298010439043,0.4406714792360779,0.44226710751577625,0.44718192085886377,0.4511054791442137,0.4511194876453951,0.4541378595553486,0.4604179383693963,0.46299470151026445,0.46299470151026445,0.46299470151026445,0.46466005820847384,0.46466005820847384,0.46892055189549015,0.4697549071725916,0.47013999174747245,0.47013999174747245,0.4714571988935076,0.4714571988935076,0.4714571988935076,0.4743124397169455,0.4746184181414998,0.4746184181414998,0.475389023116475,0.4766600989596548,0.4775284308566369,0.4777383464421608,0.47789316980976104,0.4779091243971715,0.4779091243971715,0.4779135363454038,0.47791376094286686,0.4783560783882204,0.4784775201776572,0.47847891518800456,0.4784789313085706,0.47866351681345104,0.4800909259201449,0.4804304139340008,0.48097565242237394,0.48097565242237394,0.4809835083242132,0.4810893858965423,0.48118684260406824,0.4812567916870515,0.4812568775898446,0.48125687805850964,0.4813482439251296,0.48153863581307554,0.4825268107778581,0.4825268107778581,0.4825268107778581,0.4825268107778581,0.4825268107778581,0.4825268107778581,0.4825268107778581,0.48294710257949963,0.48438497946396164,0.48438497946396164,0.4844591883858059,0.4849262136172626,0.48505785842085675,0.4851281488042653,0.48515155764666196,0.4851787676699936,0.485201636907224,0.4852220943431511,0.48527853522835757,0.48527853522835757,0.48533829656679167,0.48536767611380877,0.48562766589415074,0.485991408438482,0.485991408438482,0.485991408438482,0.485991408438482,0.485991408438482,0.48619697048527044,0.4871362828724382,0.48721195390585553,0.48723794045797175,0.4872419944159142,0.4872549758392231,0.4878581529831978,0.48786990962528326,0.4878966703013417,0.48792522399420285,0.48792685372365324,0.48794331882382774,0.4879433284323256,0.4879433284572259,0.4879475192614015,0.4879495150452468,0.48795580086438944,0.48795580857256743],"env":"FrozenLake10","times":[5.236059188842773,5.240259170532227,5.242732048034668,5.248759031295776,5.254501104354858,5.259848117828369,5.266730070114136,5.272554159164429,5.284605026245117,5.298120975494385,5.405033111572266,5.417638063430786,5.434723138809204,5.449612140655518,5.457552194595337,5.47360897064209,5.4865241050720215,5.49787712097168,5.502762079238892,5.522687196731567,5.529344081878662,5.539930105209351,5.552308082580566,5.5678510665893555,5.5723631381988525,5.592992067337036,5.59811806678772,5.612351179122925,5.625172138214111,5.661100149154663,5.677309036254883,5.6836631298065186,5.687164068222046,5.694458961486816,5.721909999847412,5.734501123428345,5.736227035522461,5.738448143005371,5.755792140960693,5.791462182998657,5.793198108673096,5.830674171447754,5.8438520431518555,5.882371187210083,5.891606092453003,5.900753974914551,5.902657985687256,5.9070820808410645,5.911123037338257,5.916115999221802,5.920229196548462,5.926138162612915,5.9328930377960205,5.970774173736572,5.978507041931152,5.987212181091309,5.996860027313232,6.009988069534302,6.011979103088379,6.022510051727295,6.048923015594482,6.052976131439209,6.087517023086548,6.118669033050537,6.139501094818115,6.158078193664551,6.174445152282715,6.21928596496582,6.235262155532837,6.256867170333862,6.264047145843506,6.2713751792907715,6.279092073440552,6.287683963775635,6.307777166366577,6.372693061828613,6.383203029632568,6.401031970977783,6.420057058334351,6.426403999328613,6.440278053283691,6.456034183502197,6.4774839878082275,6.546763181686401,6.563951015472412,6.582067012786865,6.602715969085693,6.623040199279785,6.6474449634552,6.661652088165283,6.74175500869751,6.758735179901123,6.768095016479492,6.786370038986206,6.808397054672241,6.809943199157715,6.8114540576934814,6.812920093536377,6.839024066925049,6.865365028381348,6.892573118209839,6.98230504989624,7.003766059875488,7.03574013710022,7.061681032180786,7.084212064743042,7.109081983566284,7.134428977966309,7.155785083770752,7.263092994689941,7.28436017036438,7.307169198989868,7.3304221630096436,7.3520331382751465,7.381968975067139,7.405343055725098],"final_lw":0.48795580857256743}