{"lbs":[-19.999999999999982,-5.632441144646656,-3.3852612129424022,-1.377721566326951,4.846083797906023,7.1833269680023975,9.034539725584331,10.93030168270802,12.750019184503032,13.675708724203055,14.686396573133162,15.816659865091712,16.1690820058259,16.82172199498376,17.3108450866433,17.37586011442448,17.587804014912933,17.88466887965685,18.10825915751561,18.303626073222915,18.52046762256138,18.665969042985935,18.80089026204559,18.86681449544407,18.928482159770248,19.01400629512443,19.05522457235027,19.10819944099328,19.150694842838764,19.181952744548035,19.19553245667089,19.25044927779064,19.273653382696246,19.283734195785286,19.31117805229558,19.315924015737977,19.328701780269263,19.33716174271641,19.34389944365117,19.350353740929563,19.35530837489665,19.359096112976367,19.36199061155721],"times":[0.006127834320068359,0.006442070007324219,0.006523847579956055,0.006612062454223633,0.006775856018066406,0.006854057312011719,0.006947040557861328,0.007058858871459961,0.007185935974121094,0.007283926010131836,0.0073909759521484375,0.007539033889770508,0.007616996765136719,0.007707834243774414,0.007871866226196289,0.007899045944213867,0.007948875427246094,0.008087873458862305,0.008188009262084961,0.008283853530883789,0.00840306282043457,0.008476018905639648,0.00859689712524414,0.008688926696777344,0.008764982223510742,0.008880853652954102,0.008955001831054688,0.009032964706420898,0.009176969528198242,0.00925302505493164,0.009331941604614258,0.010319948196411133,0.010431051254272461,0.010474920272827148,0.011647939682006836,0.011710882186889648,0.01187896728515625,0.011986970901489258,0.012158870697021484,0.012423038482666016,0.012697935104370117,0.012969970703125,0.013293027877807617],"env":"Tiger","ubs":[42.802575114651944,42.802575114651944,35.30119514295953,35.30119514295953,35.21035883309395,32.22791595606127,31.355173998390214,30.55365167854191,29.405131076550163,27.896537141216818,27.667764278235445,27.254886987075558,26.027009558209134,25.23340351235583,24.577601753468045,23.976716827658834,23.976716827658834,23.886682206160195,23.436129905476854,23.132672333571627,22.937274536431357,22.532808985070286,22.313474236623428,21.807661845024306,21.528380468048155,21.317948884011173,21.031728429926183,20.875484439449913,20.735822336486994,20.601193932886996,20.46677774879187,20.42956851909203,20.148939318167805,20.071272987581345,20.069497665749655,19.88614542899068,19.88614542899068,19.8386053814001,19.788024372074922,19.718978424275143,19.648439354386092,19.596797967067864,19.55467523659227],"sim_r":null,"sim_rsigma":null,"solver":"EBIB-SARSOP","env_full":"Tiger","final_lw":19.36199061155721,"timeout":false,"runtime":0.013293027877807617,"final_ub":19.55467523659227}