{"env_full":"SparseHallway1","timeout":true,"ubs":[1.4907196490034862],"runtime":955.5993988513947,"solver":"EBIB-SARSOP","final_ub":1.4907196490034862,"lbs":[0.012833374914155232],"env":"SparseHallway1","times":[955.5993988513947],"final_lw":0.012833374914155232}