{"env_full":"K-out-of-N (2)","timeout":true,"ubs":[-6.940694301735098],"runtime":14.272576808929443,"solver":"EBIB-SARSOP","final_ub":-6.940694301735098,"lbs":[-49.99999999999996],"env":"K-out-of-N2","times":[14.272576808929443],"final_lw":-49.99999999999996}