{"lbs":[0.008857506748021169,0.014622631295219356,0.10562083793382987,0.11756477370000418,0.2511776714152486,0.2511776714152486,0.27878285057899765,0.27878285057899765,0.27878285057899765,0.27878285057899765,0.3363355750416436,0.3363355750416436,0.3363355750416436,0.34984681618703817,0.36467781631694957,0.3715830354745202,0.37545253106043724,0.382089818835598,0.38358267170338],"times":[0.11969304084777832,0.11971020698547363,0.11975622177124023,0.11976814270019531,0.11990523338317871,0.11991214752197266,0.1200110912322998,0.12001800537109375,0.12006306648254395,0.1200711727142334,0.12019205093383789,0.1202080249786377,0.12021422386169434,0.12042713165283203,0.12054705619812012,0.12070918083190918,0.1208951473236084,0.12102317810058594,0.12125420570373535],"env":"FrozenLake4","ubs":[0.41450820737670147,0.41450820737670147,0.41719180864375766,0.41634103392389715,0.4162602103255104,0.41450820737670147,0.41450820737670147,0.3977176864501712,0.3977176864501712,0.3952817872133505,0.3952817872133505,0.3952817872133505,0.3862567872133476,0.3862567872133476,0.3862567872133476,0.3862567360148002,0.3862567360148002,0.3862567351368731,0.3862567351368731],"sim_r":null,"sim_rsigma":null,"solver":"BIB-SARSOP","env_full":"Frozen Lake (4)","final_lw":0.38358267170338,"timeout":false,"runtime":0.12125420570373535,"final_ub":0.3862567351368731}