{"env_full":"Frozen Lake (4)","timeout":false,"ubs":[0.7434589848367171,0.72350860523361,0.72350860523361,0.7115010041173427,0.7067661513192289,0.6990419278274581,0.6975497375382943,0.6975497375382943,0.6961953202865241,0.6961953202544402,0.6961952264198561],"runtime":2.1445469856262207,"solver":"SARSOP","final_ub":0.6961952264198561,"lbs":[0.0,0.6013367002978056,0.6013367002978056,0.649369339547343,0.6783568998411741,0.6832797594140936,0.6856270212175773,0.6877504541094701,0.6884309321861664,0.6889079090940582,0.6897315783301471],"env":"FrozenLake4","times":[2.140984058380127,2.141261100769043,2.141434907913208,2.141801118850708,2.1420791149139404,2.1426069736480713,2.1426539421081543,2.1430771350860596,2.143850088119507,2.143933057785034,2.1445469856262207],"final_lw":0.6897315783301471}