{"env_full":"Frozen Lake (4)","timeout":false,"ubs":[0.7434589848367171,0.7434589848367171,0.7286457190491664,0.7115010041173427,0.7067661513192289,0.6990419278274581,0.6975497375382943,0.6975497375382943,0.6961953202865241,0.6961953202544402,0.6961952264198561],"runtime":4.027661085128784,"solver":"SARSOP","final_ub":0.6961952264198561,"lbs":[0.0,0.6013367002978056,0.6013367002978056,0.649369339547343,0.6783568998411741,0.6832797594140936,0.6856270212175773,0.6877504541094701,0.6884309321861664,0.6889079090940582,0.6897315783301471],"env":"FrozenLake4","times":[4.016992092132568,4.01783299446106,4.018337965011597,4.019490003585815,4.02035117149353,4.021979093551636,4.022128105163574,4.0233800411224365,4.02557897567749,4.025896072387695,4.027661085128784],"final_lw":0.6897315783301471}