{"lbs":[-19.999999999999982,-5.632441144646656,-3.3852612129424022,-1.377721566326951,4.846083797906023,7.1833269680023975,9.034539725584331,10.93030168270802,12.750019184503032,13.675708724203055,14.686396573133162,15.816659865091712,16.1690820058259,16.82172199498376,17.3108450866433,17.37586011442448,17.587804014912933,17.88466887965685,18.10825915751561,18.303626073222915,18.52046762256138,18.665969042985935,18.80089026204559,18.86681449544407,18.928482159770248,19.01400629512443,19.05522457235027,19.10819944099328,19.150694842838764,19.181952744548035,19.19553245667089,19.25044927779064,19.273653382696246,19.283734195785286,19.31117805229558,19.315924015737977,19.328701780269263,19.33716174271641,19.34389944365117,19.350353740929563,19.35530837489665,19.359096112976367,19.36199061155721],"times":[8.255367040634155,8.255760192871094,8.255866050720215,8.255972146987915,8.256184101104736,8.256278991699219,8.256391048431396,8.25652813911438,8.256689071655273,8.2568199634552,8.256947994232178,8.257126092910767,8.257220029830933,8.257330179214478,8.257528066635132,8.257560968399048,8.257622003555298,8.257761001586914,8.257893085479736,8.258009195327759,8.258150100708008,8.258238077163696,8.258381128311157,8.258495092391968,8.258589029312134,8.258728981018066,8.2588210105896,8.258932113647461,8.25910496711731,8.259194135665894,8.259278059005737,8.260537147521973,8.260676145553589,8.260730028152466,8.262225151062012,8.262304067611694,8.262511014938354,8.262646198272705,8.262830018997192,8.263174057006836,8.263511180877686,8.263840198516846,8.264239072799683],"env":"Tiger","ubs":[42.802575114651944,42.802575114651944,35.30119514295953,35.30119514295953,35.21035883309395,32.22791595606127,31.355173998390214,30.55365167854191,29.405131076550163,27.896537141216818,27.667764278235445,27.254886987075558,26.027009558209134,25.23340351235583,24.577601753468045,23.976716827658834,23.976716827658834,23.886682206160195,23.436129905476854,23.132672333571627,22.937274536431357,22.532808985070286,22.313474236623428,21.807661845024306,21.528380468048155,21.317948884011173,21.031728429926183,20.875484439449913,20.735822336486994,20.601193932886996,20.46677774879187,20.42956851909203,20.148939318167805,20.071272987581345,20.069497665749655,19.88614542899068,19.88614542899068,19.8386053814001,19.788024372074922,19.718978424275143,19.648439354386092,19.596797967067864,19.55467523659227],"sim_r":19.612489025482123,"sim_rsigma":29.790267606934457,"solver":"EBIB-SARSOP","env_full":"Tiger","final_lw":19.36199061155721,"timeout":false,"runtime":8.264239072799683,"final_ub":19.55467523659227}