{"lbs":[-99.99999999999991,-67.73861952549163,-64.36705941892,-61.082230909623505,-43.17050757275619,-38.819880276636795,-34.65505807966653,-29.825742861057684,-25.096176021909912,-18.83686847417811,-11.604786436317333,-6.609387434817862,-3.986361519684344,1.8713683568495432,7.610316181416479,11.953423573165134,15.436169259298655,18.756131952663644,22.73507125101323,26.295804166944244,31.02648385681815,35.45779826272652,38.49248695878153,40.99093781512684,45.70361217983815,47.78363167963563,49.64925742381733,54.5236189639683,55.92331843927495,58.44444827893198,60.91934323947954,63.21529186638429,65.4258997948954,67.57320433165762,69.49295811704064,71.29357293733165,75.41664469129219,76.99736485551522,78.49717250573676,79.91966945382589,81.23015093796775,84.16328369612597,85.26015661203044,86.30377832849123,87.32433143384597,88.26368277340748,89.1568485752762,90.42979645969776,91.13251845230904,92.21098283710577,93.81780554216547,94.37362936284607,94.44601432865225,95.73615705873456,96.88283142384533,98.2962185512068,99.74354074828844,100.01360577162781,100.0473538396231,100.30386787857881,100.7758948678024,101.76416347378252,102.12909105245325,103.10133408847078,103.56642505880758,103.9583252469047,104.00378700799024,104.11539707409773,104.31168904094437,104.52622880876001,104.80133714304787,104.82785207748155,104.9400163345685,104.96100055427192,104.98166897609475,105.23023020512038,105.25855649959212,105.31205468335867,105.38746475817106,105.44815859717542,105.61162165172948,105.65124693459313,105.6808710222011,105.69682910209654,105.78658414917116,105.81377122747641,105.88695078099943,105.8968566460652,105.90304174925598,105.92130119705291,105.92786465936517,105.97229526159984,105.99465292918208,105.99630900117832,106.01398715986429,106.01863328391042,106.03937915958147,106.05064844685641,106.05423613599322,106.05580993957938,106.05657543627055,106.06724012593571,106.06827633388022,106.07025163863798,106.07251496838407,106.0738490136858,106.07604456769475,106.07702491633216],"times":[8.93576192855835,8.96952199935913,8.970195055007935,8.971186876296997,8.972379922866821,8.973968029022217,9.00738787651062,9.00935983657837,9.011605024337769,9.013951063156128,9.016582012176514,9.019649982452393,9.023396015167236,9.026885986328125,9.030341863632202,9.035013914108276,9.040327072143555,9.045793056488037,9.051210880279541,9.056493043899536,9.061848878860474,9.067422866821289,9.076076030731201,9.085511922836304,9.0954270362854,9.107266902923584,9.120580911636353,9.13124704360962,9.14679503440857,9.163145065307617,9.176851034164429,9.19020700454712,9.205950021743774,9.222583055496216,9.250555038452148,9.271975994110107,9.288395881652832,9.3124258518219,9.352740049362183,9.383795022964478,9.43018102645874,9.449766874313354,9.503134965896606,9.562789916992188,9.62625789642334,9.695718050003052,9.766418933868408,9.84074091911316,9.918091058731079,9.993413925170898,10.010613918304443,10.09008502960205,10.091104984283447,10.107208967208862,10.122520923614502,10.134881019592285,10.15348196029663,10.162209033966064,10.162951946258545,10.173971891403198,10.184067964553833,10.200222969055176,10.208549976348877,10.22742486000061,10.240210056304932,10.25384783744812,10.25537395477295,10.260513067245483,10.270702838897705,10.280143022537231,10.294267892837524,10.296166896820068,10.305003881454468,10.3073890209198,10.308305025100708,10.324172019958496,10.325752019882202,10.332830905914307,10.340128898620605,10.347563028335571,10.368628978729248,10.374351978302002,10.379049062728882,10.380995988845825,10.398656845092773,10.403148889541626,10.422814846038818,10.42495083808899,10.430820941925049,10.437476873397827,10.439282894134521,10.459693908691406,10.474673986434937,10.47649097442627,10.48889684677124,10.491441011428833,10.511992931365967,10.527323007583618,10.533030986785889,10.538147926330566,10.539860010147095,10.56174898147583,10.563605070114136,10.566951990127563,10.570917844772339,10.57367491722107,10.579424858093262,10.581964015960693],"env":"Tiger","ubs":[220.59741076627353,220.59741076627353,210.55442233991803,209.65894951072318,209.2213218671244,205.03880812455893,203.99337316258146,203.57080133820378,202.48131540537437,201.2371935051897,198.94610660290488,195.24178561919553,193.9240841434767,193.6380441846648,190.4099676072019,187.55222240475052,186.75443962470598,186.06319843343215,184.57913312954975,182.96216408076623,180.9509036799664,177.23120303174068,174.18681992123055,173.40928194730645,172.91464678269546,171.1727116191278,171.1727116191278,168.33810936658566,166.02420017384424,165.23045070729165,163.4713444449282,161.3182942150725,159.4053109285589,157.3243519599866,154.8313046323559,153.29086324485849,151.62124461095638,148.56426395516107,146.80362921113868,145.08718177091112,143.5509593134562,142.3169647810687,139.84735079280495,138.56990150479635,137.38062731608125,136.23288051392973,135.14843070210435,134.16896939417495,133.111048584204,132.44040230931557,131.3820711435088,129.7480853483171,129.18356025697187,129.18356025697187,127.90552699863554,126.63070766704655,124.98865293798198,123.10562145110518,122.60979532367907,122.60979532367907,122.37619477719679,121.65945274611678,120.26674228604176,119.64960678647557,118.01425707625336,117.09548690298936,116.24675602196439,116.18205605247249,115.89800838618879,115.45733814636546,114.9903590665183,114.12414520601968,114.09918146980246,113.7508801589753,113.66745058278099,113.60037583886647,112.81140323509723,112.70547869745968,112.47450730065978,112.22097078841803,111.96964731313614,111.1564011840787,110.94318456890096,110.77278804562079,110.74396123410853,110.12895300288048,109.96837993442495,109.45265742293114,109.36107217964245,109.32324726219332,109.136607714326,109.11061512996997,108.66113385676022,108.36645661457393,108.35240206200606,108.14024471741979,108.09213028917162,107.79991534693669,107.58779938553636,107.52165979895045,107.50232762538062,107.49091465473981,107.28127580718852,107.26761003659266,107.22583142796411,107.17520054094561,107.14571738031424,107.08923683114543],"sim_r":null,"sim_rsigma":null,"solver":"EBIB-SARSOP","env_full":"Tiger","final_lw":106.07702491633216,"timeout":false,"runtime":10.581964015960693,"final_ub":107.08923683114543}