{"env_full":"Frozen Lake (4)","timeout":false,"ubs":[0.744339238940797,0.744339238940797,0.7296484654703255,0.7126931909852019,0.7073143917144169,0.69865984782425,0.6975627767527234,0.6975627767527234,0.6966720600771772,0.6965621220506085],"runtime":6.84637713432312,"solver":"SARSOP","final_ub":0.6965621220506085,"lbs":[0.0,0.6013367002978056,0.6013367002978056,0.652504380521858,0.6798330537036394,0.6835571614180229,0.6853437955545368,0.6890849899472793,0.6890849899472793,0.6897078600020855],"env":"FrozenLake4","times":[6.7863030433654785,6.838854074478149,6.839323997497559,6.840497970581055,6.841285943984985,6.842819929122925,6.842956066131592,6.844594955444336,6.84470009803772,6.84637713432312],"final_lw":0.6897078600020855}