{"lbs":[-19.999999999999982,-10.77798724525706,-7.964090794870497,-2.3801147957169526,0.8750254055571952,3.875001037597943,6.493587538494678,8.696777308670935,10.288639595753715,11.779996345025335,13.056839886144147,13.448780834121548,14.173769132049966,15.014506352427624,15.675270374782347,15.962333316120404,15.962333316120404,15.962333316120404,16.42461689655204,16.837414609466,16.99032565062901,17.342863956006365,17.562451843976124,17.861230264316262,18.115627860682935,18.16975747212914,18.319217774250767,18.368725995308377,18.478682186194554,18.547960054817302,18.625826667662288,18.816053899504666,18.863836231061576,18.90962429322019,18.9942522165638,19.023513191552638,19.05641114555717,19.083415528943046,19.109439556557376,19.13247726914644,19.15379169755579,19.206721451480675,19.221345327843103,19.227698538399878,19.24377616322922,19.250760941632855,19.263540288464817,19.289171562400206,19.296576577264716,19.303166095934905,19.3092458942036,19.320690968762023,19.325029831236364,19.334101009424955,19.340502170279073,19.34282962318236,19.343840764003655,19.347010851762576,19.348388067660522,19.35438666917367,19.355844854260585,19.359638184826288,19.36263497645828,19.363011890031046,19.365093215725857,19.3664750208131,19.367195615356348,19.36787874400434,19.368175523054607,19.368304456023438,19.368650177560646,19.369503571035604,19.369650083681996,19.36997229084008,19.370208074918764,19.370404712909846,19.370490140503037,19.370621416461667,19.370744133134096,19.370797446280314,19.370849143956022,19.370914584585925,19.371018019123824,19.371027390400887,19.371089754450267,19.371138057163872,19.371172258997383,19.371202689493785,19.37121590974717,19.371230157271675,19.37125096916926,19.371277009715264,19.371290477882816],"times":[0.002807140350341797,0.02907705307006836,0.029159069061279297,0.02921605110168457,0.029309988021850586,0.02938699722290039,0.029487133026123047,0.029595136642456055,0.02969217300415039,0.02978205680847168,0.029881000518798828,0.029970169067382812,0.03024005889892578,0.030426025390625,0.03055596351623535,0.030666112899780273,0.030684947967529297,0.030707120895385742,0.030858993530273438,0.031058073043823242,0.03116917610168457,0.0313260555267334,0.03142404556274414,0.031614065170288086,0.03178906440734863,0.03188800811767578,0.03205609321594238,0.03220200538635254,0.032299041748046875,0.03247499465942383,0.03257608413696289,0.03275418281555176,0.03286314010620117,0.033030033111572266,0.03319215774536133,0.03334999084472656,0.033457040786743164,0.0336151123046875,0.033701181411743164,0.03384113311767578,0.03391695022583008,0.03406405448913574,0.03414011001586914,0.034185171127319336,0.034317970275878906,0.03442502021789551,0.03448295593261719,0.0346219539642334,0.03470110893249512,0.03480100631713867,0.03486013412475586,0.035024166107177734,0.035104990005493164,0.03531908988952637,0.035447120666503906,0.035523176193237305,0.03559112548828125,0.03569197654724121,0.035778045654296875,0.03595614433288574,0.03603100776672363,0.03618311882019043,0.03631711006164551,0.036393165588378906,0.03656005859375,0.03667116165161133,0.03714799880981445,0.037245988845825195,0.03730511665344238,0.037368059158325195,0.03748512268066406,0.03866004943847656,0.038761138916015625,0.03897213935852051,0.03914308547973633,0.03933095932006836,0.03949999809265137,0.03970599174499512,0.03989410400390625,0.04002809524536133,0.0401461124420166,0.04041314125061035,0.041867971420288086,0.04198813438415527,0.0421600341796875,0.042304039001464844,0.04243206977844238,0.04256010055541992,0.04262113571166992,0.04278111457824707,0.04290914535522461,0.04304313659667969,0.04312896728515625],"env":"Tiger","ubs":[87.19801910939043,87.19801910939043,77.873767190011,75.0496721778378,69.19133866226107,65.2740943775002,63.764604771930074,60.62140816263094,58.23062030345652,55.03726453712072,53.362129781483006,49.72860214302258,47.66851859372707,47.272361220691806,45.1299774070168,43.393105671950465,43.198019109390444,43.198019109390444,42.10628659922424,41.079081672827016,40.03619067141514,39.815306463835,38.84272739844522,38.39793583152955,37.2569784500902,36.16786175839724,35.607067643297306,35.18693244967531,34.60289448933909,34.097846187198485,33.90532187428466,33.508838230636336,31.81164941452878,31.19967441378154,30.89778428111913,29.652292718954044,29.067632776145885,28.695242079569145,28.350515107986887,28.00448587137555,27.733672674843383,27.500482592632935,26.424707275677115,26.344683235327448,26.05241119692217,25.900633381782214,25.683458733389646,25.4000853548158,24.624949202956557,24.50143534469104,24.380423584086444,24.3380737415018,23.816576051790115,23.58454224822754,23.090000780617423,22.67626886924496,22.55711915887938,22.39715646356428,22.261568986274206,22.22361280954217,21.795340255117495,21.70913696870148,21.46449255978044,21.088842430391292,21.06988521514056,20.903171940046633,20.70131568306426,20.589971114578432,20.518577718849947,20.514498761976302,20.43426499239396,20.38078772514328,20.132967612202947,20.132967612202947,20.025624000454464,19.98470063725842,19.93097918120195,19.909383406704805,19.872645145651237,19.83503461118017,19.82840853190271,19.81158510125681,19.77466901621847,19.68928043903704,19.68928043903704,19.677500973028714,19.650121187000213,19.624672471528836,19.604920628527832,19.59834519129138,19.588686920829545,19.573916296226052,19.547744070281045],"sim_r":null,"sim_rsigma":null,"solver":"SARSOP","env_full":"Tiger","final_lw":19.371290477882816,"timeout":false,"runtime":0.04312896728515625,"final_ub":19.547744070281045}