{"env_full":"SparseHallway2","timeout":true,"ubs":[5.213075408318484],"runtime":1.096998929977417,"solver":"SARSOP","final_ub":5.213075408318484,"lbs":[0.0006004860303106669],"env":"SparseHallway2","times":[1.096998929977417],"final_lw":0.0006004860303106669}