{"lbs":[0.5,0.5,0.5,0.5,0.5],"times":[1.576481819152832,1.5765058994293213,1.576509952545166,1.5765118598937988,1.5765118598937988],"env":"ABC","ubs":[0.9500000000000512,0.9500000000000512,0.6302494097246432,0.5133420832795326,0.5],"sim_r":null,"sim_rsigma":null,"solver":"BIB-SARSOP","env_full":"ABCModel","final_lw":0.5,"timeout":false,"runtime":1.5765118598937988,"final_ub":0.5}