{"lbs":[9.605960099999999,18.76926690427999,19.853952139149143,23.064728902885317,23.064728902885317,23.064728902885317,23.064728902885317,23.064728902885317,23.064728902885317,23.064728902885317,23.064728902885317,23.064728902885317,23.064728902885317,23.064728902885317,23.064728902885317,23.064728902885317,23.064728902885317,23.064728902885317],"times":[248.93757104873657,248.9379119873047,248.93826508522034,248.93860697746277,248.93882703781128,248.939138174057,248.9393880367279,248.9396162033081,248.93988919258118,248.940101146698,248.94047117233276,248.94072103500366,248.94083619117737,248.94099617004395,248.9413070678711,248.94142699241638,248.94182205200195,248.94225406646729],"env":"RockSample5","ubs":[23.477955219957856,23.477955219957856,23.477955219956037,23.477955219955142,23.466067844330496,23.456032796545355,23.454299342462974,23.454299342462974,23.454299342462974,23.454299342462086,23.44585159312102,23.44253084059369,23.430326730586113,23.418319280461116,23.361430598624203,23.322204624540827,23.29772199518382,23.29267566775738],"sim_r":23.104741284844764,"sim_rsigma":8.024897778891102,"solver":"BIB-SARSOP","env_full":"RockSample ()","final_lw":23.064728902885317,"timeout":false,"runtime":248.94225406646729,"final_ub":23.29267566775738}