{"env_full":"K-out-of-N (2)","timeout":true,"ubs":[-1.0824742530489466],"runtime":1.6542859077453613,"solver":"SARSOP","final_ub":-1.0824742530489466,"lbs":[-9.999999999999991],"env":"K-out-of-N2","times":[1.6542859077453613],"final_lw":-9.999999999999991}