{"lbs":[0.495,0.495,0.495,0.495,0.495,0.495,0.495],"times":[2.1623380184173584,2.162397861480713,2.162421941757202,2.1624398231506348,2.162442922592163,2.1624510288238525,2.162451982498169],"env":"ABC","ubs":[0.6598035026667847,0.6598035026667847,0.6598035026667847,0.6598035026667847,0.502996393158723,0.502996393158723,0.495],"sim_r":0.49183200000000216,"sim_rsigma":0.4950146136456679,"solver":"BIB-SARSOP","env_full":"ABCModel","final_lw":0.495,"timeout":false,"runtime":2.162451982498169,"final_ub":0.495}