{"env_full":"RockSample ()","timeout":false,"ubs":[23.47795521977625,23.47795521977625,23.47795521977625,23.47795521977625,23.466067844152498,23.456032796363747,23.454299342284987,23.454299342284987,23.454299342284987,23.454299342284987,23.44585159293942,23.442530840417476,23.43032673040451,23.41831928027951,23.36143059844796,23.322204624360626,23.297717945541415,23.291454049459187],"runtime":6.318248987197876,"solver":"BIB-SARSOP","final_ub":23.291454049459187,"lbs":[9.605960099999999,18.76926690427999,19.853952139149143,23.064728902885317,23.064728902885317,23.064728902885317,23.064728902885317,23.064728902885317,23.064728902885317,23.064728902885317,23.064728902885317,23.064728902885317,23.064728902885317,23.064728902885317,23.064728902885317,23.064728902885317,23.064728902885317,23.064728902885317],"env":"RockSample5","times":[6.314036130905151,6.3143110275268555,6.314654111862183,6.314981937408447,6.315196990966797,6.3154990673065186,6.315732955932617,6.3159520626068115,6.316192150115967,6.316393136978149,6.316720008850098,6.316956996917725,6.317068099975586,6.317219018936157,6.317515134811401,6.317631959915161,6.3179931640625,6.318248987197876],"final_lw":23.064728902885317}