{"lbs":[0.018288843441564832,0.3949568038010687,0.5612017427356253,0.5746679509536656,0.5774593319152145,0.5782647074527791,0.5782647074527791,0.5927997862846385,0.595820959510781,0.5991652534765113,0.6001162704364286,0.6001162704364286,0.6001162704364286,0.6041975627423299,0.6051875812031108,0.6074525438665666,0.6080100370452538,0.6104533936358767,0.6104533936358767,0.6104533936358767,0.6104533936358767,0.6104533936358767,0.6104533936358767,0.6104533936358767,0.6116245869122775,0.6119646076264852,0.612114647727985,0.6127631157078791,0.6138382253819078,0.6138382253819078,0.6138382253819078,0.6138382253819078,0.6138382253819078,0.6138382253819078,0.614147625134678,0.614147625134678,0.614147625134678,0.6142269001490857,0.6142269001490857,0.6142269001490857,0.6142269001490857,0.6142269001490857,0.6142269001490857,0.6142489338535041,0.6142489338535041,0.6142489338535041,0.6142556370810037,0.6142556370810037,0.6142556370810037,0.6142588395859114,0.6142596164327389,0.6142598051725753,0.6142598051725753,0.6142598051725753,0.6142598509879927,0.6142599217240355,0.6142599217240355,0.6142599444285816,0.6142599444285816,0.6142599444285816],"times":[0.6399571895599365,0.6404461860656738,0.6409780979156494,0.6452419757843018,0.6460590362548828,0.6469771862030029,0.6479170322418213,0.6487112045288086,0.6488590240478516,0.649813175201416,0.6501290798187256,0.6542150974273682,0.6547150611877441,0.6564040184020996,0.6568021774291992,0.6588811874389648,0.6592609882354736,0.661405086517334,0.6624321937561035,0.6625840663909912,0.6644351482391357,0.664945125579834,0.6655709743499756,0.6687030792236328,0.6694262027740479,0.6724820137023926,0.6736130714416504,0.6764349937438965,0.6959271430969238,0.6964490413665771,0.6972541809082031,0.7006561756134033,0.701167106628418,0.7014760971069336,0.7019190788269043,0.7061281204223633,0.7066020965576172,0.7070960998535156,0.7075140476226807,0.7077720165252686,0.7083141803741455,0.7133011817932129,0.713590145111084,0.7139739990234375,0.7149431705474854,0.7152822017669678,0.7161421775817871,0.7213211059570312,0.7240171432495117,0.7292981147766113,0.7298421859741211,0.7302091121673584,0.7306790351867676,0.7312130928039551,0.7317140102386475,0.736778974533081,0.7371041774749756,0.7377932071685791,0.7388241291046143,0.7397561073303223],"env":"FrozenLake4","ubs":[0.6643252160337838,0.6643252160337838,0.6621564595971778,0.6553223351828544,0.6533853660447133,0.6511051462228017,0.64608345745849,0.6430510950397065,0.6427165670629026,0.6427165670629026,0.6411051462228017,0.6401592941538298,0.6377726655352541,0.6337774386134548,0.6322605367231557,0.6322605367231557,0.6319603349434202,0.6319603349434202,0.6319603349434202,0.6304673928787793,0.6279519631599649,0.6279491294057487,0.6273217855407497,0.6271244539674742,0.6271051134999774,0.6270698039436823,0.6270663432540698,0.6270069169666674,0.6269704479186395,0.6259919095500133,0.625335013261933,0.6250238116258492,0.6247885138975996,0.6247387129004152,0.6247074314616682,0.6246271420512091,0.6239335180118191,0.623576244302144,0.6233588972236827,0.6233375950365226,0.6232799160202783,0.623180062341598,0.6229052972455918,0.6227174044704789,0.6226279916586139,0.6221522750120169,0.6219255380932525,0.6218566906193114,0.6218417142823981,0.6218402464516174,0.6217322619521137,0.6217322619521137,0.6217322619521137,0.6213541798435251,0.6213222721048204,0.621282088999887,0.6209530757430912,0.6206621239010355,0.6206009735337438,0.619773692992722],"sim_r":null,"sim_rsigma":null,"solver":"SARSOP","env_full":"Frozen Lake (4)","final_lw":0.6142599444285816,"timeout":false,"runtime":0.7397561073303223,"final_ub":0.619773692992722}