{"env_full":"Frozen Lake (10)","timeout":false,"ubs":[0.5035499496923483,0.5035499496923483,0.5035499496923483,0.5035499496923483,0.5034012096343897,0.5000908009460722,0.5000736833076554,0.5000736340090864,0.5000735994692765,0.5000695662258171,0.499705896591644,0.4996201616180461,0.4994787902023924,0.4991425908495416,0.49914244807098773,0.49903302532353333,0.4989251983945977,0.49889397455772744,0.49888686210923194,0.4988514223883129,0.4988049990936121,0.49873858164545426,0.4987163802525193,0.4986514915174778,0.4986514805782588,0.4985315520815665,0.49852111383193753,0.4985211137247002,0.49836677879467517,0.49832523163264875,0.49828573506898466,0.4981869130242116,0.49801057929547154,0.4971160116884591,0.49700880170307726,0.49699178260294463,0.49681531700637227,0.4959744296368188,0.4958807687775949,0.4958538193163192,0.49583260873643376,0.4941986536376667,0.4940154266554832,0.4933962857270883,0.4933954973834295,0.4928632583382405,0.492848534494455,0.4927351241826519,0.49268719203929545,0.49268294107585375,0.49240020386268313,0.49234629173934796,0.49224951707007,0.49204724578420594,0.49189776521049894,0.49181166289382783,0.4917870194510499,0.4917623093918708,0.4917557871260935,0.4914970050204342,0.4914969970027494,0.4914891941755741,0.4914667647894879,0.4912028859859246,0.4911653885201294,0.49095632055095756,0.4908843357662506],"runtime":13.17734694480896,"solver":"BIB-SARSOP","final_ub":0.4908843357662506,"lbs":[0.0,0.20594228935325398,0.3143807856487014,0.3711963307448778,0.3835491690321774,0.3916682373647364,0.4005040750537478,0.4035677688235112,0.4037067054724873,0.4037067054724873,0.4037067054724873,0.4048727855449246,0.40523761804385466,0.41101471406684204,0.41182559596963697,0.41182559596963697,0.41182559596963697,0.41366167103809715,0.41644717921588953,0.4229164479602332,0.4262023842571365,0.4334239742776216,0.4427838639226854,0.4450560319898632,0.44600359924465566,0.4463218868549844,0.4518796502161467,0.45363967722227133,0.4565738703250407,0.4565738703250407,0.4586552574412116,0.4598495316211761,0.4598495316211761,0.462263715233189,0.4671546596585564,0.46896387434031284,0.4701343514047359,0.47073431006623684,0.47144150223229825,0.4729958119887534,0.4749569777864509,0.47691435041735725,0.47691435041735725,0.47691435041735725,0.4789111665015157,0.4789111665015157,0.47925642196543966,0.47925642196543966,0.4800387260824019,0.4802316195336977,0.4806923847821361,0.4806923847821361,0.4813536544500687,0.4828227716966478,0.48312048310209743,0.48321608747382666,0.4833718200177127,0.48366700995078565,0.48371692878297623,0.4837375360626536,0.4837752868926065,0.4843379728690717,0.48470501694181706,0.48470501694181706,0.4854992141505063,0.4860123336567147,0.4861257652585268],"env":"FrozenLake10","times":[10.872025966644287,10.909428834915161,10.917372941970825,10.927212953567505,10.940762042999268,10.952109813690186,10.967769861221313,10.986186027526855,11.014034032821655,11.037843942642212,11.06376600265503,11.093354940414429,11.098240852355957,11.124070882797241,11.130055904388428,11.136950969696045,11.158809900283813,11.174191951751709,11.292994976043701,11.306501865386963,11.332695960998535,11.342895030975342,11.395733833312988,11.416539907455444,11.457365036010742,11.469888925552368,11.49850082397461,11.536526918411255,11.557884931564331,11.575354814529419,11.589538812637329,11.658816814422607,11.679966926574707,11.694586992263794,11.73885989189148,11.776242017745972,11.789654016494751,11.83176302909851,11.857455015182495,11.913182020187378,11.932273864746094,11.96072793006897,11.98816204071045,12.048725843429565,12.068513870239258,12.085937023162842,12.10201382637024,12.122193813323975,12.148612022399902,12.226205825805664,12.242615938186646,12.261950969696045,12.265352010726929,12.287690877914429,12.320299863815308,12.412210941314697,12.69292688369751,12.70365595817566,12.73682188987732,12.794051885604858,12.919975996017456,12.941320896148682,12.96518588066101,12.98339295387268,13.022022008895874,13.053664922714233,13.17734694480896],"final_lw":0.4861257652585268}