{"env_full":"K-out-of-N (3)","timeout":true,"ubs":[-10.167314881142218,-10.167314881142218,-10.167314881142218,-10.167314881142218,-10.167314881142218,-10.167314881142218,-10.167314881142218,-10.167314881142218,-10.167314881142218,-10.17271626578477,-10.173648808229181,-10.175942785527488,-10.175942792193679,-10.176082289696746,-10.179550548327184,-10.17955123800971,-10.179695202957726,-10.179695325042628,-10.18085988956137,-10.183559171099809,-10.183559192226856,-10.188812186387887,-10.188812238487182,-10.190099254527272,-10.190099254553244,-10.191055705296794,-10.191055865861223,-10.193132665820011,-10.193133423722145,-10.193582526006407,-10.193841254707905,-10.19555613188745,-10.19555613188745,-10.195556136235432,-10.195692913569351,-10.195693043221727,-10.196758919778363,-10.196773188738376,-10.197040883692347,-10.19704143461657,-10.19752462107459,-10.197524673990294,-10.198194263368947,-10.198730791708975,-10.199485770992002,-10.199650322710209,-10.202249927344186,-10.202249927344186,-10.216070975540173,-10.216227921117502,-10.216834182928567,-10.216834182928567,-10.216834182928567,-10.216834182928567,-10.216834182928567,-10.216834182928567,-10.216834182928567,-10.216834182928567,-10.216834182928567,-10.216901811696948,-10.218219690445125,-10.218219727373807,-10.218779820588013,-10.219296349608689,-10.219530706938654,-10.219801360685034,-10.219801360685034,-10.219801360685034,-10.220423715895038,-10.220423744198648,-10.220674595297602,-10.221102210805357,-10.22110224901764,-10.221113712519447,-10.221113754782925,-10.223611845351057,-10.223867937833013,-10.224098322004457,-10.224246300866545,-10.224247431923674,-10.226403229920374,-10.226754397215888,-10.227108223217556,-10.227108228523955,-10.228178101001108,-10.228692490972097,-10.234423781653422,-10.234424470371355,-10.235530405121546,-10.235530668746028,-10.237715906689713,-10.237899730639787,-10.237899730639787,-10.237899730639787,-10.237899730639787,-10.237967567092728,-10.237967567092728,-10.237967567092728,-10.237967567092728,-10.237967567092728,-10.237967567092728,-10.237967567092728,-10.237967567092728,-10.23825268745052,-10.241857457444638,-10.243507331700906,-10.244096977192275,-10.244097245795611,-10.246949109960115,-10.24709994092762,-10.247122465564944,-10.247688830832528,-10.247688841502967,-10.249133859163898,-10.249809202707404],"runtime":1803.7902891635895,"solver":"EBIB-SARSOP","final_ub":-10.249809202707404,"lbs":[-74.99999999999994,-45.184562442556754,-30.88167468353002,-23.54892603919041,-19.7706603065079,-17.690389978819944,-16.678532819437013,-16.000408262315087,-15.595448353023404,-15.282487420891172,-14.997361187148245,-14.856366299314042,-14.633340817804324,-14.559948379955992,-14.436643400918594,-14.356276505659194,-14.23244659933336,-14.179182487335392,-14.074247767552778,-14.02485319580179,-13.995798197335464,-13.977316183206023,-13.873986928644726,-13.826895653201362,-13.826895653201362,-13.751877112943685,-13.697096898081687,-13.677599596519999,-13.62615039055004,-13.61705341891448,-13.61705341891448,-13.552746569681984,-13.552746569681984,-13.552746569681984,-13.535157254819394,-13.51412781986364,-13.50830441360728,-13.493221924907056,-13.451780314286356,-13.416002359326239,-13.416002359326239,-13.394435382403147,-13.373663278948499,-13.373663278948499,-13.364842934719722,-13.355326767533501,-13.355326767533501,-13.355326767533501,-13.338711713987209,-13.330284806633875,-13.296797775400034,-13.296797775400034,-13.29556708497847,-13.2722068297126,-13.2722068297126,-13.2722068297126,-13.2651787980191,-13.256437088263842,-13.237295970163187,-13.237295970163187,-13.23210286523351,-13.218322365365426,-13.218322365365426,-13.217199723783175,-13.21309648010562,-13.21270375973377,-13.181279347472774,-13.181279347472774,-13.167543818126415,-13.167543818126415,-13.167543818126415,-13.167543818126415,-13.159015687131498,-13.156528812081902,-13.156528812081902,-13.156528812081902,-13.152405073458784,-13.121910910021892,-13.121910910021892,-13.121910910021892,-13.121910910021892,-13.111176216399521,-13.099350838649073,-13.099350838649073,-13.099350838649073,-13.099350838649073,-13.099350838649073,-13.099350838649073,-13.079951328488887,-13.079951328488887,-13.074054539024663,-13.074054539024663,-13.074054539024663,-13.074054539024663,-13.074054539024663,-13.074054539024663,-13.074054539024663,-13.074054539024663,-13.074054539024663,-13.074054539024663,-13.074054539024663,-13.074054539024663,-13.058841218580486,-13.058841218580486,-13.058841218580486,-13.040158823248783,-13.040158823248783,-13.040158823248783,-13.040158823248783,-13.040158823248783,-13.040158823248783,-13.040158823248783,-13.040158823248783,-13.035938449676427,-13.035938449676427],"env":"K-out-of-N3","times":[598.5340411663055,598.7184271812439,598.8778340816498,599.2345731258392,599.4529371261597,600.4708950519562,600.7797720432281,601.1394741535187,601.5385570526123,602.0181200504303,602.6019270420074,603.2646641731262,603.9877910614014,604.7990190982819,606.890417098999,607.8715500831604,608.9995791912079,610.2209119796753,611.5521919727325,612.9214789867401,614.4449741840363,616.008483171463,617.6976821422577,619.4826719760895,621.4119219779968,623.4175450801849,625.4353911876678,627.423837184906,629.6142520904541,631.6970000267029,633.9619920253754,636.4039490222931,638.840677022934,641.34619307518,643.8253800868988,646.3226311206818,649.1163201332092,651.9992849826813,656.9190721511841,659.9186940193176,663.0841431617737,666.2716591358185,669.6492471694946,673.4806180000305,680.211510181427,687.2085220813751,695.7022440433502,705.4856951236725,709.4490129947662,713.7125270366669,718.1252551078796,723.1202030181885,728.0266320705414,732.8043701648712,737.7143821716309,743.2525100708008,748.8529651165009,754.3271610736847,764.4735941886902,787.3935871124268,812.5147051811218,836.0429491996765,860.084645986557,885.0029489994049,909.0948100090027,926.8927881717682,936.4871602058411,946.7467761039734,960.1493000984192,972.6678521633148,981.7742471694946,992.8773550987244,1004.8566529750824,1016.1641590595245,1029.2759761810303,1038.1929450035095,1053.4247090816498,1066.7074241638184,1086.3038601875305,1104.131376028061,1117.8356840610504,1135.8146300315857,1150.9767291545868,1160.8748161792755,1172.7620630264282,1182.4386191368103,1200.8305180072784,1215.361878156662,1233.4690210819244,1247.4328701496124,1267.8962771892548,1288.829430103302,1309.43781208992,1328.705244064331,1347.7971451282501,1367.757353067398,1394.6364619731903,1416.726114988327,1437.6264741420746,1458.3928031921387,1483.306668996811,1506.8435621261597,1531.677514076233,1555.8848299980164,1580.0275321006775,1605.6228630542755,1634.3995020389557,1655.800260066986,1680.8217849731445,1701.5931520462036,1729.6244142055511,1758.31929397583,1782.7176921367645,1794.0480082035065,1803.7902891635895],"final_lw":-13.035938449676427}