{"env_full":"ABCModel","timeout":false,"ubs":[0.6598035026667847,0.6598035026667847,0.6598035026667847,0.6598035026667847,0.502996393158723,0.502996393158723,0.495],"runtime":2.080193042755127,"solver":"BIB-SARSOP","final_ub":0.495,"lbs":[0.495,0.495,0.495,0.495,0.495,0.495,0.495],"env":"ABC","times":[2.0800700187683105,2.080143928527832,2.080170154571533,2.0801849365234375,2.0801870822906494,2.080191135406494,2.080193042755127],"final_lw":0.495}