{"env_full":"RockSample ()","timeout":false,"ubs":[23.47795521977625,23.47795521977625,23.47795521977625,23.47795521977625,23.466067844152498,23.456032796363747,23.454299342284987,23.454299342284987,23.454299342284987,23.454299342284987,23.44585159293942,23.442530840417476,23.43032673040451,23.41831928027951,23.36143059844796,23.322204624360626,23.297717945541415,23.291454049459187],"runtime":5.982209920883179,"solver":"BIB-SARSOP","final_ub":23.291454049459187,"lbs":[9.605960099999999,18.76926690427999,19.853952139149143,23.064728902885317,23.064728902885317,23.064728902885317,23.064728902885317,23.064728902885317,23.064728902885317,23.064728902885317,23.064728902885317,23.064728902885317,23.064728902885317,23.064728902885317,23.064728902885317,23.064728902885317,23.064728902885317,23.064728902885317],"env":"RockSample5","times":[5.978027820587158,5.978304862976074,5.978647947311401,5.978960990905762,5.979175806045532,5.97947883605957,5.979712009429932,5.9799299240112305,5.980148792266846,5.980350017547607,5.980675935745239,5.98091197013855,5.981021881103516,5.981169939041138,5.981464862823486,5.981580972671509,5.981953859329224,5.982209920883179],"final_lw":23.064728902885317}