{"lbs":[0.008857506748021169,0.2547154508528647,0.31108465916001665,0.35079998080542496,0.360980692861271,0.3743391841280339,0.3792808452961793,0.3832595537222699],"times":[0.14679312705993652,0.14695310592651367,0.1470789909362793,0.14718413352966309,0.14728212356567383,0.14735007286071777,0.14751911163330078,0.14767813682556152],"env":"FrozenLake4","ubs":[0.41450816098633403,0.41450816098633403,0.41450816098633403,0.39746269665245004,0.3952817427817166,0.38625674278171385,0.38625674278171385,0.38625669166253085],"sim_r":null,"sim_rsigma":null,"solver":"EBIB-SARSOP","env_full":"Frozen Lake (4)","final_lw":0.3832595537222699,"timeout":false,"runtime":0.14767813682556152,"final_ub":0.38625669166253085}