{"lbs":[63.222060727841125,68.03904353197774,68.11203641250805,68.34675495271308,68.36959463757546,68.50327472600739,68.57972728234671,68.62180810835379,68.64637308304052,68.6612952563965,68.70032861714282,68.73540171588404,68.75278226600099,68.76544932121901,68.78255499697696,68.80449302773425,68.81742521975077,68.82742368683371,68.83275283617633,68.83617380077966,68.85452033036151,68.88078510037236,68.9059429224335,68.91430447392639,68.93444431935042,68.95768886691849,68.96362053663353,68.97144982674061,68.98668440280086,68.9886692769532,68.99501246427488,69.00980265135519,69.01803039808156,69.02539355388868,69.03052566868172,69.04015877676889,69.04730508845127,69.0631302835217,69.0804948630849,69.09343718316427,69.09641515481289,69.10151840757842,69.10876610671814,69.11131166609229,69.11675380930608,69.11936143563523,69.12863833446396,69.1338197961297,69.1373182514978,69.14672876359793,69.1635993500513,69.18156034468015,69.18768644904458,69.21489024887073,69.22112658382565,69.23130888357679,69.26075023406386,69.26962219380832,69.27778634935397,69.27899912786351,69.28529602617238,69.28770109657009,69.28996061700389,69.2930810139513,69.29695953829489,69.29849425816138,69.30422693489047,69.30546185252109,69.30559783559401,69.30614792071246,69.30818139714648,69.3091840398481,69.31024210858638,69.3144665657914,69.31754348387148,69.32047022885331,69.32199381949341,69.32212198291296,69.32322400148713,69.32866881897414,69.33070260904302,69.33579472584005,69.34152473212565,69.35540279159818,69.36068559708258,69.36627422960247,69.36877015000726,69.36892422724915,69.37025633268556,69.3713758009751,69.37575843743136,69.3760289847357,69.37714816366741,69.37727638858183,69.3772843041152,69.37732095034715,69.37762663031475,69.3802434087649,69.38163685999925,69.38296973570614,69.38338321699766,69.38854492026397,69.38955011377965,69.39117231310246,69.39559163368378,69.39636075989793,69.39645310181359,69.40026288879251,69.40357547414096,69.40865244664326,69.40986545206975,69.4109735005855,69.41191990720114,69.41318903467571,69.41833674565456,69.42288707001467,69.42819889065115,69.43227593647943,69.43289848835227,69.43401788157948,69.43429649081477,69.43805639625651,69.439362463049,69.44236940312896],"times":[0.553292989730835,0.5559811592102051,0.5608301162719727,0.5631980895996094,0.5669150352478027,0.5709431171417236,0.5747280120849609,0.5858831405639648,0.5911600589752197,0.5963771343231201,0.6016631126403809,0.6063361167907715,0.610666036605835,0.6147749423980713,0.6219279766082764,0.6293051242828369,0.6374361515045166,0.6462960243225098,0.6555910110473633,0.665673017501831,0.6764681339263916,0.6882131099700928,0.6971571445465088,0.7068071365356445,0.7162561416625977,0.7264890670776367,0.7365829944610596,0.749521017074585,0.7632250785827637,0.7718181610107422,0.78348708152771,0.7959351539611816,0.8081870079040527,0.8213911056518555,0.8345930576324463,0.8464629650115967,0.8581430912017822,0.8730170726776123,0.8871850967407227,0.8988940715789795,0.9156229496002197,0.9680960178375244,0.9838039875030518,0.9977719783782959,1.0156950950622559,1.0335819721221924,1.0534510612487793,1.0752980709075928,1.0848619937896729,1.1146910190582275,1.1250090599060059,1.162019968032837,1.184464931488037,1.2063779830932617,1.229053020477295,1.2531249523162842,1.278684139251709,1.3039860725402832,1.330786943435669,1.3595740795135498,1.369642972946167,1.4047350883483887,1.4146759510040283,1.4562010765075684,1.4671180248260498,1.5013859272003174,1.510472059249878,1.5418429374694824,1.55302095413208,1.5830540657043457,1.5949831008911133,1.6330440044403076,1.6453759670257568,1.6943650245666504,1.7069129943847656,1.7652950286865234,1.7784271240234375,1.842900037765503,1.8559110164642334,1.923591136932373,1.936589002609253,1.994361162185669,2.007714033126831,2.057906150817871,2.0701169967651367,2.0847580432891846,2.09879994392395,2.115186929702759,2.1295361518859863,2.14500093460083,2.1639089584350586,2.1869900226593018,2.208968162536621,2.2260899543762207,2.2450599670410156,2.2631311416625977,2.2833399772644043,2.303805112838745,2.3156659603118896,2.3353829383850098,2.3512070178985596,2.3753790855407715,2.397731065750122,2.420957088470459,2.440308094024658,2.461601972579956,2.4783480167388916,2.500277042388916,2.523775100708008,2.539144992828369,2.5641610622406006,2.589354991912842,2.601781129837036,2.738013982772827,2.7529759407043457,2.7793681621551514,2.7977049350738525,2.826043128967285,2.844666004180908,2.8648951053619385,2.8893890380859375,2.9133949279785156,2.93790602684021,2.962684154510498],"env":"aloha10","ubs":[70.37294993907557,70.37294993907557,70.37294993907557,70.37294993907557,70.37294993907557,70.37294993907557,70.37294993907557,70.37294993907557,70.37294993907557,70.37294993907557,70.37294993907557,70.37294993907557,70.37294993907557,70.37294993907557,70.37294993907557,70.37294993907557,70.37294993907557,70.37294993907557,70.37294993907557,70.37294993907557,70.37294993907557,70.37294993907557,70.34371399659624,70.34072835416724,70.33439809718409,70.31106799670482,70.30942133980832,70.3094205242293,70.30801517045956,70.30564428318428,70.29832444688164,70.27675958759401,70.27674890665185,70.27360817081717,70.27285888325845,70.2718839434151,70.27142103875045,70.27028970513575,70.26863734152124,70.26739104820494,70.26617365799535,70.26120282236596,70.23207935341608,70.23204197763414,70.2314737935601,70.23023546653496,70.22974075971524,70.2294022198054,70.22884208128482,70.22782174730247,70.226963500796,70.22658584904295,70.22161478552239,70.22072847518183,70.22023524591316,70.21879296247765,70.20209154579041,70.20208327368145,70.20208326958434,70.20170359694103,70.20116713795409,70.20112571097678,70.20112569045826,70.19901762245226,70.1983682630245,70.19802860682228,70.1979018436565,70.19760133123063,70.19702978577229,70.19702967643417,70.1969726133967,70.19694494712489,70.19647469041414,70.19632695170421,70.195919807418,70.1946959678059,70.17878148887706,70.17877360653353,70.17873729673911,70.17787950405273,70.17728760191903,70.17713686795972,70.1769942003958,70.17694877694893,70.17673081513355,70.17665753386704,70.17595311396741,70.17588704368947,70.175869393401,70.17528423137347,70.17483554656036,70.17462135205443,70.17432268750665,70.17370970635776,70.17315557333187,70.17231234063001,70.15964076477471,70.15959259555622,70.15937440499464,70.15925360350661,70.15925354367437,70.15830060849692,70.15823039635595,70.15811056468223,70.15692142825696,70.15690928450431,70.15670884551251,70.15619248170903,70.15611976422645,70.15591307293161,70.15499196177758,70.1549915055569,70.15454987460335,70.15431397049069,70.15101482566911,70.13871987700867,70.13866825359693,70.13835770675175,70.1381758703385,70.13728654434422,70.1372419713216,70.13669083238644,70.13662428296925,70.13652083651888],"sim_r":null,"sim_rsigma":null,"solver":"BIB-SARSOP","env_full":"aloha10","final_lw":69.44236940312896,"timeout":false,"runtime":2.962684154510498,"final_ub":70.13652083651888}