{"env_full":"Frozen Lake (4)","timeout":false,"ubs":[0.9279642423857277,0.9279642423857277,0.9279608959476751,0.9279595546899646,0.9279595546899646,0.9279582399918129,0.9279567537165062,0.9279552968723936,0.9279552968723936,0.9279552968723936],"runtime":10.386918067932129,"solver":"EBIB-SARSOP","final_ub":0.9279552968723936,"lbs":[0.0,0.5672034262109531,0.7901860528299047,0.8300032357446755,0.8690319595929166,0.882053633385248,0.8948174522509986,0.905983869833351,0.9169291702358546,0.919204918654105],"env":"FrozenLake4","times":[10.178970098495483,10.184648036956787,10.190097093582153,10.22715711593628,10.248311042785645,10.271721124649048,10.295567035675049,10.340274095535278,10.369697093963623,10.386918067932129],"final_lw":0.919204918654105}