{"lbs":[0.5,0.5,0.5,0.5,0.5],"times":[0.004816770553588867,0.031549930572509766,0.03155779838562012,0.03155994415283203,0.03155994415283203],"env":"ABC","ubs":[0.9500000000000698,0.9500000000000698,0.6302494097246554,0.5133420832795424,0.5],"sim_r":null,"sim_rsigma":null,"solver":"SARSOP","env_full":"ABCModel","final_lw":0.5,"timeout":false,"runtime":0.03155994415283203,"final_ub":0.5}