{"lbs":[0.475,0.475,0.475,0.475,0.475,0.475,0.475],"times":[0.3193700313568115,0.31940603256225586,0.3194160461425781,0.31942319869995117,0.3194241523742676,0.3194260597229004,0.3194270133972168],"env":"ABC","ubs":[0.9500000000001757,0.9500000000001757,0.9500000000001757,0.9500000000001757,0.48767497911561974,0.48767497911561974,0.475],"sim_r":null,"sim_rsigma":null,"solver":"SARSOP","env_full":"ABCModel","final_lw":0.475,"timeout":false,"runtime":0.3194270133972168,"final_ub":0.475}