{"env_full":"RockSample (10)","timeout":true,"ubs":[26.46451577489251],"runtime":3607.5628349781036,"solver":"EBIB-SARSOP","final_ub":26.46451577489251,"lbs":[9.135172474836407],"env":"RockSample10","times":[3607.5628349781036],"final_lw":9.135172474836407}