{"env_full":"TigerGrid","timeout":true,"ubs":[2.633052463597577],"runtime":728.8856821060181,"solver":"EBIB-SARSOP","final_ub":2.633052463597577,"lbs":[0.0],"env":"SparseTigerGrid","times":[728.8856821060181],"final_lw":0.0}