{"lbs":[0.008857506748021169,0.014622631295219356,0.10562083793382987,0.11756477370000418,0.2511776714152486,0.2511776714152486,0.27878285057899765,0.27878285057899765,0.27878285057899765,0.27878285057899765,0.3363355750416436,0.3363355750416436,0.3363355750416436,0.34984681618703817,0.36467781631694957,0.3715830354745202,0.37545253106043724,0.382089818835598,0.38358267170338],"times":[0.24245905876159668,0.2424759864807129,0.2425220012664795,0.24253416061401367,0.2426741123199463,0.24268102645874023,0.24277496337890625,0.2427821159362793,0.2428281307220459,0.24283599853515625,0.2429640293121338,0.2429800033569336,0.24298596382141113,0.24319100379943848,0.24331212043762207,0.24347209930419922,0.24365711212158203,0.24378609657287598,0.2440171241760254],"env":"FrozenLake4","ubs":[0.41450816098633403,0.41450816098633403,0.41719176250700307,0.41634098717784945,0.41626016352157985,0.41450816098633403,0.41450816098633403,0.3977176387969136,0.3977176387969136,0.3952817427817166,0.3952817427817166,0.3952817427817166,0.38625674278171385,0.38625674278171385,0.38625674278171385,0.38625669166253085,0.38625669166253085,0.38625669078596464,0.38625669078596464],"sim_r":null,"sim_rsigma":null,"solver":"EBIB-SARSOP","env_full":"Frozen Lake (4)","final_lw":0.38358267170338,"timeout":false,"runtime":0.2440171241760254,"final_ub":0.38625669078596464}