{"lbs":[0.018288843441564832,0.3949568038010687,0.5612017427356253,0.5746679509536656,0.5774593319152145,0.5782647074527791,0.5782647074527791,0.5927997862846385,0.595820959510781,0.5991652534765113,0.6001162704364286,0.6001162704364286,0.6001162704364286,0.6041975627423299,0.6051875812031108,0.6074525438665666,0.6080100370452538,0.6104533936358767,0.6104533936358767,0.6104533936358767,0.6104533936358767,0.6104533936358767,0.6104533936358767,0.6104533936358767,0.6116245869122775,0.6119646076264852,0.612114647727985,0.6127631157078791,0.6138382253819078,0.6138382253819078,0.6138382253819078,0.6138382253819078,0.6138382253819078,0.6138382253819078,0.614147625134678,0.614147625134678,0.614147625134678,0.6142269001490857,0.6142269001490857,0.6142269001490857,0.6142269001490857,0.6142269001490857,0.6142269001490857,0.6142489338535041,0.6142489338535041,0.6142489338535041,0.6142556370810037,0.6142556370810037,0.6142556370810037,0.6142588395859114,0.6142596164327389,0.6142598051725753,0.6142598051725753,0.6142598051725753,0.6142598509879927,0.6142599217240355,0.6142599217240355,0.6142599444285816,0.6142599444285816,0.6142599444285816],"times":[0.5257930755615234,0.5595700740814209,0.5603840351104736,0.5669281482696533,0.568061113357544,0.5693490505218506,0.5706751346588135,0.5717790126800537,0.5719699859619141,0.5733239650726318,0.5737261772155762,0.5797340869903564,0.5803639888763428,0.5826830863952637,0.5831990242004395,0.586219072341919,0.5866961479187012,0.5897781848907471,0.5911200046539307,0.5913190841674805,0.5939810276031494,0.5946431159973145,0.5954470634460449,0.5999140739440918,0.6008341312408447,0.605100154876709,0.6064910888671875,0.6104459762573242,0.6180200576782227,0.6186280250549316,0.6196401119232178,0.6243991851806641,0.6249690055847168,0.6253511905670166,0.6259281635284424,0.63185715675354,0.6323981285095215,0.6330239772796631,0.6335411071777344,0.6338591575622559,0.6345250606536865,0.6415491104125977,0.641880989074707,0.6423730850219727,0.643632173538208,0.644050121307373,0.6451330184936523,0.6523761749267578,0.6561241149902344,0.6635570526123047,0.6642282009124756,0.6646959781646729,0.6652851104736328,0.6659560203552246,0.666560173034668,0.6736869812011719,0.6740701198577881,0.6748940944671631,0.6761960983276367,0.6773760318756104],"env":"FrozenLake4","ubs":[0.6643252160337838,0.6643252160337838,0.6621564595971778,0.6553223351828544,0.6533853660447133,0.6511051462228017,0.64608345745849,0.6430510950397065,0.6427165670629026,0.6427165670629026,0.6411051462228017,0.6401592941538298,0.6377726655352541,0.6337774386134548,0.6322605367231557,0.6322605367231557,0.6319603349434202,0.6319603349434202,0.6319603349434202,0.6304673928787793,0.6279519631599649,0.6279491294057487,0.6273217855407497,0.6271244539674742,0.6271051134999774,0.6270698039436823,0.6270663432540698,0.6270069169666674,0.6269704479186395,0.6259919095500133,0.625335013261933,0.6250238116258492,0.6247885138975996,0.6247387129004152,0.6247074314616682,0.6246271420512091,0.6239335180118191,0.623576244302144,0.6233588972236827,0.6233375950365226,0.6232799160202783,0.623180062341598,0.6229052972455918,0.6227174044704789,0.6226279916586139,0.6221522750120169,0.6219255380932525,0.6218566906193114,0.6218417142823981,0.6218402464516174,0.6217322619521137,0.6217322619521137,0.6217322619521137,0.6213541798435251,0.6213222721048204,0.621282088999887,0.6209530757430912,0.6206621239010355,0.6206009735337438,0.619773692992722],"sim_r":null,"sim_rsigma":null,"solver":"SARSOP","env_full":"Frozen Lake (4)","final_lw":0.6142599444285816,"timeout":false,"runtime":0.6773760318756104,"final_ub":0.619773692992722}