{"env_full":"RockSample ()","timeout":false,"ubs":[23.477955219957856,23.477955219957856,23.477955219956037,23.477955219955142,23.466067844330496,23.456032796545355,23.454299342462974,23.454299342462974,23.454299342462974,23.454299342462086,23.44585159312102,23.44253084059369,23.430326730586113,23.418319280461116,23.361430598624203,23.322204624540827,23.29772199518382,23.29267566775738],"runtime":210.14136600494385,"solver":"BIB-SARSOP","final_ub":23.29267566775738,"lbs":[9.605960099999999,18.76926690427999,19.853952139149143,23.064728902885317,23.064728902885317,23.064728902885317,23.064728902885317,23.064728902885317,23.064728902885317,23.064728902885317,23.064728902885317,23.064728902885317,23.064728902885317,23.064728902885317,23.064728902885317,23.064728902885317,23.064728902885317,23.064728902885317],"env":"RockSample5","times":[210.13729310035706,210.13758397102356,210.13789892196655,210.13820695877075,210.13840198516846,210.13867211341858,210.13889598846436,210.1390950679779,210.13933801651,210.1395239830017,210.13982510566711,210.1400430202484,210.14014291763306,210.14028310775757,210.1405520439148,210.1406581401825,210.1409900188446,210.14136600494385],"final_lw":23.064728902885317}