{"env_full":"Frozen Lake (4)","timeout":false,"ubs":[0.9279642423857277,0.9279642423857277,0.9279608959476751,0.9279595546899646,0.9279595546899646,0.9279582399918129,0.9279567537165062,0.9279552968723936,0.9279552968723936,0.9279552968723936],"runtime":4.543280124664307,"solver":"EBIB-SARSOP","final_ub":0.9279552968723936,"lbs":[0.0,0.5672034262109531,0.7901860528299047,0.8300032357446755,0.8690319595929166,0.882053633385248,0.8948174522509986,0.905983869833351,0.9169291702358546,0.919204918654105],"env":"FrozenLake4","times":[4.442886114120483,4.445541143417358,4.44805908203125,4.467034101486206,4.476812124252319,4.487642049789429,4.499330997467041,4.521149158477783,4.534775972366333,4.543280124664307],"final_lw":0.919204918654105}