{"env_full":"SparseHallway2","timeout":true,"ubs":[5.466544699167559,5.466544699167559,5.466544699167559,5.466473509041908,5.466473509041908,5.466473509041908,5.466473509041908,5.466473509041908,5.466473509041908,5.466473509041908,5.466473509041908,5.466473509041908,5.466473509041908,5.466473509041908,5.466473509041908,5.466473509041908,5.466473509041908,5.466473509041908,5.466473509041908,5.466473509041908,5.466473509041908,5.466473509041908,5.466473509041908,5.466473509041908,5.466473509041908,5.466473509041908,5.466473509041908,5.466473509041908,5.466473509041908,5.466473509041908,5.466473509041908,5.466473509041908,5.466473509041908,5.466473509041908,5.466473509041908,5.466473509041908,5.466473509041908,5.466473509041908,5.466473509041908,5.466473509041908,5.466473509041908,5.466473509041908,5.466473509041908,5.466473509041908,5.466473509041908,5.466473509041908,5.466473509041908,5.466473509041908,5.466473509041908,5.466473509041908,5.466473509041908,5.466473509041908,5.466473509041908,5.466473509041908,5.466473509041908,5.466473509041908,5.466473509041908,5.466473509041908,5.466473509041908,5.466473509041908,5.466473509041908,5.466473509041908,5.466473509041908,5.466473509041908,5.466473509041908,5.466473509041908,5.466473509041908,5.466473509041908,5.466473509041908,5.466473509041908,5.466473509041908,5.466473509041908,5.466473509041908,5.466473509041908,5.466473509041908,5.466473509041908,5.466473509041908,5.466473509041908,5.466473509041908,5.466473509041908,5.466473509041908,5.466473509041908,5.466473509041908,5.466473509041908,5.466473509041908,5.466473509041908,5.466473509041908,5.466473509041908,5.466473509041908,5.466473509041908,5.466473509041908,5.466473509041908,5.466473509041908,5.466473509041908,5.466473509041908,5.466473509041908,5.466473509041908,5.466473509041908,5.466473509041908,5.466473509041908,5.466473509041908,5.466473509041908,5.466473509041908,5.466473509041908,5.466473509041908,5.466473509041908,5.466473509041908,5.466473509041908,5.466473509041908,5.466473509041908,5.466473509041908,5.466473509041908,5.466473509041908,5.466473509041908,5.466473509041908,5.466473509041908,5.466473509041908,5.466473509041908,5.466473509041908,5.466473509041908],"runtime":3224.1964559555054,"solver":"BIB-SARSOP","final_ub":5.466473509041908,"lbs":[0.0006004860303106669,0.10524676648296241,0.2189227322444383,0.31014459724359,0.3773720296424269,0.4351991526690834,0.4636993621156832,0.4906643328426631,0.5135447242662965,0.5428497817334537,0.5577899314812294,0.5831339090805651,0.603352333848535,0.6235079570864901,0.6511554271327734,0.6733281724922242,0.6862347269466912,0.7037265691571807,0.7198308379950333,0.732374312323562,0.7473874372162728,0.7573588625088127,0.7700925935087231,0.7781547826756141,0.788211852223613,0.8022758382773281,0.8132450043361135,0.8234857801342252,0.8313565774081901,0.8417279115076358,0.8486020377261607,0.8578432052715235,0.8639542506079727,0.8686204891341178,0.8791976089008258,0.8832602563466155,0.8861336798977861,0.8899013842372998,0.8939788828264,0.9006567998386901,0.9058274990458921,0.9103741630729063,0.913717259594264,0.9173383371173232,0.9233431589185861,0.9271852029595221,0.9299140899709749,0.9314427864279089,0.9331430934484761,0.934884815293083,0.9368788950000808,0.9381003762456128,0.9394156005317336,0.9405419648911076,0.9424904932271048,0.9436399932911336,0.9448884694236017,0.9456889361283891,0.9463886885334791,0.9472303787173164,0.9490354742162859,0.9501085540249081,0.9513806840637002,0.9522706012997724,0.9534655587974277,0.9543199538987468,0.9551402152982966,0.9564487055815591,0.9594297205530109,0.9608562441107762,0.9624686078914735,0.9634866409375986,0.9641149208659823,0.9649881402908317,0.9656165444463849,0.9659050992307008,0.9664303727896938,0.9668570241546517,0.9672155122601334,0.9676973246102684,0.9680662368178454,0.9685806834158825,0.9690205800506536,0.9693473831364616,0.9696733526529853,0.9711413109235958,0.9769249372232451,0.993121615474353,1.0030803203650365,1.0097418845013753,1.014799393810757,1.0195743383678302,1.0220144951215941,1.0242036849578189,1.0256739795214873,1.026654531982728,1.027360397164002,1.0282014156916857,1.0289125116786284,1.0300639080054634,1.0308830673014944,1.0316921115365312,1.0324411414997803,1.0332231513896435,1.0340596820190058,1.0349317006850187,1.0371496929425492,1.0383179315470958,1.0392772254823168,1.0401439401831072,1.0408633774189389,1.0416273564565237,1.0445928868656829,1.0494037254888977,1.0604968212112678,1.0681713206396555,1.0724303199929528,1.0755286924796867,1.0783759950585137,1.0805176864864499],"env":"SparseHallway2","times":[520.3854629993439,522.2798171043396,523.9827761650085,525.8205511569977,527.8974070549011,530.1407511234283,532.6701190471649,535.2492461204529,538.0773561000824,541.1310331821442,544.6340131759644,548.1080460548401,551.9357299804688,555.8812491893768,560.5518341064453,565.4310159683228,570.594043970108,576.5891070365906,583.6989691257477,590.9875249862671,598.735386133194,606.7458920478821,615.5094239711761,623.2538540363312,632.6700751781464,642.1200981140137,652.6496360301971,663.2937381267548,674.4314260482788,686.6555421352386,698.884199142456,711.8074250221252,725.0957169532776,738.4890160560608,752.6266210079193,767.8110589981079,781.7706830501556,796.5902030467987,812.3362350463867,827.7259349822998,843.7291440963745,861.0666110515594,877.8356540203094,895.2272970676422,914.0737211704254,931.7248630523682,949.7315690517426,969.9345090389252,988.5559251308441,1008.3395099639893,1027.245360136032,1048.2116589546204,1068.362960100174,1088.8022241592407,1110.2448389530182,1133.3493490219116,1155.0880651474,1177.5273900032043,1200.466027021408,1224.6223740577698,1247.3809340000153,1270.6794800758362,1294.2079710960388,1318.267646074295,1343.5436000823975,1368.6741499900818,1392.7448720932007,1417.446988105774,1443.139633178711,1471.019819021225,1496.9200270175934,1523.6658191680908,1550.5360250473022,1577.65247797966,1607.6062870025635,1635.4276931285858,1664.1479849815369,1692.4085881710052,1722.2405700683594,1751.3372039794922,1783.8358550071716,1814.6232280731201,1845.6193931102753,1875.7998051643372,1906.3632271289825,1936.7217111587524,1971.1749920845032,2003.1227431297302,2035.6178719997406,2068.6798491477966,2101.6338319778442,2135.17133808136,2171.726828098297,2205.184803009033,2238.9065651893616,2273.753494977951,2308.905783176422,2344.7458510398865,2381.116837978363,2420.520136117935,2456.9054391384125,2493.1856331825256,2529.7524449825287,2566.3371851444244,2604.1660420894623,2641.4926221370697,2684.5054290294647,2722.907588005066,2761.6848759651184,2801.1237251758575,2842.106089115143,2882.9723069667816,2922.596002101898,2962.5213661193848,3009.079758167267,3049.974783182144,3092.7310721874237,3135.6866750717163,3180.5685679912567,3224.1964559555054],"final_lw":1.0805176864864499}