{"env_full":"ABCModel","timeout":false,"ubs":[0.583015000000044,0.583015000000044,0.583015000000044,0.583015000000044,0.475],"runtime":3.082679033279419,"solver":"BIB-SARSOP","final_ub":0.475,"lbs":[0.475,0.475,0.475,0.475,0.475],"env":"ABC","times":[3.082629919052124,3.0826659202575684,3.082672119140625,3.0826780796051025,3.082679033279419],"final_lw":0.475}