{"env_full":"K-out-of-N (3)","timeout":true,"ubs":[-2.2784474814427154],"runtime":348.79650497436523,"solver":"EBIB-SARSOP","final_ub":-2.2784474814427154,"lbs":[-14.999999999999986],"env":"K-out-of-N3","times":[348.79650497436523],"final_lw":-14.999999999999986}