{"lbs":[0.0],"times":[3601.563695907593],"env":"fourth","ubs":[0.0853827833366925],"sim_r":null,"sim_rsigma":null,"solver":"ETIB-SARSOP","env_full":"fourth","final_lw":0.0,"timeout":true,"runtime":3601.563695907593,"final_ub":0.0853827833366925}