{"env_full":"Frozen Lake (4)","timeout":false,"ubs":[0.9420846263050595,0.9420846263050595,0.9378908236461563,0.9335654655481311,0.9335654655481311,0.9327570557475837,0.9314918789689152],"runtime":3.478898048400879,"solver":"SARSOP","final_ub":0.9314918789689152,"lbs":[0.0,0.9019528052284368,0.9019528052284368,0.9107905813635597,0.9217088924012082,0.9229980448614798,0.9236361753293143],"env":"FrozenLake4","times":[3.379431962966919,3.3856070041656494,3.403977155685425,3.428011178970337,3.445312023162842,3.478235960006714,3.478898048400879],"final_lw":0.9236361753293143}