{"env_full":"Tiger","timeout":false,"ubs":[87.0980496426884,87.0980496426884,77.7850273555729,74.96384962803327,69.11551472328358,65.20293138241749,63.69583721575489,60.553674081385424,58.16579488382939,54.977393633100014,53.303557119029115,49.670463393602105,47.61170680028883,47.21565800727421,45.079343429972624,43.344933302072505,43.098049642688395,43.098049642688395,42.05859894891342,41.03231875432478,39.98688130805309,39.76509076194278,38.79304542337637,38.34784697876228,37.21119109623629,36.120906701005964,35.55960358670532,35.13962953595542,34.55605477821081,34.051019119074226,33.8586028612615,33.46512445176,31.770374824228988,31.162178200963258,30.85935260400504,29.6118869905332,29.030051053037223,28.661239377841696,28.31508173319656,27.970218370864444,27.699357373049356,27.462628467654664,26.389767408134,26.310101596747103,26.017203823360763,25.863718760301026,25.64631944763036,25.36644435046266,24.594656724516817,24.46851297789139,24.344541855466105,23.781465206379842,23.54911624646197,23.448742174253802,23.028258450777283,22.830442954047836,22.725066320654754,22.665770284263264,22.173243631713703,22.0025149473418,21.548072810375324,21.367994551439246,20.959334213701432,20.959334213701432,20.83752154968447,20.56530651404341,20.526935503613153,20.470454559448655,20.372671613252795,20.36447991617113,20.329802155055724,20.174712924715678,20.14568359822497,20.13668980840027,20.087782476773825,19.928520273816076,19.928520273816076,19.834661127545488,19.818131689704806,19.765333340867834,19.763507018849477,19.740760901720805,19.692015241352852,19.651068094720102,19.59641440441671,19.59641440441671,19.59387101553806,19.590787027134766,19.58692307460464,19.57829672518038,19.535711662459697],"runtime":0.3063201904296875,"solver":"SARSOP","final_ub":19.535711662459697,"lbs":[-19.999999999999982,-10.77798724525706,-7.964090794870497,-2.3801147957169526,0.8750254055571952,3.875001037597943,6.493587538494678,8.696777308670935,10.288639595753715,11.779996345025335,13.056839886144147,13.448780834121548,14.173769132049966,15.014506352427624,15.675270374782347,15.962333316120404,15.962333316120404,15.962333316120404,16.42461689655204,16.837414609466,16.99032565062901,17.342863956006365,17.562451843976124,17.861230264316262,18.115627860682935,18.16975747212914,18.319217774250767,18.368725995308377,18.478682186194554,18.547960054817302,18.625826667662288,18.816053899504666,18.863836231061576,18.90962429322019,18.9942522165638,19.023513191552638,19.05641114555717,19.083415528943046,19.109439556557376,19.13247726914644,19.15379169755579,19.206721451480675,19.221345327843103,19.227698538399878,19.24377616322922,19.250760941632855,19.263540288464817,19.289171562400206,19.296576577264716,19.303166095934905,19.3165339764483,19.32234153099093,19.326246799397687,19.336608765511013,19.33980298756618,19.342554081142872,19.345136969639707,19.351836474006774,19.35355506777279,19.357895661295373,19.358714900264474,19.361587995485454,19.361859523845073,19.362028734851748,19.363807054527072,19.364036691297024,19.365372301792632,19.36641057734805,19.366861646753726,19.367057609769205,19.368259734051325,19.36840670383997,19.368731182902273,19.3688721498903,19.369442287239846,19.36949276509882,19.370004725576067,19.370072087618812,19.370321418304925,19.370429737761953,19.37058583366709,19.37075469594439,19.370844812930272,19.370965787816836,19.370975088710694,19.370979129399736,19.370980884840474,19.371030929174026,19.371053433116533,19.371125537287888,19.37113174758716],"env":"Tiger","times":[0.29259705543518066,0.2926621437072754,0.2927281856536865,0.29277706146240234,0.2928609848022461,0.2929270267486572,0.2930130958557129,0.2931041717529297,0.2931861877441406,0.2932610511779785,0.29334306716918945,0.29341697692871094,0.29366302490234375,0.29381799697875977,0.29391908645629883,0.2940089702606201,0.29402613639831543,0.29404401779174805,0.294173002243042,0.2943401336669922,0.2944331169128418,0.294572114944458,0.29465317726135254,0.2948141098022461,0.29496097564697266,0.2950441837310791,0.2951850891113281,0.2953071594238281,0.29538917541503906,0.29554200172424316,0.2956211566925049,0.295773983001709,0.2958660125732422,0.2960059642791748,0.296144962310791,0.2962770462036133,0.2963731288909912,0.29651403427124023,0.29659318923950195,0.29671216011047363,0.2967860698699951,0.29691410064697266,0.2969791889190674,0.29701900482177734,0.2971329689025879,0.2972261905670166,0.2972719669342041,0.2973911762237549,0.29746198654174805,0.2975499629974365,0.2977330684661865,0.2978050708770752,0.2978661060333252,0.29801416397094727,0.29808712005615234,0.29815006256103516,0.29822301864624023,0.29836511611938477,0.29843807220458984,0.29856300354003906,0.29866909980773926,0.2996501922607422,0.2997579574584961,0.2999391555786133,0.30016207695007324,0.3002481460571289,0.3008430004119873,0.3009510040283203,0.3010420799255371,0.3011319637298584,0.3013420104980469,0.3014709949493408,0.30153918266296387,0.3016080856323242,0.3028090000152588,0.3029301166534424,0.3032569885253906,0.30343198776245117,0.3037421703338623,0.30388808250427246,0.3040139675140381,0.304246187210083,0.30440711975097656,0.3050501346588135,0.3051590919494629,0.3052511215209961,0.3053271770477295,0.3054990768432617,0.305556058883667,0.3062100410461426,0.3063201904296875],"final_lw":19.37113174758716}