{"lbs":[0.475,0.475,0.475,0.475,0.475],"times":[0.014191865921020508,0.014215946197509766,0.014219045639038086,0.014221906661987305,0.014221906661987305],"env":"ABC","ubs":[0.5830150000000109,0.5830150000000109,0.5830150000000109,0.5830150000000109,0.475],"sim_r":null,"sim_rsigma":null,"solver":"BIB-SARSOP","env_full":"ABCModel","final_lw":0.475,"timeout":false,"runtime":0.014221906661987305,"final_ub":0.475}