{"env_full":"Frozen Lake (4)","timeout":false,"ubs":[0.9470518550550935,0.9470518550550935,0.9429944201032289,0.9387984973461506,0.9387984973461506,0.9376543668772255,0.9347306002042364],"runtime":7.508683919906616,"solver":"SARSOP","final_ub":0.9347306002042364,"lbs":[0.0,0.8998064807282333,0.8998064807282333,0.9097491889662086,0.9211933516104405,0.9255920319891758,0.9259723605784967],"env":"FrozenLake4","times":[7.36424994468689,7.422914028167725,7.441924810409546,7.464366912841797,7.48064398765564,7.50782585144043,7.508683919906616],"final_lw":0.9259723605784967}