{"lbs":[0.008857506748021169,0.2547154508528647,0.33464195607744446,0.3680614683007489,0.37751366250489937,0.38157223692624004,0.3841540291582974],"times":[0.751133918762207,0.7513768672943115,0.7515289783477783,0.7518930435180664,0.7520918846130371,0.7524189949035645,0.7525458335876465],"env":"FrozenLake4","ubs":[0.38625977297362724,0.38625977297362724,0.38625977297362724,0.38625977297362724,0.3862572585041817,0.3862570024626038,0.386256959345739],"sim_r":null,"sim_rsigma":null,"solver":"BIB-SARSOP","env_full":"Frozen Lake (4)","final_lw":0.3841540291582974,"timeout":false,"runtime":0.7525458335876465,"final_ub":0.386256959345739}