{"lbs":[9.605960099999999,18.76926690427999,19.762929611467992,20.746655691584117,20.746655691584117,21.911516601785728,23.064728902885317,23.064728902885317,23.064728902885317,23.064728902885317,23.064728902885317,23.064728902885317,23.064728902885317,23.064728902885317,23.064728902885317,23.064728902885317,23.064728902885317,23.064728902885317,23.064728902885317],"times":[14.113399028778076,14.179012060165405,14.179810047149658,14.180279970169067,14.180371046066284,14.181004047393799,14.181106090545654,14.181673049926758,14.182178020477295,14.18271517753601,14.18343210220337,14.183988094329834,14.18454909324646,14.184767007827759,14.185084104537964,14.18569302558899,14.185933113098145,14.186649084091187,14.187442064285278],"env":"RockSample5","ubs":[23.47795936366106,23.47795936366106,23.47795936366106,23.47795936366106,23.47795936366106,23.47795936366106,23.466071926189308,23.45430344473095,23.454303424115643,23.45430340370649,23.442534922248132,23.430884084990144,23.43088404437593,23.430330853674015,23.418323403549014,23.360557087413756,23.322712121887022,23.299311766039455,23.29093335981313],"sim_r":22.99895967747692,"sim_rsigma":8.09891704574041,"solver":"SARSOP","env_full":"RockSample ()","final_lw":23.064728902885317,"timeout":false,"runtime":14.187442064285278,"final_ub":23.29093335981313}