{"env_full":"Frozen Lake (4)","timeout":false,"ubs":[0.7049223846794803,0.7049223846794803,0.697078167241608,0.6966087656036071,0.6961637011341811,0.6961637011341358,0.6961636878866091,0.6937078571269666,0.6937021919066935,0.6914980373939048],"runtime":3.343622922897339,"solver":"BIB-SARSOP","final_ub":0.6914980373939048,"lbs":[0.0,0.470281909423828,0.5595431348576168,0.6179071772872179,0.6419723352538114,0.6637466625510077,0.669975752383499,0.6863130929368499,0.6863130929368499,0.687289708260539],"env":"FrozenLake4","times":[3.335581064224243,3.335983991622925,3.336611032485962,3.337146043777466,3.3389570713043213,3.33988094329834,3.3410470485687256,3.3425281047821045,3.342607021331787,3.343622922897339],"final_lw":0.687289708260539}