{"lbs":[0.475,0.475,0.475,0.475,0.475],"times":[0.04204392433166504,0.042062997817993164,0.04206681251525879,0.04206991195678711,0.042070865631103516],"env":"ABC","ubs":[0.5830150000000109,0.5830150000000109,0.5830150000000109,0.5830150000000109,0.475],"sim_r":null,"sim_rsigma":null,"solver":"BIB-SARSOP","env_full":"ABCModel","final_lw":0.475,"timeout":false,"runtime":0.042070865631103516,"final_ub":0.475}