{"lbs":[-19.999999999999982,-19.999999999999982,-19.999999999999982,-17.247290390624986,-13.330880592603144,-9.661907378317487,-5.970734672157295,-3.6684162431493346,-1.6477042603497967,0.8183451830414183,2.598313446654492,2.9760022651896842,4.290798284622773,5.89279405915433,7.068104409108332,8.31585668548457,9.573413216254071,10.490585896864836,11.256560084702546,11.450237690921327,12.071929468999933,12.758929852987901,13.057390943870494,13.755604109787905,14.188600208294213,14.680043821639142,15.127871550045878,15.582884187367421,16.035683203808247,16.358387547242934,16.63362847534202,16.873019870866827,16.962954175413376,16.98130775964455,17.183280580753255,17.394006161115193,17.59290718966794,17.81642295024021,17.956199776398066,18.1301355047163,18.250233687045707,18.351088353310672,18.43604072279539,18.55305226711387,18.61732578901669,18.679983109632722,18.766503967401167,18.831340222026242,18.882535760305927,18.925931990006156,18.980197741615882,19.010937816033753,19.025790510156888,19.05599958099414,19.074886516888085,19.11132708153452,19.13945427076714,19.166327500592857,19.18929342580344,19.210052354892927,19.228278072780903,19.244520714325606,19.25888486220112,19.271638293685584,19.282938487268197,19.292961591803454,19.30184711327066,19.30802777105812,19.31284812539758,19.320120291116936,19.32568128262337,19.330948980849133,19.335486407441756,19.338718244731332,19.341616641796303,19.344850224200638],"times":[4.990396022796631,4.990617990493774,4.990952014923096,4.991511106491089,4.992410898208618,4.993709087371826,4.995112895965576,4.99527907371521,4.995388984680176,4.995996952056885,4.996169090270996,4.9962239265441895,4.997698068618774,4.998047113418579,4.999897003173828,5.000307083129883,5.000555992126465,5.000700950622559,5.000861883163452,5.000936031341553,5.001028060913086,5.001194000244141,5.001286029815674,5.0014519691467285,5.001651048660278,5.0018439292907715,5.002048015594482,5.002230882644653,5.004244089126587,5.004415035247803,5.00463604927063,5.004870891571045,5.0049920082092285,5.0051140785217285,5.005254030227661,5.005429029464722,5.005592107772827,5.007807970046997,5.008016109466553,5.010251998901367,5.010421991348267,5.010623931884766,5.010848045349121,5.013274908065796,5.013523101806641,5.016164064407349,5.018697023391724,5.019967079162598,5.020216941833496,5.021542072296143,5.022846937179565,5.023029088973999,5.026241064071655,5.02642297744751,5.026652097702026,5.029773950576782,5.031213045120239,5.0326008796691895,5.034030914306641,5.035408973693848,5.036818981170654,5.038212060928345,5.039623975753784,5.041008949279785,5.0424230098724365,5.043804883956909,5.045231103897095,5.045459032058716,5.045707941055298,5.0987420082092285,5.10019588470459,5.1016929149627686,5.1031410694122314,5.103319883346558,5.103754997253418,5.103920936584473],"env":"Tiger","ubs":[45.06961860347886,45.06961860347886,38.62748543450869,38.627351678555726,37.3240908656622,36.050399913096314,35.563858340665874,34.905541615311854,34.82978993262127,34.23035386600401,32.555679341677376,32.2940002786157,32.2940002786157,31.055613297289444,31.055613297289444,30.493837347125307,30.493837347125307,29.09527189140332,29.01535137828187,28.45669652417022,27.74451264955902,27.295026561007184,27.097070934689405,26.629957155191605,26.50170664764911,26.433198823344743,26.354254998890234,26.22523215131952,26.094201294944376,25.47259423361446,25.039221991490038,24.920390389474086,24.757727937483114,24.420119690326445,24.19899724669528,23.855342972927176,23.546293076562037,23.478585274540613,22.858485848199248,22.818970552802995,22.342201070271685,22.174207606414853,22.146169765947427,21.91576087282423,21.58050970349536,21.578577225465935,21.369650229720026,21.116649831429278,20.949363681755962,20.949363681755962,20.771631727402827,20.628301652623385,20.628301652623385,20.50864062665295,20.50864062665295,20.477583911376847,20.3144048156542,20.232333412802497,20.134385919139483,20.05668075906894,19.983183515185942,19.919057541006637,19.86105086094568,19.809430433803847,19.763153678335748,19.72180510378152,19.684804464333112,19.651716947991638,19.651716947991638,19.636191087689802,19.597653974158316,19.57803384972271,19.554493639675705,19.53585608677904,19.53585608677904,19.518407678104985],"sim_r":null,"sim_rsigma":null,"solver":"EBIB-SARSOP","env_full":"Tiger","final_lw":19.344850224200638,"timeout":false,"runtime":5.103920936584473,"final_ub":19.518407678104985}