{"env_full":"Frozen Lake (10)","timeout":true,"ubs":[0.5005187984723732],"runtime":13.531795978546143,"solver":"EBIB-SARSOP","final_ub":0.5005187984723732,"lbs":[0.0],"env":"FrozenLake10","times":[13.531795978546143],"final_lw":0.0}