{"lbs":[-19.999999999999982,-10.77798724525706,-7.964090794870497,-2.3801147957169526,0.8750254055571952,3.875001037597943,6.493587538494678,8.696777308670935,10.288639595753715,11.779996345025335,13.056839886144147,13.448780834121548,14.173769132049966,15.014506352427624,15.675270374782347,15.962333316120404,15.962333316120404,15.962333316120404,16.42461689655204,16.837414609466,16.99032565062901,17.342863956006365,17.562451843976124,17.861230264316262,18.115627860682935,18.16975747212914,18.319217774250767,18.368725995308377,18.478682186194554,18.547960054817302,18.625826667662288,18.816053899504666,18.863836231061576,18.90962429322019,18.9942522165638,19.023513191552638,19.05641114555717,19.083415528943046,19.109439556557376,19.13247726914644,19.15379169755579,19.206721451480675,19.221345327843103,19.227698538399878,19.24377616322922,19.250760941632855,19.263540288464817,19.289171562400206,19.296576577264716,19.303166095934905,19.3092458942036,19.320690968762023,19.325029831236364,19.334101009424955,19.340502170279073,19.34282962318236,19.343840764003655,19.347010851762576,19.348388067660522,19.35438666917367,19.355844854260585,19.359638184826288,19.36263497645828,19.363011890031046,19.365093215725857,19.3664750208131,19.367195615356348,19.36787874400434,19.368175523054607,19.368304456023438,19.368650177560646,19.369503571035604,19.369650083681996,19.36997229084008,19.370208074918764,19.370404712909846,19.370490140503037,19.370621416461667,19.370744133134096,19.370797446280314,19.370849143956022,19.370914584585925,19.371018019123824,19.371027390400887,19.371089754450267,19.371138057163872,19.371172258997383,19.371202689493785,19.37121590974717,19.371230157271675,19.37125096916926,19.371277009715264,19.371290477882816],"times":[0.003657102584838867,0.03697395324707031,0.03708195686340332,0.03715109825134277,0.03726506233215332,0.03735494613647461,0.03748202323913574,0.03761100769042969,0.03772711753845215,0.037835121154785156,0.03795289993286133,0.0380549430847168,0.03837990760803223,0.03860902786254883,0.038748979568481445,0.03887510299682617,0.03889799118041992,0.03892397880554199,0.03910207748413086,0.03933596611022949,0.03946399688720703,0.03964996337890625,0.03976297378540039,0.03998708724975586,0.04018998146057129,0.04030299186706543,0.0404970645904541,0.04067111015319824,0.04078412055969238,0.04098701477050781,0.04110407829284668,0.041316986083984375,0.041441917419433594,0.04163503646850586,0.04182910919189453,0.04201102256774902,0.04213404655456543,0.042326927185058594,0.042426109313964844,0.042584896087646484,0.04267096519470215,0.0428469181060791,0.04293489456176758,0.04298901557922363,0.04313802719116211,0.043261051177978516,0.0433199405670166,0.04347991943359375,0.043569087982177734,0.04368305206298828,0.04375004768371582,0.043946027755737305,0.044039011001586914,0.04429006576538086,0.04444003105163574,0.04452705383300781,0.04460501670837402,0.04471993446350098,0.04481911659240723,0.04501795768737793,0.04510211944580078,0.04527592658996582,0.04542994499206543,0.045516014099121094,0.04570889472961426,0.045838117599487305,0.04641294479370117,0.04652690887451172,0.04659605026245117,0.046668052673339844,0.046801090240478516,0.04817795753479004,0.048293113708496094,0.0485379695892334,0.04873490333557129,0.0489499568939209,0.04914593696594238,0.04938101768493652,0.04959297180175781,0.04974508285522461,0.04987907409667969,0.05019402503967285,0.05189990997314453,0.05203604698181152,0.052236080169677734,0.0523989200592041,0.05254507064819336,0.05268502235412598,0.05275392532348633,0.05293703079223633,0.053082942962646484,0.05323600769042969,0.05333709716796875],"env":"Tiger","ubs":[87.19801910939043,87.19801910939043,77.873767190011,75.0496721778378,69.19133866226107,65.2740943775002,63.764604771930074,60.62140816263094,58.23062030345652,55.03726453712072,53.362129781483006,49.72860214302258,47.66851859372707,47.272361220691806,45.1299774070168,43.393105671950465,43.198019109390444,43.198019109390444,42.10628659922424,41.079081672827016,40.03619067141514,39.815306463835,38.84272739844522,38.39793583152955,37.2569784500902,36.16786175839724,35.607067643297306,35.18693244967531,34.60289448933909,34.097846187198485,33.90532187428466,33.508838230636336,31.81164941452878,31.19967441378154,30.89778428111913,29.652292718954044,29.067632776145885,28.695242079569145,28.350515107986887,28.00448587137555,27.733672674843383,27.500482592632935,26.424707275677115,26.344683235327448,26.05241119692217,25.900633381782214,25.683458733389646,25.4000853548158,24.624949202956557,24.50143534469104,24.380423584086444,24.3380737415018,23.816576051790115,23.58454224822754,23.090000780617423,22.67626886924496,22.55711915887938,22.39715646356428,22.261568986274206,22.22361280954217,21.795340255117495,21.70913696870148,21.46449255978044,21.088842430391292,21.06988521514056,20.903171940046633,20.70131568306426,20.589971114578432,20.518577718849947,20.514498761976302,20.43426499239396,20.38078772514328,20.132967612202947,20.132967612202947,20.025624000454464,19.98470063725842,19.93097918120195,19.909383406704805,19.872645145651237,19.83503461118017,19.82840853190271,19.81158510125681,19.77466901621847,19.68928043903704,19.68928043903704,19.677500973028714,19.650121187000213,19.624672471528836,19.604920628527832,19.59834519129138,19.588686920829545,19.573916296226052,19.547744070281045],"sim_r":null,"sim_rsigma":null,"solver":"SARSOP","env_full":"Tiger","final_lw":19.371290477882816,"timeout":false,"runtime":0.05333709716796875,"final_ub":19.547744070281045}