{"env_full":"RockSample ()","timeout":false,"ubs":[23.47795521977625,23.47795521977625,23.47795521977625,23.47795521977625,23.466067844152498,23.456032796363747,23.454299342284987,23.454299342284987,23.454299342284987,23.454299342284987,23.44585159293942,23.442530840417476,23.43032673040451,23.41831928027951,23.36143059844796,23.322204624360626,23.297717945541415,23.291454049459187],"runtime":4.5450239181518555,"solver":"EBIB-SARSOP","final_ub":23.291454049459187,"lbs":[9.605960099999999,18.76926690427999,19.853952139149143,23.064728902885317,23.064728902885317,23.064728902885317,23.064728902885317,23.064728902885317,23.064728902885317,23.064728902885317,23.064728902885317,23.064728902885317,23.064728902885317,23.064728902885317,23.064728902885317,23.064728902885317,23.064728902885317,23.064728902885317],"env":"RockSample5","times":[4.543107986450195,4.54325008392334,4.543401002883911,4.543539047241211,4.543632984161377,4.54377007484436,4.54387092590332,4.54396390914917,4.5440568923950195,4.544139862060547,4.5443220138549805,4.544449090957642,4.544508934020996,4.5445780754089355,4.544705867767334,4.544756889343262,4.54491400718689,4.5450239181518555],"final_lw":23.064728902885317}