{"env_full":"K-out-of-N (3)","timeout":true,"ubs":[-10.19873005489332,-10.19873005489332,-10.19873005489332,-10.19873005489332,-10.19873005489332,-10.19873005489332,-10.19873005489332,-10.19873005489332,-10.19873005489332,-10.204188953035713,-10.205205496569416,-10.207453616554373,-10.207453616554377,-10.207660733444108,-10.21169248395232,-10.21169248395232,-10.211972747900058,-10.21197274790006,-10.21364379107456,-10.215571103703768,-10.215571103703768,-10.218207351443255,-10.21873533960268,-10.22023936696791,-10.221640976327809,-10.22164097632781,-10.223807247080895,-10.223807247080895,-10.224642496147373,-10.224642496147373,-10.226974344924997,-10.226974344924997,-10.22698286748243,-10.228562148771827,-10.228562148771829,-10.228923813244558,-10.228923813244558,-10.229146135959969,-10.229146135959969,-10.229335679167393,-10.229335679167395,-10.229707013144285,-10.23011565488923,-10.23089039488037,-10.231142914380603,-10.238686106961607,-10.240079712316824,-10.243882088303014,-10.243882088303014,-10.243882088303014,-10.243882088303014,-10.243882088303014,-10.243882088303014,-10.243882088303014,-10.243882088303014,-10.243882088303014,-10.245549059793506,-10.247861568722945,-10.248186089340482,-10.250236845169782,-10.250236845169782,-10.251260425816493,-10.251446879638923,-10.251446879638925,-10.25163241272119,-10.252253244514808,-10.252253244514808,-10.252706114475204,-10.252706114475204,-10.253338376403942,-10.253338376403942,-10.253869229826565,-10.25525237197942,-10.255465114738422,-10.2560804287383,-10.256679307042015,-10.256679307042015,-10.258519901640485,-10.258873436812893,-10.263351023504079,-10.263351023504079,-10.263351023504079,-10.263351023504079],"runtime":1818.1974251270294,"solver":"BIB-SARSOP","final_ub":-10.263351023504079,"lbs":[-74.99999999999994,-45.184562442556754,-30.88167468353002,-23.54892603919041,-19.777434431712056,-17.754242737881523,-16.756818867642693,-16.030726867717057,-15.607222034889427,-15.326364044298733,-15.090102599376376,-14.878942802870437,-14.651835280463242,-14.51904161767462,-14.42094794396458,-14.329428192958083,-14.205851663239129,-14.154180624476728,-14.110254068006121,-14.018658316189777,-13.974483806569218,-13.905454125739407,-13.849190031348733,-13.810026966763564,-13.743984694617055,-13.743984694617055,-13.700160225968181,-13.669135757809354,-13.629254353151245,-13.623478889490181,-13.58035107560829,-13.560620985812896,-13.545848838049917,-13.525049536370918,-13.479627880816711,-13.479627880816711,-13.478471568858607,-13.445405391397873,-13.445405391397873,-13.41383731098199,-13.389337138331664,-13.389337138331664,-13.389337138331664,-13.351274626106163,-13.351274626106163,-13.320499697399285,-13.304686173121748,-13.304686173121748,-13.304686173121748,-13.301663174385768,-13.301663174385768,-13.27262512496548,-13.27262512496548,-13.27262512496548,-13.249279163943847,-13.249279163943847,-13.249279163943847,-13.249279163943847,-13.214929199614204,-13.214929199614204,-13.214929199614204,-13.214929199614204,-13.214929199614204,-13.214929199614204,-13.20303599295671,-13.165657881785483,-13.165657881785483,-13.165657881785483,-13.165657881785483,-13.149947034492978,-13.149947034492978,-13.149947034492978,-13.149947034492978,-13.149947034492978,-13.149947034492978,-13.149947034492978,-13.119006102819029,-13.119006102819029,-13.119006102819029,-13.119006102819029,-13.114460920647995,-13.1137517033671,-13.092536349983815],"env":"K-out-of-N3","times":[745.6694531440735,745.9418089389801,746.3612949848175,746.632166147232,746.9400329589844,748.3519101142883,748.7977709770203,749.3249189853668,750.0044341087341,750.7737259864807,751.788488149643,752.7916209697723,755.3847010135651,756.7412140369415,758.2338161468506,759.856477022171,761.6635949611664,763.5388751029968,765.4746241569519,767.528843164444,769.8424501419067,772.2049551010132,774.5717630386353,777.2302851676941,779.8342730998993,782.7287330627441,785.7367491722107,788.8077600002289,792.3448350429535,796.0199429988861,799.4712481498718,806.3332691192627,810.3482480049133,815.5876491069794,821.3721990585327,827.2242901325226,833.7350821495056,841.106920003891,850.1383399963379,858.4729850292206,868.4785730838776,879.1413090229034,890.7707681655884,904.5154180526733,921.3772530555725,941.8753340244293,949.1282839775085,957.3778669834137,966.0142641067505,980.0814759731293,996.6729600429535,1014.5418910980225,1032.993714094162,1050.8888590335846,1071.4192600250244,1092.2113120555878,1113.4155459403992,1132.3282451629639,1155.335384130478,1177.2669141292572,1198.9719729423523,1222.2777869701385,1244.9096529483795,1268.0073010921478,1290.0858881473541,1315.7384021282196,1340.723072052002,1366.5297451019287,1385.4793860912323,1414.1056079864502,1437.2632989883423,1465.3208270072937,1495.6995561122894,1526.753968000412,1556.8989369869232,1588.9938399791718,1619.9271471500397,1651.0470139980316,1682.2337789535522,1714.9490449428558,1753.4897701740265,1784.8096401691437,1818.1974251270294],"final_lw":-13.092536349983815}