{"env_full":"ABCModel","timeout":false,"ubs":[0.6598035026667847,0.6598035026667847,0.6598035026667847,0.6598035026667847,0.502996393158723,0.502996393158723,0.495],"runtime":3.297574996948242,"solver":"BIB-SARSOP","final_ub":0.495,"lbs":[0.495,0.495,0.495,0.495,0.495,0.495,0.495],"env":"ABC","times":[3.2973828315734863,3.297492027282715,3.297534942626953,3.297560930252075,3.2975640296936035,3.2975728511810303,3.297574996948242],"final_lw":0.495}