{"env_full":"SparseHallway1","timeout":true,"ubs":[7.375238001643455],"runtime":678.3281948566437,"solver":"BIB-SARSOP","final_ub":7.375238001643455,"lbs":[0.01980625124262278],"env":"SparseHallway1","times":[678.3281948566437],"final_lw":0.01980625124262278}