{"env_full":"Tiger","timeout":false,"ubs":[87.0980496426884,87.0980496426884,77.7850273555729,74.96384962803327,69.11551472328358,65.20293138241749,63.69583721575489,60.553674081385424,58.16579488382939,54.977393633100014,53.303557119029115,49.670463393602105,47.61170680028883,47.21565800727421,45.079343429972624,43.344933302072505,43.098049642688395,43.098049642688395,42.05859894891342,41.03231875432478,39.98688130805309,39.76509076194278,38.79304542337637,38.34784697876228,37.21119109623629,36.120906701005964,35.55960358670532,35.13962953595542,34.55605477821081,34.051019119074226,33.8586028612615,33.46512445176,31.770374824228988,31.162178200963258,30.85935260400504,29.6118869905332,29.030051053037223,28.661239377841696,28.31508173319656,27.970218370864444,27.699357373049356,27.462628467654664,26.389767408134,26.310101596747103,26.017203823360763,25.863718760301026,25.64631944763036,25.36644435046266,24.594656724516817,24.46851297789139,24.344541855466105,23.781465206379842,23.54911624646197,23.448742174253802,23.028258450777283,22.830442954047836,22.725066320654754,22.665770284263264,22.173243631713703,22.0025149473418,21.548072810375324,21.367994551439246,20.959334213701432,20.959334213701432,20.83752154968447,20.56530651404341,20.526935503613153,20.470454559448655,20.372671613252795,20.36447991617113,20.329802155055724,20.174712924715678,20.14568359822497,20.13668980840027,20.087782476773825,19.928520273816076,19.928520273816076,19.834661127545488,19.818131689704806,19.765333340867834,19.763507018849477,19.740760901720805,19.692015241352852,19.651068094720102,19.59641440441671,19.59641440441671,19.59387101553806,19.590787027134766,19.58692307460464,19.57829672518038,19.535711662459697],"runtime":0.5136501789093018,"solver":"SARSOP","final_ub":19.535711662459697,"lbs":[-19.999999999999982,-10.77798724525706,-7.964090794870497,-2.3801147957169526,0.8750254055571952,3.875001037597943,6.493587538494678,8.696777308670935,10.288639595753715,11.779996345025335,13.056839886144147,13.448780834121548,14.173769132049966,15.014506352427624,15.675270374782347,15.962333316120404,15.962333316120404,15.962333316120404,16.42461689655204,16.837414609466,16.99032565062901,17.342863956006365,17.562451843976124,17.861230264316262,18.115627860682935,18.16975747212914,18.319217774250767,18.368725995308377,18.478682186194554,18.547960054817302,18.625826667662288,18.816053899504666,18.863836231061576,18.90962429322019,18.9942522165638,19.023513191552638,19.05641114555717,19.083415528943046,19.109439556557376,19.13247726914644,19.15379169755579,19.206721451480675,19.221345327843103,19.227698538399878,19.24377616322922,19.250760941632855,19.263540288464817,19.289171562400206,19.296576577264716,19.303166095934905,19.3165339764483,19.32234153099093,19.326246799397687,19.336608765511013,19.33980298756618,19.342554081142872,19.345136969639707,19.351836474006774,19.35355506777279,19.357895661295373,19.358714900264474,19.361587995485454,19.361859523845073,19.362028734851748,19.363807054527072,19.364036691297024,19.365372301792632,19.36641057734805,19.366861646753726,19.367057609769205,19.368259734051325,19.36840670383997,19.368731182902273,19.3688721498903,19.369442287239846,19.36949276509882,19.370004725576067,19.370072087618812,19.370321418304925,19.370429737761953,19.37058583366709,19.37075469594439,19.370844812930272,19.370965787816836,19.370975088710694,19.370979129399736,19.370980884840474,19.371030929174026,19.371053433116533,19.371125537287888,19.37113174758716],"env":"Tiger","times":[0.4241640567779541,0.42429208755493164,0.42444300651550293,0.4245481491088867,0.4247710704803467,0.424943208694458,0.48233604431152344,0.48259711265563965,0.4828341007232666,0.4832041263580322,0.4834141731262207,0.4835929870605469,0.48415112495422363,0.48455214500427246,0.4848031997680664,0.4850451946258545,0.48508501052856445,0.48513102531433105,0.4854550361633301,0.48586106300354004,0.4860830307006836,0.4864170551300049,0.4866139888763428,0.486997127532959,0.4873650074005127,0.4875621795654297,0.4879021644592285,0.4881930351257324,0.4883911609649658,0.4887580871582031,0.488955020904541,0.4893181324005127,0.48955321311950684,0.48989105224609375,0.4902191162109375,0.4905550479888916,0.4907870292663574,0.4911031723022461,0.4912881851196289,0.4915649890899658,0.49175310134887695,0.49205803871154785,0.49220919609069824,0.49230003356933594,0.49256014823913574,0.49278807640075684,0.49289608001708984,0.4931910037994385,0.4933490753173828,0.4935460090637207,0.49398303031921387,0.49415016174316406,0.49428606033325195,0.4946250915527344,0.4948101043701172,0.49495506286621094,0.49512410163879395,0.4954550266265869,0.4956240653991699,0.49589014053344727,0.49612998962402344,0.4984140396118164,0.4986600875854492,0.4990541934967041,0.49955105781555176,0.4997401237487793,0.5010700225830078,0.5013160705566406,0.5015192031860352,0.5017170906066895,0.5022051334381104,0.5024762153625488,0.5026230812072754,0.5027801990509033,0.5055661201477051,0.5058441162109375,0.5066170692443848,0.5070171356201172,0.5077199935913086,0.5080471038818359,0.5083310604095459,0.5088770389556885,0.5092520713806152,0.5107522010803223,0.5110061168670654,0.5112121105194092,0.5113811492919922,0.5117340087890625,0.5118820667266846,0.5134069919586182,0.5136501789093018],"final_lw":19.37113174758716}