{"env_full":"RockSample ()","timeout":false,"ubs":[23.47795521977625,23.47795521977625,23.47795521977625,23.47795521977625,23.466067844152498,23.456032796363747,23.454299342284987,23.454299342284987,23.454299342284987,23.454299342284987,23.44585159293942,23.442530840417476,23.43032673040451,23.41831928027951,23.36143059844796,23.322204624360626,23.297717945541415,23.291454049459187],"runtime":9.19166612625122,"solver":"EBIB-SARSOP","final_ub":23.291454049459187,"lbs":[9.605960099999999,18.76926690427999,19.853952139149143,23.064728902885317,23.064728902885317,23.064728902885317,23.064728902885317,23.064728902885317,23.064728902885317,23.064728902885317,23.064728902885317,23.064728902885317,23.064728902885317,23.064728902885317,23.064728902885317,23.064728902885317,23.064728902885317,23.064728902885317],"env":"RockSample5","times":[9.187432050704956,9.187711954116821,9.188055992126465,9.188379049301147,9.18859601020813,9.18890905380249,9.1891450881958,9.189378023147583,9.18959903717041,9.18980097770691,9.19012999534607,9.190366983413696,9.190479040145874,9.190629959106445,9.190925121307373,9.191043138504028,9.191406965255737,9.19166612625122],"final_lw":23.064728902885317}