{"env_full":"RockSample ()","timeout":false,"ubs":[23.47795936366106,23.47795936366106,23.47795936366106,23.47795936366106,23.47795936366106,23.47795936366106,23.466071926189308,23.45430344473095,23.454303424115643,23.45430340370649,23.442534922248132,23.430884084990144,23.43088404437593,23.430330853674015,23.418323403549014,23.360557087413756,23.322712121887022,23.299311766039455,23.29093335981313],"runtime":7.6814939975738525,"solver":"SARSOP","final_ub":23.29093335981313,"lbs":[9.605960099999999,18.76926690427999,19.762929611467992,20.746655691584117,20.746655691584117,21.911516601785728,23.064728902885317,23.064728902885317,23.064728902885317,23.064728902885317,23.064728902885317,23.064728902885317,23.064728902885317,23.064728902885317,23.064728902885317,23.064728902885317,23.064728902885317,23.064728902885317,23.064728902885317],"env":"RockSample5","times":[7.639397859573364,7.6769819259643555,7.677409887313843,7.677660942077637,7.6777098178863525,7.678048849105835,7.6781017780303955,7.678390979766846,7.678648948669434,7.6789398193359375,7.6793107986450195,7.679596900939941,7.679896831512451,7.680017948150635,7.680190801620483,7.68051290512085,7.680637836456299,7.681059837341309,7.6814939975738525],"final_lw":23.064728902885317}