{"env_full":"Frozen Lake (4)","timeout":true,"ubs":[0.6905641684296807],"runtime":5.522191047668457,"solver":"EBIB-SARSOP","final_ub":0.6905641684296807,"lbs":[0.0],"env":"FrozenLake4","times":[5.522191047668457],"final_lw":0.0}