{"lbs":[-19.999999999999982,-10.77798724525706,-7.964090794870497,-2.3801147957169526,0.8750254055571952,3.875001037597943,6.493587538494678,8.696777308670935,10.288639595753715,11.779996345025335,13.056839886144147,13.448780834121548,14.173769132049966,15.014506352427624,15.675270374782347,15.962333316120404,15.962333316120404,15.962333316120404,16.42461689655204,16.837414609466,16.99032565062901,17.342863956006365,17.562451843976124,17.861230264316262,18.115627860682935,18.16975747212914,18.319217774250767,18.368725995308377,18.478682186194554,18.547960054817302,18.625826667662288,18.816053899504666,18.863836231061576,18.90962429322019,18.9942522165638,19.023513191552638,19.05641114555717,19.083415528943046,19.109439556557376,19.13247726914644,19.15379169755579,19.206721451480675,19.221345327843103,19.227698538399878,19.24377616322922,19.250760941632855,19.263540288464817,19.289171562400206,19.296576577264716,19.303166095934905,19.3092458942036,19.320690968762023,19.325029831236364,19.334101009424955,19.340502170279073,19.34282962318236,19.343840764003655,19.347010851762576,19.348388067660522,19.35438666917367,19.355844854260585,19.359638184826288,19.36263497645828,19.363011890031046,19.365093215725857,19.3664750208131,19.367195615356348,19.36787874400434,19.368175523054607,19.368304456023438,19.368650177560646,19.369503571035604,19.369650083681996,19.36997229084008,19.370208074918764,19.370404712909846,19.370490140503037,19.370621416461667,19.370744133134096,19.370797446280314,19.370849143956022,19.370914584585925,19.371018019123824,19.371027390400887,19.371089754450267,19.371138057163872,19.371172258997383,19.371202689493785,19.37121590974717,19.371230157271675,19.37125096916926,19.371277009715264,19.371290477882816],"times":[0.003787994384765625,0.04654693603515625,0.04664897918701172,0.04672098159790039,0.046842098236083984,0.04693603515625,0.047059059143066406,0.0471949577331543,0.047312021255493164,0.04741692543029785,0.04753398895263672,0.047636985778808594,0.04794907569885254,0.048171043395996094,0.04831194877624512,0.04844093322753906,0.04846310615539551,0.04848909378051758,0.04866504669189453,0.048896074295043945,0.04902505874633789,0.049211978912353516,0.04932808876037598,0.04955005645751953,0.049751996994018555,0.049868106842041016,0.0500640869140625,0.05023813247680664,0.05035209655761719,0.05055594444274902,0.0506749153137207,0.05088400840759277,0.05101203918457031,0.05120992660522461,0.05140113830566406,0.05158710479736328,0.051712989807128906,0.051902055740356445,0.05200505256652832,0.05217599868774414,0.05226612091064453,0.052442073822021484,0.05253195762634277,0.052587032318115234,0.052742958068847656,0.052870988845825195,0.05293393135070801,0.05309796333312988,0.053195953369140625,0.05331611633300781,0.05338597297668457,0.05358099937438965,0.053678035736083984,0.053932905197143555,0.054086923599243164,0.05418205261230469,0.054264068603515625,0.05438399314880371,0.054486989974975586,0.05469107627868652,0.054780006408691406,0.05496096611022949,0.05512213706970215,0.055216073989868164,0.05541706085205078,0.05555009841918945,0.056114912033081055,0.05623602867126465,0.056307077407836914,0.05638408660888672,0.05652308464050293,0.08109402656555176,0.08122396469116211,0.08148193359375,0.08169102668762207,0.08191704750061035,0.08212113380432129,0.08237409591674805,0.08259892463684082,0.08276009559631348,0.08290410041809082,0.08323001861572266,0.08498191833496094,0.0851290225982666,0.08534908294677734,0.08552193641662598,0.0856781005859375,0.0858309268951416,0.0859060287475586,0.08610010147094727,0.08626008033752441,0.0864260196685791,0.08653092384338379],"env":"Tiger","ubs":[87.19801910939043,87.19801910939043,77.873767190011,75.0496721778378,69.19133866226107,65.2740943775002,63.764604771930074,60.62140816263094,58.23062030345652,55.03726453712072,53.362129781483006,49.72860214302258,47.66851859372707,47.272361220691806,45.1299774070168,43.393105671950465,43.198019109390444,43.198019109390444,42.10628659922424,41.079081672827016,40.03619067141514,39.815306463835,38.84272739844522,38.39793583152955,37.2569784500902,36.16786175839724,35.607067643297306,35.18693244967531,34.60289448933909,34.097846187198485,33.90532187428466,33.508838230636336,31.81164941452878,31.19967441378154,30.89778428111913,29.652292718954044,29.067632776145885,28.695242079569145,28.350515107986887,28.00448587137555,27.733672674843383,27.500482592632935,26.424707275677115,26.344683235327448,26.05241119692217,25.900633381782214,25.683458733389646,25.4000853548158,24.624949202956557,24.50143534469104,24.380423584086444,24.3380737415018,23.816576051790115,23.58454224822754,23.090000780617423,22.67626886924496,22.55711915887938,22.39715646356428,22.261568986274206,22.22361280954217,21.795340255117495,21.70913696870148,21.46449255978044,21.088842430391292,21.06988521514056,20.903171940046633,20.70131568306426,20.589971114578432,20.518577718849947,20.514498761976302,20.43426499239396,20.38078772514328,20.132967612202947,20.132967612202947,20.025624000454464,19.98470063725842,19.93097918120195,19.909383406704805,19.872645145651237,19.83503461118017,19.82840853190271,19.81158510125681,19.77466901621847,19.68928043903704,19.68928043903704,19.677500973028714,19.650121187000213,19.624672471528836,19.604920628527832,19.59834519129138,19.588686920829545,19.573916296226052,19.547744070281045],"sim_r":null,"sim_rsigma":null,"solver":"SARSOP","env_full":"Tiger","final_lw":19.371290477882816,"timeout":false,"runtime":0.08653092384338379,"final_ub":19.547744070281045}