{"env_full":"K-out-of-N (3)","timeout":true,"ubs":[-1.0968545630182742],"runtime":5.118626117706299,"solver":"SARSOP","final_ub":-1.0968545630182742,"lbs":[-14.999999999999986],"env":"K-out-of-N3","times":[5.118626117706299],"final_lw":-14.999999999999986}