{"env_full":"Tag","timeout":true,"ubs":[-6.212770958146637],"runtime":3603.2457621097565,"solver":"BIB-SARSOP","final_ub":-6.212770958146637,"lbs":[-99.99992926487926],"env":"Tag","times":[3603.2457621097565],"final_lw":-99.99992926487926}