{"lbs":[0.5,0.5,0.5,0.5,0.5],"times":[0.007472991943359375,0.007501840591430664,0.007506847381591797,0.007507801055908203,0.007508993148803711],"env":"ABC","ubs":[0.9500000000000396,0.9500000000000396,0.6302494097246354,0.5133420832795261,0.5],"sim_r":null,"sim_rsigma":null,"solver":"EBIB-SARSOP","env_full":"ABCModel","final_lw":0.5,"timeout":false,"runtime":0.007508993148803711,"final_ub":0.5}