{"env_full":"RockSample ()","timeout":false,"ubs":[23.47795521977625,23.47795521977625,23.47795521977625,23.47795521977625,23.466067844152498,23.456032796363747,23.454299342284987,23.454299342284987,23.454299342284987,23.454299342284987,23.44585159293942,23.442530840417476,23.43032673040451,23.41831928027951,23.36143059844796,23.322204624360626,23.297717945541415,23.291454049459187],"runtime":7.439464807510376,"solver":"EBIB-SARSOP","final_ub":23.291454049459187,"lbs":[9.605960099999999,18.76926690427999,19.853952139149143,23.064728902885317,23.064728902885317,23.064728902885317,23.064728902885317,23.064728902885317,23.064728902885317,23.064728902885317,23.064728902885317,23.064728902885317,23.064728902885317,23.064728902885317,23.064728902885317,23.064728902885317,23.064728902885317,23.064728902885317],"env":"RockSample5","times":[7.435732841491699,7.435982942581177,7.436295986175537,7.436599969863892,7.436790943145752,7.4370598793029785,7.437265872955322,7.4374589920043945,7.4376537799835205,7.437830924987793,7.438117980957031,7.438326835632324,7.4384238719940186,7.438554763793945,7.438814878463745,7.438918828964233,7.439238786697388,7.439464807510376],"final_lw":23.064728902885317}