{"lbs":[-19.999999999999982,-10.77798724525706,-7.964090794870497,-2.3801147957169526,0.8750254055571952,3.875001037597943,6.493587538494678,8.696777308670935,10.288639595753715,11.779996345025335,13.056839886144147,13.448780834121548,14.173769132049966,15.014506352427624,15.675270374782347,15.962333316120404,15.962333316120404,15.962333316120404,16.42461689655204,16.837414609466,16.99032565062901,17.342863956006365,17.562451843976124,17.861230264316262,18.115627860682935,18.16975747212914,18.319217774250767,18.368725995308377,18.478682186194554,18.547960054817302,18.625826667662288,18.816053899504666,18.863836231061576,18.90962429322019,18.9942522165638,19.023513191552638,19.05641114555717,19.083415528943046,19.109439556557376,19.13247726914644,19.15379169755579,19.206721451480675,19.221345327843103,19.227698538399878,19.24377616322922,19.250760941632855,19.263540288464817,19.289171562400206,19.296576577264716,19.303166095934905,19.3092458942036,19.320690968762023,19.325029831236364,19.334101009424955,19.340502170279073,19.34282962318236,19.343840764003655,19.347010851762576,19.348388067660522,19.35438666917367,19.355844854260585,19.359638184826288,19.36263497645828,19.363011890031046,19.365093215725857,19.3664750208131,19.367195615356348,19.36787874400434,19.368175523054607,19.368304456023438,19.368650177560646,19.369503571035604,19.369650083681996,19.36997229084008,19.370208074918764,19.370404712909846,19.370490140503037,19.370621416461667,19.370744133134096,19.370797446280314,19.370849143956022,19.370914584585925,19.371018019123824,19.371027390400887,19.371089754450267,19.371138057163872,19.371172258997383,19.371202689493785,19.37121590974717,19.371230157271675,19.37125096916926,19.371277009715264,19.371290477882816],"times":[0.003345966339111328,0.03605198860168457,0.03614997863769531,0.03622007369995117,0.03632998466491699,0.03641915321350098,0.036538124084472656,0.03666806221008301,0.036785125732421875,0.03689408302307129,0.03701519966125488,0.0371241569519043,0.037458181381225586,0.03768301010131836,0.037832021713256836,0.0379641056060791,0.03799915313720703,0.03802609443664551,0.03821110725402832,0.03844904899597168,0.03858304023742676,0.0387730598449707,0.03889203071594238,0.039121150970458984,0.03933119773864746,0.03945016860961914,0.039652109146118164,0.03982806205749512,0.039945125579833984,0.04015517234802246,0.04027700424194336,0.04049205780029297,0.04062604904174805,0.040830135345458984,0.041030168533325195,0.04122114181518555,0.041349172592163086,0.04153919219970703,0.04164314270019531,0.04181098937988281,0.04190206527709961,0.04209399223327637,0.04218602180480957,0.04224205017089844,0.04240012168884277,0.04252910614013672,0.04259204864501953,0.04275918006896973,0.04285311698913574,0.042973995208740234,0.043044090270996094,0.04324507713317871,0.04334306716918945,0.04360508918762207,0.04376101493835449,0.043853044509887695,0.04393315315246582,0.04405498504638672,0.04415702819824219,0.04436016082763672,0.04445004463195801,0.044631004333496094,0.04479503631591797,0.04488706588745117,0.0450901985168457,0.04522514343261719,0.045799970626831055,0.04592108726501465,0.0460050106048584,0.04608297348022461,0.04622316360473633,0.04765796661376953,0.047782182693481445,0.048040151596069336,0.0482480525970459,0.048475027084350586,0.048681020736694336,0.04893016815185547,0.04915618896484375,0.04931902885437012,0.049462080001831055,0.04979109764099121,0.05166196823120117,0.05180716514587402,0.05201601982116699,0.05218911170959473,0.05234503746032715,0.052494049072265625,0.0525670051574707,0.05276012420654297,0.0529170036315918,0.053080081939697266,0.05318403244018555],"env":"Tiger","ubs":[87.19801910939043,87.19801910939043,77.873767190011,75.0496721778378,69.19133866226107,65.2740943775002,63.764604771930074,60.62140816263094,58.23062030345652,55.03726453712072,53.362129781483006,49.72860214302258,47.66851859372707,47.272361220691806,45.1299774070168,43.393105671950465,43.198019109390444,43.198019109390444,42.10628659922424,41.079081672827016,40.03619067141514,39.815306463835,38.84272739844522,38.39793583152955,37.2569784500902,36.16786175839724,35.607067643297306,35.18693244967531,34.60289448933909,34.097846187198485,33.90532187428466,33.508838230636336,31.81164941452878,31.19967441378154,30.89778428111913,29.652292718954044,29.067632776145885,28.695242079569145,28.350515107986887,28.00448587137555,27.733672674843383,27.500482592632935,26.424707275677115,26.344683235327448,26.05241119692217,25.900633381782214,25.683458733389646,25.4000853548158,24.624949202956557,24.50143534469104,24.380423584086444,24.3380737415018,23.816576051790115,23.58454224822754,23.090000780617423,22.67626886924496,22.55711915887938,22.39715646356428,22.261568986274206,22.22361280954217,21.795340255117495,21.70913696870148,21.46449255978044,21.088842430391292,21.06988521514056,20.903171940046633,20.70131568306426,20.589971114578432,20.518577718849947,20.514498761976302,20.43426499239396,20.38078772514328,20.132967612202947,20.132967612202947,20.025624000454464,19.98470063725842,19.93097918120195,19.909383406704805,19.872645145651237,19.83503461118017,19.82840853190271,19.81158510125681,19.77466901621847,19.68928043903704,19.68928043903704,19.677500973028714,19.650121187000213,19.624672471528836,19.604920628527832,19.59834519129138,19.588686920829545,19.573916296226052,19.547744070281045],"sim_r":null,"sim_rsigma":null,"solver":"SARSOP","env_full":"Tiger","final_lw":19.371290477882816,"timeout":false,"runtime":0.05318403244018555,"final_ub":19.547744070281045}