{"env_full":"RockSample ()","timeout":false,"ubs":[23.47795521977625,23.47795521977625,23.47795521977625,23.47795521977625,23.466067844152498,23.456032796363747,23.454299342284987,23.454299342284987,23.454299342284987,23.454299342284987,23.44585159293942,23.442530840417476,23.43032673040451,23.41831928027951,23.36143059844796,23.322204624360626,23.297717945541415,23.291454049459187],"runtime":12.493376016616821,"solver":"BIB-SARSOP","final_ub":23.291454049459187,"lbs":[9.605960099999999,18.76926690427999,19.853952139149143,23.064728902885317,23.064728902885317,23.064728902885317,23.064728902885317,23.064728902885317,23.064728902885317,23.064728902885317,23.064728902885317,23.064728902885317,23.064728902885317,23.064728902885317,23.064728902885317,23.064728902885317,23.064728902885317,23.064728902885317],"env":"RockSample5","times":[12.486572027206421,12.487004041671753,12.487590074539185,12.488091945648193,12.488438129425049,12.488945007324219,12.489320039749146,12.489674091339111,12.490051031112671,12.490375995635986,12.490911960601807,12.491299152374268,12.491475105285645,12.49170708656311,12.49219012260437,12.492370128631592,12.492944955825806,12.493376016616821],"final_lw":23.064728902885317}