{"lbs":[0.018288843441564832,0.3949568038010687,0.5612017427356253,0.5746679509536656,0.5774593319152145,0.5782647074527791,0.5782647074527791,0.5927997862846385,0.595820959510781,0.5991652534765113,0.6001162704364286,0.6001162704364286,0.6001162704364286,0.6041975627423299,0.6051875812031108,0.6074525438665666,0.6080100370452538,0.6104533936358767,0.6104533936358767,0.6104533936358767,0.6104533936358767,0.6104533936358767,0.6104533936358767,0.6104533936358767,0.6116245869122775,0.6119646076264852,0.612114647727985,0.6127631157078791,0.6138382253819078,0.6138382253819078,0.6138382253819078,0.6138382253819078,0.6138382253819078,0.6138382253819078,0.614147625134678,0.614147625134678,0.614147625134678,0.6142269001490857,0.6142269001490857,0.6142269001490857,0.6142269001490857,0.6142269001490857,0.6142269001490857,0.6142489338535041,0.6142489338535041,0.6142489338535041,0.6142556370810037,0.6142556370810037,0.6142556370810037,0.6142588395859114,0.6142596164327389,0.6142598051725753,0.6142598051725753,0.6142598051725753,0.6142598509879927,0.6142599217240355,0.6142599217240355,0.6142599444285816,0.6142599444285816,0.6142599444285816],"times":[0.7018718719482422,0.7025449275970459,0.7032499313354492,0.7087619304656982,0.7097330093383789,0.7108550071716309,0.7120230197906494,0.7129788398742676,0.7131409645080566,0.7143278121948242,0.7146790027618408,0.7198169231414795,0.7203538417816162,0.722357988357544,0.7228128910064697,0.7253298759460449,0.7257509231567383,0.7284200191497803,0.7295758724212646,0.7297389507293701,0.7320528030395508,0.7326228618621826,0.7333238124847412,0.7371888160705566,0.7379868030548096,0.7416939735412598,0.742933988571167,0.7463769912719727,0.7529850006103516,0.7535009384155273,0.754370927810669,0.7585330009460449,0.7590398788452148,0.759382963180542,0.7598788738250732,0.7650439739227295,0.7655129432678223,0.766057014465332,0.7665050029754639,0.7667829990386963,0.7673618793487549,0.7736208438873291,0.7739009857177734,0.7743258476257324,0.7754108905792236,0.775770902633667,0.7767128944396973,0.7830410003662109,0.7862379550933838,0.792719841003418,0.793280839920044,0.7936859130859375,0.7941839694976807,0.7947649955749512,0.795295000076294,0.8014638423919678,0.8017838001251221,0.8025038242340088,0.8036308288574219,0.8046698570251465],"env":"FrozenLake4","ubs":[0.6643252160337838,0.6643252160337838,0.6621564595971778,0.6553223351828544,0.6533853660447133,0.6511051462228017,0.64608345745849,0.6430510950397065,0.6427165670629026,0.6427165670629026,0.6411051462228017,0.6401592941538298,0.6377726655352541,0.6337774386134548,0.6322605367231557,0.6322605367231557,0.6319603349434202,0.6319603349434202,0.6319603349434202,0.6304673928787793,0.6279519631599649,0.6279491294057487,0.6273217855407497,0.6271244539674742,0.6271051134999774,0.6270698039436823,0.6270663432540698,0.6270069169666674,0.6269704479186395,0.6259919095500133,0.625335013261933,0.6250238116258492,0.6247885138975996,0.6247387129004152,0.6247074314616682,0.6246271420512091,0.6239335180118191,0.623576244302144,0.6233588972236827,0.6233375950365226,0.6232799160202783,0.623180062341598,0.6229052972455918,0.6227174044704789,0.6226279916586139,0.6221522750120169,0.6219255380932525,0.6218566906193114,0.6218417142823981,0.6218402464516174,0.6217322619521137,0.6217322619521137,0.6217322619521137,0.6213541798435251,0.6213222721048204,0.621282088999887,0.6209530757430912,0.6206621239010355,0.6206009735337438,0.619773692992722],"sim_r":null,"sim_rsigma":null,"solver":"SARSOP","env_full":"Frozen Lake (4)","final_lw":0.6142599444285816,"timeout":false,"runtime":0.8046698570251465,"final_ub":0.619773692992722}