{"lbs":[0.008857506748021169,0.014622631295219356,0.10562083793382987,0.11756477370000418,0.2511776714152486,0.2511776714152486,0.27878285057899765,0.27878285057899765,0.27878285057899765,0.27878285057899765,0.3363355750416436,0.3363355750416436,0.3363355750416436,0.34984681618703817,0.36467781631694957,0.3715830354745202,0.37545253106043724,0.382089818835598,0.38358267170338],"times":[0.19405698776245117,0.19407391548156738,0.19411587715148926,0.19412589073181152,0.1942448616027832,0.19425082206726074,0.1943368911743164,0.19434380531311035,0.194382905960083,0.19438982009887695,0.19449687004089355,0.19451379776000977,0.1945188045501709,0.19473600387573242,0.19485688209533691,0.19503283500671387,0.19523096084594727,0.1953728199005127,0.19560694694519043],"env":"FrozenLake4","ubs":[0.41450816098633403,0.41450816098633403,0.41719176250700307,0.41634098717784945,0.41626016352157985,0.41450816098633403,0.41450816098633403,0.3977176387969136,0.3977176387969136,0.3952817427817166,0.3952817427817166,0.3952817427817166,0.38625674278171385,0.38625674278171385,0.38625674278171385,0.38625669166253085,0.38625669166253085,0.38625669078596464,0.38625669078596464],"sim_r":null,"sim_rsigma":null,"solver":"EBIB-SARSOP","env_full":"Frozen Lake (4)","final_lw":0.38358267170338,"timeout":false,"runtime":0.19560694694519043,"final_ub":0.38625669078596464}