{"env_full":"RockSample (10)","timeout":true,"ubs":[26.464514833908105],"runtime":110.31043601036072,"solver":"EBIB-SARSOP","final_ub":26.464514833908105,"lbs":[9.135172474836407],"env":"RockSample10","times":[110.31043601036072],"final_lw":9.135172474836407}