{"env_full":"Frozen Lake (4)","timeout":true,"ubs":[0.7434589848367171],"runtime":2.1202750205993652,"solver":"SARSOP","final_ub":0.7434589848367171,"lbs":[0.0],"env":"FrozenLake4","times":[2.1202750205993652],"final_lw":0.0}