{"env_full":"ABCModel","timeout":false,"ubs":[0.95,0.95,0.95,0.95,0.48767497911552943,0.48767497911552943,0.475],"runtime":0.3824751377105713,"solver":"SARSOP","final_ub":0.475,"lbs":[0.475,0.475,0.475,0.475,0.475,0.475,0.475],"env":"ABC","times":[0.3823881149291992,0.3824329376220703,0.38245105743408203,0.38246893882751465,0.38247013092041016,0.3824739456176758,0.3824751377105713],"final_lw":0.475}