{"env_full":"ABCModel","timeout":false,"ubs":[0.495],"runtime":3.344381093978882,"solver":"EBIB-SARSOP","final_ub":0.495,"lbs":[0.495],"env":"ABC","times":[3.344381093978882],"final_lw":0.495}