{"env_full":"RockSample (10)","timeout":true,"ubs":[16.464268441422256],"runtime":164.16325092315674,"solver":"EBIB-SARSOP","final_ub":16.464268441422256,"lbs":[6.302494097246093],"env":"RockSample10","times":[164.16325092315674],"final_lw":6.302494097246093}