{"lbs":[0.008857506748021169,0.2547154508528647,0.31108465916001665,0.35079998080542496,0.360980692861271,0.3743391841280339,0.3792808452961793,0.3832595537222699],"times":[0.10583806037902832,0.10622000694274902,0.1064140796661377,0.10658001899719238,0.10675191879272461,0.10686707496643066,0.10715699195861816,0.10740208625793457],"env":"FrozenLake4","ubs":[0.41450820737670147,0.41450820737670147,0.41450820737670147,0.39746274432980083,0.3952817872133505,0.3862567872133476,0.3862567872133476,0.3862567360148002],"sim_r":null,"sim_rsigma":null,"solver":"BIB-SARSOP","env_full":"Frozen Lake (4)","final_lw":0.3832595537222699,"timeout":false,"runtime":0.10740208625793457,"final_ub":0.3862567360148002}