{"env_full":"Tag","timeout":true,"ubs":[-6.2127709633324155],"runtime":1682.4815759658813,"solver":"BIB-SARSOP","final_ub":-6.2127709633324155,"lbs":[-99.99992926487926],"env":"Tag","times":[1682.4815759658813],"final_lw":-99.99992926487926}