{"lbs":[-19.999999999999982,-5.632441144646656,-3.3852612129424022,-1.377721566326951,4.846083797906023,7.1833269680023975,9.034539725584331,10.93030168270802,12.750019184503032,13.675708724203055,14.686396573133162,15.816659865091712,16.1690820058259,16.82172199498376,17.3108450866433,17.37586011442448,17.587804014912933,17.88466887965685,18.10825915751561,18.303626073222915,18.52046762256138,18.665969042985935,18.80089026204559,18.86681449544407,18.928482159770248,19.01400629512443,19.05522457235027,19.10819944099328,19.150694842838764,19.181952744548035,19.19553245667089,19.25044927779064,19.273653382696246,19.283734195785286,19.31117805229558,19.315924015737977,19.328701780269263,19.33716174271641,19.34389944365117,19.350353740929563,19.35530837489665,19.359096112976367,19.36199061155721],"times":[0.006134986877441406,0.006443977355957031,0.006525993347167969,0.006613016128540039,0.006777048110961914,0.006855964660644531,0.006948947906494141,0.007061004638671875,0.007189035415649414,0.007288932800292969,0.007395029067993164,0.007543087005615234,0.007620096206665039,0.007710933685302734,0.007874011993408203,0.00790095329284668,0.007950067520141602,0.008064031600952148,0.008160114288330078,0.008254051208496094,0.008369922637939453,0.008440017700195312,0.008558034896850586,0.008647918701171875,0.008722066879272461,0.008832931518554688,0.008906126022338867,0.008981943130493164,0.009123086929321289,0.009196996688842773,0.009264945983886719,0.01026296615600586,0.010374069213867188,0.010417938232421875,0.011587142944335938,0.01165008544921875,0.011816978454589844,0.011924028396606445,0.012072086334228516,0.012326955795288086,0.012594938278198242,0.012859106063842773,0.013163089752197266],"env":"Tiger","ubs":[42.802575114651944,42.802575114651944,35.30119514295953,35.30119514295953,35.21035883309395,32.22791595606127,31.355173998390214,30.55365167854191,29.405131076550163,27.896537141216818,27.667764278235445,27.254886987075558,26.027009558209134,25.23340351235583,24.577601753468045,23.976716827658834,23.976716827658834,23.886682206160195,23.436129905476854,23.132672333571627,22.937274536431357,22.532808985070286,22.313474236623428,21.807661845024306,21.528380468048155,21.317948884011173,21.031728429926183,20.875484439449913,20.735822336486994,20.601193932886996,20.46677774879187,20.42956851909203,20.148939318167805,20.071272987581345,20.069497665749655,19.88614542899068,19.88614542899068,19.8386053814001,19.788024372074922,19.718978424275143,19.648439354386092,19.596797967067864,19.55467523659227],"sim_r":null,"sim_rsigma":null,"solver":"EBIB-SARSOP","env_full":"Tiger","final_lw":19.36199061155721,"timeout":false,"runtime":0.013163089752197266,"final_ub":19.55467523659227}