{"env_full":"SparseHallway1","timeout":true,"ubs":[1.4928907876571007],"runtime":177.81022095680237,"solver":"BIB-SARSOP","final_ub":1.4928907876571007,"lbs":[0.012833374914155232],"env":"SparseHallway1","times":[177.81022095680237],"final_lw":0.012833374914155232}