{"env_full":"Frozen Lake (4)","timeout":false,"ubs":[0.9279642423857277,0.9279642423857277,0.9279608959476751,0.9279595546899646,0.9279595546899646,0.9279582399918129,0.9279567537165062,0.9279552968723936,0.9279552968723936,0.9279552968723936],"runtime":6.573848009109497,"solver":"EBIB-SARSOP","final_ub":0.9279552968723936,"lbs":[0.0,0.5672034262109531,0.7901860528299047,0.8300032357446755,0.8690319595929166,0.882053633385248,0.8948174522509986,0.905983869833351,0.9169291702358546,0.919204918654105],"env":"FrozenLake4","times":[6.468537092208862,6.4712910652160645,6.473871946334839,6.493525981903076,6.504321098327637,6.5157790184021,6.528246164321899,6.550892114639282,6.564929008483887,6.573848009109497],"final_lw":0.919204918654105}