{"lbs":[0.475,0.475,0.475,0.475,0.475,0.475,0.475],"times":[4.226189851760864,4.2784178256988525,4.278450965881348,4.2784669399261475,4.278467893600464,4.278472900390625,4.278473854064941],"env":"ABC","ubs":[0.9500000000001757,0.9500000000001757,0.9500000000001757,0.9500000000001757,0.48767497911561974,0.48767497911561974,0.475],"sim_r":0.47651999999999717,"sim_rsigma":0.4750213196535633,"solver":"SARSOP","env_full":"ABCModel","final_lw":0.475,"timeout":false,"runtime":4.278473854064941,"final_ub":0.475}