{"lbs":[0.008857506748021169,0.2547154508528647,0.33464195607744446,0.3680614683007489,0.37751366250489937,0.38157223692624004,0.3841540291582974],"times":[2.3781890869140625,2.3784921169281006,2.378657102584839,2.379049062728882,2.379257917404175,2.3796701431274414,2.3798210620880127],"env":"FrozenLake4","ubs":[0.38625977297362724,0.38625977297362724,0.38625977297362724,0.38625977297362724,0.3862572585041817,0.3862570024626038,0.386256959345739],"sim_r":0.39112583546499224,"sim_rsigma":0.2858689459041651,"solver":"BIB-SARSOP","env_full":"Frozen Lake (4)","final_lw":0.3841540291582974,"timeout":false,"runtime":2.3798210620880127,"final_ub":0.386256959345739}