{"env_full":"Frozen Lake (4)","timeout":false,"ubs":[0.6905641684296807,0.6905641684296807,0.6905625219317282,0.690561855207289,0.6905612477205351,0.6905612477205351,0.690561247702453,0.6905605721003274],"runtime":4.6153929233551025,"solver":"EBIB-SARSOP","final_ub":0.6905605721003274,"lbs":[0.0,0.470281909423828,0.5595431348577888,0.6179071772875459,0.6419723352543371,0.6637466625517123,0.6699757523840634,0.6863332965219983],"env":"FrozenLake4","times":[4.608557939529419,4.608874082565308,4.6094970703125,4.610012054443359,4.611722946166992,4.612529993057251,4.613851070404053,4.6153929233551025],"final_lw":0.6863332965219983}