{"env_full":"Frozen Lake (4)","timeout":false,"ubs":[0.69061861425712,0.69061861425712,0.690597142222168,0.6905884474464221,0.6905805251913157,0.6905805251913157,0.6905805249555073,0.6905717144055555],"runtime":5.452132940292358,"solver":"EBIB-SARSOP","final_ub":0.6905717144055555,"lbs":[0.0,0.470281909423828,0.5595431348577888,0.6179071772875459,0.6419723352543371,0.6637466625517123,0.6699757523840634,0.6863332965219983],"env":"FrozenLake4","times":[5.444627046585083,5.4449849128723145,5.445590019226074,5.446141004562378,5.448047876358032,5.448964834213257,5.450398921966553,5.452132940292358],"final_lw":0.6863332965219983}