{"lbs":[0.475,0.475,0.475,0.475,0.475],"times":[0.016666889190673828,0.016688823699951172,0.0166928768157959,0.01669597625732422,0.016696929931640625],"env":"ABC","ubs":[0.583015000000044,0.583015000000044,0.583015000000044,0.583015000000044,0.475],"sim_r":null,"sim_rsigma":null,"solver":"BIB-SARSOP","env_full":"ABCModel","final_lw":0.475,"timeout":false,"runtime":0.016696929931640625,"final_ub":0.475}