{"lbs":[0.475,0.475,0.475,0.475,0.475],"times":[0.012187004089355469,0.012206077575683594,0.012208938598632812,0.012212038040161133,0.012212038040161133],"env":"ABC","ubs":[0.5830150000000109,0.5830150000000109,0.5830150000000109,0.5830150000000109,0.475],"sim_r":null,"sim_rsigma":null,"solver":"BIB-SARSOP","env_full":"ABCModel","final_lw":0.475,"timeout":false,"runtime":0.012212038040161133,"final_ub":0.475}