{"lbs":[0.5,0.5,0.5,0.5,0.5],"times":[2.7774829864501953,2.808014154434204,2.8080220222473145,2.8080241680145264,2.8080241680145264],"env":"ABC","ubs":[0.9500000000000698,0.9500000000000698,0.6302494097246554,0.5133420832795424,0.5],"sim_r":null,"sim_rsigma":null,"solver":"SARSOP","env_full":"ABCModel","final_lw":0.5,"timeout":false,"runtime":2.8080241680145264,"final_ub":0.5}