{"env_full":"Frozen Lake (4)","timeout":false,"ubs":[0.9429247543615356,0.9429247543615356,0.938881030478753,0.934721099880889,0.934721099880889,0.9335887294514789],"runtime":7.796905994415283,"solver":"SARSOP","final_ub":0.9335887294514789,"lbs":[0.0,0.9019528052284368,0.9019528052284368,0.9107905813635597,0.9217088924012082,0.925227641496879],"env":"FrozenLake4","times":[7.70678186416626,7.712597846984863,7.730809926986694,7.753789901733398,7.770236968994141,7.796905994415283],"final_lw":0.925227641496879}