{"lbs":[0.495,0.495,0.495,0.495,0.495,0.495,0.495,0.495],"times":[0.3423440456390381,0.34246015548706055,0.3425130844116211,0.342548131942749,0.34255504608154297,0.34256410598754883,0.3425710201263428,0.3425731658935547],"env":"ABC","ubs":[0.9942312139587186,0.9942312139587186,0.9942312139587186,0.9942312139587186,0.5278428624696746,0.5173387895065281,0.5019733101193947,0.495],"sim_r":null,"sim_rsigma":null,"solver":"SARSOP","env_full":"ABCModel","final_lw":0.495,"timeout":false,"runtime":0.3425731658935547,"final_ub":0.495}