{"env_full":"Frozen Lake (10)","timeout":false,"ubs":[0.5193082878723654,0.5193082878723654,0.5193082878723654,0.5172834534322449,0.5152586189921243,0.511924843553953,0.5116894949806374,0.511197684012143,0.5111976328780851,0.5111976328780851,0.5111976327308196,0.510428417129996,0.5102457283924042,0.5096655776146675,0.5092145661561862,0.5090781996719135,0.5087225304893516,0.5085515973878663,0.5084358234297216,0.5084009481197675,0.508161623989979,0.5078552054773438,0.5077413299781732,0.5077357635399562,0.507505961852937,0.5045482267421139,0.5043307953565846,0.5038858573282756,0.5038602997568696,0.503240575942594,0.5031248061280484,0.5028233818885042,0.502244576419342,0.5015494995796094,0.5014623721139019,0.5013390084639529,0.5012161872522544,0.5005353965125422,0.5003529047128111,0.500263670626256,0.5001693070539106,0.4996067241103984,0.49955886534447025,0.49912843889562897,0.49912843889562897,0.49912843889562897,0.49838484936096783,0.49777359953277733,0.49720631963833406,0.49636199972691497,0.49630404848001297,0.4962652933658147,0.4962652933658147,0.49625504372559615,0.4962523774049278,0.4962520736423426,0.49625205774336456,0.4962082397417995,0.495509699653647,0.4953873030253892,0.4953276417556041,0.4953201511962679,0.4953088819971086,0.4953086652116739,0.49530866402553836,0.49530866402246027,0.4952849527103171,0.49526355521377013,0.49526349976245615,0.49526349961916755,0.49526349961916755,0.49524797147335514,0.4948593014461547,0.4946427102851021,0.4945135074989399,0.49449383330986213,0.4939043112729223,0.4937590781483281,0.49375603693356174,0.49375331243792087,0.49374451224323634,0.49373186171130273,0.49372237118046874,0.4937119503693199,0.49352687097951975,0.4935049550142275,0.4934829696767996,0.4934727781630346,0.49346857340138817,0.49342863475237925,0.4933428734787471,0.4933428734787471,0.4933428734787471,0.49332873931495225,0.4933079450639306,0.4932400758329858,0.4931998317944993,0.49319537968868193],"runtime":6.110463857650757,"solver":"SARSOP","final_ub":0.49319537968868193,"lbs":[0.0,0.2458904902395387,0.3069126355525853,0.3573297485386304,0.3687302414420745,0.3827680420839791,0.39568737118045516,0.399435794485184,0.4011094346808031,0.40112422064598285,0.40419861399670987,0.4056918768020055,0.40573709502560756,0.4099088300236137,0.41159838995575193,0.41497036576094676,0.4181625088192814,0.42030692681500786,0.42030692681500786,0.42512512084989357,0.4260554191291235,0.42946298010439043,0.4406714792360779,0.44226710751577625,0.44718192085886377,0.4511054791442137,0.4511194876453951,0.459974801187796,0.4605746254911242,0.4618159812593139,0.4618159812593139,0.4645515931791953,0.4645515931791953,0.4662417797621563,0.4701868133938148,0.4701868133938148,0.4710008222720261,0.4710008222720261,0.47119414938060133,0.47180384842626916,0.4743804622323257,0.4743804622323257,0.4743804622323257,0.47508072864750067,0.47700736931829746,0.4781737896105068,0.4781737896105068,0.47853687981232834,0.478813904631728,0.4788207582410607,0.4788262945652621,0.4788269252951558,0.4788269583076503,0.4788269591162991,0.47912346693165103,0.4793146685331318,0.47968135276611906,0.48243485839212225,0.4830445510510942,0.48304510560055297,0.48304510560055297,0.48304510704055176,0.4832256392881455,0.48327518704710587,0.48327521602782864,0.4833601722887865,0.48347289005473815,0.48354281486615325,0.4840371149814421,0.484215176340923,0.4848409271350974,0.4854382034170354,0.48563307349819484,0.48563307349819484,0.4856953581496977,0.48583131853709666,0.48594002311113904,0.4860109673425976,0.48604329467079277,0.4860536893663353,0.48634356464447004,0.4864295498802818,0.4866078768724712,0.4866078768724712,0.48664749805617535,0.4866477142486867,0.48664790026062144,0.4866541254981614,0.48669661632854844,0.4872209883733246,0.4872209883733246,0.4872209883733246,0.4872209883733246,0.487345526733959,0.4873506372140769,0.48737289701694964,0.48778112401916507,0.48833598052610805],"env":"FrozenLake10","times":[3.356567859649658,3.36387300491333,3.368022918701172,3.378572940826416,3.388584852218628,3.3985750675201416,3.476309061050415,3.487010955810547,3.5079779624938965,3.5326359272003174,3.553010940551758,3.5758519172668457,3.607820987701416,3.6352970600128174,3.649667978286743,3.6794159412384033,3.7009999752044678,3.721536874771118,3.730294942855835,3.767503023147583,3.7799148559570312,3.7999470233917236,3.823401927947998,3.8529460430145264,3.8611249923706055,3.9002320766448975,3.9098689556121826,4.100682973861694,4.1384968757629395,4.144007921218872,4.1548378467559814,4.1952478885650635,4.206920862197876,4.275271892547607,4.294342994689941,4.298203945159912,4.314661979675293,4.3186280727386475,4.331882953643799,4.402082920074463,4.419447898864746,4.42256498336792,4.439269065856934,4.442499876022339,4.4831578731536865,4.554220914840698,4.560196876525879,4.56857705116272,4.584099054336548,4.591306924819946,4.601686954498291,4.613157033920288,4.6263298988342285,4.640917062759399,4.710986852645874,4.738854885101318,4.762624025344849,4.784499883651733,4.801737070083618,4.820667028427124,4.829537868499756,4.888021945953369,4.923938989639282,4.966043949127197,4.998448848724365,5.0279860496521,5.101012945175171,5.12876296043396,5.1547300815582275,5.183008909225464,5.194593906402588,5.227930068969727,5.264838933944702,5.328336000442505,5.35357403755188,5.357188940048218,5.3795530796051025,5.4091620445251465,5.440418004989624,5.484235048294067,5.500346899032593,5.60968804359436,5.660007953643799,5.670130014419556,5.704438924789429,5.736408948898315,5.769783973693848,5.792710065841675,5.880747079849243,5.885978937149048,5.888891935348511,5.891886949539185,5.984364032745361,5.999851942062378,6.022572040557861,6.054157972335815,6.0962910652160645,6.110463857650757],"final_lw":0.48833598052610805}