{"env_full":"Frozen Lake (10)","timeout":true,"ubs":[0.5193082878723654],"runtime":3.30179500579834,"solver":"SARSOP","final_ub":0.5193082878723654,"lbs":[0.0],"env":"FrozenLake10","times":[3.30179500579834],"final_lw":0.0}