{"lbs":[0.5,0.5,0.5,0.5,0.5],"times":[0.004407167434692383,0.03157401084899902,0.03158116340637207,0.03158211708068848,0.03158211708068848],"env":"ABC","ubs":[0.9500000000000698,0.9500000000000698,0.6302494097246554,0.5133420832795424,0.5],"sim_r":null,"sim_rsigma":null,"solver":"SARSOP","env_full":"ABCModel","final_lw":0.5,"timeout":false,"runtime":0.03158211708068848,"final_ub":0.5}