{"env_full":"Frozen Lake (4)","timeout":false,"ubs":[0.9279543991979154,0.9279543991979154,0.9279543991831807,0.9279543991743866,0.9279543991743866,0.927954399168621,0.9279543991621029,0.9279543991557138,0.9279543991557138,0.9279543991557138],"runtime":9.058275938034058,"solver":"EBIB-SARSOP","final_ub":0.9279543991557138,"lbs":[0.0,0.5672034262109531,0.7901860528299047,0.8300032357446755,0.8690319595929166,0.882053633385248,0.8948174522509986,0.905983869833351,0.9169291702358546,0.919204918654105],"env":"FrozenLake4","times":[8.916424989700317,8.919341087341309,8.922252893447876,8.943317890167236,8.95486307144165,8.967386960983276,8.980781078338623,9.032514095306396,9.04850697517395,9.058275938034058],"final_lw":0.919204918654105}