{"env_full":"ABCModel","timeout":false,"ubs":[0.99,0.99,0.99,0.99,0.5309055429551132,0.5151371174238033,0.4998370298991989],"runtime":0.44986701011657715,"solver":"SARSOP","final_ub":0.4998370298991989,"lbs":[0.495,0.495,0.495,0.495,0.495,0.495,0.495],"env":"ABC","times":[0.4494650363922119,0.44967198371887207,0.4497699737548828,0.4498291015625,0.4498450756072998,0.4498591423034668,0.44986701011657715],"final_lw":0.495}