{"env_full":"ABCModel","timeout":false,"ubs":[0.5830150000000001,0.5830150000000001,0.5830150000000001,0.5830150000000001,0.475],"runtime":3.0441699028015137,"solver":"BIB-SARSOP","final_ub":0.475,"lbs":[0.475,0.475,0.475,0.475,0.475],"env":"ABC","times":[3.0441439151763916,3.0441620349884033,3.044165849685669,3.0441689491271973,3.0441699028015137],"final_lw":0.475}