{"lbs":[0.018288843441564832,0.384962728384392,0.5354084325256775,0.5713874393330893,0.5921747624314876,0.5993817849750209,0.6029008496880698,0.6037324071777214,0.6060667139951122,0.6094830379191231],"times":[10.672987937927246,10.673357009887695,10.674353122711182,10.698961973190308,10.699482917785645,10.70034408569336,10.701086044311523,10.709505081176758,10.709861040115356,10.711300134658813],"env":"FrozenLake4","ubs":[0.6178871393798786,0.6178871393798786,0.6178871393798786,0.6178871393797788,0.6178871393796973,0.6173065439716247,0.6150059411513047,0.6150048794627772,0.6145223063032184,0.6145223063032184],"sim_r":0.6162876884730647,"sim_rsigma":0.38330290314519455,"solver":"EBIB-SARSOP","env_full":"Frozen Lake (4)","final_lw":0.6094830379191231,"timeout":false,"runtime":10.711300134658813,"final_ub":0.6145223063032184}