{"env_full":"ABCModel","timeout":false,"ubs":[0.583015000000044,0.583015000000044,0.583015000000044,0.583015000000044,0.475],"runtime":1.9653019905090332,"solver":"BIB-SARSOP","final_ub":0.475,"lbs":[0.475,0.475,0.475,0.475,0.475],"env":"ABC","times":[1.9652748107910156,1.9652938842773438,1.9652979373931885,1.9653019905090332,1.9653019905090332],"final_lw":0.475}