{"lbs":[9.605960099999999,18.76926690427999,19.853952139149143,23.064728902885317,23.064728902885317,23.064728902885317,23.064728902885317,23.064728902885317,23.064728902885317,23.064728902885317,23.064728902885317,23.064728902885317,23.064728902885317,23.064728902885317,23.064728902885317,23.064728902885317,23.064728902885317,23.064728902885317],"times":[7.424393892288208,7.424702882766724,7.4250359535217285,7.42533802986145,7.42554783821106,7.425843000411987,7.426070928573608,7.426285028457642,7.426545858383179,7.4267578125,7.427085876464844,7.427322864532471,7.42743182182312,7.427584886550903,7.427876949310303,7.42799186706543,7.4283528327941895,7.4287519454956055],"env":"RockSample5","ubs":[23.477955219957856,23.477955219957856,23.477955219956037,23.477955219955142,23.466067844330496,23.456032796545355,23.454299342462974,23.454299342462974,23.454299342462974,23.454299342462086,23.44585159312102,23.44253084059369,23.430326730586113,23.418319280461116,23.361430598624203,23.322204624540827,23.29772199518382,23.29267566775738],"sim_r":null,"sim_rsigma":null,"solver":"BIB-SARSOP","env_full":"RockSample ()","final_lw":23.064728902885317,"timeout":false,"runtime":7.4287519454956055,"final_ub":23.29267566775738}