{"env_full":"SparseHallway2","timeout":true,"ubs":[5.454285183751103,5.454285183751103,5.454285183751103,5.454214176108948,5.454214176108948,5.454214176108948,5.454214176108948,5.454214176108948,5.454214176108948,5.454214176108948,5.454214176108948,5.454214176108948,5.454214176108948,5.454214176108948,5.454214176108948,5.454214176108948,5.454214176108948,5.454214176108948,5.454214176108948,5.454214176108948,5.454214176108948,5.454214176108948,5.454214176108948,5.454214176108948,5.454214176108948,5.454214176108948,5.454214176108948,5.454214176108948,5.454214176108948,5.454214176108948,5.454214176108948,5.454214176108948,5.454214176108948,5.454214176108948,5.454214176108948,5.454214176108948,5.454214176108948,5.454214176108948,5.454214176108948,5.454214176108948,5.454214176108948,5.454214176108948,5.454214176108948,5.454214176108948,5.454214176108948,5.454214176108948,5.454214176108948,5.454214176108948,5.454214176108948,5.454214176108948,5.454214176108948,5.454214176108948,5.454214176108948,5.454214176108948,5.454214176108948,5.454214176108948,5.454214176108948,5.454214176108948,5.454214176108948,5.454214176108948,5.454214176108948,5.454214176108948,5.454214176108948,5.454214176108948,5.454214176108948,5.454214176108948,5.454214176108948,5.454214176108948,5.454214176108948,5.454214176108948,5.454214176108948,5.454214176108948,5.454214176108948,5.454214176108948,5.454214176108948,5.454214176108948,5.454214176108948,5.454214176108948,5.454214176108948,5.454214176108948,5.454214176108948,5.454214176108948,5.454214176108948],"runtime":3216.7985820770264,"solver":"EBIB-SARSOP","final_ub":5.454214176108948,"lbs":[0.0006004860303106669,0.10524676648296241,0.2189227322444383,0.31014459724359,0.3773720296424269,0.4351991526690834,0.4651000117890829,0.4934613838163443,0.5264206695959183,0.5559065694044081,0.5787252255117956,0.599954070765796,0.6151781249179731,0.633588047759795,0.6563566618033085,0.6745409803227036,0.6875544567517666,0.7006794554820373,0.7126996307304037,0.7287587253116375,0.7460635777259929,0.7552672893539033,0.7646843920564396,0.7759974609028524,0.7866223892224931,0.7976657002878939,0.8108426316301537,0.8237441009298357,0.8326451285640379,0.843665720261735,0.8508462795881854,0.855854267573898,0.8740187214862569,0.8823430921449706,0.8867931903180679,0.8911703546175609,0.894204469208949,0.898018630043731,0.9015449192906084,0.9043044533152946,0.9085028643061689,0.9172044183394024,0.9225382372653179,0.9262532913306989,0.9282285114319685,0.9294715426236654,0.9302577944769221,0.9315099948452683,0.9323769680490446,0.9331811272621839,0.934220114541536,0.9352638263345303,0.9364958033954862,0.9374755864457645,0.9383551320950239,0.940431540906297,0.9416737099681983,0.942621473044061,0.9434653088687821,0.9446574769167273,0.946158296464668,0.9497586635119515,0.9516788120513852,0.9537894356730818,0.9549068222389054,0.9562693045727175,0.9572066860772659,0.9579371338919688,0.9592931525893746,0.9611363015135383,0.9620817834529719,0.9636845018659808,0.9675606349366006,0.9697913554847977,0.975300102186108,0.9890491527502516,1.000130332162845,1.0076792876832266,1.0116684451877254,1.014976967369044,1.0171663740583121,1.0187575062071523,1.019917662985689],"env":"SparseHallway2","times":[1918.0225749015808,1919.2903671264648,1920.456265926361,1921.7655239105225,1923.2999119758606,1925.017364025116,1926.9212529659271,1929.0568840503693,1931.4067800045013,1933.9090859889984,1936.6041901111603,1939.5123529434204,1942.7224988937378,1946.7943971157074,1950.558305978775,1954.408030986786,1959.0441930294037,1964.194097995758,1969.310930967331,1975.099119901657,1981.1056690216064,1987.128977060318,1994.5571100711823,2001.87300491333,2009.9241530895233,2017.9282610416412,2026.9998230934143,2036.3776669502258,2046.8799860477448,2056.711587905884,2067.4315490722656,2078.3121049404144,2090.384714126587,2103.033467054367,2116.008099079132,2129.0394310951233,2142.4900970458984,2157.146546125412,2172.5882620811462,2188.223886013031,2204.312915086746,2221.9203000068665,2238.8526051044464,2257.0498399734497,2275.728703022003,2294.364669084549,2313.4730899333954,2333.2237420082092,2353.163458108902,2372.540249109268,2392.9419889450073,2413.3197660446167,2434.691801071167,2455.984908103943,2479.014631986618,2501.507029056549,2525.3528270721436,2548.1632359027863,2572.412425994873,2596.5527799129486,2621.844285964966,2647.0192959308624,2672.243896961212,2696.922567129135,2723.245635032654,2750.6965520381927,2778.1446850299835,2804.5655879974365,2831.0456640720367,2858.57718706131,2889.014626979828,2916.933473110199,2946.0220971107483,2975.939989089966,3006.8440709114075,3036.890741109848,3070.118397951126,3100.6748430728912,3131.0975000858307,3159.2096519470215,3181.0099999904633,3198.6551280021667,3216.7985820770264],"final_lw":1.019917662985689}