{"lbs":[0.0006004860303106669,0.10524676648296241,0.2189227322444383,0.31014459724359,0.3773720296424269,0.4351991526690834,0.4651000117890829,0.4934613838163443,0.5264206695959183,0.5559065694044081,0.5787252255117956,0.599954070765796,0.6151781249179731,0.633588047759795,0.6563566618033085,0.6745409803227036,0.6875544567517666,0.7006794554820373,0.7126996307304037,0.7287587253116375,0.7460635777259929,0.7552672893539033,0.7646843920564396,0.7759974609028524,0.7866223892224931,0.7976657002878939,0.8108426316301537,0.8237441009298357,0.8326451285640379,0.843665720261735,0.8508462795881854,0.855854267573898,0.8740187214862569,0.8823430921449706,0.8867931903180679,0.8911703546175609,0.894204469208949,0.898018630043731,0.9015449192906084,0.9043044533152946,0.9085028643061689,0.9172044183394024,0.9225382372653179,0.9262532913306989,0.9282285114319685,0.9294715426236654,0.9302577944769221,0.9315099948452683,0.9323769680490446,0.9331811272621839,0.934220114541536,0.9352638263345303,0.9364958033954862,0.9374755864457645,0.9383551320950239,0.940431540906297,0.9416737099681983,0.942621473044061,0.9434653088687821,0.9446574769167273,0.946158296464668,0.9497586635119515,0.9516788120513852,0.9537894356730818,0.9549068222389054,0.9562693045727175,0.9572066860772659,0.9579371338919688,0.9592931525893746,0.9611363015135383,0.9620817834529719,0.9636845018659808,0.9675606349366006,0.9697913554847977,0.975300102186108,0.9890491527502516,1.000130332162845,1.0076792876832266,1.0116684451877254,1.014976967369044,1.0171663740583121,1.0187575062071523,1.019917662985689,1.0211977552991254,1.0250834108446876,1.0306529288864774,1.0392799554275882,1.0439910229746794,1.048335186427008,1.0503265447236112,1.052912421345413,1.0549394509045944,1.057408619975923,1.0590333430244765,1.06066679256475,1.0614498886156825,1.0623981699298441,1.0627346843080834,1.0634817029024775,1.0641730398565685,1.064615399041535,1.0651118583045323,1.0653638743532436,1.066656043206534,1.0676158074879247,1.068398732751365,1.0689549087256573],"times":[1616.8439750671387,1618.5507941246033,1620.1060540676117,1621.7919549942017,1623.7038850784302,1625.7530510425568,1627.9740900993347,1630.3834791183472,1632.9783761501312,1635.7683300971985,1638.7203471660614,1641.7978551387787,1645.16627907753,1648.6219251155853,1652.3464121818542,1656.2238230705261,1660.2652831077576,1664.6575620174408,1669.465210199356,1674.0803489685059,1679.3269460201263,1684.536010980606,1690.0993671417236,1695.7161281108856,1701.902906179428,1707.7085270881653,1714.1786251068115,1720.697005033493,1727.7233891487122,1734.4947080612183,1741.9610350131989,1749.4628410339355,1757.8731181621552,1765.9058949947357,1774.4348821640015,1783.2285351753235,1792.0616409778595,1801.5068821907043,1811.3308429718018,1821.116758108139,1831.119448184967,1842.0947241783142,1852.653527021408,1863.8799450397491,1875.5136361122131,1887.047826051712,1899.127762079239,1911.4256601333618,1924.308758020401,1936.897099018097,1950.0675611495972,1963.3974010944366,1977.6008360385895,1991.4439160823822,2006.2148880958557,2020.6647081375122,2036.286199092865,2051.2586290836334,2067.184573173523,2083.080598115921,2100.038679122925,2116.4524750709534,2133.389953136444,2150.3219921588898,2168.1623401641846,2187.2053530216217,2206.0194730758667,2224.236792087555,2242.580180168152,2261.4532470703125,2282.5843431949615,2301.753312110901,2321.8008031845093,2342.699388027191,2364.2846250534058,2385.2774682044983,2409.0165531635284,2430.7384259700775,2452.611895084381,2474.871309041977,2497.8719851970673,2521.92644906044,2546.626100063324,2570.283238172531,2594.543277025223,2618.9051971435547,2643.9923400878906,2669.596748113632,2697.546447992325,2723.5274159908295,2750.1834950447083,2777.206477165222,2805.159358024597,2833.4591591358185,2860.966709136963,2892.2118442058563,2920.8734300136566,2949.9264850616455,2979.3404409885406,3008.420904159546,3039.245406150818,3069.5772659778595,3104.250397205353,3127.780126094818,3151.2655980587006,3176.178791999817,3200.719714164734],"env":"SparseHallway2","ubs":[5.454285183751103,5.454285183751103,5.454285183751103,5.454214176108948,5.454214176108948,5.454214176108948,5.454214176108948,5.454214176108948,5.454214176108948,5.454214176108948,5.454214176108948,5.454214176108948,5.454214176108948,5.454214176108948,5.454214176108948,5.454214176108948,5.454214176108948,5.454214176108948,5.454214176108948,5.454214176108948,5.454214176108948,5.454214176108948,5.454214176108948,5.454214176108948,5.454214176108948,5.454214176108948,5.454214176108948,5.454214176108948,5.454214176108948,5.454214176108948,5.454214176108948,5.454214176108948,5.454214176108948,5.454214176108948,5.454214176108948,5.454214176108948,5.454214176108948,5.454214176108948,5.454214176108948,5.454214176108948,5.454214176108948,5.454214176108948,5.454214176108948,5.454214176108948,5.454214176108948,5.454214176108948,5.454214176108948,5.454214176108948,5.454214176108948,5.454214176108948,5.454214176108948,5.454214176108948,5.454214176108948,5.454214176108948,5.454214176108948,5.454214176108948,5.454214176108948,5.454214176108948,5.454214176108948,5.454214176108948,5.454214176108948,5.454214176108948,5.454214176108948,5.454214176108948,5.454214176108948,5.454214176108948,5.454214176108948,5.454214176108948,5.454214176108948,5.454214176108948,5.454214176108948,5.454214176108948,5.454214176108948,5.454214176108948,5.454214176108948,5.454214176108948,5.454214176108948,5.454214176108948,5.454214176108948,5.454214176108948,5.454214176108948,5.454214176108948,5.454214176108948,5.454214176108948,5.454214176108948,5.454214176108948,5.454214176108948,5.454214176108948,5.454214176108948,5.454214176108948,5.454214176108948,5.454214176108948,5.454214176108948,5.454214176108948,5.454214176108948,5.454214176108948,5.454214176108948,5.454214176108948,5.454214176108948,5.454214176108948,5.454214176108948,5.454214176108948,5.454214176108948,5.454214176108948,5.454214176108948,5.454214176108948,5.454214176108948],"sim_r":3.2188151936916856,"sim_rsigma":0.8404707683177448,"solver":"EBIB-SARSOP","env_full":"SparseHallway2","final_lw":1.0689549087256573,"timeout":true,"runtime":3200.719714164734,"final_ub":5.454214176108948}