{"env_full":"ABCModel","timeout":false,"ubs":[0.6598033200000002,0.6598033200000002,0.6598033200000002,0.6598033200000002,0.5029962539040307,0.5029962539040307,0.495],"runtime":4.187942981719971,"solver":"BIB-SARSOP","final_ub":0.495,"lbs":[0.495,0.495,0.495,0.495,0.495,0.495,0.495],"env":"ABC","times":[4.187743902206421,4.187848806381226,4.1878979206085205,4.187924861907959,4.187928915023804,4.187939882278442,4.187942981719971],"final_lw":0.495}