{"env_full":"Tag","timeout":true,"ubs":[-6.200026307224351],"runtime":8484.503585100174,"solver":"EBIB-SARSOP","final_ub":-6.200026307224351,"lbs":[-99.99992926487926],"env":"Tag","times":[8484.503585100174],"final_lw":-99.99992926487926}