{"env_full":"ABCModel","timeout":false,"ubs":[0.6598033200000002,0.6598033200000002,0.6598033200000002,0.6598033200000002,0.5029962539040307,0.5029962539040307,0.495],"runtime":5.804949998855591,"solver":"BIB-SARSOP","final_ub":0.495,"lbs":[0.495,0.495,0.495,0.495,0.495,0.495,0.495],"env":"ABC","times":[5.804792881011963,5.804879903793335,5.804915904998779,5.804935932159424,5.804939031600952,5.8049468994140625,5.804949998855591],"final_lw":0.495}