{"lbs":[0.008857506748021169,0.2547154508528647,0.33464195607744446,0.3680614683007489,0.37751366250489937,0.38157223692624004,0.3841540291582974],"times":[0.09002399444580078,0.09020614624023438,0.09031105041503906,0.09056615829467773,0.09070801734924316,0.09094810485839844,0.09105300903320312],"env":"FrozenLake4","ubs":[0.38625977297362724,0.38625977297362724,0.38625977297362724,0.38625977297362724,0.3862572585041817,0.3862570024626038,0.386256959345739],"sim_r":null,"sim_rsigma":null,"solver":"BIB-SARSOP","env_full":"Frozen Lake (4)","final_lw":0.3841540291582974,"timeout":false,"runtime":0.09105300903320312,"final_ub":0.386256959345739}