{"env_full":"Frozen Lake (10)","timeout":false,"ubs":[0.8792523070338344,0.8792523070338344,0.8792521698153852,0.8785641467796472,0.8778762594467915,0.8767819098927935,0.876609361019316,0.8763945757788957,0.8763945736925172,0.876390448509669,0.8763884075564656,0.8763697235360718,0.8763573919143706,0.8763454886384714,0.8763058791201493,0.8760027821798936,0.8759354966526965,0.8758518631331883,0.8758342777645994,0.8756994473395929,0.8756661292846255,0.8756507618755134,0.8756334789496285,0.8754694440994786,0.8754078573410611,0.8753756499028442,0.8753756373667294,0.8753756236586365,0.8753673574657144,0.8753592622643112,0.8753592597196378,0.8753592570539122,0.8753592554103449,0.8753592533883092,0.8753565156820735,0.8753558377526454,0.8753551732482581,0.8753550488239319,0.8753547596146862,0.8753509734183886,0.8753497999936863,0.875314588704935,0.8752862929016726,0.8752734084280859,0.8752610673232343,0.8751593772083752,0.8743289906214821,0.8743236022072027,0.874216735129328,0.8740444697217377,0.8740214408636059,0.8739557466350777,0.8739556378012532,0.8735632576764845,0.8735251763310108,0.8734314567582929,0.8733625441359399,0.8732965571672234,0.87323188524659,0.8730377034025651,0.8728718203833574,0.8726847138243468,0.8726461100031481,0.8726024059969623,0.8725177723983645,0.8725043316587228,0.8721818462992552,0.8721409790172474,0.8719925623467037,0.8717739664783453,0.8717172682602363,0.8716098972636676,0.871343863058444,0.8713233962688689,0.8712414321713012,0.8708085025497604],"runtime":54.718621015548706,"solver":"SARSOP","final_ub":0.8708085025497604,"lbs":[0.0,0.2854612520640916,0.327664624426521,0.37446605334228944,0.3762187699562736,0.4172705732358799,0.4275076046413533,0.42861725630950076,0.4349764507816938,0.4496688458157267,0.48015413656566275,0.5085508054000625,0.5227664273086197,0.5291708385263905,0.5303895420645165,0.5328870047586276,0.5405877885522825,0.5425496899121551,0.5573083986041695,0.5722967407304718,0.5826133146009972,0.5889063211596263,0.5944046496010325,0.600038791137397,0.6064027454778126,0.6136706650634012,0.619414562887046,0.6258246245118818,0.6361306165815549,0.6472077089494774,0.7001903243046861,0.7473043636356369,0.7725647833196307,0.8155558469000542,0.830266513950896,0.8364819281191747,0.840384949885952,0.8412309559276248,0.843327314971897,0.8435913630851806,0.8435913630851806,0.8440633480381837,0.8442734349156042,0.8478388172078539,0.8483891020804522,0.8485024105142249,0.8492084674204555,0.8502636587364472,0.8502806453347768,0.8531348817878174,0.8531348817878174,0.854954589736661,0.854954589736661,0.854954589736661,0.8552231668994922,0.8552231668994922,0.8552231668994922,0.8552231668994922,0.8552231668994922,0.8573029512685095,0.8589223422368275,0.8597532707900623,0.8597532707900623,0.8597532707900623,0.8599044290778391,0.8601186423263567,0.8601186423263567,0.8601186423263567,0.8606540161371165,0.8607117229786575,0.8610247178017497,0.8610247178017497,0.861623858332062,0.8623250044568834,0.8623250044568834,0.8623250044568834],"env":"FrozenLake10","times":[14.985223054885864,15.005028009414673,15.030616044998169,15.156786918640137,15.208507061004639,15.26230788230896,15.3246910572052,15.407999992370605,15.503051996231079,15.612359046936035,15.724586009979248,15.84994888305664,16.013226985931396,16.125181913375854,16.226013898849487,16.30395007133484,16.412580966949463,16.509299993515015,16.63473606109619,16.75229287147522,16.91325807571411,17.021022081375122,17.173530101776123,17.280692100524902,17.457858085632324,17.60578203201294,17.804714918136597,17.9357008934021,18.177001953125,18.33030891418457,18.58380103111267,18.697608947753906,19.453979969024658,20.190803050994873,20.31525993347168,21.52117109298706,22.30319309234619,23.46538496017456,24.106040954589844,25.340142965316772,25.877634048461914,27.098798036575317,27.783262014389038,29.63240098953247,31.211912870407104,32.19088101387024,32.44466590881348,33.3559889793396,34.68382287025452,34.737422943115234,34.93354892730713,36.796730041503906,36.87051010131836,37.05419898033142,40.51813101768494,41.11807608604431,41.31595206260681,44.497211933135986,44.574729919433594,45.28762602806091,46.22574210166931,47.085243940353394,47.66323494911194,47.75744295120239,49.48319101333618,49.87888288497925,50.551377058029175,50.572757959365845,51.01025605201721,51.89324593544006,52.2452290058136,54.00111699104309,54.27700090408325,54.2924280166626,54.31501007080078,54.718621015548706],"final_lw":0.8623250044568834}