{"env_full":"RockSample ()","timeout":false,"ubs":[23.47795521977625,23.47795521977625,23.47795521977625,23.47795521977625,23.466067844152498,23.456032796363747,23.454299342284987,23.454299342284987,23.454299342284987,23.454299342284987,23.44585159293942,23.442530840417476,23.43032673040451,23.41831928027951,23.36143059844796,23.322204624360626,23.297717945541415,23.291454049459187],"runtime":9.222393035888672,"solver":"EBIB-SARSOP","final_ub":23.291454049459187,"lbs":[9.605960099999999,18.76926690427999,19.853952139149143,23.064728902885317,23.064728902885317,23.064728902885317,23.064728902885317,23.064728902885317,23.064728902885317,23.064728902885317,23.064728902885317,23.064728902885317,23.064728902885317,23.064728902885317,23.064728902885317,23.064728902885317,23.064728902885317,23.064728902885317],"env":"RockSample5","times":[9.219295978546143,9.219519853591919,9.219774007797241,9.22000002861023,9.220156908035278,9.220391035079956,9.220569849014282,9.220727920532227,9.220883846282959,9.22102689743042,9.221266984939575,9.221438884735107,9.221528053283691,9.221644878387451,9.221860885620117,9.221948862075806,9.222208976745605,9.222393035888672],"final_lw":23.064728902885317}