{"env_full":"SparseHallway2","timeout":true,"ubs":[5.421588094231465,5.421588094231465,5.421588094231465,5.421588094231465,5.421588094231465,5.421588094231465,5.421588094231465,5.421588094231465,5.421588094231465,5.421588094231465,5.421588094231465,5.421588094231465,5.421588094231465,5.421588094231465,5.421588094231465,5.421588094231465,5.421588094231465,5.421588094231465,5.421588094231465,5.421588094231465,5.421588094231465,5.421588094231465,5.421588094231465,5.421588094231465,5.421588094231465,5.421588094231465,5.421588094231465,5.421588094231465,5.421588094231465,5.421588094231465,5.421588094231465,5.421588094231465,5.421588094231465,5.421588094231465,5.421588094231465,5.421588094231465,5.421588094231465,5.421588094231465,5.421588094231465,5.421588094231465,5.421588094231465,5.421588094231465,5.421588094231465,5.421588094231465,5.421588094231465,5.421588094231465,5.421588094231465,5.421588094231465,5.421588094231465,5.421588094231465,5.421588094231465,5.421588094231465,5.421588094231465,5.421588094231465,5.421588094231465,5.421588094231465,5.421588094231465,5.421588094231465,5.421588094231465,5.421588094231465,5.421588094231465,5.421588094231465,5.421588094231465,5.421588094231465,5.421588094231465,5.421588094231465,5.421588094231465,5.421588094231465,5.421588094231465,5.421588094231465,5.421588094231465,5.421588094231465,5.421588094231465,5.421588094231465,5.421588094231465,5.421588094231465,5.421588094231465,5.421588094231465,5.421588094231465,5.421588094231465,5.421588094231465,5.421588094231465,5.421588094231465,5.421588094231465,5.421588094231465,5.421588094231465,5.421588094231465,5.421588094231465,5.421588094231465,5.421588094231465,5.421588094231465,5.421588094231465,5.421588094231465,5.421588094231465,5.421588094231465,5.421588094231465,5.421588094231465,5.421588094231465,5.421588094231465,5.421588094231465,5.421588094231465,5.421588094231465,5.421588094231465,5.421588094231465,5.421588094231465,5.421588094231465],"runtime":3202.1438019275665,"solver":"BIB-SARSOP","final_ub":5.421588094231465,"lbs":[0.0006004860303106669,0.10524676648296241,0.2189227322444383,0.31014459724359,0.3773720296424269,0.4351991526690834,0.4636993621156832,0.4906643328426631,0.5135447242662965,0.5428497817334537,0.5577899314812294,0.5831339090805651,0.603352333848535,0.6235079570864901,0.6511554271327734,0.6733281724922242,0.6862347269466912,0.7025693161048396,0.7292201981408913,0.7439218443026896,0.7584304337502812,0.7660055095860535,0.7743576400641035,0.7798394795689789,0.7892445778869591,0.7985120548896237,0.8054389945546158,0.8136344960998914,0.8233712277070271,0.8306251273509717,0.8361557119390142,0.8400132781192784,0.849483317561641,0.8550734547653204,0.8582880323412225,0.8630242760213331,0.870818499727531,0.8781928199896982,0.8829173373182448,0.887246627977748,0.890623541972557,0.8941150779505957,0.8962833349811077,0.8987319217599252,0.9014879051901211,0.9036755889158328,0.9048639118409156,0.9062157487023261,0.9072338733666993,0.9080752161830794,0.909066272124929,0.9100081840000129,0.9107376235866285,0.911227086162427,0.9116891484391132,0.9135168490955308,0.9151500948975677,0.9172907099508789,0.921196274126145,0.9484120589627897,0.9611814092995284,0.9725002805048828,0.9791868756905215,0.985565847999136,0.989870980787628,0.9935480748670814,0.9962733459217921,0.9978817385089482,0.9993502324984519,1.0006514034793108,1.0017193923147678,1.0026537326767508,1.0034928507883802,1.0042224184875916,1.0049333056218916,1.0055545701464952,1.0062457513107543,1.007672161030618,1.009635677067958,1.0109970472147083,1.012248635858285,1.0133637778279003,1.0152019474262626,1.0190855420537082,1.0215682201904743,1.02329236712628,1.024308635405977,1.0249304489019933,1.0252796234441461,1.0259384421352997,1.0309037831025858,1.0395354201636997,1.0490306754290484,1.0544877555853371,1.0576828642001685,1.0603231348910542,1.0617106353181178,1.0628281251890015,1.0637356662270072,1.0658216033822083,1.0679551701128582,1.0699068442049962,1.07204272896864,1.0734673104670698,1.0764916712613755,1.078987221375232],"env":"SparseHallway2","times":[1221.8822770118713,1222.989951133728,1224.0205371379852,1225.177531003952,1226.5359950065613,1228.083132982254,1229.8390760421753,1231.6761479377747,1233.6884191036224,1235.9089410305023,1238.3986830711365,1240.9120111465454,1243.7294681072235,1246.6454429626465,1249.9336121082306,1253.4690971374512,1257.3273210525513,1261.0579600334167,1265.2759420871735,1269.685868024826,1274.5813410282135,1279.3127830028534,1285.8196880817413,1292.1780171394348,1299.3123729228973,1306.8526570796967,1315.6526730060577,1324.0277309417725,1333.9232060909271,1343.9377319812775,1354.3719239234924,1364.4588010311127,1375.5910041332245,1386.9222230911255,1398.7742059230804,1411.7827169895172,1424.3077321052551,1437.9592671394348,1452.5275931358337,1466.4310619831085,1482.22469496727,1498.7302129268646,1514.5073111057281,1531.4361009597778,1549.3503141403198,1566.3506319522858,1584.3749089241028,1602.7352359294891,1622.3960299491882,1641.3763840198517,1660.99671292305,1680.9405739307404,1701.766284942627,1722.950788974762,1743.1016221046448,1763.794932126999,1786.0630741119385,1807.7890441417694,1830.0363399982452,1852.4390580654144,1876.9061150550842,1900.042850971222,1924.596359014511,1948.3997719287872,1973.1951820850372,1998.9759271144867,2023.7205440998077,2048.6507420539856,2074.2044479846954,2099.5183050632477,2127.8235371112823,2153.599105119705,2180.672753095627,2207.353959083557,2233.1890540122986,2260.789298057556,2287.4908010959625,2313.8587939739227,2341.074741125107,2368.226012945175,2394.6188180446625,2424.059555053711,2451.2707090377808,2479.86599111557,2507.5418190956116,2535.59020113945,2564.4949820041656,2597.2124860286713,2627.4307341575623,2659.278542995453,2689.973398923874,2720.6386461257935,2751.7618470191956,2786.5982229709625,2818.264550924301,2851.1825420856476,2883.3965380191803,2916.424824953079,2950.5837409496307,2985.599151134491,3025.4764070510864,3060.1340720653534,3096.106159925461,3131.3117010593414,3166.1085109710693,3202.1438019275665],"final_lw":1.078987221375232}