{"env_full":"ABCModel","timeout":false,"ubs":[0.5830150000000001,0.5830150000000001,0.5830150000000001,0.5830150000000001,0.475],"runtime":7.677430152893066,"solver":"BIB-SARSOP","final_ub":0.475,"lbs":[0.475,0.475,0.475,0.475,0.475],"env":"ABC","times":[7.677385091781616,7.677416086196899,7.677423000335693,7.677428960800171,7.677430152893066],"final_lw":0.475}