{"lbs":[367.1609790102596,378.77496405968986,379.3745985082893,381.31915662306363,381.92642612071637,382.5734416758994,383.15725240383665,383.730001736119,384.2315081574327,384.5858188243733,384.8717884205249,384.9993089772736,385.21482422642987,385.5151345166477,385.7030101926751,385.7763578132945,385.89997321585685,386.09458235228743,386.1969273621327,386.22160291963314,386.29135659007744,386.4087596961191,386.4956121877396,386.5515558377842,386.6421756029301,386.65911268919496,386.6967574000045,386.8123000308022,386.86888409592876,386.8798587870092,386.9457517637435,387.01577088582695,387.0596272380706,387.07189832258746,387.08780836932357,387.09757338556886,387.1184505628544,387.13708589810125,387.1518710347672,387.1987555955464,387.2243767802096,387.2778230081692,387.2931832312046,387.31112026242556,387.3716549175026,387.41258077619057,387.4287264729686,387.4609693364923,387.46562831435074,387.4884677914569,387.4918378252633,387.49871524158624,387.5018049558163,387.51304040455767,387.52042260589803,387.541894489837,387.5504852493623,387.55618666061633,387.56962113049485,387.593263195385,387.6034429152081,387.6219368227384,387.63096429944324,387.66157358563436,387.68816658725734,387.69454822298206,387.70413328603416,387.7089274396346,387.722749687264,387.7273303808978,387.7515449342949,387.7902661130999,387.8255579664508,387.83726329410706,387.839555888042,387.840219013915,387.8539734464434,387.8702798280666,387.90350495405977,387.9155357002189,387.916398354684,387.9248782450352],"times":[984.67152094841,984.7635087966919,984.9133839607239,985.0040588378906,985.1319749355316,985.2584729194641,985.4107840061188,985.5408029556274,985.6814169883728,985.8371670246124,985.9937229156494,986.102000951767,986.2537589073181,986.4052858352661,986.5642189979553,986.7030258178711,986.8296689987183,986.9763488769531,987.1466770172119,987.2955038547516,987.4387090206146,987.5890438556671,987.782310962677,987.9650659561157,988.1000168323517,988.248368024826,988.4133489131927,988.5489139556885,988.7365009784698,988.9970989227295,989.2795889377594,989.589998960495,989.8799660205841,990.1658329963684,990.4906709194183,990.7675290107727,991.1300668716431,991.4396569728851,991.768082857132,992.0928947925568,992.5024929046631,992.8172738552094,993.1838848590851,993.5368978977203,993.8970139026642,994.2277708053589,994.6143817901611,994.9757349491119,995.3572359085083,995.7444670200348,996.144613981247,996.5043449401855,996.9152920246124,997.2893989086151,998.5256249904633,998.9077098369598,999.3054819107056,999.6885719299316,999.9672060012817,1000.2327349185944,1000.6100590229034,1000.9125738143921,1001.367702960968,1001.6414408683777,1001.923712015152,1002.3125109672546,1002.5283489227295,1002.7451767921448,1003.1478228569031,1003.417671918869,1003.6888239383698,1004.0837647914886,1004.4116468429565,1004.7064218521118,1005.1322557926178,1005.3533020019531,1005.6031539440155,1006.0458128452301,1006.315661907196,1006.6686170101166,1007.0948929786682,1007.4654829502106],"env":"aloha30","ubs":[392.17188385791934,392.17188385791934,392.17188385791934,392.17188385791934,392.17188385791934,392.17188385791934,392.17188385791934,392.17188385791934,392.17188385791934,392.17188385791934,392.17188385791934,392.17188385791934,392.17188385791934,392.17188385791934,392.17188385791934,392.17188385791934,392.17188385791934,392.17188385791934,392.17188385791934,392.17188385791934,392.17188385791934,392.17188385791934,392.17188385791934,392.17188385791934,392.17188385791934,392.17188385791934,392.17188385791934,392.17188385791934,392.17188385791934,392.17188385791934,392.17188385791934,392.17188385791934,392.17188385791934,392.17188385791934,392.17188385791934,392.17188385791934,392.17188385791934,392.17188385791934,392.17188385791934,392.17188385791934,392.17188385791934,392.17188385791934,392.17188385791934,392.17188385791934,392.17188385791934,392.17188385791934,392.17188385791934,392.17188385791934,392.17188385791934,392.17188385791934,392.17188385791934,392.17188385791934,392.17188385791934,392.17188385791934,392.17188385791934,392.17188385791934,392.17188385791934,391.93092407013086,391.9209333008232,391.92092047910836,391.91724361991425,391.9135808468427,391.9130592875804,391.91127755201586,391.91024543939665,391.9082475778143,391.9064486926288,391.90533025475094,391.90414309954224,391.90352856797693,391.9032527883717,391.89286989799683,391.89243817989677,391.8919476576735,391.88816765036233,391.8806705299739,391.87987047956244,391.87969607880643,391.8794524887302,391.8785766479158,391.8712892664112,391.8020116991583],"sim_r":null,"sim_rsigma":null,"solver":"EBIB-SARSOP","env_full":"aloha30","final_lw":387.9248782450352,"timeout":false,"runtime":1007.4654829502106,"final_ub":391.8020116991583}