{"env_full":"SparseHallway1","timeout":true,"ubs":[7.230442350137876,7.230442350137876,7.230442350137876,7.230442350137876,7.230442350137876,7.230442350137876,7.230442350137876,7.230442350137876,7.230442350137876,7.230442350137876,7.230442350137876,7.230442350137876,7.230442350137876,7.230442350137876,7.230442350137876,7.230442350137876,7.230442350137876,7.230442350137876,7.230442350137876,7.230442350137876,7.230442350137876,7.230442350137876,7.230442350137876,7.230442350137876,7.230442350137876,7.230442350137876,7.230442350137876,7.230442350137876,7.230442350137876,7.230442350137876,7.230442350137876,7.230442350137876,7.230415474547858,7.230404099153748,7.230173392471775,7.230118428022721,7.230112092494052,7.230112092494052,7.23011185195854,7.230110527635989,7.2300942193399464,7.2300942193399464,7.23009365715212,7.2299594761790535,7.229928319303971,7.229886604705551,7.229885370936681,7.229885151010463,7.2298842974436806,7.22982226621932,7.22982226621932,7.229806447335825,7.229805509575951,7.22930060590043,7.229286873514477,7.229286873514477,7.229189923503464,7.229187737108177,7.2291876970629785,7.229181919390475,7.22918178793187,7.2291817844160615,7.2291817844160615,7.229181784242103,7.229156810275169,7.229156127559408,7.229154943874614,7.229136684462046,7.229136227074033,7.2291359507743005,7.229135339843572,7.229135326888895,7.229131886416876,7.2287707830802885,7.228762923022902,7.228762923022902,7.228760302091069,7.228657244911088,7.228648152050571,7.228619641310535,7.228598732466661,7.228598442948573,7.228598036492237,7.228598031433121,7.228596638460123,7.228559528622414,7.228005864746206,7.227999045813406,7.2279904664883405,7.227990290887124,7.22797318829451,7.227972870114521,7.227967921132492,7.227963887537264,7.22796332570344,7.227963064803434,7.2279630613802395,7.227963015065371,7.2279234692235725,7.227912129071815,7.227911070348454,7.227908679525305,7.227908032512013,7.227908028312721,7.227906456650198,7.227902454873796,7.227897805435777,7.227893059290481,7.227891919862693,7.227891819326957,7.227889368400908,7.227888040082558,7.227888018904335,7.22788620259679,7.22788540629696,7.22787861601324,7.227878268239512,7.227877607182429,7.227865843098852],"runtime":1805.4326210021973,"solver":"SARSOP","final_ub":7.227865843098852,"lbs":[0.01980625124262278,0.5315302288688423,0.6191409343607538,0.8572458376045669,0.9710545557282076,1.1718171790233436,1.5524063426110222,1.9620094075422936,2.250025247078607,2.5552434119533087,2.750978751280659,2.958865763692228,3.1363485620665843,3.3625217264186706,3.504058850263448,3.6350474492623777,3.748025103006887,3.8940543706474866,3.9549709217881968,4.038126812551914,4.1261050371781565,4.205251883227674,4.258294809866688,4.344327486369118,4.3912023254092105,4.453251003804988,4.516030794101628,4.553826119292458,4.5921418804754195,4.638382957208094,4.68773163490577,4.732186023207981,4.760696684751229,4.794433332246914,4.849203089237668,4.872491244941534,4.908395540205102,4.936672781958668,4.979234146613631,5.000873047374737,5.03416970086314,5.058051109333478,5.099599000410937,5.116830689106909,5.136077464547018,5.163202129890732,5.191234793830931,5.201959513904852,5.214851084133949,5.242244572711579,5.25900300662901,5.2800537300765304,5.29365486726196,5.297519723223198,5.318509826658568,5.336988251568529,5.36016825327642,5.3694315937170245,5.390761516654001,5.395636985075235,5.401566441795047,5.418968355606954,5.433630709550651,5.446205680264531,5.451505448304374,5.457261058726269,5.469445365186061,5.484830189579132,5.501741938680301,5.510249198644937,5.515405246024535,5.5182415880288165,5.520556373704943,5.525440370071413,5.54804501255575,5.552962514155478,5.556748678702794,5.560272141542006,5.565210435630882,5.567983423651627,5.570085604528891,5.588366586213693,5.600418181804537,5.605756061329963,5.613455893047771,5.6175473467396095,5.623660117298302,5.628780820299761,5.635069743634801,5.64951799998115,5.655891038137652,5.663415800476606,5.668549237120221,5.671279209321527,5.671862941246459,5.6750969735878005,5.67668569061453,5.688942290105409,5.692628730754025,5.694704597929139,5.697161829343445,5.705818213768427,5.711418369898302,5.714346965187199,5.7173071384333305,5.728243060067731,5.73591686611122,5.743381363213422,5.745529215123861,5.747089103900247,5.75000654607264,5.759258315089719,5.760654584662619,5.763587949917829,5.769437035279893,5.776843876688846,5.779452815484062,5.781422576183597,5.786561133480362],"env":"SparseHallway1","times":[0.9835901260375977,1.0515170097351074,1.2687830924987793,1.8220019340515137,2.392997980117798,2.868549108505249,3.479449987411499,3.8962619304656982,4.425112962722778,5.045109987258911,5.699548959732056,6.514616012573242,7.352018117904663,8.359080076217651,11.404449939727783,14.398437023162842,15.47123408317566,16.96969509124756,18.30215811729431,20.980698108673096,24.162343978881836,27.973275899887085,30.974102020263672,35.71269106864929,39.99190092086792,44.38595104217529,48.886707067489624,56.872133016586304,62.18715000152588,67.33829998970032,72.41778993606567,81.18885707855225,86.73927402496338,94.97778010368347,101.1312370300293,110.9072699546814,121.09713101387024,129.95778608322144,139.443363904953,150.88039803504944,161.17605090141296,171.23700189590454,182.7867169380188,196.80995392799377,209.73635005950928,221.19448590278625,232.39178800582886,246.51390600204468,261.8612039089203,275.7181251049042,289.72241497039795,301.65112590789795,318.0127909183502,334.3924980163574,349.3744659423828,361.45853090286255,375.9837689399719,392.98947310447693,409.5067980289459,426.55209493637085,444.84860610961914,461.36777997016907,479.5458300113678,494.8909969329834,514.7832410335541,534.3375599384308,556.8065309524536,572.8535211086273,589.4409379959106,608.0672540664673,629.7426021099091,650.582762002945,674.9595041275024,696.742949962616,719.1431081295013,738.0930180549622,756.4384889602661,778.4215619564056,801.9240820407867,824.4744889736176,849.688127040863,869.5265190601349,889.1487209796906,912.9052588939667,929.2465879917145,952.537101984024,972.8404450416565,993.3348278999329,1018.1015470027924,1037.6120030879974,1063.5798389911652,1082.6450068950653,1104.4456660747528,1126.8613851070404,1154.43790102005,1177.563812971115,1206.2409179210663,1224.8291110992432,1253.886174917221,1276.5542249679565,1304.1688780784607,1326.9697740077972,1348.930536031723,1376.542095899582,1406.6486549377441,1428.8538188934326,1458.9498579502106,1482.6570930480957,1516.1378409862518,1541.247857093811,1574.2293450832367,1600.384493112564,1631.343120098114,1659.473757982254,1688.1440680027008,1711.1751680374146,1744.1806399822235,1771.9338331222534,1805.4326210021973],"final_lw":5.786561133480362}