{"lbs":[9.135172474836407],"times":[3612.243556022644],"env":"RockSample10","ubs":[26.464515863975585],"sim_r":9.135172474836489,"sim_rsigma":7.994005487568512e-14,"solver":"BIB-SARSOP","env_full":"RockSample (10)","final_lw":9.135172474836407,"timeout":true,"runtime":3612.243556022644,"final_ub":26.464515863975585}