{"env_full":"Tiger","timeout":true,"ubs":[87.0980496426884],"runtime":0.44350194931030273,"solver":"SARSOP","final_ub":87.0980496426884,"lbs":[-19.999999999999982],"env":"Tiger","times":[0.44350194931030273],"final_lw":-19.999999999999982}