{"lbs":[0.008857506748021169,0.2547154508528647,0.33464195607744446,0.3680614683007489,0.37751366250489937,0.38157223692624004,0.3841540291582974],"times":[12.544092893600464,12.580107927322388,12.580278873443604,12.58063292503357,12.58083701133728,12.581185102462769,12.581332921981812],"env":"FrozenLake4","ubs":[0.3862597239138329,0.3862597239138329,0.3862597239138329,0.3862597239138329,0.3862572135137407,0.38625695748520256,0.38625691443811705],"sim_r":null,"sim_rsigma":null,"solver":"EBIB-SARSOP","env_full":"Frozen Lake (4)","final_lw":0.3841540291582974,"timeout":false,"runtime":12.581332921981812,"final_ub":0.38625691443811705}