{"lbs":[0.008857506748021169,0.014622631295219356,0.10562083793382987,0.11756477370000418,0.2511776714152486,0.2511776714152486,0.27878285057899765,0.27878285057899765,0.27878285057899765,0.27878285057899765,0.3363355750416436,0.3363355750416436,0.3363355750416436,0.34984681618703817,0.36467781631694957,0.3715830354745202,0.37545253106043724,0.382089818835598,0.38358267170338],"times":[0.1402289867401123,0.1402451992034912,0.14028716087341309,0.14029717445373535,0.14041614532470703,0.14042210578918457,0.14050698280334473,0.14051413536071777,0.14055418968200684,0.14056015014648438,0.14066720008850098,0.1406841278076172,0.14069008827209473,0.14091920852661133,0.14104104042053223,0.14120697975158691,0.14140009880065918,0.1415400505065918,0.14177513122558594],"env":"FrozenLake4","ubs":[0.41450820737670147,0.41450820737670147,0.41719180864375766,0.41634103392389715,0.4162602103255104,0.41450820737670147,0.41450820737670147,0.3977176864501712,0.3977176864501712,0.3952817872133505,0.3952817872133505,0.3952817872133505,0.3862567872133476,0.3862567872133476,0.3862567872133476,0.3862567360148002,0.3862567360148002,0.3862567351368731,0.3862567351368731],"sim_r":null,"sim_rsigma":null,"solver":"BIB-SARSOP","env_full":"Frozen Lake (4)","final_lw":0.38358267170338,"timeout":false,"runtime":0.14177513122558594,"final_ub":0.3862567351368731}