{"env_full":"Frozen Lake (4)","timeout":false,"ubs":[0.6905641684296807,0.6905641684296807,0.6905625219317282,0.690561855207289,0.6905612477205351,0.6905612477205351,0.690561247702453,0.6905605721003274],"runtime":5.2560060024261475,"solver":"EBIB-SARSOP","final_ub":0.6905605721003274,"lbs":[0.0,0.470281909423828,0.5595431348577888,0.6179071772875459,0.6419723352543371,0.6637466625517123,0.6699757523840634,0.6863332965219983],"env":"FrozenLake4","times":[5.249776840209961,5.250087022781372,5.250586032867432,5.250996828079224,5.252527952194214,5.253283977508545,5.254575967788696,5.2560060024261475],"final_lw":0.6863332965219983}