{"lbs":[0.475,0.475,0.475,0.475,0.475,0.475,0.475],"times":[0.04175996780395508,0.06960105895996094,0.06962108612060547,0.06962895393371582,0.06962895393371582,0.06963205337524414,0.06963205337524414],"env":"ABC","ubs":[0.9500000000000438,0.9500000000000438,0.9500000000000438,0.9500000000000438,0.487674979115552,0.487674979115552,0.475],"sim_r":null,"sim_rsigma":null,"solver":"SARSOP","env_full":"ABCModel","final_lw":0.475,"timeout":false,"runtime":0.06963205337524414,"final_ub":0.475}