{"env_full":"Frozen Lake (4)","timeout":false,"ubs":[0.6905641684296807,0.6905641684296807,0.6905625219317282,0.690561855207289,0.6905612477205351,0.6905612477205351,0.690561247702453,0.6905605721003274],"runtime":9.330576181411743,"solver":"EBIB-SARSOP","final_ub":0.6905605721003274,"lbs":[0.0,0.470281909423828,0.5595431348577888,0.6179071772875459,0.6419723352543371,0.6637466625517123,0.6699757523840634,0.6863332965219983],"env":"FrozenLake4","times":[9.316819190979004,9.317579984664917,9.318772077560425,9.319751024246216,9.323302030563354,9.324980020523071,9.327457189559937,9.330576181411743],"final_lw":0.6863332965219983}