{"lbs":[0.495],"times":[4.721949100494385],"env":"ABC","ubs":[0.4950001826667846],"sim_r":null,"sim_rsigma":null,"solver":"EBIB-SARSOP","env_full":"ABCModel","final_lw":0.495,"timeout":false,"runtime":4.721949100494385,"final_ub":0.4950001826667846}