{"lbs":[-19.999999999999982,-8.006233762554974,-5.632441144646656,-3.3852612129424022,4.139372539505089,6.029114345754689,8.181873733250184,10.12925624615982,11.74913531839086,13.672724636346942,14.490290161536997,15.266675384553288,16.081988204533722,16.71520907373786,17.018107339370573,17.483958754444572,17.751020735583637,18.005372681887295,18.11587357989441,18.232485589636813,18.33115273419786,18.42467881181766,18.566458983931355,18.81191793865562,18.921706059113674,19.036002559607795,19.064936346253738,19.124942904167682,19.162337782868164,19.184825189425695,19.21566620773561,19.222682983043438,19.23912995839441,19.270353974167705,19.274462325453797,19.29428402325765,19.319021408449935,19.323003003367543,19.332109360905804,19.338745106383634,19.342880369359165,19.34937407082026,19.349962105173333,19.356543668146365,19.357742414642544,19.358263199194166,19.35975527513048,19.361963532756945,19.36251893332297,19.36276022206556,19.3637840812162,19.365608163239493,19.366431227778417,19.367233921569557,19.368185923402773,19.36893477568708,19.369508626201885,19.369947252422634,19.370282434523876],"times":[0.004908084869384766,0.005213022232055664,0.005304098129272461,0.005402088165283203,0.006080150604248047,0.00619816780090332,0.006337165832519531,0.0065250396728515625,0.006658077239990234,0.006831169128417969,0.0069789886474609375,0.0071620941162109375,0.007390022277832031,0.007531166076660156,0.0076160430908203125,0.007809162139892578,0.008005142211914062,0.008218050003051758,0.00831913948059082,0.008418083190917969,0.008532047271728516,0.008646965026855469,0.0087890625,0.008993148803710938,0.009231090545654297,0.009421110153198242,0.00951695442199707,0.009768962860107422,0.009912967681884766,0.010018110275268555,0.010245084762573242,0.010348081588745117,0.010439157485961914,0.01059103012084961,0.010679006576538086,0.010863065719604492,0.012143135070800781,0.012248992919921875,0.012443065643310547,0.012685060501098633,0.012892007827758789,0.014316082000732422,0.014464139938354492,0.016213178634643555,0.016354084014892578,0.01646900177001953,0.016618967056274414,0.016865968704223633,0.016957998275756836,0.017028093338012695,0.017130136489868164,0.017408132553100586,0.01756596565246582,0.01768207550048828,0.019126176834106445,0.01978611946105957,0.020498991012573242,0.021234989166259766,0.021945953369140625],"env":"Tiger","ubs":[51.15499778195801,51.15499778195801,42.71925846521041,42.5709325862918,42.55386491281199,38.88895566438599,37.34350983432813,36.343505757354194,35.02409484462595,34.255414624285024,31.781479027516305,30.500341039867532,30.27034984937213,28.969082230379872,28.195704537960232,27.71436647471016,26.70189676210666,26.180726960990665,25.68871621995697,25.628875031043524,25.406046548578622,25.248314946498304,25.14602510214144,24.735790606424473,24.110880454758565,23.560945490169864,23.116006119880694,22.865800709121572,22.497779133441984,22.231932942718135,22.14942512154554,21.992235322362397,21.865179542939124,21.719324101975293,21.358344044824815,21.308796133274875,21.13979741778957,20.65019969299648,20.65019969299648,20.598755721522476,20.5053715275654,20.413682850916373,20.193075051038413,20.193075051038413,19.999720354126474,19.999720354126474,19.98613095882485,19.97795146263286,19.894598097896306,19.873250179675196,19.868076283592494,19.86139243511181,19.799855719257835,19.78296030646771,19.754669140616077,19.68008733289092,19.621924864335554,19.574978947678282,19.536881791249193],"sim_r":null,"sim_rsigma":null,"solver":"BIB-SARSOP","env_full":"Tiger","final_lw":19.370282434523876,"timeout":false,"runtime":0.021945953369140625,"final_ub":19.536881791249193}