{"lbs":[-19.999999999999982,-19.999999999999982,-19.999999999999982,-17.247290390624986,-13.330880592603144,-9.661907378317487,-5.970734672157295,-3.6684162431493346,-1.6477042603497967,0.8183451830414183,2.598313446654492,2.9760022651896842,4.290798284622773,5.89279405915433,7.068104409108332,8.31585668548457,9.573413216254071,10.490585896864836,11.256560084702546,11.450237690921327,12.071929468999933,12.758929852987901,13.057390943870494,13.755604109787905,14.188600208294213,14.680043821639142,15.127871550045878,15.582884187367421,16.035683203808247,16.358387547242934,16.63362847534202,16.873019870866827,16.962954175413376,16.98130775964455,17.183280580753255,17.394006161115193,17.59290718966794,17.81642295024021,17.956199776398066,18.1301355047163,18.250233687045707,18.351088353310672,18.43604072279539,18.55305226711387,18.61732578901669,18.679983109632722,18.766503967401167,18.831340222026242,18.882535760305927,18.925931990006156,18.980197741615882,19.010937816033753,19.025790510156888,19.05599958099414,19.074886516888085,19.11132708153452,19.13945427076714,19.166327500592857,19.18929342580344,19.210052354892927,19.228278072780903,19.244520714325606,19.25888486220112,19.271638293685584,19.282938487268197,19.292961591803454,19.30184711327066,19.30802777105812,19.31284812539758,19.320120291116936,19.32568128262337,19.330948980849133,19.335486407441756,19.338718244731332,19.341616641796303,19.344850224200638],"times":[0.057885169982910156,0.08609318733215332,0.08643007278442383,0.08700108528137207,0.08789610862731934,0.08918118476867676,0.09057807922363281,0.0907449722290039,0.09085416793823242,0.09145402908325195,0.09162616729736328,0.09168100357055664,0.09314298629760742,0.09348702430725098,0.09532403945922852,0.09573006629943848,0.09597420692443848,0.09611701965332031,0.09627819061279297,0.09635019302368164,0.09644007682800293,0.0966041088104248,0.0966939926147461,0.09685707092285156,0.09704399108886719,0.09723305702209473,0.09743213653564453,0.09761404991149902,0.09960412979125977,0.09977006912231445,0.09998703002929688,0.10021615028381348,0.10033607482910156,0.10045409202575684,0.10059118270874023,0.10076498985290527,0.10091710090637207,0.10310506820678711,0.10330820083618164,0.10550999641418457,0.10567903518676758,0.10587716102600098,0.1060950756072998,0.10849714279174805,0.10873913764953613,0.11134600639343262,0.11383819580078125,0.11508917808532715,0.11533308029174805,0.11663413047790527,0.11789917945861816,0.11807608604431152,0.12123799324035645,0.12141299247741699,0.12163805961608887,0.12471199035644531,0.1261281967163086,0.12749314308166504,0.12889719009399414,0.13025403022766113,0.13164710998535156,0.13301420211791992,0.13440513610839844,0.1357741355895996,0.137160062789917,0.1385211944580078,0.13993000984191895,0.14014816284179688,0.14038610458374023,0.14347600936889648,0.14490199089050293,0.1463611125946045,0.14780211448669434,0.1479780673980713,0.14839816093444824,0.1485600471496582],"env":"Tiger","ubs":[45.06965261713976,45.06965261713976,38.62751608069124,38.62738232466833,37.32412083052491,36.050429212166094,35.56388586072669,34.90556706831599,34.82981514777178,34.230378454439766,32.5557016314732,32.294022231794614,32.294022231794614,31.055632922515883,31.055632922515883,30.493856369901614,30.493856369901614,29.095294431848732,29.0153744806776,28.456717138653453,27.744535262592006,27.295046980732472,27.097091045723158,26.629979496376215,26.501728957552473,26.43322138626928,26.354277794874562,26.22525576559672,26.09422501774788,25.472613733274613,25.03924463083517,24.920412897011683,24.75774693653124,24.420137598364118,24.19901535094132,23.855362270413927,23.546313584357158,23.47860607075703,22.858503306651226,22.818987762000006,22.342215470480085,22.17422196111221,22.14618406302118,21.915777845191325,21.580522753699164,21.578590215396936,21.36966282044458,21.116660448473446,20.94937343800072,20.94937343800072,20.77164037373125,20.628309418415647,20.628309418415647,20.508651961231436,20.508651961231436,20.477598960865635,20.31441621209546,20.232344393880425,20.134395423082488,20.056689387934505,19.98319118134929,19.91906441873286,19.86105700416323,19.809435931880287,19.763158594607276,19.7218095015947,19.684808397644854,19.651720466152916,19.651720466152916,19.636195362445918,19.597657213423332,19.57803698274298,19.554496346827726,19.53585854651498,19.53585854651498,19.518410377218224],"sim_r":null,"sim_rsigma":null,"solver":"ETIB-SARSOP","env_full":"Tiger","final_lw":19.344850224200638,"timeout":false,"runtime":0.1485600471496582,"final_ub":19.518410377218224}