{"env_full":"Frozen Lake (4)","timeout":false,"ubs":[0.4353353349279467,0.4353353349279467,0.4279209255637829,0.41733652589600617,0.405855728840478,0.4040685681815493,0.40321119318154863,0.4031338150877985,0.403126831714827,0.39854342532434245,0.3974998792855641,0.3974998792855641,0.3961190396059214,0.39606112486458306,0.3956295214221697,0.3948453070860731,0.39289013977247894,0.3914641532427009,0.3904779528131598,0.3904199744776305,0.39016945416421916,0.39014684470593386,0.3901448042023228,0.3901090505130385,0.38974696174933693],"runtime":4.719753980636597,"solver":"SARSOP","final_ub":0.38974696174933693,"lbs":[0.008857506748021169,0.2547154508528647,0.31108465916001665,0.35881212692931364,0.36062156888096536,0.36821008825911433,0.374828421133826,0.3759326000769253,0.38081441945581057,0.38081441945581057,0.38229678412090295,0.38229678412090295,0.38229678412090295,0.38229678412090295,0.38229678412090295,0.38467230879927733,0.38467230879927733,0.38496644013357717,0.3855433701307945,0.3855433701307945,0.3855433701307945,0.3855433701307945,0.3861030190156812,0.3861030190156812,0.3862771698092195],"env":"FrozenLake4","times":[4.681235074996948,4.714665174484253,4.7148661613464355,4.715126991271973,4.7152440547943115,4.715487003326416,4.71573805809021,4.7158520221710205,4.715926170349121,4.7160890102386475,4.716401100158691,4.7164881229400635,4.716633081436157,4.716963052749634,4.717045068740845,4.717445135116577,4.717493057250977,4.7178120613098145,4.718140125274658,4.718318939208984,4.718727111816406,4.718883991241455,4.719259023666382,4.719314098358154,4.719753980636597],"final_lw":0.3862771698092195}