{"env_full":"Tiger","timeout":true,"ubs":[42.79217058672485],"runtime":4.386933088302612,"solver":"EBIB-SARSOP","final_ub":42.79217058672485,"lbs":[-19.999999999999982],"env":"Tiger","times":[4.386933088302612],"final_lw":-19.999999999999982}