{"lbs":[0.008857506748021169,0.2547154508528647,0.33464195607744446,0.3680614683007489,0.37751366250489937,0.38157223692624004,0.3841540291582974],"times":[0.20268917083740234,0.20295214653015137,0.2031111717224121,0.2034599781036377,0.20365095138549805,0.20396113395690918,0.204085111618042],"env":"FrozenLake4","ubs":[0.38625972392667707,0.38625972392667707,0.38625972392667707,0.38625972392667707,0.3862572135175204,0.38625695748819816,0.3862569144409571],"sim_r":null,"sim_rsigma":null,"solver":"EBIB-SARSOP","env_full":"Frozen Lake (4)","final_lw":0.3841540291582974,"timeout":false,"runtime":0.204085111618042,"final_ub":0.3862569144409571}