{"env_full":"Frozen Lake (10)","timeout":false,"ubs":[0.8792248633440128,0.8792248633440128,0.8792248633440128,0.8785369153288338,0.8778489673136548,0.8767404369054093,0.8763101375999017,0.8760283296745334,0.8759623859441422,0.8759623859441422,0.8759623859441422,0.8759290843602948,0.875904440355708,0.8758882000717491,0.8758801211404795,0.8758801211404795,0.8758801211404795,0.8758801211404795,0.8758556525518181,0.8756971166357356,0.8756638150518882,0.8756311729053445,0.875605576812387,0.8755718669633201,0.875563417059022,0.875563417059022,0.8755561174706274,0.8755485914566902,0.8755482278308198,0.8755482278308198,0.8755455068609753,0.8755448334200862,0.8755441733157782,0.8755415073936558,0.8755396742402984,0.8755378773869902,0.8755377140825812,0.8755333764464776,0.8754649749247966,0.8752751062115002,0.8752079389965804,0.8751287936021708,0.8750991947697044,0.8750679932564513,0.8750618276879641,0.8750553699979331,0.8750331457411443,0.8749987935454677,0.8749762006386029,0.8749615750753855,0.8749433235241709,0.874935537452968,0.8749257979282213,0.8749133865466098,0.874907740951904,0.8748962183740565,0.874887650301493,0.874887650301493,0.874883962923588,0.8748768090241809,0.8748733395751733,0.8748733395751733,0.8748733395751733,0.8748715298027501,0.8748654149276901,0.8748564479501063,0.8748497981719114,0.8748478073034799,0.8748457497632048,0.874842383387648,0.8748356076902788,0.8748356076902788,0.8747861164552314,0.8735712262713781,0.8734597116599206,0.8732490397947478,0.8732296975011448,0.8732195725638275,0.8732182179132185,0.8732105636843964,0.873112482947799,0.8730947766273858,0.8730947766273858,0.8730833118589367,0.8730723876994626,0.8730686435316617,0.8730667214143657,0.8730659294633623,0.8730654958400987,0.8728333947412353,0.8728199298046838,0.8725362374873545,0.8724858103780676,0.8724811662601806,0.8723184194915112,0.8723144929206859,0.8720718173801766,0.8720613778533793,0.8720370717331278],"runtime":44.951082944869995,"solver":"SARSOP","final_ub":0.8720370717331278,"lbs":[0.0,0.2855166819516088,0.30711855698932566,0.3120376728653727,0.31978889139355854,0.33376556310492894,0.40292406397172986,0.4079423459456928,0.4219759054340088,0.4222676275094989,0.42779799519595063,0.4355519142837401,0.468649478360495,0.5028935245976923,0.5274237460064348,0.5331175339367974,0.5405159172036946,0.5558893112703609,0.5642680394147849,0.5718060287276364,0.5794861022468311,0.5939312680881725,0.6085830468897536,0.6147341637446789,0.6384035551987305,0.674130432068897,0.6820962334181229,0.704381758324464,0.7117219924504762,0.7360697363495714,0.7613033767067817,0.7765427295903556,0.7913661098314055,0.7984581258366242,0.8022077894403637,0.8034071670402413,0.8034071670402413,0.8043914655514357,0.8043914655514357,0.8043914655514357,0.8043914655514357,0.8044984618261418,0.8056204366051437,0.8061651924446886,0.8073859392067486,0.8084851686816986,0.8091125524809043,0.809716293875112,0.8120364982781618,0.8128541730988609,0.8143626694837854,0.8147273449862258,0.8150893416282063,0.8156930788855196,0.8163242408431869,0.8165269087772183,0.8190730794029901,0.8201288516073466,0.8252034080439049,0.8276993801767845,0.8298243850561875,0.8303354818128584,0.8309640260193355,0.8310932650398796,0.8311532651578472,0.8312471929358963,0.831290398368893,0.8353356996292968,0.8402119006193499,0.8438027723264012,0.8458091876904771,0.8459502051448359,0.8461439239531193,0.8479729204173967,0.8492495067890768,0.8492495067890768,0.849762332301728,0.8499925226290692,0.8510481246251796,0.8510481246251796,0.8510481246251796,0.8530407671042812,0.8552433256012584,0.8552433256012584,0.8552433256012584,0.8553026858841424,0.8555991268887582,0.8567243686363173,0.8576531959005472,0.8579821489814697,0.8581548976580821,0.8581548976580821,0.8598091142698918,0.8612409811022895,0.8620735345868443,0.8631662512976443,0.8631662512976443,0.8631662512976443,0.8635961798484706],"env":"FrozenLake10","times":[2.022196054458618,2.0792229175567627,2.10268497467041,2.1321489810943604,2.181427001953125,2.3363239765167236,2.397181987762451,2.4756579399108887,2.56296706199646,2.6618969440460205,2.762631893157959,2.87459397315979,3.002376079559326,3.114021062850952,3.226407051086426,3.302989959716797,3.406785011291504,3.498178005218506,3.616508960723877,3.7229959964752197,3.871464967727661,3.9696309566497803,4.111129999160767,4.229335069656372,4.596663951873779,4.759475946426392,4.958497047424316,5.153116941452026,5.410985946655273,5.572510004043579,5.700459957122803,5.954818964004517,6.376501083374023,7.775219917297363,8.168315887451172,8.49040699005127,9.436800003051758,9.74785304069519,10.070566892623901,10.713886022567749,11.003635883331299,11.247822046279907,11.481836080551147,12.057458877563477,12.381980895996094,12.719090938568115,12.93801498413086,13.594148874282837,13.829974889755249,14.212787866592407,14.459374904632568,14.707072019577026,15.474940061569214,15.699244022369385,15.933883905410767,16.235605001449585,16.55984401702881,16.838465929031372,17.821616888046265,18.22325587272644,18.674176931381226,18.96133589744568,19.279880046844482,19.606453895568848,20.756898880004883,21.04370403289795,21.36086106300354,21.700830936431885,21.97332191467285,25.665417909622192,26.4013888835907,29.652034997940063,30.380281925201416,34.428152084350586,34.92074108123779,35.12214207649231,35.3512818813324,35.61522889137268,35.82470393180847,35.880812883377075,36.76219201087952,37.70085406303406,38.14837598800659,38.40291500091553,38.60080885887146,38.96715497970581,40.3320050239563,40.785577058792114,40.97260594367981,41.185741901397705,41.52929401397705,41.61149787902832,42.2104549407959,43.42300987243652,44.61942100524902,44.694175004959106,44.745043992996216,44.76878786087036,44.951082944869995],"final_lw":0.8635961798484706}