{"lbs":[0.008857506748021169,0.2547154508528647,0.31108465916001665,0.35881212692931364,0.36062156888096536,0.36821008825911433,0.374828421133826,0.3759326000769253,0.38081441945581057,0.38081441945581057,0.38229678412090295,0.38229678412090295,0.38229678412090295,0.38229678412090295,0.38229678412090295,0.38467230879927733,0.38467230879927733,0.38496644013357717,0.3855433701307945,0.3855433701307945,0.3855433701307945,0.3855433701307945,0.3861030190156812,0.3861030190156812,0.38613954817123497],"times":[0.13565707206726074,0.17895102500915527,0.17920708656311035,0.17950701713562012,0.17964386940002441,0.17992210388183594,0.18021893501281738,0.1803600788116455,0.18044304847717285,0.18064308166503906,0.1810150146484375,0.1811199188232422,0.18129897117614746,0.18166399002075195,0.18176507949829102,0.1822528839111328,0.18230700492858887,0.1826939582824707,0.1831200122833252,0.18333697319030762,0.18384599685668945,0.18404388427734375,0.1845259666442871,0.18459391593933105,0.1848149299621582],"env":"FrozenLake4","ubs":[0.4353366579608336,0.4353366579608336,0.42792130253819116,0.4173382627903971,0.4058560015843881,0.40406982506279193,0.4032121193515945,0.40313471141115886,0.4031271173771599,0.3985477306806039,0.3975001838000925,0.3975001838000925,0.3961195961429049,0.3960628991844675,0.3956298863236942,0.3948469944867454,0.3928948149801516,0.39146419887690065,0.3904779991149054,0.3904199926271856,0.39016953927929565,0.39014693586464866,0.3901448434268177,0.3901133323572159,0.38974697712483697],"sim_r":null,"sim_rsigma":null,"solver":"SARSOP","env_full":"Frozen Lake (4)","final_lw":0.38613954817123497,"timeout":false,"runtime":0.1848149299621582,"final_ub":0.38974697712483697}