{"lbs":[0.5,0.5,0.5,0.5,0.5],"times":[5.0397069454193115,5.039736986160278,5.0397419929504395,5.039742946624756,5.039743900299072],"env":"ABC","ubs":[0.9500000000000396,0.9500000000000396,0.6302494097246354,0.5133420832795261,0.5],"sim_r":null,"sim_rsigma":null,"solver":"EBIB-SARSOP","env_full":"ABCModel","final_lw":0.5,"timeout":false,"runtime":5.039743900299072,"final_ub":0.5}