{"env_full":"ABCModel","timeout":false,"ubs":[0.9500000000001757,0.9500000000001757,0.9500000000001757,0.9500000000001757,0.48767497911561974,0.48767497911561974,0.475],"runtime":3.071835994720459,"solver":"SARSOP","final_ub":0.475,"lbs":[0.475,0.475,0.475,0.475,0.475,0.475,0.475],"env":"ABC","times":[3.0717809200286865,3.071810007095337,3.0718209743499756,3.0718328952789307,3.071833848953247,3.071835994720459,3.071835994720459],"final_lw":0.475}