{"env_full":"Tiger","timeout":false,"ubs":[42.79217058672485,35.29292005812263,35.29292005812263,35.29292005812263,32.255169241850595,32.043510007131,31.24334769816972,29.398890366497483,27.890750805267103,27.890750805267103,27.400612995306673,26.022451494693854,25.22928739379234,24.785304323267525,24.451461947727765,23.64994069249359,23.145098743028583,23.038404652690133,22.830090037780945,22.479637475273968,21.95553858833215,21.62356018452077,21.508241644360865,21.291469315201212,21.199036883668207,21.05965944785638,20.60815020587395,20.60815020587395,20.51554633121401,20.295812903369075,20.295812903369075,20.243609784128,20.096817767628924,19.991375199542215,19.854512881645377,19.813796909874405,19.767558708300488,19.69053688733142,19.628477209035566,19.580225848430935,19.54083693555891],"runtime":3.287804126739502,"solver":"EBIB-SARSOP","final_ub":19.54083693555891,"lbs":[-19.999999999999982,-5.632441144646656,-3.3852612129424022,-1.377721566326951,4.846083797906023,7.1833269680023975,9.034539725584331,10.93030168270802,12.750019184503032,13.675708724203055,14.686396573133162,15.816659865091712,16.281526959258375,16.33501863470027,16.930405832586587,17.402034783338955,17.78249305654282,18.05376200658986,18.242030435218794,18.48631386811448,18.679323635878568,18.78363971172562,18.854264063885278,18.94466899188034,19.0154599791854,19.07548703577054,19.16825228856885,19.191317291734517,19.21189043639388,19.2463811567771,19.249162741367737,19.2729003961921,19.298415456073137,19.317004714435747,19.33392437282003,19.341283887951114,19.346191493147344,19.35171011888253,19.357430931307604,19.361508509538716,19.364394041329582],"env":"Tiger","times":[3.2809481620788574,3.281189203262329,3.2812561988830566,3.2813191413879395,3.281440019607544,3.2815051078796387,3.2815730571746826,3.28165602684021,3.281752109527588,3.2818260192871094,3.281907081604004,3.2820181846618652,3.282109022140503,3.282128095626831,3.282262086868286,3.282384157180786,3.282515048980713,3.282626152038574,3.282738208770752,3.282855987548828,3.2829761505126953,3.2830700874328613,3.283116102218628,3.283191204071045,3.2832930088043213,3.2833549976348877,3.2841691970825195,3.284287214279175,3.2843480110168457,3.284499168395996,3.284548044204712,3.284703016281128,3.2848591804504395,3.2849771976470947,3.2851500511169434,3.2852489948272705,3.2853410243988037,3.2854840755462646,3.2865610122680664,3.2871880531311035,3.287804126739502],"final_lw":19.364394041329582}