{"env_full":"RockSample ()","timeout":true,"ubs":[23.47795521977625],"runtime":0.4627230167388916,"solver":"SARSOP","final_ub":23.47795521977625,"lbs":[9.605960099999999],"env":"RockSample5","times":[0.4627230167388916],"final_lw":9.605960099999999}