{"lbs":[0.475,0.475,0.475,0.475,0.475],"times":[0.010056018829345703,0.010072946548461914,0.010076045989990234,0.010077953338623047,0.010079145431518555],"env":"ABC","ubs":[0.583015000000044,0.583015000000044,0.583015000000044,0.583015000000044,0.475],"sim_r":null,"sim_rsigma":null,"solver":"BIB-SARSOP","env_full":"ABCModel","final_lw":0.475,"timeout":false,"runtime":0.010079145431518555,"final_ub":0.475}