{"lbs":[0.495,0.495,0.495,0.495,0.495,0.495,0.495],"times":[0.9118938446044922,0.9454469680786133,0.9454789161682129,0.945490837097168,0.9454929828643799,0.945497989654541,0.9454989433288574],"env":"ABC","ubs":[0.6598035026667847,0.6598035026667847,0.6598035026667847,0.6598035026667847,0.502996393158723,0.502996393158723,0.495],"sim_r":null,"sim_rsigma":null,"solver":"BIB-SARSOP","env_full":"ABCModel","final_lw":0.495,"timeout":false,"runtime":0.9454989433288574,"final_ub":0.495}