{"lbs":[0.008857506748021169,0.014622631295219356,0.10562083793382987,0.11756477370000418,0.2511776714152486,0.27878285057899765,0.27878285057899765,0.27878285057899765,0.27878285057899765,0.3102503570419491,0.3102503570419491,0.3102503570419491,0.3157629302456317,0.35114037404962206,0.3561672281639744,0.35662090174779476,0.3566618457887345,0.36360037232713804,0.36360037232713804,0.36360037232713804,0.36360037232713804,0.36360037232713804,0.36360037232713804,0.3767044662610452,0.37931508676278075,0.37931508676278075,0.37931508676278075,0.38135341003004936,0.38171030677235634,0.38171030677235634,0.38171030677235634,0.38171030677235634,0.38171030677235634,0.38171030677235634,0.3817483410765616,0.3817483410765616,0.3817483410765616,0.3817483410765616,0.3817483410765616,0.3817483410765616,0.3817483410765616,0.38259543041082306,0.38259543041082306,0.38259543041082306,0.38441716867573134,0.38474578808716964,0.38479272387165037,0.38479272387165037,0.38479272387165037,0.385032908492299,0.385117585967049,0.385131182940367,0.385132329068677,0.38513243111783463,0.38530434549851555,0.38530434549851555,0.38530434549851555],"times":[0.20945096015930176,0.270251989364624,0.2703440189361572,0.27036285400390625,0.2705810070037842,0.27073001861572266,0.27074289321899414,0.2708139419555664,0.2708258628845215,0.2709629535675049,0.27116990089416504,0.2711818218231201,0.2713329792022705,0.2715919017791748,0.2719078063964844,0.2721288204193115,0.2722289562225342,0.27280092239379883,0.2729949951171875,0.273101806640625,0.2734098434448242,0.27342987060546875,0.27378201484680176,0.274137020111084,0.27455902099609375,0.2746138572692871,0.2746620178222656,0.2750558853149414,0.2751758098602295,0.27553296089172363,0.27571988105773926,0.27609801292419434,0.2761538028717041,0.27617597579956055,0.2765958309173584,0.2766540050506592,0.2767210006713867,0.276749849319458,0.2771749496459961,0.2772359848022461,0.27725887298583984,0.27786898612976074,0.27792787551879883,0.27800583839416504,0.2787818908691406,0.2789039611816406,0.27959680557250977,0.2796649932861328,0.2796909809112549,0.28046703338623047,0.2807168960571289,0.2817659378051758,0.2819538116455078,0.2821040153503418,0.28327298164367676,0.28336596488952637,0.2833988666534424],"env":"FrozenLake4","ubs":[0.4353366579607934,0.4353366579607934,0.4374041589690575,0.4281177151339359,0.42723550296959933,0.42715169281398735,0.4175346753861441,0.4175346753861441,0.40578654430674405,0.40578654430674405,0.40578654430674405,0.4040698250627537,0.4040698250627537,0.4032121193515565,0.4031347114111209,0.40312711737712464,0.4031264320155564,0.40312637016167496,0.39854773068056537,0.3975002374112354,0.3975002374112354,0.39616391173479126,0.39616391173479126,0.3960646718081083,0.3960176724129726,0.3958965769548873,0.3956148232627871,0.3954005512327588,0.3954005512327588,0.39524128248082735,0.39486472072347895,0.3948139577285325,0.39480937636823865,0.3940800452918799,0.3940800452918799,0.3940800452918799,0.3928948149801134,0.3924525396379335,0.3924525396379335,0.3923056572526648,0.3909382416682959,0.3909382416682959,0.3909382416682959,0.39011333235717754,0.3901086297941611,0.3901086297941611,0.3900944040245494,0.3900944040245494,0.3895015646129967,0.3895015646129967,0.3895015646129967,0.38948484037052783,0.38948484037052783,0.3894845535915801,0.3894032613442964,0.38940325642675444,0.38900442824970505],"sim_r":null,"sim_rsigma":null,"solver":"SARSOP","env_full":"Frozen Lake (4)","final_lw":0.38530434549851555,"timeout":false,"runtime":0.2833988666534424,"final_ub":0.38900442824970505}