{"lbs":[0.475,0.475,0.475,0.475,0.475],"times":[0.6889429092407227,0.7192270755767822,0.7192380428314209,0.7192420959472656,0.7192420959472656],"env":"ABC","ubs":[0.583015000000044,0.583015000000044,0.583015000000044,0.583015000000044,0.475],"sim_r":null,"sim_rsigma":null,"solver":"BIB-SARSOP","env_full":"ABCModel","final_lw":0.475,"timeout":false,"runtime":0.7192420959472656,"final_ub":0.475}