{"lbs":[0.008857506748021169,0.2547154508528647,0.31108465916001665,0.35881212692931364,0.36062156888096536,0.36821008825911433,0.374828421133826,0.3759326000769253,0.38081441945581057,0.38081441945581057,0.38229678412090295,0.38229678412090295,0.38229678412090295,0.38229678412090295,0.38229678412090295,0.38467230879927733,0.38467230879927733,0.38496644013357717,0.3855433701307945,0.3855433701307945,0.3855433701307945,0.3855433701307945,0.3861030190156812,0.3861030190156812,0.3862771698092195],"times":[6.53174614906311,6.57001805305481,6.570235967636108,6.570518970489502,6.570662021636963,6.57091212272644,6.571165084838867,6.571287155151367,6.571372985839844,6.57154107093811,6.571866989135742,6.571958065032959,6.572108030319214,6.572432994842529,6.5725181102752686,6.57292103767395,6.572968006134033,6.573292016983032,6.573642015457153,6.57382607460022,6.574239015579224,6.574400186538696,6.574812173843384,6.574872970581055,6.57532000541687],"env":"FrozenLake4","ubs":[0.4353353349279467,0.4353353349279467,0.4279209255637829,0.41733652589600617,0.405855728840478,0.4040685681815493,0.40321119318154863,0.4031338150877985,0.403126831714827,0.39854342532434245,0.3974998792855641,0.3974998792855641,0.3961190396059214,0.39606112486458306,0.3956295214221697,0.3948453070860731,0.39289013977247894,0.3914641532427009,0.3904779528131598,0.3904199744776305,0.39016945416421916,0.39014684470593386,0.3901448042023228,0.3901090505130385,0.38974696174933693],"sim_r":0.3844906922282334,"sim_rsigma":0.28665348672624635,"solver":"SARSOP","env_full":"Frozen Lake (4)","final_lw":0.3862771698092195,"timeout":false,"runtime":6.57532000541687,"final_ub":0.38974696174933693}