{"lbs":[9.605960099999999,18.76926690427999,19.853952139149143,23.064728902885317,23.064728902885317,23.064728902885317,23.064728902885317,23.064728902885317,23.064728902885317,23.064728902885317,23.064728902885317,23.064728902885317,23.064728902885317,23.064728902885317,23.064728902885317,23.064728902885317,23.064728902885317,23.064728902885317],"times":[12.971704006195068,12.972018957138062,12.972373962402344,12.972688913345337,12.97290587425232,12.973209857940674,12.973444938659668,12.973666906356812,12.97393798828125,12.974145889282227,12.974480867385864,12.974726915359497,12.974839925765991,12.974997997283936,12.975301027297974,12.975419044494629,12.975798845291138,12.97621488571167],"env":"RockSample5","ubs":[23.477955219957856,23.477955219957856,23.477955219956037,23.477955219955142,23.466067844330496,23.456032796545355,23.454299342462974,23.454299342462974,23.454299342462974,23.454299342462086,23.44585159312102,23.44253084059369,23.430326730586113,23.418319280461116,23.361430598624203,23.322204624540827,23.29772199518382,23.29267566775738],"sim_r":null,"sim_rsigma":null,"solver":"EBIB-SARSOP","env_full":"RockSample ()","final_lw":23.064728902885317,"timeout":false,"runtime":12.97621488571167,"final_ub":23.29267566775738}