{"env_full":"ABCModel","timeout":false,"ubs":[0.9900278011195647,0.9900278011195647,0.9900278011195647,0.9900278011195647,0.530920451812161,0.5151515834728878,0.4998510662921596],"runtime":4.129836082458496,"solver":"SARSOP","final_ub":0.4998510662921596,"lbs":[0.495,0.495,0.495,0.495,0.495,0.495,0.495],"env":"ABC","times":[4.129472970962524,4.129642009735107,4.129739046096802,4.129799127578735,4.129812955856323,4.129827976226807,4.129836082458496],"final_lw":0.495}