{"env_full":"Frozen Lake (4)","timeout":false,"ubs":[0.6905641684296807,0.6905641684296807,0.6905625219317282,0.690561855207289,0.6905612477205351,0.6905612477205351,0.690561247702453,0.6905605721003274],"runtime":3.355210065841675,"solver":"EBIB-SARSOP","final_ub":0.6905605721003274,"lbs":[0.0,0.470281909423828,0.5595431348577888,0.6179071772875459,0.6419723352543371,0.6637466625517123,0.6699757523840634,0.6863332965219983],"env":"FrozenLake4","times":[3.3507041931152344,3.3509340286254883,3.3513100147247314,3.35162615776062,3.3526949882507324,3.3532731533050537,3.354149103164673,3.355210065841675],"final_lw":0.6863332965219983}