{"lbs":[9.605960099999999,18.76926690427999,19.762929611467992,20.746655691584117,20.746655691584117,21.911516601785728,23.064728902885317,23.064728902885317,23.064728902885317,23.064728902885317,23.064728902885317,23.064728902885317,23.064728902885317,23.064728902885317,23.064728902885317,23.064728902885317,23.064728902885317,23.064728902885317,23.064728902885317],"times":[2.9676921367645264,2.9678680896759033,2.9680819511413574,2.9681921005249023,2.968214988708496,2.9683749675750732,2.968398094177246,2.9685330390930176,2.9686479568481445,2.968775987625122,2.9689810276031494,2.9691100120544434,2.9692399501800537,2.9692981243133545,2.9693830013275146,2.9695301055908203,2.9695889949798584,2.96976900100708,2.969965934753418],"env":"RockSample5","ubs":[23.47795936366106,23.47795936366106,23.47795936366106,23.47795936366106,23.47795936366106,23.47795936366106,23.466071926189308,23.45430344473095,23.454303424115643,23.45430340370649,23.442534922248132,23.430884084990144,23.43088404437593,23.430330853674015,23.418323403549014,23.360557087413756,23.322712121887022,23.299311766039455,23.29093335981313],"sim_r":null,"sim_rsigma":null,"solver":"SARSOP","env_full":"RockSample ()","final_lw":23.064728902885317,"timeout":false,"runtime":2.969965934753418,"final_ub":23.29093335981313}