{"lbs":[-19.999999999999982,-5.632441144646656,-3.3852612129424022,-1.377721566326951,4.846083797906023,7.1833269680023975,9.034539725584331,10.93030168270802,12.750019184503032,13.675708724203055,14.686396573133162,15.816659865091712,16.1690820058259,16.82172199498376,17.3108450866433,17.37586011442448,17.587804014912933,17.88466887965685,18.10825915751561,18.303626073222915,18.52046762256138,18.665969042985935,18.80089026204559,18.86681449544407,18.928482159770248,19.01400629512443,19.05522457235027,19.10819944099328,19.150694842838764,19.181952744548035,19.19553245667089,19.25044927779064,19.273653382696246,19.283734195785286,19.31117805229558,19.315924015737977,19.328701780269263,19.33716174271641,19.34389944365117,19.350353740929563,19.35530837489665,19.359096112976367,19.36199061155721],"times":[0.006083965301513672,0.006399869918823242,0.0064849853515625,0.0065729618072509766,0.0067369937896728516,0.006815910339355469,0.006908893585205078,0.007021903991699219,0.007147789001464844,0.007246971130371094,0.007353782653808594,0.007501840591430664,0.007579803466796875,0.007671833038330078,0.007845878601074219,0.007874011993408203,0.00792384147644043,0.008038997650146484,0.008134841918945312,0.008230924606323242,0.00834798812866211,0.008418798446655273,0.008536815643310547,0.008627891540527344,0.008701801300048828,0.008814811706542969,0.008888006210327148,0.008963823318481445,0.009105920791625977,0.009178876876831055,0.009247779846191406,0.010236978530883789,0.010348796844482422,0.010392904281616211,0.011569976806640625,0.011632919311523438,0.011806964874267578,0.011915922164916992,0.012064933776855469,0.01232290267944336,0.012593984603881836,0.012860774993896484,0.013168811798095703],"env":"Tiger","ubs":[42.802575114651944,42.802575114651944,35.30119514295953,35.30119514295953,35.21035883309395,32.22791595606127,31.355173998390214,30.55365167854191,29.405131076550163,27.896537141216818,27.667764278235445,27.254886987075558,26.027009558209134,25.23340351235583,24.577601753468045,23.976716827658834,23.976716827658834,23.886682206160195,23.436129905476854,23.132672333571627,22.937274536431357,22.532808985070286,22.313474236623428,21.807661845024306,21.528380468048155,21.317948884011173,21.031728429926183,20.875484439449913,20.735822336486994,20.601193932886996,20.46677774879187,20.42956851909203,20.148939318167805,20.071272987581345,20.069497665749655,19.88614542899068,19.88614542899068,19.8386053814001,19.788024372074922,19.718978424275143,19.648439354386092,19.596797967067864,19.55467523659227],"sim_r":null,"sim_rsigma":null,"solver":"EBIB-SARSOP","env_full":"Tiger","final_lw":19.36199061155721,"timeout":false,"runtime":0.013168811798095703,"final_ub":19.55467523659227}