{"env_full":"Tiger","timeout":false,"ubs":[87.19801910939043,87.19801910939043,77.873767190011,75.0496721778378,69.19133866226107,65.2740943775002,63.764604771930074,60.62140816263094,58.23062030345652,55.03726453712072,53.362129781483006,49.72860214302258,47.66851859372707,47.272361220691806,45.1299774070168,43.393105671950465,43.198019109390444,43.198019109390444,42.10628659922424,41.079081672827016,40.03619067141514,39.815306463835,38.84272739844522,38.39793583152955,37.2569784500902,36.16786175839724,35.607067643297306,35.18693244967531,34.60289448933909,34.097846187198485,33.90532187428466,33.508838230636336,31.81164941452878,31.19967441378154,30.89778428111913,29.652292718954044,29.067632776145885,28.695242079569145,28.350515107986887,28.00448587137555,27.733672674843383,27.500482592632935,26.424707275677115,26.344683235327448,26.05241119692217,25.900633381782214,25.683458733389646,25.4000853548158,24.624949202956557,24.50143534469104,24.380423584086444,24.3380737415018,23.816576051790115,23.58454224822754,23.090000780617423,22.67626886924496,22.55711915887938,22.39715646356428,22.261568986274206,22.22361280954217,21.795340255117495,21.70913696870148,21.46449255978044,21.088842430391292,21.06988521514056,20.903171940046633,20.70131568306426,20.589971114578432,20.518577718849947,20.514498761976302,20.43426499239396,20.38078772514328,20.132967612202947,20.132967612202947,20.025624000454464,19.98470063725842,19.93097918120195,19.909383406704805,19.872645145651237,19.83503461118017,19.82840853190271,19.81158510125681,19.77466901621847,19.68928043903704,19.68928043903704,19.677500973028714,19.650121187000213,19.624672471528836,19.604920628527832,19.59834519129138,19.588686920829545,19.573916296226052,19.547744070281045],"runtime":2.6086530685424805,"solver":"SARSOP","final_ub":19.547744070281045,"lbs":[-19.999999999999982,-10.77798724525706,-7.964090794870497,-2.3801147957169526,0.8750254055571952,3.875001037597943,6.493587538494678,8.696777308670935,10.288639595753715,11.779996345025335,13.056839886144147,13.448780834121548,14.173769132049966,15.014506352427624,15.675270374782347,15.962333316120404,15.962333316120404,15.962333316120404,16.42461689655204,16.837414609466,16.99032565062901,17.342863956006365,17.562451843976124,17.861230264316262,18.115627860682935,18.16975747212914,18.319217774250767,18.368725995308377,18.478682186194554,18.547960054817302,18.625826667662288,18.816053899504666,18.863836231061576,18.90962429322019,18.9942522165638,19.023513191552638,19.05641114555717,19.083415528943046,19.109439556557376,19.13247726914644,19.15379169755579,19.206721451480675,19.221345327843103,19.227698538399878,19.24377616322922,19.250760941632855,19.263540288464817,19.289171562400206,19.296576577264716,19.303166095934905,19.3092458942036,19.320690968762023,19.325029831236364,19.334101009424955,19.340502170279073,19.34282962318236,19.343840764003655,19.347010851762576,19.348388067660522,19.35438666917367,19.355844854260585,19.359638184826288,19.36263497645828,19.363011890031046,19.365093215725857,19.3664750208131,19.367195615356348,19.36787874400434,19.368175523054607,19.368304456023438,19.368650177560646,19.369503571035604,19.369650083681996,19.36997229084008,19.370208074918764,19.370404712909846,19.370490140503037,19.370621416461667,19.370744133134096,19.370797446280314,19.370849143956022,19.370914584585925,19.371018019123824,19.371027390400887,19.371089754450267,19.371138057163872,19.371172258997383,19.371202689493785,19.37121590974717,19.371230157271675,19.37125096916926,19.371277009715264,19.371290477882816],"env":"Tiger","times":[2.5592939853668213,2.592432975769043,2.5925281047821045,2.592590093612671,2.592694044113159,2.5927770137786865,2.5928890705108643,2.5930120944976807,2.593122959136963,2.5932259559631348,2.5933420658111572,2.5934441089630127,2.5937581062316895,2.5939741134643555,2.5941150188446045,2.5942420959472656,2.594264030456543,2.5942890644073486,2.5944650173187256,2.5946991443634033,2.5948381423950195,2.595021963119507,2.5951361656188965,2.5953569412231445,2.5955591201782227,2.595677137374878,2.595872163772583,2.596040964126587,2.5961530208587646,2.5963571071624756,2.596475124359131,2.5966861248016357,2.5968120098114014,2.59700608253479,2.597193956375122,2.597377061843872,2.597501039505005,2.597687005996704,2.5977859497070312,2.5979461669921875,2.5980329513549805,2.59820294380188,2.5982911586761475,2.5983431339263916,2.5984930992126465,2.5986151695251465,2.598675012588501,2.5988471508026123,2.59893798828125,2.599053144454956,2.5991201400756836,2.5993080139160156,2.5994019508361816,2.599648952484131,2.5998010635375977,2.599889039993286,2.599966049194336,2.6000821590423584,2.600180149078369,2.6003739833831787,2.6004600524902344,2.600633144378662,2.600785970687866,2.6008760929107666,2.6010689735412598,2.601196050643921,2.601741075515747,2.6018550395965576,2.6019251346588135,2.6019980907440186,2.6021311283111572,2.6034860610961914,2.6036031246185303,2.603847026824951,2.604048013687134,2.6042661666870117,2.6044600009918213,2.6046979427337646,2.6049139499664307,2.6050710678100586,2.605208158493042,2.6055140495300293,2.607201099395752,2.6073391437530518,2.6075360774993896,2.607701063156128,2.60784912109375,2.607992172241211,2.608062982559204,2.6082510948181152,2.60840106010437,2.6085541248321533,2.6086530685424805],"final_lw":19.371290477882816}