{"lbs":[-19.999999999999982,-8.006233762554974,-5.632441144646656,-3.3852612129424022,4.139372539505089,6.029114345754689,8.181873733250184,10.12925624615982,11.74913531839086,13.672724636346942,14.490290161536997,15.266675384553288,16.081988204533722,16.71520907373786,17.018107339370573,17.483958754444572,17.751020735583637,18.005372681887295,18.11587357989441,18.232485589636813,18.33115273419786,18.42467881181766,18.566458983931355,18.81191793865562,18.921706059113674,19.036002559607795,19.064936346253738,19.124942904167682,19.162337782868164,19.184825189425695,19.21566620773561,19.222682983043438,19.23912995839441,19.270353974167705,19.274462325453797,19.29428402325765,19.319021408449935,19.323003003367543,19.332109360905804,19.338745106383634,19.342880369359165,19.34937407082026,19.349962105173333,19.356543668146365,19.357742414642544,19.358263199194166,19.35975527513048,19.361963532756945,19.36251893332297,19.36276022206556,19.3637840812162,19.365608163239493,19.366431227778417,19.367233921569557,19.368185923402773,19.36893477568708,19.369508626201885,19.369947252422634,19.370282434523876],"times":[0.006374835968017578,0.006729841232299805,0.006833791732788086,0.006948947906494141,0.0077359676361083984,0.007871866226196289,0.008031845092773438,0.008244991302490234,0.00839996337890625,0.00859689712524414,0.008766889572143555,0.008977890014648438,0.009243011474609375,0.00940394401550293,0.009502887725830078,0.009729862213134766,0.009956836700439453,0.010202884674072266,0.010318994522094727,0.010434865951538086,0.010565996170043945,0.010695934295654297,0.010859012603759766,0.011087894439697266,0.0113677978515625,0.011588811874389648,0.011701822280883789,0.011989831924438477,0.012161016464233398,0.012282848358154297,0.012543916702270508,0.012664794921875,0.012771844863891602,0.012945890426635742,0.013049840927124023,0.013265848159790039,0.014742851257324219,0.014868974685668945,0.0150909423828125,0.015380859375,0.015617847442626953,0.017247915267944336,0.01742100715637207,0.019415855407714844,0.019583940505981445,0.01971602439880371,0.019882917404174805,0.020166873931884766,0.020274877548217773,0.020355939865112305,0.020473003387451172,0.020798921585083008,0.020979881286621094,0.021113872528076172,0.0227658748626709,0.02353191375732422,0.024348020553588867,0.025163888931274414,0.02598094940185547],"env":"Tiger","ubs":[51.15499778195801,51.15499778195801,42.71925846521041,42.5709325862918,42.55386491281199,38.88895566438599,37.34350983432813,36.343505757354194,35.02409484462595,34.255414624285024,31.781479027516305,30.500341039867532,30.27034984937213,28.969082230379872,28.195704537960232,27.71436647471016,26.70189676210666,26.180726960990665,25.68871621995697,25.628875031043524,25.406046548578622,25.248314946498304,25.14602510214144,24.735790606424473,24.110880454758565,23.560945490169864,23.116006119880694,22.865800709121572,22.497779133441984,22.231932942718135,22.14942512154554,21.992235322362397,21.865179542939124,21.719324101975293,21.358344044824815,21.308796133274875,21.13979741778957,20.65019969299648,20.65019969299648,20.598755721522476,20.5053715275654,20.413682850916373,20.193075051038413,20.193075051038413,19.999720354126474,19.999720354126474,19.98613095882485,19.97795146263286,19.894598097896306,19.873250179675196,19.868076283592494,19.86139243511181,19.799855719257835,19.78296030646771,19.754669140616077,19.68008733289092,19.621924864335554,19.574978947678282,19.536881791249193],"sim_r":null,"sim_rsigma":null,"solver":"BIB-SARSOP","env_full":"Tiger","final_lw":19.370282434523876,"timeout":false,"runtime":0.02598094940185547,"final_ub":19.536881791249193}