{"lbs":[0.008857506748021169,0.2547154508528647,0.33464195607744446,0.3680614683007489,0.37751366250489937,0.38157223692624004,0.3841540291582974],"times":[0.25408005714416504,0.25440502166748047,0.25456690788269043,0.2549600601196289,0.255173921585083,0.25554800033569336,0.2556929588317871],"env":"FrozenLake4","ubs":[0.3862561341705322,0.3862561341705322,0.3862561341705322,0.3862561341705322,0.38625613417048965,0.3862561341704845,0.3862561341704838],"sim_r":null,"sim_rsigma":null,"solver":"BIB-SARSOP","env_full":"Frozen Lake (4)","final_lw":0.3841540291582974,"timeout":false,"runtime":0.2556929588317871,"final_ub":0.3862561341704838}