{"env_full":"ABCModel","timeout":false,"ubs":[0.9942312139587186,0.9942312139587186,0.9942312139587186,0.9942312139587186,0.5278428624696746,0.5173387895065281,0.5019733101193947,0.495],"runtime":4.173682928085327,"solver":"SARSOP","final_ub":0.495,"lbs":[0.495,0.495,0.495,0.495,0.495,0.495,0.495,0.495],"env":"ABC","times":[4.1245269775390625,4.1734490394592285,4.173559904098511,4.173635005950928,4.173648834228516,4.173666000366211,4.173677921295166,4.173682928085327],"final_lw":0.495}