{"lbs":[0.475,0.475,0.475,0.475,0.475,0.475,0.475],"times":[0.010737895965576172,0.03863692283630371,0.038658857345581055,0.038667917251586914,0.038667917251586914,0.03867077827453613,0.03867197036743164],"env":"ABC","ubs":[0.9500000000000438,0.9500000000000438,0.9500000000000438,0.9500000000000438,0.487674979115552,0.487674979115552,0.475],"sim_r":null,"sim_rsigma":null,"solver":"SARSOP","env_full":"ABCModel","final_lw":0.475,"timeout":false,"runtime":0.03867197036743164,"final_ub":0.475}