{"env_full":"SparseHallway1","timeout":true,"ubs":[7.488535576004495,7.488535576004495,7.488535576004495,7.488535576004495,7.488475713587283,7.488475713587283,7.48844096946395,7.48844096946395,7.488333862753727,7.487963225716821,7.487711288937425,7.486966872904426,7.486464421068222,7.486420604452423,7.486418763878968,7.486403318724542,7.486348992532468,7.486325403740806,7.486317394760324,7.48630338443175,7.48628538226234,7.4862842327704495,7.485985869201205,7.485951227592594,7.485882201888501,7.48581608499768,7.485776483479226,7.485755883250901,7.485751080677636,7.48558329881018,7.4855784366895035,7.485577778562183,7.485501667044966,7.485488323151589,7.4854272125735,7.48541798499266,7.485415653553524,7.485330997400689,7.485322865003191,7.485320148525222,7.4852864580787735,7.485106290060921,7.485080529968786,7.485063319178184,7.485029098072085,7.484938539469916,7.484892978186328,7.484813706941312,7.484771174897731,7.484748957000346,7.484670023993902,7.484632754102974,7.484588077299562,7.484530402587326,7.4845174519769815,7.484465459034521,7.484444048594689,7.484436627776583,7.484399879636622,7.484360669273078,7.484312275789797,7.484298430791726,7.484291182810822,7.484252133988653,7.484251634976627,7.484202923930615,7.484148200859045,7.484145525937409,7.484108513072996,7.484055129045382,7.4839982245615015,7.483963846547998,7.483944409168042,7.483931718332076,7.483789516808394,7.483778548216326,7.483777070492466,7.483702234395517,7.483615207669647,7.483343102200837,7.483205039184898,7.483095857290745,7.483008407337856,7.482960414926259,7.482893019581493,7.482882787187009,7.482845148391629,7.482823738893725,7.48278166350139,7.482762705179713,7.482691666610892,7.482656252180998,7.4826472651573575,7.4826332773196285,7.482629820069768,7.482389487888236,7.482372379643602,7.48236384357064,7.482358886557753,7.482355537951472,7.482075093277757,7.482072642634945,7.482025496352053,7.482025060944481,7.482020111413517,7.481924366992285,7.481802040645409,7.481793331087388,7.4817862715452],"runtime":1825.2654938697815,"solver":"BIB-SARSOP","final_ub":7.4817862715452,"lbs":[0.01980625124262278,0.49256946181604244,0.6375732969587695,0.7383880184681864,0.8744569620375144,1.3172231574318052,1.5885063831572772,2.012691150246302,2.3849300347152815,2.594642169693341,2.759328018928105,3.0092850423370034,3.1421006298017904,3.338521784696532,3.4666173011654373,3.647694946754073,3.7385531163162122,3.8373250477289185,3.946684228751951,4.039215348036702,4.109170156110741,4.2077897743822685,4.249017945665216,4.33668453130827,4.394653911546932,4.46084462589015,4.5273453049910835,4.579638784630925,4.626458566436147,4.702312270108338,4.736128826571219,4.770299227997871,4.816932271564617,4.851603501974061,4.884084611567,4.897915365151649,4.9444159101180425,4.991177521119612,5.015905307929785,5.031089490320234,5.056128600843727,5.09741828306861,5.131872932997263,5.155106230414654,5.20004825637821,5.211315301640003,5.235744215147445,5.260921030252377,5.280965390074931,5.2989362541331015,5.30954102826397,5.330382704327178,5.337960788177453,5.357406714157019,5.373532414120839,5.3909037702899365,5.406203588923179,5.413670284771765,5.441381817460614,5.458771133297818,5.469150242214228,5.475358499322477,5.485225775852959,5.492434392032113,5.510661913018691,5.523754709024702,5.5327341355343735,5.542244692679416,5.54727021156406,5.561363870551833,5.5699291633616586,5.579134699444464,5.587650053618152,5.591870529482761,5.601908624476582,5.609106660440981,5.623116891973636,5.634786527729071,5.637456088613725,5.6483722714584115,5.657201615444819,5.6678671985290165,5.678416756553473,5.689644385219969,5.69716687717054,5.701774652598093,5.7061328883195355,5.7102580128719955,5.716595304209531,5.721960933007133,5.731399766483751,5.735083671144697,5.741336170742273,5.74437549460154,5.748474974556915,5.749693643602028,5.752629980614776,5.753364857548952,5.75389649492355,5.754011729268281,5.754075424766691,5.756692375419686,5.763518854518204,5.772023326770693,5.7769483384121845,5.783714246094438,5.785196809853835,5.791050069592156,5.798185991177359],"env":"SparseHallway1","times":[400.4934329986572,401.58971786499023,403.0726840496063,404.50964093208313,406.1383068561554,407.32283306121826,408.81760692596436,410.1939129829407,411.41001987457275,413.049036026001,414.5546259880066,416.07735300064087,417.7001099586487,419.5555338859558,421.10730504989624,422.9067199230194,424.8076808452606,426.90703892707825,428.89665484428406,431.3890700340271,433.6108829975128,437.3433220386505,440.1499300003052,443.23692202568054,446.42653799057007,449.5683720111847,452.64203906059265,455.79137682914734,459.5783350467682,463.66786789894104,468.2067289352417,472.6218948364258,476.8907718658447,482.041965007782,487.0163779258728,494.7936940193176,501.3962960243225,508.9110200405121,515.8074748516083,526.1509740352631,535.2534358501434,544.7331750392914,553.6888799667358,564.1684548854828,575.084214925766,586.9785399436951,599.1745569705963,614.2988519668579,626.7953939437866,641.2418520450592,653.9862430095673,670.7781970500946,684.9972660541534,699.7282829284668,713.7645959854126,731.3629250526428,746.1536309719086,765.12255692482,783.1680150032043,802.5688710212708,816.5525369644165,837.3561959266663,857.3065819740295,873.3787178993225,885.4952168464661,902.322546005249,916.1340479850769,931.8397529125214,949.1629028320312,961.2591309547424,978.3904190063477,992.0325000286102,1006.7401750087738,1024.1633479595184,1042.754047870636,1056.7989339828491,1072.686450958252,1087.0838198661804,1109.640702009201,1124.7650208473206,1142.5419578552246,1160.6545159816742,1177.6847829818726,1193.0687580108643,1211.440575838089,1230.1366720199585,1252.7994060516357,1273.5872149467468,1299.118499994278,1319.3045518398285,1345.8071298599243,1366.473680973053,1393.250853061676,1419.7291238307953,1445.6017429828644,1470.9267239570618,1494.7229778766632,1513.1284539699554,1535.221421957016,1557.8211019039154,1586.2658598423004,1616.5798518657684,1644.1627819538116,1672.5692749023438,1705.2352919578552,1736.3014459609985,1761.8995819091797,1799.3702540397644,1825.2654938697815],"final_lw":5.798185991177359}