{"env_full":"Frozen Lake (4)","timeout":false,"ubs":[0.9279642423857277,0.9279642423857277,0.9279608959476751,0.9279595546899646,0.9279595546899646,0.9279582399918129,0.9279567537165062,0.9279552968723936,0.9279552968723936,0.9279552968723936],"runtime":6.595016002655029,"solver":"EBIB-SARSOP","final_ub":0.9279552968723936,"lbs":[0.0,0.5672034262109531,0.7901860528299047,0.8300032357446755,0.8690319595929166,0.882053633385248,0.8948174522509986,0.905983869833351,0.9169291702358546,0.919204918654105],"env":"FrozenLake4","times":[6.430525064468384,6.481551885604858,6.48456597328186,6.506098031997681,6.517446994781494,6.530014991760254,6.543616056442261,6.568919897079468,6.585129976272583,6.595016002655029],"final_lw":0.919204918654105}