{"lbs":[-19.999999999999982,-8.006233762554974,-5.632441144646656,-3.3852612129424022,4.139372539505089,6.029114345754689,8.181873733250184,10.12925624615982,11.74913531839086,13.672724636346942,14.490290161536997,15.266675384553288,16.081988204533722,16.71520907373786,17.018107339370573,17.483958754444572,17.751020735583637,18.005372681887295,18.11587357989441,18.232485589636813,18.33115273419786,18.42467881181766,18.566458983931355,18.81191793865562,18.921706059113674,19.036002559607795,19.064936346253738,19.124942904167682,19.162337782868164,19.184825189425695,19.21566620773561,19.222682983043438,19.23912995839441,19.270353974167705,19.274462325453797,19.29428402325765,19.319021408449935,19.323003003367543,19.332109360905804,19.338745106383634,19.342880369359165,19.34937407082026,19.349962105173333,19.356543668146365,19.357742414642544,19.358263199194166,19.35975527513048,19.361963532756945,19.36251893332297,19.36276022206556,19.3637840812162,19.365608163239493,19.366431227778417,19.367233921569557,19.368185923402773,19.36893477568708,19.369508626201885,19.369947252422634,19.370282434523876],"times":[0.005552053451538086,0.005851030349731445,0.005939006805419922,0.0060350894927978516,0.00671696662902832,0.0068361759185791016,0.006973981857299805,0.0071620941162109375,0.007297039031982422,0.0074710845947265625,0.007620096206665039,0.0078029632568359375,0.008056163787841797,0.008242130279541016,0.008337974548339844,0.0085601806640625,0.008784055709838867,0.009021997451782227,0.009136199951171875,0.009252071380615234,0.009392023086547852,0.009507179260253906,0.009649991989135742,0.00984811782836914,0.010087013244628906,0.010277032852172852,0.010375022888183594,0.010627031326293945,0.010771989822387695,0.010879039764404297,0.011108160018920898,0.011214017868041992,0.011307001113891602,0.011460065841674805,0.011551141738891602,0.011736154556274414,0.013036012649536133,0.013144969940185547,0.013341188430786133,0.013583183288574219,0.013789176940917969,0.015249967575073242,0.015401124954223633,0.0171661376953125,0.01731109619140625,0.01742696762084961,0.017574071884155273,0.017821073532104492,0.0179140567779541,0.017985105514526367,0.018088102340698242,0.018369197845458984,0.018527984619140625,0.018645048141479492,0.02009105682373047,0.02075815200805664,0.02147197723388672,0.0221860408782959,0.022899150848388672],"env":"Tiger","ubs":[51.15499778195801,51.15499778195801,42.71925846521041,42.5709325862918,42.55386491281199,38.88895566438599,37.34350983432813,36.343505757354194,35.02409484462595,34.255414624285024,31.781479027516305,30.500341039867532,30.27034984937213,28.969082230379872,28.195704537960232,27.71436647471016,26.70189676210666,26.180726960990665,25.68871621995697,25.628875031043524,25.406046548578622,25.248314946498304,25.14602510214144,24.735790606424473,24.110880454758565,23.560945490169864,23.116006119880694,22.865800709121572,22.497779133441984,22.231932942718135,22.14942512154554,21.992235322362397,21.865179542939124,21.719324101975293,21.358344044824815,21.308796133274875,21.13979741778957,20.65019969299648,20.65019969299648,20.598755721522476,20.5053715275654,20.413682850916373,20.193075051038413,20.193075051038413,19.999720354126474,19.999720354126474,19.98613095882485,19.97795146263286,19.894598097896306,19.873250179675196,19.868076283592494,19.86139243511181,19.799855719257835,19.78296030646771,19.754669140616077,19.68008733289092,19.621924864335554,19.574978947678282,19.536881791249193],"sim_r":null,"sim_rsigma":null,"solver":"BIB-SARSOP","env_full":"Tiger","final_lw":19.370282434523876,"timeout":false,"runtime":0.022899150848388672,"final_ub":19.536881791249193}