{"lbs":[0.475,0.475,0.475,0.475,0.475,0.475,0.475],"times":[0.004515886306762695,0.029942989349365234,0.029958009719848633,0.029970884323120117,0.029971837997436523,0.029973983764648438,0.029974937438964844],"env":"ABC","ubs":[0.9500000000001757,0.9500000000001757,0.9500000000001757,0.9500000000001757,0.48767497911561974,0.48767497911561974,0.475],"sim_r":null,"sim_rsigma":null,"solver":"SARSOP","env_full":"ABCModel","final_lw":0.475,"timeout":false,"runtime":0.029974937438964844,"final_ub":0.475}