{"env_full":"ABCModel","timeout":false,"ubs":[0.99,0.99,0.99,0.99,0.5309055429551132,0.5151371174238033,0.4998370298991989],"runtime":0.23352599143981934,"solver":"SARSOP","final_ub":0.4998370298991989,"lbs":[0.495,0.495,0.495,0.495,0.495,0.495,0.495],"env":"ABC","times":[0.23331403732299805,0.23341989517211914,0.23347091674804688,0.2335059642791748,0.23351407051086426,0.2335219383239746,0.23352599143981934],"final_lw":0.495}